Date,WY_type_SAC,RockSlough_chloride,JerseyPoint_EC,scenario,year,month
11/30/1920,NA,NA,NA,StatusQuo,1920,11
12/31/1920,NA,NA,NA,StatusQuo,1920,12
1/31/1921,NA,NA,NA,StatusQuo,1921,1
2/28/1921,NA,NA,NA,StatusQuo,1921,2
3/31/1921,5,NA,NA,StatusQuo,1921,3
4/30/1921,5,NA,NA,StatusQuo,1921,4
5/31/1921,2,NA,NA,StatusQuo,1921,5
6/30/1921,2,NA,NA,StatusQuo,1921,6
7/31/1921,2,NA,NA,StatusQuo,1921,7
8/31/1921,2,NA,NA,StatusQuo,1921,8
9/30/1921,2,NA,NA,StatusQuo,1921,9
10/31/1921,2,NA,NA,StatusQuo,1921,10
11/30/1921,2,30.4763905,222.66362,StatusQuo,1921,11
12/31/1921,2,22.999992,522.97845,StatusQuo,1921,12
1/31/1922,2,73.63774525,669.4961,StatusQuo,1922,1
2/28/1922,3,39.2580955,269.47595,StatusQuo,1922,2
3/31/1922,3,50.69506,252.44026,StatusQuo,1922,3
4/30/1922,2,32.32721755,238.12404,StatusQuo,1922,4
5/31/1922,2,27.496152,219.80232,StatusQuo,1922,5
6/30/1922,2,21.578061,218.11894,StatusQuo,1922,6
7/31/1922,2,21.9486285,227.64644,StatusQuo,1922,7
8/31/1922,2,26.008626,406.11896,StatusQuo,1922,8
9/30/1922,2,38.3901907,768.5419,StatusQuo,1922,9
10/31/1922,2,35.768983,505.05496,StatusQuo,1922,10
11/30/1922,2,22.121484,282.6973,StatusQuo,1922,11
12/31/1922,2,30.220647,589.3279,StatusQuo,1922,12
1/31/1923,2,49.7409655,391.1771,StatusQuo,1923,1
2/28/1923,3,31.48753345,219.91809,StatusQuo,1923,2
3/31/1923,3,33.40119445,231.82487,StatusQuo,1923,3
4/30/1923,4,37.3872415,246.5238,StatusQuo,1923,4
5/31/1923,3,36.3633334,243.26039,StatusQuo,1923,5
6/30/1923,3,28.6393845,225.31966,StatusQuo,1923,6
7/31/1923,3,27.918612,306.39194,StatusQuo,1923,7
8/31/1923,3,30.3811948,728.6972,StatusQuo,1923,8
9/30/1923,3,71.70946375,1180.4684,StatusQuo,1923,9
10/31/1923,3,139.2739036,1656.0902,StatusQuo,1923,10
11/30/1923,3,132.7368415,1588.7635,StatusQuo,1923,11
12/31/1923,3,173.7698875,1762.9226,StatusQuo,1923,12
1/31/1924,3,180.4358238,1497.8242,StatusQuo,1924,1
2/29/1924,5,154.9893565,1393.158,StatusQuo,1924,2
3/31/1924,5,103.4016775,737.9479,StatusQuo,1924,3
4/30/1924,5,74.21148445,359.44055,StatusQuo,1924,4
5/31/1924,5,72.27949795,478.7584,StatusQuo,1924,5
6/30/1924,5,76.0410505,905.8576,StatusQuo,1924,6
7/31/1924,5,154.934551,1651.2113,StatusQuo,1924,7
8/31/1924,5,210.6469039,1720.6693,StatusQuo,1924,8
9/30/1924,5,181.1823841,1471.0726,StatusQuo,1924,9
10/31/1924,5,189.303385,1492.9075,StatusQuo,1924,10
11/30/1924,5,201.654088,2128.9197,StatusQuo,1924,11
12/31/1924,5,218.3558005,2284.6357,StatusQuo,1924,12
1/31/1925,5,203.912884,1532.9745,StatusQuo,1925,1
2/28/1925,5,116.2859661,895.10724,StatusQuo,1925,2
3/31/1925,4,65.13023305,392.43256,StatusQuo,1925,3
4/30/1925,4,29.316087,245.31795,StatusQuo,1925,4
5/31/1925,4,29.239956,245.24992,StatusQuo,1925,5
6/30/1925,4,32.9921767,240.71338,StatusQuo,1925,6
7/31/1925,4,27.6509955,295.93292,StatusQuo,1925,7
8/31/1925,4,36.9511801,707.2287,StatusQuo,1925,8
9/30/1925,4,80.3838634,1160.3441,StatusQuo,1925,9
10/31/1925,4,136.7284546,1757.4952,StatusQuo,1925,10
11/30/1925,4,176.163745,1632.0664,StatusQuo,1925,11
12/31/1925,4,172.7630965,1745.3699,StatusQuo,1925,12
1/31/1926,4,185.354197,1513.7567,StatusQuo,1926,1
2/28/1926,5,126.5188255,910.1634,StatusQuo,1926,2
3/31/1926,4,57.36747145,315.2608,StatusQuo,1926,3
4/30/1926,5,55.1012113,244.9728,StatusQuo,1926,4
5/31/1926,4,40.3284985,246.14072,StatusQuo,1926,5
6/30/1926,4,25.8852465,250.18544,StatusQuo,1926,6
7/31/1926,4,24.714864,346.7994,StatusQuo,1926,7
8/31/1926,4,36.1949668,676.6947,StatusQuo,1926,8
9/30/1926,4,77.327341,1039.639,StatusQuo,1926,9
10/31/1926,4,127.3172815,1747.0237,StatusQuo,1926,10
11/30/1926,4,169.650925,1782.3894,StatusQuo,1926,11
12/31/1926,4,131.6209639,1009.68024,StatusQuo,1926,12
1/31/1927,4,53.7222559,460.63208,StatusQuo,1927,1
2/28/1927,3,32.46596125,334.06955,StatusQuo,1927,2
3/31/1927,2,27.315111,238.88628,StatusQuo,1927,3
4/30/1927,2,26.736822,228.25288,StatusQuo,1927,4
5/31/1927,1,36.77776045,219.27197,StatusQuo,1927,5
6/30/1927,1,25.855818,223.32063,StatusQuo,1927,6
7/31/1927,1,24.05574,250.29347,StatusQuo,1927,7
8/31/1927,1,26.3661825,452.94467,StatusQuo,1927,8
9/30/1927,1,43.7905018,740.9817,StatusQuo,1927,9
10/31/1927,1,45.3619975,445.20303,StatusQuo,1927,10
11/30/1927,1,20.125941,286.97806,StatusQuo,1927,11
12/31/1927,1,45.6706582,833.66907,StatusQuo,1927,12
1/31/1928,1,218.895277,1405.8586,StatusQuo,1928,1
2/29/1928,3,165.7913695,847.33856,StatusQuo,1928,2
3/31/1928,3,47.11838695,293.16003,StatusQuo,1928,3
4/30/1928,2,25.759893,237.28958,StatusQuo,1928,4
5/31/1928,2,26.28741,221.41298,StatusQuo,1928,5
6/30/1928,2,25.983183,231.12862,StatusQuo,1928,6
7/31/1928,2,23.6010435,296.2244,StatusQuo,1928,7
8/31/1928,2,25.5414435,433.82098,StatusQuo,1928,8
9/30/1928,2,42.2735779,849.17444,StatusQuo,1928,9
10/31/1928,2,57.02738095,491.4577,StatusQuo,1928,10
11/30/1928,2,23.280045,255.11496,StatusQuo,1928,11
12/31/1928,2,31.4473855,663.8665,StatusQuo,1928,12
1/31/1929,2,174.3333895,1360.2166,StatusQuo,1929,1
2/28/1929,4,198.7961451,1430.3246,StatusQuo,1929,2
3/31/1929,4,117.7673961,552.9354,StatusQuo,1929,3
4/30/1929,5,49.6652695,294.94656,StatusQuo,1929,4
5/31/1929,5,54.695719,336.3841,StatusQuo,1929,5
6/30/1929,5,55.49165275,616.10443,StatusQuo,1929,6
7/31/1929,5,108.2489575,1120.1948,StatusQuo,1929,7
8/31/1929,5,135.939301,1325.4635,StatusQuo,1929,8
9/30/1929,5,129.899866,1263.9185,StatusQuo,1929,9
10/31/1929,5,153.4208191,1788.9395,StatusQuo,1929,10
11/30/1929,5,200.724076,2121.753,StatusQuo,1929,11
12/31/1929,5,221.3737795,1924.2612,StatusQuo,1929,12
1/31/1930,5,162.470806,939.90247,StatusQuo,1930,1
2/28/1930,4,50.3071351,330.81888,StatusQuo,1930,2
3/31/1930,4,42.74496505,247.46732,StatusQuo,1930,3
4/30/1930,4,33.9017884,238.35617,StatusQuo,1930,4
5/31/1930,4,30.8834845,243.81606,StatusQuo,1930,5
6/30/1930,4,30.0013275,282.2919,StatusQuo,1930,6
7/31/1930,4,29.143905,450.65192,StatusQuo,1930,7
8/31/1930,4,53.2176463,954.6324,StatusQuo,1930,8
9/30/1930,4,91.9010212,1296.1106,StatusQuo,1930,9
10/31/1930,4,139.9872985,1742.9784,StatusQuo,1930,10
11/30/1930,4,187.5867616,1830.3483,StatusQuo,1930,11
12/31/1930,4,187.893433,1841.175,StatusQuo,1930,12
1/31/1931,4,213.088744,1838.6318,StatusQuo,1931,1
2/28/1931,5,177.4828105,1110.5017,StatusQuo,1931,2
3/31/1931,5,82.0934815,524.70557,StatusQuo,1931,3
4/30/1931,5,74.5379605,518.11865,StatusQuo,1931,4
5/31/1931,5,80.1457003,785.15076,StatusQuo,1931,5
6/30/1931,5,101.889553,1282.4539,StatusQuo,1931,6
7/31/1931,5,155.7609085,1409.95,StatusQuo,1931,7
8/31/1931,5,141.5406625,1501.024,StatusQuo,1931,8
9/30/1931,5,174.535369,1732.185,StatusQuo,1931,9
10/31/1931,5,204.140941,1629.9218,StatusQuo,1931,10
11/30/1931,5,220.097749,1998.4196,StatusQuo,1931,11
12/31/1931,5,224.7498895,1647.696,StatusQuo,1931,12
1/31/1932,5,111.223759,619.53876,StatusQuo,1932,1
2/29/1932,4,38.1291706,264.89377,StatusQuo,1932,2
3/31/1932,4,40.65651925,246.4501,StatusQuo,1932,3
4/30/1932,5,32.86749775,247.2271,StatusQuo,1932,4
5/31/1932,5,36.9265048,282.64154,StatusQuo,1932,5
6/30/1932,5,31.38768655,277.01404,StatusQuo,1932,6
7/31/1932,5,43.109785,399.22757,StatusQuo,1932,7
8/31/1932,5,64.7970823,931.8423,StatusQuo,1932,8
9/30/1932,5,127.5464586,1402.322,StatusQuo,1932,9
10/31/1932,5,187.9975606,2124.9072,StatusQuo,1932,10
11/30/1932,5,226.190479,2212.7244,StatusQuo,1932,11
12/31/1932,5,218.871907,2253.148,StatusQuo,1932,12
1/31/1933,5,205.9507338,1524.3534,StatusQuo,1933,1
2/28/1933,5,118.1620384,800.2697,StatusQuo,1933,2
3/31/1933,5,71.8107043,459.40567,StatusQuo,1933,3
4/30/1933,5,55.26722095,357.81168,StatusQuo,1933,4
5/31/1933,5,66.5860216,401.68713,StatusQuo,1933,5
6/30/1933,5,66.90753295,691.98224,StatusQuo,1933,6
7/31/1933,5,111.6397165,1278.4244,StatusQuo,1933,7
8/31/1933,5,176.0066359,1691.4103,StatusQuo,1933,8
9/30/1933,5,168.9768544,1666.9379,StatusQuo,1933,9
10/31/1933,5,185.1955204,1646.1957,StatusQuo,1933,10
11/30/1933,5,200.153848,2103.9321,StatusQuo,1933,11
12/31/1933,5,225.2838541,1943.093,StatusQuo,1933,12
1/31/1934,5,222.4242696,1417.5505,StatusQuo,1934,1
2/28/1934,5,95.3053975,537.6008,StatusQuo,1934,2
3/31/1934,5,41.3961541,289.05597,StatusQuo,1934,3
4/30/1934,5,28.88742,269.46793,StatusQuo,1934,4
5/31/1934,5,46.8224629,380.69223,StatusQuo,1934,5
6/30/1934,5,57.0786895,916.90875,StatusQuo,1934,6
7/31/1934,5,131.112256,1456.0577,StatusQuo,1934,7
8/31/1934,5,155.29804,1594.5322,StatusQuo,1934,8
9/30/1934,5,166.6854145,1691.6658,StatusQuo,1934,9
10/31/1934,5,193.4379741,1946.6333,StatusQuo,1934,10
11/30/1934,5,226.8519469,2163.134,StatusQuo,1934,11
12/31/1934,5,226.0008771,1826.4214,StatusQuo,1934,12
1/31/1935,5,208.4785555,1611.2532,StatusQuo,1935,1
2/28/1935,4,120.4688455,607.9699,StatusQuo,1935,2
3/31/1935,4,41.3397355,248.96017,StatusQuo,1935,3
4/30/1935,4,29.2759605,252.06804,StatusQuo,1935,4
5/31/1935,3,27.0120255,236.0699,StatusQuo,1935,5
6/30/1935,3,27.7250055,227.59795,StatusQuo,1935,6
7/31/1935,3,23.7502905,288.86584,StatusQuo,1935,7
8/31/1935,3,31.232923,734.56323,StatusQuo,1935,8
9/30/1935,3,81.08223025,1261.8302,StatusQuo,1935,9
10/31/1935,3,148.5723535,1712.9017,StatusQuo,1935,10
11/30/1935,3,134.3886331,1629.7238,StatusQuo,1935,11
12/31/1935,3,157.8277086,1776.8744,StatusQuo,1935,12
1/31/1936,3,174.4322988,1511.2217,StatusQuo,1936,1
2/29/1936,3,87.8449981,487.8963,StatusQuo,1936,2
3/31/1936,2,42.7550113,228.2217,StatusQuo,1936,3
4/30/1936,3,29.25372,228.85773,StatusQuo,1936,4
5/31/1936,3,29.228979,206.66318,StatusQuo,1936,5
6/30/1936,3,27.1624695,239.01654,StatusQuo,1936,6
7/31/1936,3,29.047065,383.66888,StatusQuo,1936,7
8/31/1936,3,35.39568145,733.38257,StatusQuo,1936,8
9/30/1936,3,79.85336725,1277.5393,StatusQuo,1936,9
10/31/1936,3,157.6223433,1728.9556,StatusQuo,1936,10
11/30/1936,3,150.824167,1744.6018,StatusQuo,1936,11
12/31/1936,3,164.577526,1762.0721,StatusQuo,1936,12
1/31/1937,3,209.2285045,1445.9894,StatusQuo,1937,1
2/28/1937,4,132.880054,908.57385,StatusQuo,1937,2
3/31/1937,4,72.158011,323.4577,StatusQuo,1937,3
4/30/1937,4,45.3322207,242.24547,StatusQuo,1937,4
5/31/1937,3,32.848531,220.86586,StatusQuo,1937,5
6/30/1937,3,25.2431145,236.77197,StatusQuo,1937,6
7/31/1937,3,24.957408,298.66895,StatusQuo,1937,7
8/31/1937,3,32.6505643,750.4078,StatusQuo,1937,8
9/30/1937,3,88.97968,1301.7948,StatusQuo,1937,9
10/31/1937,3,148.1756991,1728.0223,StatusQuo,1937,10
11/30/1937,3,157.708855,1677.2747,StatusQuo,1937,11
12/31/1937,3,143.6970295,1271.2473,StatusQuo,1937,12
1/31/1938,3,49.674817,305.35806,StatusQuo,1938,1
2/28/1938,2,26.529597,209.70525,StatusQuo,1938,2
3/31/1938,1,24.212373,213.73145,StatusQuo,1938,3
4/30/1938,1,15.892755,182.81137,StatusQuo,1938,4
5/31/1938,1,15.878277,173.18863,StatusQuo,1938,5
6/30/1938,1,14.07963,175.79704,StatusQuo,1938,6
7/31/1938,1,20.207475,211.82588,StatusQuo,1938,7
8/31/1938,1,25.50378,303.86996,StatusQuo,1938,8
9/30/1938,1,27.7594845,546.7251,StatusQuo,1938,9
10/31/1938,1,33.11025505,595.92755,StatusQuo,1938,10
11/30/1938,1,23.601603,301.30463,StatusQuo,1938,11
12/31/1938,1,48.746572,928.46783,StatusQuo,1938,12
1/31/1939,1,216.590767,1731.6954,StatusQuo,1939,1
2/28/1939,4,190.6293048,1437.8375,StatusQuo,1939,2
3/31/1939,4,131.3679295,841.44135,StatusQuo,1939,3
4/30/1939,4,94.7760613,505.68414,StatusQuo,1939,4
5/31/1939,4,58.55426275,388.22656,StatusQuo,1939,5
6/30/1939,4,41.694133,335.7094,StatusQuo,1939,6
7/31/1939,4,39.3089395,503.04895,StatusQuo,1939,7
8/31/1939,4,60.6508852,887.56226,StatusQuo,1939,8
9/30/1939,4,88.525561,1265.3804,StatusQuo,1939,9
10/31/1939,4,148.6942195,1906.9607,StatusQuo,1939,10
11/30/1939,4,184.4235124,1831.8434,StatusQuo,1939,11
12/31/1939,4,187.8174805,1881.4088,StatusQuo,1939,12
1/31/1940,4,220.518543,1875.2966,StatusQuo,1940,1
2/29/1940,4,125.5423956,547.3952,StatusQuo,1940,2
3/31/1940,2,54.75818245,237.05069,StatusQuo,1940,3
4/30/1940,2,36.0546841,223.22781,StatusQuo,1940,4
5/31/1940,2,32.2842595,216.42636,StatusQuo,1940,5
6/30/1940,2,25.24023,219.6591,StatusQuo,1940,6
7/31/1940,2,23.701725,281.48355,StatusQuo,1940,7
8/31/1940,2,24.830709,448.37244,StatusQuo,1940,8
9/30/1940,2,37.388068,826.55054,StatusQuo,1940,9
10/31/1940,2,60.5520187,527.24634,StatusQuo,1940,10
11/30/1940,2,21.857298,258.2523,StatusQuo,1940,11
12/31/1940,2,45.3410785,864.6302,StatusQuo,1940,12
1/31/1941,2,99.095128,493.6055,StatusQuo,1941,1
2/28/1941,1,38.4827815,225.73666,StatusQuo,1941,2
3/31/1941,1,33.1815307,212.92136,StatusQuo,1941,3
4/30/1941,1,28.4197725,211.14296,StatusQuo,1941,4
5/31/1941,1,26.44176,184.54329,StatusQuo,1941,5
6/30/1941,1,19.061946,188.14578,StatusQuo,1941,6
7/31/1941,1,19.058787,202.1541,StatusQuo,1941,7
8/31/1941,1,24.3166905,353.7345,StatusQuo,1941,8
9/30/1941,1,36.2973445,639.63635,StatusQuo,1941,9
10/31/1941,1,38.82072595,673.2106,StatusQuo,1941,10
11/30/1941,1,24.7215405,365.1172,StatusQuo,1941,11
12/31/1941,1,58.8419275,950.4717,StatusQuo,1941,12
1/31/1942,1,64.40485105,426.68335,StatusQuo,1942,1
2/28/1942,1,28.852149,208.81635,StatusQuo,1942,2
3/31/1942,1,26.14737,209.04576,StatusQuo,1942,3
4/30/1942,1,28.075215,206.84248,StatusQuo,1942,4
5/31/1942,1,28.9189275,215.54147,StatusQuo,1942,5
6/30/1942,1,23.2869945,201.31526,StatusQuo,1942,6
7/31/1942,1,19.8969225,209.68904,StatusQuo,1942,7
8/31/1942,1,24.412164,429.72775,StatusQuo,1942,8
9/30/1942,1,40.9130164,704.78516,StatusQuo,1942,9
10/31/1942,1,40.29451225,501.75983,StatusQuo,1942,10
11/30/1942,1,20.786946,251.8373,StatusQuo,1942,11
12/31/1942,1,28.5489945,555.35565,StatusQuo,1942,12
1/31/1943,1,54.9358315,415.19302,StatusQuo,1943,1
2/28/1943,1,35.4646543,203.11641,StatusQuo,1943,2
3/31/1943,1,25.4828505,214.66724,StatusQuo,1943,3
4/30/1943,1,22.9815,192.31506,StatusQuo,1943,4
5/31/1943,1,18.609825,206.72147,StatusQuo,1943,5
6/30/1943,1,21.295818,218.53267,StatusQuo,1943,6
7/31/1943,1,23.9348115,287.43625,StatusQuo,1943,7
8/31/1943,1,24.07614,448.06973,StatusQuo,1943,8
9/30/1943,1,38.9172526,652.4973,StatusQuo,1943,9
10/31/1943,1,40.458829,470.7025,StatusQuo,1943,10
11/30/1943,1,19.7466255,275.1197,StatusQuo,1943,11
12/31/1943,1,40.1084785,885.0062,StatusQuo,1943,12
1/31/1944,1,189.3837351,1610.5526,StatusQuo,1944,1
2/29/1944,4,175.8316915,1128.7015,StatusQuo,1944,2
3/31/1944,4,75.4523944,334.6509,StatusQuo,1944,3
4/30/1944,4,30.775441,238.94278,StatusQuo,1944,4
5/31/1944,4,32.6803012,247.7421,StatusQuo,1944,5
6/30/1944,4,45.7176091,289.85568,StatusQuo,1944,6
7/31/1944,4,34.2900553,382.58865,StatusQuo,1944,7
8/31/1944,4,42.7003198,744.11896,StatusQuo,1944,8
9/30/1944,4,82.7783935,1121.5125,StatusQuo,1944,9
10/31/1944,4,135.5725345,1834.1886,StatusQuo,1944,10
11/30/1944,4,185.5683745,1850.9819,StatusQuo,1944,11
12/31/1944,4,156.5250306,1731.6704,StatusQuo,1944,12
1/31/1945,4,145.2878824,1011.61993,StatusQuo,1945,1
2/28/1945,4,68.98363825,618.1558,StatusQuo,1945,2
3/31/1945,4,50.7835525,318.9168,StatusQuo,1945,3
4/30/1945,3,39.7069933,243.07661,StatusQuo,1945,4
5/31/1945,4,30.4018858,240.24966,StatusQuo,1945,5
6/30/1945,4,28.35843,273.80203,StatusQuo,1945,6
7/31/1945,4,30.309352,437.0434,StatusQuo,1945,7
8/31/1945,4,66.3358714,1085.6499,StatusQuo,1945,8
9/30/1945,4,118.282582,1638.4342,StatusQuo,1945,9
10/31/1945,4,135.3450304,1718.2148,StatusQuo,1945,10
11/30/1945,4,145.1416945,1678.8986,StatusQuo,1945,11
12/31/1945,4,143.6006425,1786.638,StatusQuo,1945,12
1/31/1946,4,73.80723475,431.25043,StatusQuo,1946,1
2/28/1946,2,24.166152,194.74387,StatusQuo,1946,2
3/31/1946,2,26.3413905,218.44589,StatusQuo,1946,3
4/30/1946,2,29.0152545,236.29341,StatusQuo,1946,4
5/31/1946,3,28.9181445,236.08914,StatusQuo,1946,5
6/30/1946,3,27.10434,255.0526,StatusQuo,1946,6
7/31/1946,3,28.51458,375.03946,StatusQuo,1946,7
8/31/1946,3,41.95620475,768.72284,StatusQuo,1946,8
9/30/1946,3,88.7342038,1331.405,StatusQuo,1946,9
10/31/1946,3,150.641311,1705.609,StatusQuo,1946,10
11/30/1946,3,142.595476,1727.5186,StatusQuo,1946,11
12/31/1946,3,157.877746,1730.3627,StatusQuo,1946,12
1/31/1947,3,215.3825238,1525.2539,StatusQuo,1947,1
2/28/1947,4,164.7099798,1305.5966,StatusQuo,1947,2
3/31/1947,4,140.916826,689.28955,StatusQuo,1947,3
4/30/1947,5,46.40160625,273.68463,StatusQuo,1947,4
5/31/1947,5,35.20404175,277.48416,StatusQuo,1947,5
6/30/1947,5,36.2918041,412.3357,StatusQuo,1947,6
7/31/1947,5,48.3162676,465.72382,StatusQuo,1947,7
8/31/1947,5,48.995605,693.97974,StatusQuo,1947,8
9/30/1947,5,83.3944381,1124.6204,StatusQuo,1947,9
10/31/1947,5,141.2815833,1844.4138,StatusQuo,1947,10
11/30/1947,5,193.632991,2155.3494,StatusQuo,1947,11
12/31/1947,5,192.7823515,2214.1013,StatusQuo,1947,12
1/31/1948,5,225.183061,1617.8593,StatusQuo,1948,1
2/29/1948,5,144.068698,1178.48,StatusQuo,1948,2
3/31/1948,5,91.1014195,624.20905,StatusQuo,1948,3
4/30/1948,5,52.7633905,373.83035,StatusQuo,1948,4
5/31/1948,3,31.4294704,244.43448,StatusQuo,1948,5
6/30/1948,3,26.694498,222.30652,StatusQuo,1948,6
7/31/1948,3,22.0162605,242.97188,StatusQuo,1948,7
8/31/1948,3,32.0156185,757.4471,StatusQuo,1948,8
9/30/1948,3,100.1470345,1271.1494,StatusQuo,1948,9
10/31/1948,3,151.4369341,1673.0314,StatusQuo,1948,10
11/30/1948,3,162.8039026,1700.097,StatusQuo,1948,11
12/31/1948,3,171.7199395,1769.8406,StatusQuo,1948,12
1/31/1949,3,199.7462125,1385.225,StatusQuo,1949,1
2/28/1949,5,144.032275,1158.362,StatusQuo,1949,2
3/31/1949,5,130.193188,728.88904,StatusQuo,1949,3
4/30/1949,4,45.0406201,272.30356,StatusQuo,1949,4
5/31/1949,4,27.082485,241.77426,StatusQuo,1949,5
6/30/1949,4,27.7209825,273.17276,StatusQuo,1949,6
7/31/1949,4,25.3925925,400.76086,StatusQuo,1949,7
8/31/1949,4,35.088973,638.2406,StatusQuo,1949,8
9/30/1949,4,65.82902455,999.92816,StatusQuo,1949,9
10/31/1949,4,133.1161879,1877.967,StatusQuo,1949,10
11/30/1949,4,180.009535,1824.4503,StatusQuo,1949,11
12/31/1949,4,172.0722109,1797.9833,StatusQuo,1949,12
1/31/1950,4,196.3520763,1697.0287,StatusQuo,1950,1
2/28/1950,4,115.5580561,640.79126,StatusQuo,1950,2
3/31/1950,4,39.84278725,258.1509,StatusQuo,1950,3
4/30/1950,4,26.948034,242.73294,StatusQuo,1950,4
5/31/1950,4,28.0451205,244.7669,StatusQuo,1950,5
6/30/1950,4,26.1995265,260.00082,StatusQuo,1950,6
7/31/1950,4,25.4763675,333.59232,StatusQuo,1950,7
8/31/1950,4,49.3628845,955.4197,StatusQuo,1950,8
9/30/1950,4,111.790416,1432.9949,StatusQuo,1950,9
10/31/1950,4,142.602886,1768.3019,StatusQuo,1950,10
11/30/1950,4,160.606621,1716.4956,StatusQuo,1950,11
12/31/1950,4,54.1294297,508.42606,StatusQuo,1950,12
1/31/1951,4,28.17369,187.2966,StatusQuo,1951,1
2/28/1951,1,24.782442,192.98338,StatusQuo,1951,2
3/31/1951,1,25.136895,199.54915,StatusQuo,1951,3
4/30/1951,1,23.8551015,222.01033,StatusQuo,1951,4
5/31/1951,1,26.8695375,242.40604,StatusQuo,1951,5
6/30/1951,1,28.037439,266.13705,StatusQuo,1951,6
7/31/1951,1,27.776733,305.95572,StatusQuo,1951,7
8/31/1951,1,26.2388055,447.85004,StatusQuo,1951,8
9/30/1951,1,51.7041025,886.26794,StatusQuo,1951,9
10/31/1951,1,50.338924,504.77847,StatusQuo,1951,10
11/30/1951,1,19.56399,290.0158,StatusQuo,1951,11
12/31/1951,1,46.9033402,914.99005,StatusQuo,1951,12
1/31/1952,1,94.2681343,471.3216,StatusQuo,1952,1
2/29/1952,1,37.0249495,223.44484,StatusQuo,1952,2
3/31/1952,1,28.4822475,232.2194,StatusQuo,1952,3
4/30/1952,1,32.3772037,214.09196,StatusQuo,1952,4
5/31/1952,1,25.8021375,202.05844,StatusQuo,1952,5
6/30/1952,1,18.5348415,178.65594,StatusQuo,1952,6
7/31/1952,1,16.8897495,176.73831,StatusQuo,1952,7
8/31/1952,1,21.647997,262.80292,StatusQuo,1952,8
9/30/1952,1,36.16021105,610.70074,StatusQuo,1952,9
10/31/1952,1,41.98302895,575.9621,StatusQuo,1952,10
11/30/1952,1,23.051628,279.3055,StatusQuo,1952,11
12/31/1952,1,38.7181345,798.22595,StatusQuo,1952,12
1/31/1953,1,69.5847745,443.421,StatusQuo,1953,1
2/28/1953,1,24.655953,211.86058,StatusQuo,1953,2
3/31/1953,2,24.028125,223.57133,StatusQuo,1953,3
4/30/1953,2,27.846474,242.4179,StatusQuo,1953,4
5/31/1953,2,29.98005,239.70973,StatusQuo,1953,5
6/30/1953,2,27.376227,222.35976,StatusQuo,1953,6
7/31/1953,2,23.9275545,227.3311,StatusQuo,1953,7
8/31/1953,2,24.099372,450.2395,StatusQuo,1953,8
9/30/1953,2,62.2510975,966.06055,StatusQuo,1953,9
10/31/1953,2,62.42612455,880.667,StatusQuo,1953,10
11/30/1953,2,28.305876,316.67938,StatusQuo,1953,11
12/31/1953,2,45.657286,885.6119,StatusQuo,1953,12
1/31/1954,2,191.0305705,1743.525,StatusQuo,1954,1
2/28/1954,3,145.1627076,814.85986,StatusQuo,1954,2
3/31/1954,3,28.9886625,245.60165,StatusQuo,1954,3
4/30/1954,2,24.24576,239.78397,StatusQuo,1954,4
5/31/1954,2,27.792915,229.4926,StatusQuo,1954,5
6/30/1954,2,26.349372,232.05754,StatusQuo,1954,6
7/31/1954,2,24.109575,308.68372,StatusQuo,1954,7
8/31/1954,2,25.0879125,455.1564,StatusQuo,1954,8
9/30/1954,2,30.9168637,673.49384,StatusQuo,1954,9
10/31/1954,2,48.6916867,509.38776,StatusQuo,1954,10
11/30/1954,2,21.931023,267.90607,StatusQuo,1954,11
12/31/1954,2,41.1493726,832.0023,StatusQuo,1954,12
1/31/1955,2,123.356494,749.96045,StatusQuo,1955,1
2/28/1955,3,36.4420105,306.54483,StatusQuo,1955,2
3/31/1955,4,30.6258901,268.21115,StatusQuo,1955,3
4/30/1955,4,31.3769335,297.2892,StatusQuo,1955,4
5/31/1955,4,44.74427995,297.85986,StatusQuo,1955,5
6/30/1955,4,39.77057395,308.07474,StatusQuo,1955,6
7/31/1955,4,32.2467649,373.57562,StatusQuo,1955,7
8/31/1955,4,33.352981,641.1225,StatusQuo,1955,8
9/30/1955,4,70.886683,1078.2992,StatusQuo,1955,9
10/31/1955,4,137.7869275,1809.4344,StatusQuo,1955,10
11/30/1955,4,184.8704095,1832.7864,StatusQuo,1955,11
12/31/1955,4,170.4774535,1791.2743,StatusQuo,1955,12
1/31/1956,4,81.5341804,442.8186,StatusQuo,1956,1
2/29/1956,1,26.64111,190.68153,StatusQuo,1956,2
3/31/1956,1,25.551579,182.91173,StatusQuo,1956,3
4/30/1956,1,19.9617525,202.19868,StatusQuo,1956,4
5/31/1956,1,22.398333,233.02235,StatusQuo,1956,5
6/30/1956,1,22.9635105,232.03087,StatusQuo,1956,6
7/31/1956,1,22.4425365,221.77718,StatusQuo,1956,7
8/31/1956,1,26.0307855,365.123,StatusQuo,1956,8
9/30/1956,1,33.8627206,633.11096,StatusQuo,1956,9
10/31/1956,1,35.6037799,588.97845,StatusQuo,1956,10
11/30/1956,1,21.793242,280.1449,StatusQuo,1956,11
12/31/1956,1,48.2516353,929.2001,StatusQuo,1956,12
1/31/1957,1,202.3626265,1743.804,StatusQuo,1957,1
2/28/1957,3,166.7582035,1370.3948,StatusQuo,1957,2
3/31/1957,3,96.31599895,515.31177,StatusQuo,1957,3
4/30/1957,3,39.8184055,243.72128,StatusQuo,1957,4
5/31/1957,3,30.47461495,240.90628,StatusQuo,1957,5
6/30/1957,3,28.7375205,242.58469,StatusQuo,1957,6
7/31/1957,3,24.612012,278.92007,StatusQuo,1957,7
8/31/1957,3,39.4914079,770.3489,StatusQuo,1957,8
9/30/1957,3,88.466509,1255.2114,StatusQuo,1957,9
10/31/1957,3,147.58081,1656.1844,StatusQuo,1957,10
11/30/1957,3,198.4012263,1744.5408,StatusQuo,1957,11
12/31/1957,3,196.8192711,1474.8771,StatusQuo,1957,12
1/31/1958,3,175.3647076,926.9566,StatusQuo,1958,1
2/28/1958,2,37.10348125,263.9203,StatusQuo,1958,2
3/31/1958,1,32.661799,237.25145,StatusQuo,1958,3
4/30/1958,1,34.9306783,208.89398,StatusQuo,1958,4
5/31/1958,1,40.3318672,191.11172,StatusQuo,1958,5
6/30/1958,1,22.0571595,179.61523,StatusQuo,1958,6
7/31/1958,1,20.518575,179.79955,StatusQuo,1958,7
8/31/1958,1,23.3739285,352.45868,StatusQuo,1958,8
9/30/1958,1,36.3402142,633.2986,StatusQuo,1958,9
10/31/1958,1,41.7511957,656.8711,StatusQuo,1958,10
11/30/1958,1,24.50739,335.86584,StatusQuo,1958,11
12/31/1958,1,49.58944525,930.16766,StatusQuo,1958,12
1/31/1959,1,201.4942885,1746.8966,StatusQuo,1959,1
2/28/1959,3,140.2654699,861.87714,StatusQuo,1959,2
3/31/1959,3,41.4673186,250.92648,StatusQuo,1959,3
4/30/1959,3,29.89341,238.59387,StatusQuo,1959,4
5/31/1959,3,29.2572375,254.63142,StatusQuo,1959,5
6/30/1959,3,28.184844,322.81042,StatusQuo,1959,6
7/31/1959,3,29.485935,411.22812,StatusQuo,1959,7
8/31/1959,3,43.0212355,744.5128,StatusQuo,1959,8
9/30/1959,3,83.0949829,1289.8761,StatusQuo,1959,9
10/31/1959,3,139.6448853,1697.8297,StatusQuo,1959,10
11/30/1959,3,111.820207,1196.7825,StatusQuo,1959,11
12/31/1959,3,128.0562295,1406.6036,StatusQuo,1959,12
1/31/1960,3,189.2464705,1699.7784,StatusQuo,1960,1
2/29/1960,5,172.1736424,1294.1204,StatusQuo,1960,2
3/31/1960,4,90.0576868,457.45657,StatusQuo,1960,3
4/30/1960,4,34.35773995,244.37146,StatusQuo,1960,4
5/31/1960,4,28.2251955,247.03123,StatusQuo,1960,5
6/30/1960,4,28.48755,298.14325,StatusQuo,1960,6
7/31/1960,4,30.099252,496.26404,StatusQuo,1960,7
8/31/1960,4,88.3854835,1476.771,StatusQuo,1960,8
9/30/1960,4,149.5077064,1616.1823,StatusQuo,1960,9
10/31/1960,4,159.4868104,1783.8535,StatusQuo,1960,10
11/30/1960,4,164.8588096,1691.6982,StatusQuo,1960,11
12/31/1960,4,165.2295348,1700.6687,StatusQuo,1960,12
1/31/1961,4,173.083579,1244.4612,StatusQuo,1961,1
2/28/1961,4,91.57541155,803.5627,StatusQuo,1961,2
3/31/1961,4,58.05098125,447.18613,StatusQuo,1961,3
4/30/1961,4,28.301124,244.02605,StatusQuo,1961,4
5/31/1961,4,28.389528,260.993,StatusQuo,1961,5
6/30/1961,4,30.8236801,318.70206,StatusQuo,1961,6
7/31/1961,4,30.25279375,434.62753,StatusQuo,1961,7
8/31/1961,4,51.9339265,864.91174,StatusQuo,1961,8
9/30/1961,4,90.8200675,1235.7122,StatusQuo,1961,9
10/31/1961,4,145.508803,1864.7932,StatusQuo,1961,10
11/30/1961,4,196.0058725,1819.4642,StatusQuo,1961,11
12/31/1961,4,179.2656081,1783.9799,StatusQuo,1961,12
1/31/1962,4,195.2770705,1323.8077,StatusQuo,1962,1
2/28/1962,4,106.0797085,996.3436,StatusQuo,1962,2
3/31/1962,3,94.0472365,447.56927,StatusQuo,1962,3
4/30/1962,3,44.509762,241.55812,StatusQuo,1962,4
5/31/1962,3,28.9792095,242.61142,StatusQuo,1962,5
6/30/1962,3,26.507538,272.57642,StatusQuo,1962,6
7/31/1962,3,27.137508,368.1924,StatusQuo,1962,7
8/31/1962,3,40.99355455,771.1635,StatusQuo,1962,8
9/30/1962,3,89.738521,1297.0775,StatusQuo,1962,9
10/31/1962,3,170.038468,1732.8693,StatusQuo,1962,10
11/30/1962,3,90.3261169,739.0933,StatusQuo,1962,11
12/31/1962,3,19.0010655,378.4755,StatusQuo,1962,12
1/31/1963,3,37.2189946,457.78476,StatusQuo,1963,1
2/28/1963,2,24.000837,268.05695,StatusQuo,1963,2
3/31/1963,3,29.5903755,256.2769,StatusQuo,1963,3
4/30/1963,2,27.694665,239.90709,StatusQuo,1963,4
5/31/1963,1,28.1852325,219.73904,StatusQuo,1963,5
6/30/1963,1,25.6208055,214.35231,StatusQuo,1963,6
7/31/1963,1,22.086348,227.67448,StatusQuo,1963,7
8/31/1963,1,25.2369645,447.99994,StatusQuo,1963,8
9/30/1963,1,60.0113224,881.88245,StatusQuo,1963,9
10/31/1963,1,55.77847105,707.5486,StatusQuo,1963,10
11/30/1963,1,24.489645,294.27234,StatusQuo,1963,11
12/31/1963,1,27.849765,373.75287,StatusQuo,1963,12
1/31/1964,1,49.2896965,598.68335,StatusQuo,1964,1
2/29/1964,3,93.8299981,671.8029,StatusQuo,1964,2
3/31/1964,3,36.6793585,303.3151,StatusQuo,1964,3
4/30/1964,4,34.35018175,323.16202,StatusQuo,1964,4
5/31/1964,4,39.2365552,326.59714,StatusQuo,1964,5
6/30/1964,4,37.2280462,323.2243,StatusQuo,1964,6
7/31/1964,4,31.82786905,384.89484,StatusQuo,1964,7
8/31/1964,4,61.5253735,1157.0532,StatusQuo,1964,8
9/30/1964,4,131.2956079,1577.0112,StatusQuo,1964,9
10/31/1964,4,151.0057405,1789.2866,StatusQuo,1964,10
11/30/1964,4,167.026759,1719.0771,StatusQuo,1964,11
12/31/1964,4,169.3603276,1703.0533,StatusQuo,1964,12
1/31/1965,4,63.2215567,361.48294,StatusQuo,1965,1
2/28/1965,1,21.564372,203.75151,StatusQuo,1965,2
3/31/1965,1,25.940064,216.73709,StatusQuo,1965,3
4/30/1965,1,28.2255345,223.95438,StatusQuo,1965,4
5/31/1965,1,27.849345,220.41556,StatusQuo,1965,5
6/30/1965,1,23.1371385,215.41959,StatusQuo,1965,6
7/31/1965,1,24.280305,275.6292,StatusQuo,1965,7
8/31/1965,1,26.805249,450.2393,StatusQuo,1965,8
9/30/1965,1,35.98212025,638.42566,StatusQuo,1965,9
10/31/1965,1,40.4252617,508.88663,StatusQuo,1965,10
11/30/1965,1,20.610549,289.49487,StatusQuo,1965,11
12/31/1965,1,26.279073,376.54968,StatusQuo,1965,12
1/31/1966,1,65.776519,698.49805,StatusQuo,1966,1
2/28/1966,2,68.3687593,518.28546,StatusQuo,1966,2
3/31/1966,3,29.35191,236.65964,StatusQuo,1966,3
4/30/1966,3,28.3369305,234.79744,StatusQuo,1966,4
5/31/1966,3,28.988439,249.79733,StatusQuo,1966,5
6/30/1966,3,28.786335,302.91144,StatusQuo,1966,6
7/31/1966,3,28.769454,423.78326,StatusQuo,1966,7
8/31/1966,3,36.1830595,751.94763,StatusQuo,1966,8
9/30/1966,3,80.655514,1275.2778,StatusQuo,1966,9
10/31/1966,3,158.4335416,1723.5151,StatusQuo,1966,10
11/30/1966,3,175.6909585,1701.8657,StatusQuo,1966,11
12/31/1966,3,158.9504575,1731.9454,StatusQuo,1966,12
1/31/1967,3,98.18368375,526.06964,StatusQuo,1967,1
2/28/1967,2,29.992548,220.54991,StatusQuo,1967,2
3/31/1967,2,27.4179795,234.23898,StatusQuo,1967,3
4/30/1967,2,30.2348815,229.79245,StatusQuo,1967,4
5/31/1967,1,27.59886,216.52104,StatusQuo,1967,5
6/30/1967,1,20.5150725,199.30891,StatusQuo,1967,6
7/31/1967,1,17.3018235,177.12993,StatusQuo,1967,7
8/31/1967,1,20.501751,238.1946,StatusQuo,1967,8
9/30/1967,1,36.4037236,590.62195,StatusQuo,1967,9
10/31/1967,1,40.5839725,536.6072,StatusQuo,1967,10
11/30/1967,1,21.9730065,321.83853,StatusQuo,1967,11
12/31/1967,1,44.6766637,972.62836,StatusQuo,1967,12
1/31/1968,1,217.8422134,1752.3411,StatusQuo,1968,1
2/29/1968,3,156.7615435,824.55585,StatusQuo,1968,2
3/31/1968,3,35.83103605,241.12668,StatusQuo,1968,3
4/30/1968,3,26.473398,238.25517,StatusQuo,1968,4
5/31/1968,3,28.35237,245.28554,StatusQuo,1968,5
6/30/1968,3,28.654884,296.41135,StatusQuo,1968,6
7/31/1968,3,27.6299475,452.8252,StatusQuo,1968,7
8/31/1968,3,37.9029832,747.6894,StatusQuo,1968,8
9/30/1968,3,71.1236605,1089.1227,StatusQuo,1968,9
10/31/1968,3,121.0042608,1548.7501,StatusQuo,1968,10
11/30/1968,3,149.6739925,1720.0724,StatusQuo,1968,11
12/31/1968,3,160.4082781,1723.9214,StatusQuo,1968,12
1/31/1969,3,140.0276118,872.5401,StatusQuo,1969,1
2/28/1969,1,37.72871995,246.98589,StatusQuo,1969,2
3/31/1969,1,16.7481645,187.65385,StatusQuo,1969,3
4/30/1969,1,18.114384,183.88239,StatusQuo,1969,4
5/31/1969,1,17.1907215,178.5308,StatusQuo,1969,5
6/30/1969,1,14.026779,179.79959,StatusQuo,1969,6
7/31/1969,1,19.3232805,213.64804,StatusQuo,1969,7
8/31/1969,1,25.687896,271.73978,StatusQuo,1969,8
9/30/1969,1,28.986204,584.92883,StatusQuo,1969,9
10/31/1969,1,32.9753389,469.06955,StatusQuo,1969,10
11/30/1969,1,22.278786,329.8669,StatusQuo,1969,11
12/31/1969,1,48.596947,936.3427,StatusQuo,1969,12
1/31/1970,1,60.81124045,409.97614,StatusQuo,1970,1
2/28/1970,1,21.4344435,196.1764,StatusQuo,1970,2
3/31/1970,1,16.9459605,186.13396,StatusQuo,1970,3
4/30/1970,1,21.136848,196.62285,StatusQuo,1970,4
5/31/1970,1,24.1844175,231.51424,StatusQuo,1970,5
6/30/1970,1,26.509815,272.7064,StatusQuo,1970,6
7/31/1970,1,25.692918,305.2896,StatusQuo,1970,7
8/31/1970,1,25.6466445,448.07498,StatusQuo,1970,8
9/30/1970,1,54.197254,842.74005,StatusQuo,1970,9
10/31/1970,1,48.1433866,470.72812,StatusQuo,1970,10
11/30/1970,1,20.152119,281.7726,StatusQuo,1970,11
12/31/1970,1,26.27235,383.50528,StatusQuo,1970,12
1/31/1971,1,30.1093005,249.2057,StatusQuo,1971,1
2/28/1971,1,21.160638,212.46173,StatusQuo,1971,2
3/31/1971,1,22.2882795,230.56345,StatusQuo,1971,3
4/30/1971,1,23.121012,236.09111,StatusQuo,1971,4
5/31/1971,1,25.372416,232.08661,StatusQuo,1971,5
6/30/1971,1,26.091717,231.93282,StatusQuo,1971,6
7/31/1971,1,23.8189725,276.12115,StatusQuo,1971,7
8/31/1971,1,26.912274,452.436,StatusQuo,1971,8
9/30/1971,1,41.1803065,759.09357,StatusQuo,1971,9
10/31/1971,1,61.0434214,762.9672,StatusQuo,1971,10
11/30/1971,1,25.224147,268.93277,StatusQuo,1971,11
12/31/1971,1,31.1435755,804.0964,StatusQuo,1971,12
1/31/1972,1,106.3436869,735.5291,StatusQuo,1972,1
2/29/1972,3,35.2270384,392.27133,StatusQuo,1972,2
3/31/1972,3,32.1699232,311.35895,StatusQuo,1972,3
4/30/1972,3,26.385999,238.47307,StatusQuo,1972,4
5/31/1972,3,26.4682755,240.34152,StatusQuo,1972,5
6/30/1972,3,28.3779975,309.56857,StatusQuo,1972,6
7/31/1972,3,29.2384455,472.8386,StatusQuo,1972,7
8/31/1972,3,34.9214215,756.8404,StatusQuo,1972,8
9/30/1972,3,54.8742259,772.6261,StatusQuo,1972,9
10/31/1972,3,102.365902,1534.1545,StatusQuo,1972,10
11/30/1972,3,157.9293025,1697.5168,StatusQuo,1972,11
12/31/1972,3,124.9240795,1233.3748,StatusQuo,1972,12
1/31/1973,3,61.434145,468.82935,StatusQuo,1973,1
2/28/1973,2,31.828117,242.29182,StatusQuo,1973,2
3/31/1973,2,24.328113,239.5914,StatusQuo,1973,3
4/30/1973,2,32.00505355,230.85074,StatusQuo,1973,4
5/31/1973,2,29.131077,232.22263,StatusQuo,1973,5
6/30/1973,2,27.3686925,252.36848,StatusQuo,1973,6
7/31/1973,2,26.02599,315.23322,StatusQuo,1973,7
8/31/1973,2,26.7433005,454.5077,StatusQuo,1973,8
9/30/1973,2,36.38265925,672.59644,StatusQuo,1973,9
10/31/1973,2,45.2332174,435.65286,StatusQuo,1973,10
11/30/1973,2,22.443096,317.59506,StatusQuo,1973,11
12/31/1973,2,20.4046185,255.31839,StatusQuo,1973,12
1/31/1974,2,24.73428,188.3214,StatusQuo,1974,1
2/28/1974,1,22.023465,200.04672,StatusQuo,1974,2
3/31/1974,1,21.9943125,201.61716,StatusQuo,1974,3
4/30/1974,1,25.154499,200.75778,StatusQuo,1974,4
5/31/1974,1,22.2501945,186.8605,StatusQuo,1974,5
6/30/1974,1,20.69661,202.94295,StatusQuo,1974,6
7/31/1974,1,21.793929,259.22018,StatusQuo,1974,7
8/31/1974,1,26.80239,448.54755,StatusQuo,1974,8
9/30/1974,1,41.30719705,710.2027,StatusQuo,1974,9
10/31/1974,1,53.72896195,638.0699,StatusQuo,1974,10
11/30/1974,1,23.096061,294.98767,StatusQuo,1974,11
12/31/1974,1,46.9187872,947.8817,StatusQuo,1974,12
1/31/1975,1,217.4964115,1576.4443,StatusQuo,1975,1
2/28/1975,3,187.331356,1576.2695,StatusQuo,1975,2
3/31/1975,3,97.1104621,540.68146,StatusQuo,1975,3
4/30/1975,2,30.4708729,230.22531,StatusQuo,1975,4
5/31/1975,2,25.8723105,215.87099,StatusQuo,1975,5
6/30/1975,2,23.8125615,216.44444,StatusQuo,1975,6
7/31/1975,2,22.576677,242.45964,StatusQuo,1975,7
8/31/1975,2,24.003447,436.95645,StatusQuo,1975,8
9/30/1975,2,45.581476,854.1075,StatusQuo,1975,9
10/31/1975,2,62.490412,775.6755,StatusQuo,1975,10
11/30/1975,2,33.6922564,492.6066,StatusQuo,1975,11
12/31/1975,2,78.8919625,958.807,StatusQuo,1975,12
1/31/1976,2,212.7073,1542.7593,StatusQuo,1976,1
2/29/1976,4,220.737289,1804.0314,StatusQuo,1976,2
3/31/1976,4,200.268931,1545.246,StatusQuo,1976,3
4/30/1976,5,134.158185,724.29626,StatusQuo,1976,4
5/31/1976,5,75.90666445,502.6333,StatusQuo,1976,5
6/30/1976,5,71.376484,769.33417,StatusQuo,1976,6
7/31/1976,5,120.667747,1525.5853,StatusQuo,1976,7
8/31/1976,5,142.976712,1763.2478,StatusQuo,1976,8
9/30/1976,5,122.465014,1531.4548,StatusQuo,1976,9
10/31/1976,5,162.2307505,2094.5266,StatusQuo,1976,10
11/30/1976,5,220.900024,2056.6895,StatusQuo,1976,11
12/31/1976,5,214.1212135,2168.7068,StatusQuo,1976,12
1/31/1977,5,227.6375665,1530.5309,StatusQuo,1977,1
2/28/1977,5,172.3528818,1848.2485,StatusQuo,1977,2
3/31/1977,5,240.5423836,1468.1769,StatusQuo,1977,3
4/30/1977,5,161.6868451,952.7937,StatusQuo,1977,4
5/31/1977,5,108.8306539,1029.035,StatusQuo,1977,5
6/30/1977,5,128.715292,1167.408,StatusQuo,1977,6
7/31/1977,5,156.0276685,1358.8976,StatusQuo,1977,7
8/31/1977,5,157.3641675,1639.4447,StatusQuo,1977,8
9/30/1977,5,166.9820425,1668.306,StatusQuo,1977,9
10/31/1977,5,190.815139,1709.327,StatusQuo,1977,10
11/30/1977,5,211.3327536,2003.7081,StatusQuo,1977,11
12/31/1977,5,226.402462,1987.7977,StatusQuo,1977,12
1/31/1978,5,221.431948,1492.3865,StatusQuo,1978,1
2/28/1978,3,74.4102577,375.61203,StatusQuo,1978,2
3/31/1978,3,38.6851942,232.77132,StatusQuo,1978,3
4/30/1978,2,38.1226726,228.50589,StatusQuo,1978,4
5/31/1978,2,27.478215,213.96689,StatusQuo,1978,5
6/30/1978,2,22.186173,217.954,StatusQuo,1978,6
7/31/1978,2,23.267445,252.72366,StatusQuo,1978,7
8/31/1978,2,24.5441685,397.72083,StatusQuo,1978,8
9/30/1978,2,33.38787925,690.69495,StatusQuo,1978,9
10/31/1978,2,49.4906215,485.9162,StatusQuo,1978,10
11/30/1978,2,22.7171655,277.17838,StatusQuo,1978,11
12/31/1978,2,48.2441455,811.07446,StatusQuo,1978,12
1/31/1979,2,183.383251,1640.7527,StatusQuo,1979,1
2/28/1979,4,162.491782,950.6791,StatusQuo,1979,2
3/31/1979,4,52.851199,265.22614,StatusQuo,1979,3
4/30/1979,4,36.40708945,232.28406,StatusQuo,1979,4
5/31/1979,4,29.209935,234.80309,StatusQuo,1979,5
6/30/1979,4,27.1952355,255.46306,StatusQuo,1979,6
7/31/1979,4,25.94274,280.88562,StatusQuo,1979,7
8/31/1979,4,48.42009025,1063.945,StatusQuo,1979,8
9/30/1979,4,122.6748595,1443.1915,StatusQuo,1979,9
10/31/1979,4,141.656686,1776.5393,StatusQuo,1979,10
11/30/1979,4,166.615789,1710.4836,StatusQuo,1979,11
12/31/1979,4,166.1354671,1775.2399,StatusQuo,1979,12
1/31/1980,4,165.0634111,998.08984,StatusQuo,1980,1
2/29/1980,2,41.244631,251.11804,StatusQuo,1980,2
3/31/1980,1,18.039741,195.13916,StatusQuo,1980,3
4/30/1980,1,21.793755,193.93352,StatusQuo,1980,4
5/31/1980,2,23.992566,205.44475,StatusQuo,1980,5
6/30/1980,2,23.798745,246.09837,StatusQuo,1980,6
7/31/1980,2,26.678955,259.27988,StatusQuo,1980,7
8/31/1980,2,29.2156305,374.06192,StatusQuo,1980,8
9/30/1980,2,37.779316,747.0494,StatusQuo,1980,9
10/31/1980,2,34.0987006,467.05002,StatusQuo,1980,10
11/30/1980,2,21.727224,275.80737,StatusQuo,1980,11
12/31/1980,2,48.02274325,864.10846,StatusQuo,1980,12
1/31/1981,2,218.449081,1622.9784,StatusQuo,1981,1
2/28/1981,3,142.0002079,846.219,StatusQuo,1981,2
3/31/1981,4,42.4649839,271.27164,StatusQuo,1981,3
4/30/1981,4,28.193871,244.43503,StatusQuo,1981,4
5/31/1981,4,27.95865,249.79514,StatusQuo,1981,5
6/30/1981,4,28.456293,310.62817,StatusQuo,1981,6
7/31/1981,4,29.977671,446.5524,StatusQuo,1981,7
8/31/1981,4,65.6190166,1176.072,StatusQuo,1981,8
9/30/1981,4,120.6117616,1506.6313,StatusQuo,1981,9
10/31/1981,4,144.4525731,1812.0721,StatusQuo,1981,10
11/30/1981,4,175.358335,1751.8579,StatusQuo,1981,11
12/31/1981,4,88.1946019,746.1845,StatusQuo,1981,12
1/31/1982,4,23.22864,197.03601,StatusQuo,1982,1
2/28/1982,1,25.944171,203.13396,StatusQuo,1982,2
3/31/1982,1,24.769008,196.06328,StatusQuo,1982,3
4/30/1982,1,23.914254,178.78888,StatusQuo,1982,4
5/31/1982,1,17.227698,174.37949,StatusQuo,1982,5
6/30/1982,1,15.0335055,180.35756,StatusQuo,1982,6
7/31/1982,1,19.0738605,200.26595,StatusQuo,1982,7
8/31/1982,1,24.4682895,367.465,StatusQuo,1982,8
9/30/1982,1,30.4626706,571.0142,StatusQuo,1982,9
10/31/1982,1,32.2400161,558.8355,StatusQuo,1982,10
11/30/1982,1,23.316357,259.6277,StatusQuo,1982,11
12/31/1982,1,24.7102725,199.74074,StatusQuo,1982,12
1/31/1983,1,21.5919045,174.40651,StatusQuo,1983,1
2/28/1983,1,15.3557625,178.9294,StatusQuo,1983,2
3/31/1983,1,8.0032035,190.59511,StatusQuo,1983,3
4/30/1983,1,6.783228,189.82887,StatusQuo,1983,4
5/31/1983,1,3.332826,172.9238,StatusQuo,1983,5
6/30/1983,1,6.7826805,168.98772,StatusQuo,1983,6
7/31/1983,1,17.4534045,181.84406,StatusQuo,1983,7
8/31/1983,1,24.1524495,217.74026,StatusQuo,1983,8
9/30/1983,1,23.122884,329.24927,StatusQuo,1983,9
10/31/1983,1,22.2560205,400.96017,StatusQuo,1983,10
11/30/1983,1,21.823467,311.11795,StatusQuo,1983,11
12/31/1983,1,23.689698,215.38336,StatusQuo,1983,12
1/31/1984,1,12.069537,199.03685,StatusQuo,1984,1
2/29/1984,1,16.179243,175.3966,StatusQuo,1984,2
3/31/1984,1,18.3654105,195.70905,StatusQuo,1984,3
4/30/1984,1,22.811259,214.55087,StatusQuo,1984,4
5/31/1984,1,24.7575345,236.47896,StatusQuo,1984,5
6/30/1984,1,24.856434,264.78656,StatusQuo,1984,6
7/31/1984,1,26.413674,309.0216,StatusQuo,1984,7
8/31/1984,1,26.2185285,457.03607,StatusQuo,1984,8
9/30/1984,1,45.5372212,710.7442,StatusQuo,1984,9
10/31/1984,1,43.4225782,488.3183,StatusQuo,1984,10
11/30/1984,1,21.2868855,300.611,StatusQuo,1984,11
12/31/1984,1,25.7686245,361.36737,StatusQuo,1984,12
1/31/1985,1,25.020786,250.07773,StatusQuo,1985,1
2/28/1985,3,25.4884605,313.69986,StatusQuo,1985,2
3/31/1985,3,30.80150995,429.11002,StatusQuo,1985,3
4/30/1985,3,36.9289843,306.48795,StatusQuo,1985,4
5/31/1985,4,40.36115095,286.87158,StatusQuo,1985,5
6/30/1985,4,36.99968425,335.18234,StatusQuo,1985,6
7/31/1985,4,30.653233,407.0612,StatusQuo,1985,7
8/31/1985,4,77.4084292,1394.3018,StatusQuo,1985,8
9/30/1985,4,138.741307,1595.6926,StatusQuo,1985,9
10/31/1985,4,140.2368901,1725.7793,StatusQuo,1985,10
11/30/1985,4,156.131152,1715.2162,StatusQuo,1985,11
12/31/1985,4,168.10081,1726.3552,StatusQuo,1985,12
1/31/1986,4,220.4318973,1691.7744,StatusQuo,1986,1
2/28/1986,4,116.2439485,628.4952,StatusQuo,1986,2
3/31/1986,1,39.0568627,236.91975,StatusQuo,1986,3
4/30/1986,1,15.158691,186.54,StatusQuo,1986,4
5/31/1986,1,17.5677615,178.89401,StatusQuo,1986,5
6/30/1986,1,22.5106755,208.55771,StatusQuo,1986,6
7/31/1986,1,26.021883,271.5693,StatusQuo,1986,7
8/31/1986,1,24.2493165,387.9678,StatusQuo,1986,8
9/30/1986,1,30.1165425,590.3607,StatusQuo,1986,9
10/31/1986,1,33.60076,430.42844,StatusQuo,1986,10
11/30/1986,1,20.7964095,261.4764,StatusQuo,1986,11
12/31/1986,1,45.2930731,915.7452,StatusQuo,1986,12
1/31/1987,1,206.7959583,1566.691,StatusQuo,1987,1
2/28/1987,4,170.1251935,1135.9899,StatusQuo,1987,2
3/31/1987,4,80.6490616,446.6692,StatusQuo,1987,3
4/30/1987,4,38.6014555,258.10468,StatusQuo,1987,4
5/31/1987,4,30.075945,251.32603,StatusQuo,1987,5
6/30/1987,4,29.1379755,322.21713,StatusQuo,1987,6
7/31/1987,4,30.3893515,503.21713,StatusQuo,1987,7
8/31/1987,4,50.5415419,910.94977,StatusQuo,1987,8
9/30/1987,4,90.5896735,1235.4563,StatusQuo,1987,9
10/31/1987,4,136.870453,1706.2343,StatusQuo,1987,10
11/30/1987,4,188.3381043,1965.7682,StatusQuo,1987,11
12/31/1987,4,219.3726235,1970.8197,StatusQuo,1987,12
1/31/1988,4,193.013914,1303.8981,StatusQuo,1988,1
2/29/1988,4,65.4259576,378.77554,StatusQuo,1988,2
3/31/1988,5,34.1340121,244.49413,StatusQuo,1988,3
4/30/1988,5,45.7722265,286.7042,StatusQuo,1988,4
5/31/1988,5,51.0705874,378.80734,StatusQuo,1988,5
6/30/1988,5,55.5740434,626.5902,StatusQuo,1988,6
7/31/1988,5,70.3042513,706.1119,StatusQuo,1988,7
8/31/1988,5,57.1087114,856.99457,StatusQuo,1988,8
9/30/1988,5,100.3687246,1297.7423,StatusQuo,1988,9
10/31/1988,5,155.5615795,1784.6371,StatusQuo,1988,10
11/30/1988,5,215.859229,2257.3271,StatusQuo,1988,11
12/31/1988,5,229.0899379,2159.053,StatusQuo,1988,12
1/31/1989,5,207.7202275,1668.3225,StatusQuo,1989,1
2/28/1989,4,173.6463571,1368.8977,StatusQuo,1989,2
3/31/1989,5,131.0297485,649.4339,StatusQuo,1989,3
4/30/1989,4,43.93560955,277.66187,StatusQuo,1989,4
5/31/1989,4,24.81657,238.20517,StatusQuo,1989,5
6/30/1989,4,25.722798,254.26349,StatusQuo,1989,6
7/31/1989,4,24.564,337.68924,StatusQuo,1989,7
8/31/1989,4,45.54987805,895.7021,StatusQuo,1989,8
9/30/1989,4,103.9442035,1323.1836,StatusQuo,1989,9
10/31/1989,4,146.6154865,1708.5521,StatusQuo,1989,10
11/30/1989,4,159.9843948,1703.2528,StatusQuo,1989,11
12/31/1989,4,159.7211916,1746.5961,StatusQuo,1989,12
1/31/1990,4,184.6684585,1671.886,StatusQuo,1990,1
2/28/1990,4,124.268494,816.30664,StatusQuo,1990,2
3/31/1990,5,48.41086195,363.9948,StatusQuo,1990,3
4/30/1990,5,36.829582,371.19717,StatusQuo,1990,4
5/31/1990,5,49.6115527,336.9623,StatusQuo,1990,5
6/30/1990,5,48.2007685,378.20984,StatusQuo,1990,6
7/31/1990,5,58.6546312,683.5574,StatusQuo,1990,7
8/31/1990,5,89.28524275,1169.3835,StatusQuo,1990,8
9/30/1990,5,115.609282,1378.4673,StatusQuo,1990,9
10/31/1990,5,165.605065,1827.8473,StatusQuo,1990,10
11/30/1990,5,215.0711185,2148.366,StatusQuo,1990,11
12/31/1990,5,225.9666799,1837.2557,StatusQuo,1990,12
1/31/1991,5,222.562315,2131.5527,StatusQuo,1991,1
2/28/1991,5,270.8260105,1918.0459,StatusQuo,1991,2
3/31/1991,5,200.0668945,1212.4547,StatusQuo,1991,3
4/30/1991,5,102.4490821,484.18863,StatusQuo,1991,4
5/31/1991,5,45.8799736,254.57664,StatusQuo,1991,5
6/30/1991,5,43.39112845,417.9025,StatusQuo,1991,6
7/31/1991,5,72.51137395,886.29224,StatusQuo,1991,7
8/31/1991,5,160.8149731,1623.1017,StatusQuo,1991,8
9/30/1991,5,188.278411,1748.8077,StatusQuo,1991,9
10/31/1991,5,197.751298,1726.1155,StatusQuo,1991,10
11/30/1991,5,225.925315,2212.5225,StatusQuo,1991,11
12/31/1991,5,225.243424,1833.0112,StatusQuo,1991,12
1/31/1992,5,197.00836,1986.7906,StatusQuo,1992,1
2/29/1992,5,242.5093225,1494.9425,StatusQuo,1992,2
3/31/1992,5,100.8098448,413.12198,StatusQuo,1992,3
4/30/1992,5,39.6419449,246.9001,StatusQuo,1992,4
5/31/1992,5,43.3278898,264.85095,StatusQuo,1992,5
6/30/1992,5,42.951382,410.36563,StatusQuo,1992,6
7/31/1992,5,53.08876645,449.21725,StatusQuo,1992,7
8/31/1992,5,45.8653018,666.4512,StatusQuo,1992,8
9/30/1992,5,83.8769659,1195.4631,StatusQuo,1992,9
10/31/1992,5,159.0311838,1960.4141,StatusQuo,1992,10
11/30/1992,5,224.374402,2216.0627,StatusQuo,1992,11
12/31/1992,5,223.667431,1800.1927,StatusQuo,1992,12
1/31/1993,5,181.626112,1175.7777,StatusQuo,1993,1
2/28/1993,3,65.234734,342.27487,StatusQuo,1993,2
3/31/1993,2,41.8214995,237.74849,StatusQuo,1993,3
4/30/1993,2,34.320385,235.18184,StatusQuo,1993,4
5/31/1993,2,27.070038,228.179,StatusQuo,1993,5
6/30/1993,2,25.4404125,228.34225,StatusQuo,1993,6
7/31/1993,2,23.7052305,223.54468,StatusQuo,1993,7
8/31/1993,2,23.440077,374.0686,StatusQuo,1993,8
9/30/1993,2,46.3139716,835.3267,StatusQuo,1993,9
10/31/1993,2,56.1557341,829.448,StatusQuo,1993,10
11/30/1993,2,27.223206,322.32886,StatusQuo,1993,11
12/31/1993,2,46.52356345,873.12067,StatusQuo,1993,12
1/31/1994,2,216.285475,1664.3157,StatusQuo,1994,1
2/28/1994,4,210.0080365,1474.9408,StatusQuo,1994,2
3/31/1994,4,137.220034,674.9394,StatusQuo,1994,3
4/30/1994,5,59.1130594,273.54816,StatusQuo,1994,4
5/31/1994,5,43.6261765,325.2951,StatusQuo,1994,5
6/30/1994,5,47.7106768,526.6782,StatusQuo,1994,6
7/31/1994,5,76.212877,1065.1637,StatusQuo,1994,7
8/31/1994,5,108.7370485,1538.1567,StatusQuo,1994,8
9/30/1994,5,126.185347,1651.4136,StatusQuo,1994,9
10/31/1994,5,179.1595225,1946.6849,StatusQuo,1994,10
11/30/1994,5,219.1650181,2174.4126,StatusQuo,1994,11
12/31/1994,5,220.2584178,1907.3256,StatusQuo,1994,12
1/31/1995,5,219.3882301,1777.3452,StatusQuo,1995,1
2/28/1995,1,75.1677763,345.1623,StatusQuo,1995,2
3/31/1995,2,27.0052275,234.21207,StatusQuo,1995,3
4/30/1995,1,28.151976,216.69753,StatusQuo,1995,4
5/31/1995,1,23.428425,175.8994,StatusQuo,1995,5
6/30/1995,1,16.679739,169.45924,StatusQuo,1995,6
7/31/1995,1,15.37353,166.24739,StatusQuo,1995,7
8/31/1995,1,20.486586,203.55437,StatusQuo,1995,8
9/30/1995,1,27.3813675,481.81497,StatusQuo,1995,9
10/31/1995,1,33.1463332,686.2126,StatusQuo,1995,10
11/30/1995,1,24.649713,348.2588,StatusQuo,1995,11
12/31/1995,1,55.4224291,956.41547,StatusQuo,1995,12
1/31/1996,1,107.886637,596.71497,StatusQuo,1996,1
2/29/1996,2,28.622379,224.65419,StatusQuo,1996,2
3/31/1996,1,30.158793,218.59837,StatusQuo,1996,3
4/30/1996,1,26.71419,212.90439,StatusQuo,1996,4
5/31/1996,1,24.067485,207.80414,StatusQuo,1996,5
6/30/1996,1,21.699804,194.42596,StatusQuo,1996,6
7/31/1996,1,19.831038,211.72157,StatusQuo,1996,7
8/31/1996,1,24.347955,435.98016,StatusQuo,1996,8
9/30/1996,1,59.68814095,903.04224,StatusQuo,1996,9
10/31/1996,1,59.029258,659.932,StatusQuo,1996,10
11/30/1996,1,22.685481,308.93173,StatusQuo,1996,11
12/31/1996,1,31.01238145,511.06857,StatusQuo,1996,12
1/31/1997,1,34.3548244,241.51558,StatusQuo,1997,1
2/28/1997,1,8.1862545,184.53938,StatusQuo,1997,2
3/31/1997,1,16.60245,170.17009,StatusQuo,1997,3
4/30/1997,1,23.230395,200.8399,StatusQuo,1997,4
5/31/1997,1,26.346195,266.62164,StatusQuo,1997,5
6/30/1997,1,29.301933,279.1305,StatusQuo,1997,6
7/31/1997,1,29.184489,279.89227,StatusQuo,1997,7
8/31/1997,1,25.0894545,372.5642,StatusQuo,1997,8
9/30/1997,1,45.49085455,736.0895,StatusQuo,1997,9
10/31/1997,1,48.0380962,593.7204,StatusQuo,1997,10
11/30/1997,1,21.38088,267.75528,StatusQuo,1997,11
12/31/1997,1,30.1010925,619.40546,StatusQuo,1997,12
1/31/1998,1,77.8007545,541.8469,StatusQuo,1998,1
2/28/1998,1,41.7461683,237.85358,StatusQuo,1998,2
3/31/1998,1,51.0112789,224.8221,StatusQuo,1998,3
4/30/1998,1,23.8254015,181.96239,StatusQuo,1998,4
5/31/1998,1,17.7894795,176.29521,StatusQuo,1998,5
6/30/1998,1,17.115465,163.29448,StatusQuo,1998,6
7/31/1998,1,14.7858855,162.79477,StatusQuo,1998,7
8/31/1998,1,16.2409335,184.7301,StatusQuo,1998,8
9/30/1998,1,20.4065865,286.90353,StatusQuo,1998,9
10/31/1998,1,19.722093,278.55643,StatusQuo,1998,10
11/30/1998,1,17.382561,286.82623,StatusQuo,1998,11
12/31/1998,1,24.2046975,288.75168,StatusQuo,1998,12
1/31/1999,1,23.140035,205.71344,StatusQuo,1999,1
2/28/1999,2,24.726075,209.93294,StatusQuo,1999,2
3/31/1999,1,27.400191,211.00581,StatusQuo,1999,3
4/30/1999,1,25.291314,211.01926,StatusQuo,1999,4
5/31/1999,1,24.5900865,215.4821,StatusQuo,1999,5
6/30/1999,1,23.9298225,239.84866,StatusQuo,1999,6
7/31/1999,1,24.15849,280.2837,StatusQuo,1999,7
8/31/1999,1,27.274251,452.6392,StatusQuo,1999,8
9/30/1999,1,39.6554083,673.27136,StatusQuo,1999,9
10/31/1999,1,40.58574805,513.0701,StatusQuo,1999,10
11/30/1999,1,20.145429,287.4875,StatusQuo,1999,11
12/31/1999,1,51.35538505,944.43713,StatusQuo,1999,12
1/31/2000,1,194.5389205,1492.4325,StatusQuo,2000,1
2/29/2000,3,127.9907365,771.6118,StatusQuo,2000,2
3/31/2000,2,38.27283625,235.55223,StatusQuo,2000,3
4/30/2000,2,24.741735,211.02739,StatusQuo,2000,4
5/31/2000,2,23.2380705,207.51369,StatusQuo,2000,5
6/30/2000,2,24.197565,244.36366,StatusQuo,2000,6
7/31/2000,2,24.655398,283.15585,StatusQuo,2000,7
8/31/2000,2,25.7817405,451.3218,StatusQuo,2000,8
9/30/2000,2,33.8872477,629.73047,StatusQuo,2000,9
10/31/2000,2,39.6154798,442.92365,StatusQuo,2000,10
11/30/2000,2,21.349626,305.02835,StatusQuo,2000,11
12/31/2000,2,49.3155346,947.89575,StatusQuo,2000,12
1/31/2001,2,180.3914065,1492.2025,StatusQuo,2001,1
2/28/2001,4,161.6970025,1137.031,StatusQuo,2001,2
3/31/2001,4,67.8419083,361.4046,StatusQuo,2001,3
4/30/2001,4,30.4071298,239.55972,StatusQuo,2001,4
5/31/2001,4,31.8584923,248.43742,StatusQuo,2001,5
6/30/2001,4,28.3793205,311.35016,StatusQuo,2001,6
7/31/2001,4,30.202647,419.98013,StatusQuo,2001,7
8/31/2001,4,51.5001736,906.1997,StatusQuo,2001,8
9/30/2001,4,98.8502446,1355.1877,StatusQuo,2001,9
10/31/2001,4,147.6034561,1886.2982,StatusQuo,2001,10
11/30/2001,4,186.6049195,1815.5363,StatusQuo,2001,11
12/31/2001,4,172.3472103,1736.014,StatusQuo,2001,12
1/31/2002,4,115.8482545,770.16943,StatusQuo,2002,1
2/28/2002,3,29.929527,231.71552,StatusQuo,2002,2
3/31/2002,3,28.771206,233.76553,StatusQuo,2002,3
4/30/2002,3,26.951775,245.77773,StatusQuo,2002,4
5/31/2002,4,28.825635,256.353,StatusQuo,2002,5
6/30/2002,4,29.6720025,313.87408,StatusQuo,2002,6
7/31/2002,4,29.86953,429.7053,StatusQuo,2002,7
8/31/2002,4,53.63174275,943.2028,StatusQuo,2002,8
9/30/2002,4,100.5105976,1421.3914,StatusQuo,2002,9
10/31/2002,4,149.0572098,1816.1383,StatusQuo,2002,10
11/30/2002,4,171.6945745,1733.1349,StatusQuo,2002,11
12/31/2002,4,160.613803,1739.8907,StatusQuo,2002,12
1/31/2003,4,100.2208495,624.6869,StatusQuo,2003,1
2/28/2003,2,27.950595,214.04063,StatusQuo,2003,2
3/31/2003,3,26.0675325,230.2267,StatusQuo,2003,3
4/30/2003,3,26.3220675,245.20299,StatusQuo,2003,4
5/31/2003,2,27.9395595,234.99907,StatusQuo,2003,5
6/30/2003,2,23.988885,218.99303,StatusQuo,2003,6
7/31/2003,2,20.9903415,238.06532,StatusQuo,2003,7
8/31/2003,2,23.2605585,450.1029,StatusQuo,2003,8
9/30/2003,2,43.5820927,827.7251,StatusQuo,2003,9
10/31/2003,2,67.89471025,801.6422,StatusQuo,2003,10
11/30/2003,2,25.507542,323.71872,StatusQuo,2003,11
12/31/2003,2,46.8115189,923.6402,StatusQuo,2003,12
1/31/2004,2,119.6432746,670.0481,StatusQuo,2004,1
2/29/2004,2,28.517889,248.15936,StatusQuo,2004,2
3/31/2004,2,27.152745,238.18675,StatusQuo,2004,3
4/30/2004,2,24.8059275,235.86145,StatusQuo,2004,4
5/31/2004,3,26.426853,242.94893,StatusQuo,2004,5
6/30/2004,3,28.3330395,275.5564,StatusQuo,2004,6
7/31/2004,3,28.153143,390.37592,StatusQuo,2004,7
8/31/2004,3,43.01198725,761.952,StatusQuo,2004,8
9/30/2004,3,88.6487608,1320.2784,StatusQuo,2004,9
10/31/2004,3,157.710565,1693.7888,StatusQuo,2004,10
11/30/2004,3,150.241627,1684.1016,StatusQuo,2004,11
12/31/2004,3,153.1332655,1746.9233,StatusQuo,2004,12
1/31/2005,3,164.0207785,932.1964,StatusQuo,2005,1
2/28/2005,3,48.6678265,311.23038,StatusQuo,2005,2
3/31/2005,3,40.89503005,241.44849,StatusQuo,2005,3
4/30/2005,3,37.3498381,231.07962,StatusQuo,2005,4
5/31/2005,3,27.1612845,227.5645,StatusQuo,2005,5
6/30/2005,3,20.5462755,207.29793,StatusQuo,2005,6
7/31/2005,3,17.138415,197.20744,StatusQuo,2005,7
8/31/2005,3,21.8288085,274.86508,StatusQuo,2005,8
9/30/2005,3,70.7968168,1013.1051,StatusQuo,2005,9
10/31/2005,3,139.5752541,1748.2665,StatusQuo,2005,10
11/30/2005,3,114.0223735,1504.0383,StatusQuo,2005,11
12/31/2005,3,148.2928369,1760.4769,StatusQuo,2005,12
1/31/2006,3,76.8975325,465.21426,StatusQuo,2006,1
2/28/2006,1,24.5326305,192.68338,StatusQuo,2006,2
3/31/2006,1,21.94338,194.70496,StatusQuo,2006,3
4/30/2006,1,25.14516,188.76553,StatusQuo,2006,4
5/31/2006,1,14.9459685,178.83441,StatusQuo,2006,5
6/30/2006,1,13.0818195,169.8928,StatusQuo,2006,6
7/31/2006,1,19.153503,179.53447,StatusQuo,2006,7
8/31/2006,1,26.2550055,283.5197,StatusQuo,2006,8
9/30/2006,1,35.5032205,605.2679,StatusQuo,2006,9
10/31/2006,1,35.8073155,611.0235,StatusQuo,2006,10
11/30/2006,1,24.7252785,350.89642,StatusQuo,2006,11
12/31/2006,1,38.6399932,762.9092,StatusQuo,2006,12
1/31/2007,1,77.1860665,562.7645,StatusQuo,2007,1
2/28/2007,3,30.43249195,447.74982,StatusQuo,2007,2
3/31/2007,3,43.96833895,387.24045,StatusQuo,2007,3
4/30/2007,4,35.48373505,242.62558,StatusQuo,2007,4
5/31/2007,4,32.94374095,261.62387,StatusQuo,2007,5
6/30/2007,4,31.45261525,336.70297,StatusQuo,2007,6
7/31/2007,4,31.2578035,450.66077,StatusQuo,2007,7
8/31/2007,4,50.60413075,959.83014,StatusQuo,2007,8
9/30/2007,4,97.179244,1329.6431,StatusQuo,2007,9
10/31/2007,4,137.2401978,1792.1805,StatusQuo,2007,10
11/30/2007,4,169.461001,1781.1672,StatusQuo,2007,11
12/31/2007,4,173.3405521,1808.618,StatusQuo,2007,12
1/31/2008,4,189.4241794,1567.678,StatusQuo,2008,1
2/29/2008,4,104.1735031,570.9291,StatusQuo,2008,2
3/31/2008,4,43.37718625,256.05527,StatusQuo,2008,3
4/30/2008,4,42.5986717,245.39404,StatusQuo,2008,4
5/31/2008,5,35.8529896,266.98676,StatusQuo,2008,5
6/30/2008,5,31.353421,370.74573,StatusQuo,2008,6
7/31/2008,5,44.01276475,537.3191,StatusQuo,2008,7
8/31/2008,5,59.01550105,1065.6232,StatusQuo,2008,8
9/30/2008,5,116.50726,1631.3053,StatusQuo,2008,9
10/31/2008,5,180.4989655,2107.3542,StatusQuo,2008,10
11/30/2008,5,224.1587796,2113.342,StatusQuo,2008,11
12/31/2008,5,222.1868446,2274.1404,StatusQuo,2008,12
1/31/2009,5,224.1562744,1399.5236,StatusQuo,2009,1
2/28/2009,5,147.422977,1529.7197,StatusQuo,2009,2
3/31/2009,5,148.7738485,785.2675,StatusQuo,2009,3
4/30/2009,4,37.3853149,250.0676,StatusQuo,2009,4
5/31/2009,5,40.1832625,253.2755,StatusQuo,2009,5
6/30/2009,5,34.67980705,316.71884,StatusQuo,2009,6
7/31/2009,5,28.24998,335.22708,StatusQuo,2009,7
8/31/2009,5,28.144377,503.19495,StatusQuo,2009,8
9/30/2009,5,64.98106975,1022.1184,StatusQuo,2009,9
10/31/2009,5,158.8109785,2142.2292,StatusQuo,2009,10
11/30/2009,5,209.934307,2043.0487,StatusQuo,2009,11
12/31/2009,5,158.045212,1957.4462,StatusQuo,2009,12
1/31/2010,5,209.820877,1685.5233,StatusQuo,2010,1
2/28/2010,4,92.29563505,464.19846,StatusQuo,2010,2
3/31/2010,4,40.3036009,243.72633,StatusQuo,2010,3
4/30/2010,4,28.596528,241.92857,StatusQuo,2010,4
5/31/2010,3,28.436805,237.33183,StatusQuo,2010,5
6/30/2010,3,27.646197,225.98212,StatusQuo,2010,6
7/31/2010,3,25.7209215,245.41318,StatusQuo,2010,7
8/31/2010,3,30.075645,601.1675,StatusQuo,2010,8
9/30/2010,3,86.54537245,1339.1625,StatusQuo,2010,9
10/31/2010,3,126.0198475,1729.2319,StatusQuo,2010,10
11/30/2010,3,126.8348335,1447.903,StatusQuo,2010,11
12/31/2010,3,112.8255445,1305.0281,StatusQuo,2010,12
1/31/2011,3,60.5370334,380.5063,StatusQuo,2011,1
2/28/2011,2,24.887004,188.51334,StatusQuo,2011,2
3/31/2011,2,27.425052,208.14767,StatusQuo,2011,3
4/30/2011,1,18.117678,216.20885,StatusQuo,2011,4
5/31/2011,1,16.4976885,192.3848,StatusQuo,2011,5
6/30/2011,1,16.6014405,188.27266,StatusQuo,2011,6
7/31/2011,1,19.108422,186.36813,StatusQuo,2011,7
8/31/2011,1,18.6791355,225.94682,StatusQuo,2011,8
9/30/2011,1,24.0871785,426.51135,StatusQuo,2011,9
10/31/2011,1,28.567335,441.70383,StatusQuo,2011,10
11/30/2011,1,23.2758495,358.8918,StatusQuo,2011,11
12/31/2011,1,51.2704465,879.1097,StatusQuo,2011,12
1/31/2012,1,185.6895736,1698.6273,StatusQuo,2012,1
2/29/2012,4,185.0215878,1378.6215,StatusQuo,2012,2
3/31/2012,4,86.646385,424.5657,StatusQuo,2012,3
4/30/2012,4,39.76093525,268.6936,StatusQuo,2012,4
5/31/2012,3,27.791574,226.25098,StatusQuo,2012,5
6/30/2012,3,26.29665,242.54109,StatusQuo,2012,6
7/31/2012,3,25.5107205,351.25528,StatusQuo,2012,7
8/31/2012,3,34.2559522,751.1853,StatusQuo,2012,8
9/30/2012,3,81.7258999,1305.1832,StatusQuo,2012,9
10/31/2012,3,161.587249,1716.1609,StatusQuo,2012,10
11/30/2012,3,155.2212211,1714.1531,StatusQuo,2012,11
12/31/2012,3,174.2760561,1740.9089,StatusQuo,2012,12
1/31/2013,3,92.26535095,490.0906,StatusQuo,2013,1
2/28/2013,3,23.428275,228.15291,StatusQuo,2013,2
3/31/2013,3,26.441766,248.12514,StatusQuo,2013,3
4/30/2013,4,25.209225,261.1045,StatusQuo,2013,4
5/31/2013,4,31.0606519,293.3247,StatusQuo,2013,5
6/30/2013,4,39.0707935,322.17166,StatusQuo,2013,6
7/31/2013,4,32.5009678,388.5159,StatusQuo,2013,7
8/31/2013,4,39.8567038,698.4357,StatusQuo,2013,8
9/30/2013,4,71.1850039,1052.5636,StatusQuo,2013,9
10/31/2013,4,146.5762705,1797.6255,StatusQuo,2013,10
11/30/2013,4,171.594702,1634.0358,StatusQuo,2013,11
12/31/2013,4,191.970472,1926.7035,StatusQuo,2013,12
1/31/2014,4,223.7243569,1942.6942,StatusQuo,2014,1
2/28/2014,5,181.3649266,997.44604,StatusQuo,2014,2
3/31/2014,5,73.84798975,430.7317,StatusQuo,2014,3
4/30/2014,5,36.20795995,328.16763,StatusQuo,2014,4
5/31/2014,5,35.6737075,297.46402,StatusQuo,2014,5
6/30/2014,5,47.00737945,589.5546,StatusQuo,2014,6
7/31/2014,5,105.517888,1195.7623,StatusQuo,2014,7
8/31/2014,5,170.421736,1570.5089,StatusQuo,2014,8
9/30/2014,5,178.3118584,1459.9541,StatusQuo,2014,9
10/31/2014,5,175.7934075,1593.0005,StatusQuo,2014,10
11/30/2014,5,222.7208605,1849.162,StatusQuo,2014,11
12/31/2014,5,225.610105,1905.1335,StatusQuo,2014,12
1/31/2015,5,105.9925555,617.3964,StatusQuo,2015,1
2/28/2015,5,32.1529372,271.393,StatusQuo,2015,2
3/31/2015,5,35.75987155,350.62506,StatusQuo,2015,3
4/30/2015,5,39.86271445,305.55902,StatusQuo,2015,4
5/31/2015,5,54.0873352,437.62323,StatusQuo,2015,5
6/30/2015,5,68.8415287,977.6308,StatusQuo,2015,6
7/31/2015,5,155.867604,1716.4116,StatusQuo,2015,7
8/31/2015,5,176.8038835,1620.4736,StatusQuo,2015,8
9/30/2015,5,150.332485,1454.8286,StatusQuo,2015,9
10/31/2015,5,175.592833,1645.2711,StatusQuo,2015,10
11/30/2015,5,185.3187801,2098.779,StatusQuo,2015,11
12/31/2015,5,225.297631,1855.5968,StatusQuo,2015,12
1/31/2016,5,206.3063596,1841.023,StatusQuo,2016,1
2/29/2016,3,102.9895789,584.83966,StatusQuo,2016,2
3/31/2016,4,32.0816188,245.46252,StatusQuo,2016,3
4/30/2016,3,28.8228105,246.8581,StatusQuo,2016,4
5/31/2016,3,28.885089,239.14137,StatusQuo,2016,5
6/30/2016,3,27.7359975,250.1517,StatusQuo,2016,6
7/31/2016,3,25.11534,384.1877,StatusQuo,2016,7
8/31/2016,3,39.666016,766.62164,StatusQuo,2016,8
9/30/2016,3,70.5988615,1029.3632,StatusQuo,2016,9
10/31/2016,3,145.752022,1780.7767,StatusQuo,2016,10
11/30/2016,3,174.6589165,1680.5513,StatusQuo,2016,11
12/31/2016,3,161.0163199,1829.7589,StatusQuo,2016,12
1/31/2017,3,117.2955558,657.01904,StatusQuo,2017,1
2/28/2017,1,32.4716755,218.83612,StatusQuo,2017,2
3/31/2017,1,16.2763755,199.17032,StatusQuo,2017,3
4/30/2017,1,16.986456,171.26173,StatusQuo,2017,4
5/31/2017,1,15.087705,175.48,StatusQuo,2017,5
6/30/2017,1,15.1895025,194.77643,StatusQuo,2017,6
7/31/2017,1,18.3798255,226.83676,StatusQuo,2017,7
8/31/2017,1,24.0035295,254.38536,StatusQuo,2017,8
9/30/2017,1,38.11824655,659.35004,StatusQuo,2017,9
10/31/2017,1,40.406047,596.097,StatusQuo,2017,10
11/30/2017,1,22.860207,277.25433,StatusQuo,2017,11
12/31/2017,1,24.730884,379.90417,StatusQuo,2017,12
1/31/2018,1,85.342282,941.5149,StatusQuo,2018,1
2/28/2018,3,149.9306493,935.2821,StatusQuo,2018,2
3/31/2018,4,57.9094474,301.93204,StatusQuo,2018,3
4/30/2018,3,37.92293605,248.3926,StatusQuo,2018,4
5/31/2018,3,29.461821,233.3555,StatusQuo,2018,5
6/30/2018,3,27.5758305,229.3897,StatusQuo,2018,6
7/31/2018,3,25.085736,354.11783,StatusQuo,2018,7
8/31/2018,3,37.3885867,730.08563,StatusQuo,2018,8
9/30/2018,3,74.8631911,1219.2568,StatusQuo,2018,9
10/31/2018,3,158.7137251,1699.941,StatusQuo,2018,10
11/30/2018,3,149.3744575,1702.4181,StatusQuo,2018,11
12/31/2018,3,176.671843,1746.7993,StatusQuo,2018,12
1/31/2019,3,221.18149,1335.0168,StatusQuo,2019,1
2/28/2019,3,84.597691,489.39264,StatusQuo,2019,2
3/31/2019,2,37.2975577,239.08177,StatusQuo,2019,3
4/30/2019,1,27.0310095,221.92825,StatusQuo,2019,4
5/31/2019,1,23.25351,193.49126,StatusQuo,2019,5
6/30/2019,1,19.3043955,194.00746,StatusQuo,2019,6
7/31/2019,1,18.577164,185.82896,StatusQuo,2019,7
8/31/2019,1,22.596963,244.21977,StatusQuo,2019,8
9/30/2019,1,42.3545863,661.82874,StatusQuo,2019,9
10/31/2019,1,46.689328,635.8689,StatusQuo,2019,10
11/30/2019,1,23.549355,295.648,StatusQuo,2019,11
12/31/2019,1,40.98967,870.0103,StatusQuo,2019,12
1/31/2020,1,121.533121,740.14764,StatusQuo,2020,1
2/29/2020,3,43.99620625,537.8143,StatusQuo,2020,2
3/31/2020,4,50.8883299,539.6812,StatusQuo,2020,3
4/30/2020,4,45.83567605,403.41046,StatusQuo,2020,4
5/31/2020,4,47.7276799,320.06046,StatusQuo,2020,5
6/30/2020,4,39.49093195,332.11322,StatusQuo,2020,6
7/31/2020,4,31.36802155,411.30792,StatusQuo,2020,7
8/31/2020,4,44.6373337,775.50555,StatusQuo,2020,8
9/30/2020,4,75.57543745,1045.9402,StatusQuo,2020,9
10/31/2020,4,126.3161449,1765.267,StatusQuo,2020,10
11/30/2020,4,181.9472785,1835.6694,StatusQuo,2020,11
12/31/2020,4,176.8330191,1818.4044,StatusQuo,2020,12
1/31/2021,4,222.4253155,1776.2999,StatusQuo,2021,1
2/28/2021,5,202.9056484,1073.3134,StatusQuo,2021,2
3/31/2021,5,123.9060595,857.2813,StatusQuo,2021,3
4/30/2021,5,113.958619,773.2768,StatusQuo,2021,4
5/31/2021,5,87.75723805,878.5537,StatusQuo,2021,5
6/30/2021,5,114.6506959,937.75934,StatusQuo,2021,6
7/31/2021,5,132.608811,1344.2898,StatusQuo,2021,7
8/31/2021,5,175.1244811,1703.5994,StatusQuo,2021,8
9/30/2021,5,162.5220205,1568.0238,StatusQuo,2021,9
11/30/1920,NA,NA,NA,June,1920,11
12/31/1920,NA,NA,NA,June,1920,12
1/31/1921,NA,NA,NA,June,1921,1
2/28/1921,NA,NA,NA,June,1921,2
3/31/1921,5,NA,NA,June,1921,3
4/30/1921,5,NA,NA,June,1921,4
5/31/1921,2,NA,NA,June,1921,5
6/30/1921,2,NA,NA,June,1921,6
7/31/1921,2,NA,NA,June,1921,7
8/31/1921,2,NA,NA,June,1921,8
9/30/1921,2,NA,NA,June,1921,9
10/31/1921,2,NA,NA,June,1921,10
11/30/1921,2,26.9596395,488.73898,June,1921,11
12/31/1921,2,142.231189,1512.7394,June,1921,12
1/31/1922,2,176.3999701,917.75336,June,1922,1
2/28/1922,3,42.5835724,290.5309,June,1922,2
3/31/1922,3,50.5243051,265.886,June,1922,3
4/30/1922,2,31.9155265,236.8388,June,1922,4
5/31/1922,2,27.3081075,218.32086,June,1922,5
6/30/1922,2,21.550218,217.74977,June,1922,6
7/31/1922,2,21.807918,224.17618,June,1922,7
8/31/1922,2,25.2449475,382.62735,June,1922,8
9/30/1922,2,65.5449052,1185.4634,June,1922,9
10/31/1922,2,133.8371695,1690.0077,June,1922,10
11/30/1922,2,131.3998381,1783.4644,June,1922,11
12/31/1922,2,144.4303431,1718.3312,June,1922,12
1/31/1923,2,88.58752,597.69934,June,1923,1
2/28/1923,3,31.5164353,216.65483,June,1923,2
3/31/1923,3,32.4550201,228.03322,June,1923,3
4/30/1923,4,38.3650366,245.69354,June,1923,4
5/31/1923,3,36.78194425,243.03842,June,1923,5
6/30/1923,3,28.627155,225.46568,June,1923,6
7/31/1923,3,27.945465,306.2174,June,1923,7
8/31/1923,3,30.4635142,726.64655,June,1923,8
9/30/1923,3,72.1052803,1187.7343,June,1923,9
10/31/1923,3,138.4767415,1657.391,June,1923,10
11/30/1923,3,137.4046684,1717.8938,June,1923,11
12/31/1923,3,175.975417,1755.6161,June,1923,12
1/31/1924,3,204.562741,1434.2931,June,1924,1
2/29/1924,5,163.5608284,1408.6388,June,1924,2
3/31/1924,5,103.2171115,724.5355,June,1924,3
4/30/1924,5,73.61639305,350.91956,June,1924,4
5/31/1924,5,71.07960805,477.39102,June,1924,5
6/30/1924,5,76.04795605,905.783,June,1924,6
7/31/1924,5,154.930105,1650.8372,June,1924,7
8/31/1924,5,210.597901,1720.2432,June,1924,8
9/30/1924,5,181.1632834,1470.8396,June,1924,9
10/31/1924,5,189.179467,1492.2906,June,1924,10
11/30/1924,5,201.463138,2128.7349,June,1924,11
12/31/1924,5,218.260924,2284.2761,June,1924,12
1/31/1925,5,203.8504605,1533.0067,June,1925,1
2/28/1925,5,115.0361014,877.861,June,1925,2
3/31/1925,4,63.43434055,386.79703,June,1925,3
4/30/1925,4,29.3178825,245.3467,June,1925,4
5/31/1925,4,29.238771,245.24216,June,1925,5
6/30/1925,4,32.996161,240.66225,June,1925,6
7/31/1925,4,27.6457995,296.02316,June,1925,7
8/31/1925,4,36.8920825,706.53174,June,1925,8
9/30/1925,4,80.3915755,1161.8577,June,1925,9
10/31/1925,4,136.8414885,1757.5286,June,1925,10
11/30/1925,4,176.140204,1631.6335,June,1925,11
12/31/1925,4,172.746196,1745.3372,June,1925,12
1/31/1926,4,185.3194555,1513.5543,June,1926,1
2/28/1926,5,126.5001153,910.0892,June,1926,2
3/31/1926,4,57.363376,315.2456,June,1926,3
4/30/1926,5,55.110394,244.9727,June,1926,4
5/31/1926,4,40.3325626,246.14,June,1926,5
6/30/1926,4,25.886106,250.18126,June,1926,6
7/31/1926,4,24.71859,346.79483,June,1926,7
8/31/1926,4,35.9628457,670.74615,June,1926,8
9/30/1926,4,76.8813331,1034.3535,June,1926,9
10/31/1926,4,127.0239595,1744.8011,June,1926,10
11/30/1926,4,169.529344,1782.9622,June,1926,11
12/31/1926,4,131.868475,1009.0369,June,1926,12
1/31/1927,4,53.68404025,460.37103,June,1927,1
2/28/1927,3,32.4530935,333.93948,June,1927,2
3/31/1927,2,27.3160125,238.88457,June,1927,3
4/30/1927,2,26.738466,228.24696,June,1927,4
5/31/1927,1,36.779536,219.26805,June,1927,5
6/30/1927,1,25.8547605,223.31819,June,1927,6
7/31/1927,1,23.6966175,231.34326,June,1927,7
8/31/1927,1,25.4721135,466.55878,June,1927,8
9/30/1927,1,77.5611493,1108.7583,June,1927,9
10/31/1927,1,140.89015,1767.1881,June,1927,10
11/30/1927,1,141.960724,1816.1812,June,1927,11
12/31/1927,1,171.030553,1842.7035,June,1927,12
1/31/1928,1,166.9840375,1213.9459,June,1928,1
2/29/1928,3,89.9900335,559.8865,June,1928,2
3/31/1928,3,34.724515,271.68948,June,1928,3
4/30/1928,2,25.82886,237.5033,June,1928,4
5/31/1928,2,26.277429,224.2919,June,1928,5
6/30/1928,2,26.108655,233.392,June,1928,6
7/31/1928,2,23.3609985,274.113,June,1928,7
8/31/1928,2,24.3569325,430.51074,June,1928,8
9/30/1928,2,68.1819361,1172.9539,June,1928,9
10/31/1928,2,154.7856499,1695.9115,June,1928,10
11/30/1928,2,153.2831898,1724.404,June,1928,11
12/31/1928,2,151.6056484,1771.6791,June,1928,12
1/31/1929,2,219.892378,1511.8357,June,1929,1
2/28/1929,4,191.9512744,1432.6627,June,1929,2
3/31/1929,4,113.2750636,611.0439,June,1929,3
4/30/1929,5,50.5512661,302.03067,June,1929,4
5/31/1929,5,55.6593895,337.79025,June,1929,5
6/30/1929,5,55.3421845,607.91986,June,1929,6
7/31/1929,5,105.3890965,1076.5968,June,1929,7
8/31/1929,5,126.3351573,1281.3646,June,1929,8
9/30/1929,5,117.5335735,1331.2631,June,1929,9
10/31/1929,5,154.154278,1776.3014,June,1929,10
11/30/1929,5,200.7530605,2084.6104,June,1929,11
12/31/1929,5,217.8354646,2072.13,June,1929,12
1/31/1930,5,190.9235416,1112.3369,June,1930,1
2/28/1930,4,53.77788505,339.0053,June,1930,2
3/31/1930,4,41.7974227,240.96391,June,1930,3
4/30/1930,4,32.64927895,236.05513,June,1930,4
5/31/1930,4,29.233785,243.40019,June,1930,5
6/30/1930,4,29.417079,281.92957,June,1930,6
7/31/1930,4,29.152323,450.2124,June,1930,7
8/31/1930,4,58.623076,1055.8529,June,1930,8
9/30/1930,4,110.1840021,1543.1327,June,1930,9
10/31/1930,4,149.9638546,1746.8947,June,1930,10
11/30/1930,4,171.5094841,1710.4977,June,1930,11
12/31/1930,4,178.4941216,1808.0731,June,1930,12
1/31/1931,4,198.0026538,1800.8617,June,1931,1
2/28/1931,5,177.814522,1036.9537,June,1931,2
3/31/1931,5,75.9521362,503.53854,June,1931,3
4/30/1931,5,70.2819073,508.49524,June,1931,4
5/31/1931,5,78.93971995,778.9825,June,1931,5
6/30/1931,5,101.4303781,1285.0532,June,1931,6
7/31/1931,5,155.8063375,1413.6385,June,1931,7
8/31/1931,5,142.3880245,1507.6781,June,1931,8
9/30/1931,5,175.0380805,1734.9149,June,1931,9
10/31/1931,5,204.1883365,1630.1895,June,1931,10
11/30/1931,5,219.9206785,2003.2216,June,1931,11
12/31/1931,5,226.7910595,1764.7697,June,1931,12
1/31/1932,5,120.159934,663.75085,June,1932,1
2/29/1932,4,38.87695645,265.08475,June,1932,2
3/31/1932,4,40.45166695,245.74239,June,1932,3
4/30/1932,5,32.8108939,247.11339,June,1932,4
5/31/1932,5,36.90008245,282.55673,June,1932,5
6/30/1932,5,31.355017,276.97147,June,1932,6
7/31/1932,5,43.0759042,400.0889,June,1932,7
8/31/1932,5,65.02355755,939.4257,June,1932,8
9/30/1932,5,128.805181,1412.7941,June,1932,9
10/31/1932,5,190.8059905,2206.1506,June,1932,10
11/30/1932,5,228.285229,2305.2808,June,1932,11
12/31/1932,5,217.3710685,2248.6316,June,1932,12
1/31/1933,5,206.6542591,1518.5779,June,1933,1
2/28/1933,5,118.645558,809.90894,June,1933,2
3/31/1933,5,72.0196093,462.54657,June,1933,3
4/30/1933,5,55.36577395,358.01166,June,1933,4
5/31/1933,5,66.6806758,401.5375,June,1933,5
6/30/1933,5,66.9031411,690.62946,June,1933,6
7/31/1933,5,111.4182145,1273.3574,June,1933,7
8/31/1933,5,176.0125525,1698.1306,June,1933,8
9/30/1933,5,170.6446915,1679.3323,June,1933,9
10/31/1933,5,185.8431145,1648.187,June,1933,10
11/30/1933,5,200.1171685,2109.8845,June,1933,11
12/31/1933,5,225.2390806,1923.3899,June,1933,12
1/31/1934,5,222.686803,1429.6067,June,1934,1
2/28/1934,5,98.8399675,545.97076,June,1934,2
3/31/1934,5,41.6307604,289.28598,June,1934,3
4/30/1934,5,28.93143,269.26938,June,1934,4
5/31/1934,5,46.86302695,380.30478,June,1934,5
6/30/1934,5,57.003478,917.2902,June,1934,6
7/31/1934,5,131.1116718,1456.4078,June,1934,7
8/31/1934,5,154.918021,1586.6285,June,1934,8
9/30/1934,5,165.6633304,1684.2446,June,1934,9
10/31/1934,5,192.9636315,1945.824,June,1934,10
11/30/1934,5,226.839424,2164.07,June,1934,11
12/31/1934,5,226.0319449,1823.0144,June,1934,12
1/31/1935,5,208.5473061,1616.0797,June,1935,1
2/28/1935,4,120.940777,611.05316,June,1935,2
3/31/1935,4,41.371057,248.95741,June,1935,3
4/30/1935,4,29.285865,252.04916,June,1935,4
5/31/1935,3,27.06873,236.1133,June,1935,5
6/30/1935,3,27.136299,227.23445,June,1935,6
7/31/1935,3,23.4934005,288.88126,June,1935,7
8/31/1935,3,31.1691685,734.2152,June,1935,8
9/30/1935,3,80.3752108,1252.6866,June,1935,9
10/31/1935,3,148.1038591,1713.1733,June,1935,10
11/30/1935,3,134.5504105,1629.6503,June,1935,11
12/31/1935,3,157.3858075,1776.154,June,1935,12
1/31/1936,3,174.0376593,1508.6342,June,1936,1
2/29/1936,3,87.8946508,488.78125,June,1936,2
3/31/1936,2,42.65257945,228.12393,June,1936,3
4/30/1936,3,29.208042,228.79756,June,1936,4
5/31/1936,3,29.219847,206.60332,June,1936,5
6/30/1936,3,27.093924,238.98387,June,1936,6
7/31/1936,3,29.00514,383.56775,June,1936,7
8/31/1936,3,35.3781568,733.49963,June,1936,8
9/30/1936,3,79.6322443,1274.2097,June,1936,9
10/31/1936,3,157.3334815,1727.2103,June,1936,10
11/30/1936,3,150.5726118,1744.2683,June,1936,11
12/31/1936,3,164.6004771,1761.8898,June,1936,12
1/31/1937,3,209.28445,1446.7789,June,1937,1
2/28/1937,4,132.9183723,909.0183,June,1937,2
3/31/1937,4,72.1278751,323.43405,June,1937,3
4/30/1937,4,45.3151663,242.2384,June,1937,4
5/31/1937,3,32.8336312,220.84639,June,1937,5
6/30/1937,3,25.241115,236.7681,June,1937,6
7/31/1937,3,24.959061,298.61014,June,1937,7
8/31/1937,3,32.6568628,750.4403,June,1937,8
9/30/1937,3,89.0991862,1300.3474,June,1937,9
10/31/1937,3,148.4705629,1729.2305,June,1937,10
11/30/1937,3,156.9269575,1677.1783,June,1937,11
12/31/1937,3,142.5643255,1260.5377,June,1937,12
1/31/1938,3,49.082473,302.85526,June,1938,1
2/28/1938,2,26.508252,209.63153,June,1938,2
3/31/1938,1,24.2162355,213.68886,June,1938,3
4/30/1938,1,15.790698,182.9791,June,1938,4
5/31/1938,1,15.883734,173.22108,June,1938,5
6/30/1938,1,14.076951,175.83583,June,1938,6
7/31/1938,1,20.2036965,211.00372,June,1938,7
8/31/1938,1,25.3951215,301.3937,June,1938,8
9/30/1938,1,37.1740273,789.2965,June,1938,9
10/31/1938,1,110.7811255,1788.8872,June,1938,10
11/30/1938,1,132.7483698,1756.8186,June,1938,11
12/31/1938,1,139.744564,1789.6953,June,1938,12
1/31/1939,1,217.9468825,1771.8035,June,1939,1
2/28/1939,4,163.019773,1323.6484,June,1939,2
3/31/1939,4,108.015571,742.14343,June,1939,3
4/30/1939,4,69.37910425,387.3922,June,1939,4
5/31/1939,4,48.2953315,304.0124,June,1939,5
6/30/1939,4,40.6573885,321.32034,June,1939,6
7/31/1939,4,43.4664568,454.68387,June,1939,7
8/31/1939,4,56.36595295,779.39276,June,1939,8
9/30/1939,4,82.1133631,1185.0836,June,1939,9
10/31/1939,4,144.692905,1915.2844,June,1939,10
11/30/1939,4,198.946987,1996.1595,June,1939,11
12/31/1939,4,215.3984125,2016.2123,June,1939,12
1/31/1940,4,220.205935,1835.2866,June,1940,1
2/29/1940,4,126.0410515,545.95874,June,1940,2
3/31/1940,2,53.352457,233.77113,June,1940,3
4/30/1940,2,36.0014005,223.59172,June,1940,4
5/31/1940,2,32.3836903,216.29457,June,1940,5
6/30/1940,2,25.2486165,219.54573,June,1940,6
7/31/1940,2,23.3348535,259.4812,June,1940,7
8/31/1940,2,23.2585695,447.94778,June,1940,8
9/30/1940,2,66.00122725,1205.894,June,1940,9
10/31/1940,2,168.5674975,1713.0121,June,1940,10
11/30/1940,2,152.9082295,1709.1307,June,1940,11
12/31/1940,2,169.3144939,1755.3813,June,1940,12
1/31/1941,2,98.3776405,518.27325,June,1941,1
2/28/1941,1,35.619244,223.04625,June,1941,2
3/31/1941,1,33.2467102,206.77505,June,1941,3
4/30/1941,1,28.8467475,211.51813,June,1941,4
5/31/1941,1,26.50821,184.15312,June,1941,5
6/30/1941,1,19.0627695,187.97926,June,1941,6
7/31/1941,1,18.887286,197.7815,June,1941,7
8/31/1941,1,23.294256,327.44492,June,1941,8
9/30/1941,1,43.4341891,757.78125,June,1941,9
10/31/1941,1,113.1296595,1781.4493,June,1941,10
11/30/1941,1,145.899615,1798.8007,June,1941,11
12/31/1941,1,161.9666268,1760.8949,June,1941,12
1/31/1942,1,75.753001,477.8843,June,1942,1
2/28/1942,1,27.6012405,206.19836,June,1942,2
3/31/1942,1,26.474052,206.20251,June,1942,3
4/30/1942,1,28.327359,206.45312,June,1942,4
5/31/1942,1,28.9261005,215.0279,June,1942,5
6/30/1942,1,23.2544685,201.10924,June,1942,6
7/31/1942,1,19.9634325,205.30545,June,1942,7
8/31/1942,1,23.8923405,410.64764,June,1942,8
9/30/1942,1,62.0107741,989.77167,June,1942,9
10/31/1942,1,127.4827924,1740.1636,June,1942,10
11/30/1942,1,115.2232866,1372.4309,June,1942,11
12/31/1942,1,117.3342616,1414.7283,June,1942,12
1/31/1943,1,94.27816345,559.34,June,1943,1
2/28/1943,1,32.30280445,206.9527,June,1943,2
3/31/1943,1,24.0704085,209.87178,June,1943,3
4/30/1943,1,22.463301,195.91046,June,1943,4
5/31/1943,1,20.4408045,206.49919,June,1943,5
6/30/1943,1,21.321045,220.32617,June,1943,6
7/31/1943,1,23.968788,275.96057,June,1943,7
8/31/1943,1,23.3202165,449.24167,June,1943,8
9/30/1943,1,63.36673,988.99817,June,1943,9
10/31/1943,1,137.795848,1695.5953,June,1943,10
11/30/1943,1,164.6507425,1737.7249,June,1943,11
12/31/1943,1,150.5295255,1767.7654,June,1943,12
1/31/1944,1,215.5809835,1420.6931,June,1944,1
2/29/1944,4,169.7960185,1394.6672,June,1944,2
3/31/1944,4,95.91400645,518.6043,June,1944,3
4/30/1944,4,39.4179577,243.44298,June,1944,4
5/31/1944,4,35.3282932,251.31084,June,1944,5
6/30/1944,4,48.68598955,295.12115,June,1944,6
7/31/1944,4,35.0941486,391.91275,June,1944,7
8/31/1944,4,51.2700019,978.5632,June,1944,8
9/30/1944,4,102.7358605,1280.49,June,1944,9
10/31/1944,4,139.1984071,1826.8448,June,1944,10
11/30/1944,4,181.8274788,1797.2147,June,1944,11
12/31/1944,4,154.0341505,1733.1888,June,1944,12
1/31/1945,4,137.9349736,936.6414,June,1945,1
2/28/1945,4,58.0555384,557.98285,June,1945,2
3/31/1945,4,47.583259,315.38165,June,1945,3
4/30/1945,3,39.3721126,242.67987,June,1945,4
5/31/1945,4,30.154905,240.09839,June,1945,5
6/30/1945,4,28.2870525,271.74084,June,1945,6
7/31/1945,4,29.8944855,426.7123,June,1945,7
8/31/1945,4,66.4922281,1088.9918,June,1945,8
9/30/1945,4,119.3640715,1637.8055,June,1945,9
10/31/1945,4,135.3037339,1717.4054,June,1945,10
11/30/1945,4,145.7214985,1679.2605,June,1945,11
12/31/1945,4,143.1833455,1792.5662,June,1945,12
1/31/1946,4,74.25063205,434.19897,June,1946,1
2/28/1946,2,24.2254695,194.69711,June,1946,2
3/31/1946,2,26.3007045,218.29433,June,1946,3
4/30/1946,2,28.9809225,236.205,June,1946,4
5/31/1946,3,28.914486,236.08112,June,1946,5
6/30/1946,3,27.101385,255.02507,June,1946,6
7/31/1946,3,28.514241,374.98914,June,1946,7
8/31/1946,3,41.9618506,768.6161,June,1946,8
9/30/1946,3,88.69717945,1330.7701,June,1946,9
10/31/1946,3,150.5063065,1705.5377,June,1946,10
11/30/1946,3,142.150078,1727.1951,June,1946,11
12/31/1946,3,157.266592,1729.3881,June,1946,12
1/31/1947,3,215.0828776,1517.9182,June,1947,1
2/28/1947,4,162.684727,1297.5781,June,1947,2
3/31/1947,4,139.7899275,663.65765,June,1947,3
4/30/1947,5,46.220788,269.5987,June,1947,4
5/31/1947,5,34.910677,277.16522,June,1947,5
6/30/1947,5,35.7771796,413.43445,June,1947,6
7/31/1947,5,47.867632,467.4546,June,1947,7
8/31/1947,5,48.96660625,693.4592,June,1947,8
9/30/1947,5,83.3204635,1125.8862,June,1947,9
10/31/1947,5,141.175093,1844.4929,June,1947,10
11/30/1947,5,193.773496,2154.7454,June,1947,11
12/31/1947,5,192.934228,2213.942,June,1947,12
1/31/1948,5,225.1661434,1618.783,June,1948,1
2/29/1948,5,144.1711555,1179.1316,June,1948,2
3/31/1948,5,90.7759495,628.67944,June,1948,3
4/30/1948,5,52.7905624,374.90204,June,1948,4
5/31/1948,3,31.45718095,244.33978,June,1948,5
6/30/1948,3,26.721309,222.25168,June,1948,6
7/31/1948,3,22.01373,242.95029,June,1948,7
8/31/1948,3,32.0265625,757.4906,June,1948,8
9/30/1948,3,99.70846225,1283.2916,June,1948,9
10/31/1948,3,141.6092193,1666.607,June,1948,10
11/30/1948,3,160.3875244,1712.5452,June,1948,11
12/31/1948,3,175.2111895,1764.8073,June,1948,12
1/31/1949,3,198.9422275,1298.3931,June,1949,1
2/28/1949,5,129.1692229,1096.9542,June,1949,2
3/31/1949,5,128.1659659,815.8384,June,1949,3
4/30/1949,4,47.4406279,309.0751,June,1949,4
5/31/1949,4,32.3365855,244.41914,June,1949,5
6/30/1949,4,29.117253,282.34766,June,1949,6
7/31/1949,4,26.0370225,411.33746,June,1949,7
8/31/1949,4,37.10621155,656.68317,June,1949,8
9/30/1949,4,66.151009,1004.478,June,1949,9
10/31/1949,4,133.1857336,1877.5236,June,1949,10
11/30/1949,4,179.1483334,1815.6963,June,1949,11
12/31/1949,4,170.3043901,1793.7858,June,1949,12
1/31/1950,4,195.4656094,1694.0947,June,1950,1
2/28/1950,4,115.3122123,640.86346,June,1950,2
3/31/1950,4,39.8513116,258.29086,June,1950,3
4/30/1950,4,26.938365,242.72362,June,1950,4
5/31/1950,4,28.045701,244.80309,June,1950,5
6/30/1950,4,26.1982935,260.1384,June,1950,6
7/31/1950,4,25.4692815,333.88654,June,1950,7
8/31/1950,4,49.4249233,958.0657,June,1950,8
9/30/1950,4,112.4953321,1442.4817,June,1950,9
10/31/1950,4,143.5503685,1769.6028,June,1950,10
11/30/1950,4,161.6398315,1715.9363,June,1950,11
12/31/1950,4,53.904046,504.45026,June,1950,12
1/31/1951,4,28.152741,187.14024,June,1951,1
2/28/1951,1,24.792279,192.89584,June,1951,2
3/31/1951,1,25.12701,199.33804,June,1951,3
4/30/1951,1,23.8543875,221.99205,June,1951,4
5/31/1951,1,26.8752,242.38385,June,1951,5
6/30/1951,1,28.0544955,266.31113,June,1951,6
7/31/1951,1,27.739338,303.31213,June,1951,7
8/31/1951,1,26.1532515,448.36752,June,1951,8
9/30/1951,1,69.08161555,1174.4235,June,1951,9
10/31/1951,1,149.6848795,1720.0231,June,1951,10
11/30/1951,1,164.567608,1717.7612,June,1951,11
12/31/1951,1,143.2250695,1774.0503,June,1951,12
1/31/1952,1,104.7295324,545.26306,June,1952,1
2/29/1952,1,36.3343261,221.10852,June,1952,2
3/31/1952,1,29.0208255,230.09116,June,1952,3
4/30/1952,1,33.745141,213.62395,June,1952,4
5/31/1952,1,25.8247245,201.00124,June,1952,5
6/30/1952,1,18.490176,178.09325,June,1952,6
7/31/1952,1,16.884348,176.64912,June,1952,7
8/31/1952,1,21.683079,264.141,June,1952,8
9/30/1952,1,47.99088595,748.4266,June,1952,9
10/31/1952,1,126.6195303,1748.4135,June,1952,10
11/30/1952,1,131.3332336,1744.1405,June,1952,11
12/31/1952,1,123.381289,1719.3375,June,1952,12
1/31/1953,1,97.5350665,672.7929,June,1953,1
2/28/1953,1,27.009741,203.11186,June,1953,2
3/31/1953,2,24.244194,217.83467,June,1953,3
4/30/1953,2,28.8402825,241.46674,June,1953,4
5/31/1953,2,30.4467391,238.78241,June,1953,5
6/30/1953,2,27.410454,221.77594,June,1953,6
7/31/1953,2,23.9389485,227.19115,June,1953,7
8/31/1953,2,24.1241685,450.26987,June,1953,8
9/30/1953,2,76.9515742,1149.0782,June,1953,9
10/31/1953,2,134.232114,1764.4645,June,1953,10
11/30/1953,2,141.0292158,1779.3087,June,1953,11
12/31/1953,2,188.6072725,1745.6339,June,1953,12
1/31/1954,2,168.3224545,1354.8013,June,1954,1
2/28/1954,3,81.771745,477.02924,June,1954,2
3/31/1954,3,24.4680135,231.51253,June,1954,3
4/30/1954,2,23.2667295,239.69003,June,1954,4
5/31/1954,2,26.875062,232.51686,June,1954,5
6/30/1954,2,26.45664,235.95067,June,1954,6
7/31/1954,2,23.987139,281.74152,June,1954,7
8/31/1954,2,24.2518485,447.33755,June,1954,8
9/30/1954,2,59.6045476,1063.677,June,1954,9
10/31/1954,2,154.2774379,1684.7994,June,1954,10
11/30/1954,2,151.7520301,1726.3761,June,1954,11
12/31/1954,2,173.4506448,1766.6952,June,1954,12
1/31/1955,2,163.387708,858.36,June,1955,1
2/28/1955,3,43.9926238,344.3971,June,1955,2
3/31/1955,4,33.2181988,277.4506,June,1955,3
4/30/1955,4,32.04190405,291.94308,June,1955,4
5/31/1955,4,44.8252171,296.75732,June,1955,5
6/30/1955,4,40.0427575,308.08768,June,1955,6
7/31/1955,4,32.3168407,373.58838,June,1955,7
8/31/1955,4,33.6610147,647.396,June,1955,8
9/30/1955,4,71.62977775,1087.4487,June,1955,9
10/31/1955,4,137.82526,1790.455,June,1955,10
11/30/1955,4,177.0072595,1742.5297,June,1955,11
12/31/1955,4,166.1526184,1791.0007,June,1955,12
1/31/1956,4,80.2161067,444.35043,June,1956,1
2/29/1956,1,26.302254,190.45639,June,1956,2
3/31/1956,1,25.549782,183.04358,June,1956,3
4/30/1956,1,19.978377,201.37733,June,1956,4
5/31/1956,1,22.3972875,232.82582,June,1956,5
6/30/1956,1,22.9426455,231.95786,June,1956,6
7/31/1956,1,22.187883,210.43839,June,1956,7
8/31/1956,1,25.229466,359.96185,June,1956,8
9/30/1956,1,51.14682775,893.9552,June,1956,9
10/31/1956,1,111.7318285,1786.4688,June,1956,10
11/30/1956,1,132.990919,1769.3265,June,1956,11
12/31/1956,1,151.9983955,1743.7937,June,1956,12
1/31/1957,1,217.4792146,1740.9547,June,1957,1
2/28/1957,3,198.7062304,1686.8822,June,1957,2
3/31/1957,3,145.2483415,782.70306,June,1957,3
4/30/1957,3,46.15762345,252.38931,June,1957,4
5/31/1957,3,30.8735152,241.06221,June,1957,5
6/30/1957,3,28.618296,241.76541,June,1957,6
7/31/1957,3,24.6571455,277.40128,June,1957,7
8/31/1957,3,39.48933025,771.1303,June,1957,8
9/30/1957,3,87.8910769,1294.475,June,1957,9
10/31/1957,3,140.6483275,1658.6243,June,1957,10
11/30/1957,3,202.7499985,1651.5085,June,1957,11
12/31/1957,3,189.641794,1402.9917,June,1957,12
1/31/1958,3,163.2992241,847.9878,June,1958,1
2/28/1958,2,31.586836,237.32413,June,1958,2
3/31/1958,1,33.531106,237.1671,June,1958,3
4/30/1958,1,29.020845,207.38205,June,1958,4
5/31/1958,1,34.6567135,189.28844,June,1958,5
6/30/1958,1,22.0290945,179.23746,June,1958,6
7/31/1958,1,20.0026455,177.24666,June,1958,7
8/31/1958,1,23.0921385,351.6063,June,1958,8
9/30/1958,1,50.79852925,843.715,June,1958,9
10/31/1958,1,85.6242439,1176.4163,June,1958,10
11/30/1958,1,70.99248355,1146.0625,June,1958,11
12/31/1958,1,152.7035881,1767.1412,June,1958,12
1/31/1959,1,185.6125638,1563.0425,June,1959,1
2/28/1959,3,105.2680656,612.9961,June,1959,2
3/31/1959,3,37.98150355,244.33757,June,1959,3
4/30/1959,3,29.954064,239.66336,June,1959,4
5/31/1959,3,29.2581,252.88528,June,1959,5
6/30/1959,3,28.1199555,319.55316,June,1959,6
7/31/1959,3,29.3974455,411.5419,June,1959,7
8/31/1959,3,43.0101262,746.94147,June,1959,8
9/30/1959,3,83.4443359,1288.6448,June,1959,9
10/31/1959,3,139.653022,1697.7869,June,1959,10
11/30/1959,3,109.2389478,1072.0459,June,1959,11
12/31/1959,3,120.5103301,1371.8026,June,1959,12
1/31/1960,3,185.9647981,1700.7158,June,1960,1
2/29/1960,5,171.4802089,1319.0474,June,1960,2
3/31/1960,4,93.28308025,468.01086,June,1960,3
4/30/1960,4,34.57949845,244.29977,June,1960,4
5/31/1960,4,28.297467,247.01167,June,1960,5
6/30/1960,4,28.488006,298.10672,June,1960,6
7/31/1960,4,30.0905595,496.1462,June,1960,7
8/31/1960,4,88.5769807,1478.2649,June,1960,8
9/30/1960,4,149.709837,1615.1593,June,1960,9
10/31/1960,4,159.2163625,1776.7079,June,1960,10
11/30/1960,4,163.037443,1686.6608,June,1960,11
12/31/1960,4,165.4995723,1693.1757,June,1960,12
1/31/1961,4,172.4439079,1225.243,June,1961,1
2/28/1961,4,92.3521249,810.67725,June,1961,2
3/31/1961,4,58.2492586,447.83173,June,1961,3
4/30/1961,4,28.307985,243.99713,June,1961,4
5/31/1961,4,28.286334,260.9822,June,1961,5
6/30/1961,4,30.737365,318.64636,June,1961,6
7/31/1961,4,29.9482455,439.94397,June,1961,7
8/31/1961,4,53.9674129,899.48645,June,1961,8
9/30/1961,4,93.668329,1254.1449,June,1961,9
10/31/1961,4,145.4471575,1860.3948,June,1961,10
11/30/1961,4,196.0696669,1815.1499,June,1961,11
12/31/1961,4,178.903222,1783.1168,June,1961,12
1/31/1962,4,195.6112045,1323.6888,June,1962,1
2/28/1962,4,106.0124856,995.73193,June,1962,2
3/31/1962,3,93.8838859,447.14597,June,1962,3
4/30/1962,3,44.4952555,241.53316,June,1962,4
5/31/1962,3,28.9772055,242.59444,June,1962,5
6/30/1962,3,26.507865,272.55475,June,1962,6
7/31/1962,3,27.1394805,368.08542,June,1962,7
8/31/1962,3,40.99601695,770.9521,June,1962,8
9/30/1962,3,89.7187021,1296.9521,June,1962,9
10/31/1962,3,169.6129345,1728.2113,June,1962,10
11/30/1962,3,89.4432895,736.2199,June,1962,11
12/31/1962,3,18.895434,383.66907,June,1962,12
1/31/1963,3,39.3170905,463.5566,June,1963,1
2/28/1963,2,24.155346,268.00586,June,1963,2
3/31/1963,3,29.4698775,255.67093,June,1963,3
4/30/1963,2,27.627507,239.70963,June,1963,4
5/31/1963,1,28.217427,219.77603,June,1963,5
6/30/1963,1,25.6473495,214.24623,June,1963,6
7/31/1963,1,22.0338105,225.89723,June,1963,7
8/31/1963,1,24.4362465,422.84875,June,1963,8
9/30/1963,1,75.8816215,1118.1489,June,1963,9
10/31/1963,1,147.3092335,1735.6445,June,1963,10
11/30/1963,1,145.1836351,1751.2551,June,1963,11
12/31/1963,1,142.0192345,1020.1357,June,1963,12
1/31/1964,1,101.9151945,775.2313,June,1964,1
2/29/1964,3,102.4451605,707.4521,June,1964,2
3/31/1964,3,36.53997925,309.9592,June,1964,3
4/30/1964,4,34.0099915,324.8543,June,1964,4
5/31/1964,4,38.882608,326.9772,June,1964,5
6/30/1964,4,37.1513698,322.77243,June,1964,6
7/31/1964,4,31.7391628,380.76953,June,1964,7
8/31/1964,4,67.19911075,1268.8367,June,1964,8
9/30/1964,4,137.8946689,1569.6625,June,1964,9
10/31/1964,4,144.019336,1765.4158,June,1964,10
11/30/1964,4,171.8448066,1725.1685,June,1964,11
12/31/1964,4,169.1827555,1703.773,June,1964,12
1/31/1965,4,62.8474486,363.56735,June,1965,1
2/28/1965,1,21.6166665,203.44917,June,1965,2
3/31/1965,1,25.9803795,217.08119,June,1965,3
4/30/1965,1,28.182816,223.76917,June,1965,4
5/31/1965,1,27.828015,220.16103,June,1965,5
6/30/1965,1,23.137047,215.38629,June,1965,6
7/31/1965,1,23.8324425,249.93227,June,1965,7
8/31/1965,1,25.7469615,452.06375,June,1965,8
9/30/1965,1,75.3344215,1114.7512,June,1965,9
10/31/1965,1,137.1290335,1686.2709,June,1965,10
11/30/1965,1,137.040541,1744.7085,June,1965,11
12/31/1965,1,97.264915,973.0607,June,1965,12
1/31/1966,1,97.9521355,937.5118,June,1966,1
2/28/1966,2,83.6516335,681.4208,June,1966,2
3/31/1966,3,35.8251394,245.75475,June,1966,3
4/30/1966,3,28.702926,238.63017,June,1966,4
5/31/1966,3,29.701446,251.23225,June,1966,5
6/30/1966,3,28.905744,301.19345,June,1966,6
7/31/1966,3,29.00505,397.5195,June,1966,7
8/31/1966,3,42.0013288,747.4707,June,1966,8
9/30/1966,3,84.2509258,1282.8164,June,1966,9
10/31/1966,3,149.9575105,1722.1184,June,1966,10
11/30/1966,3,162.232945,1692.8448,June,1966,11
12/31/1966,3,157.4063161,1730.859,June,1966,12
1/31/1967,3,94.4089813,521.36444,June,1967,1
2/28/1967,2,29.551479,218.8038,June,1967,2
3/31/1967,2,27.2341455,234.09598,June,1967,3
4/30/1967,2,30.495628,229.12068,June,1967,4
5/31/1967,1,27.545664,215.46602,June,1967,5
6/30/1967,1,20.320386,198.70906,June,1967,6
7/31/1967,1,17.287413,176.4478,June,1967,7
8/31/1967,1,20.445639,237.74435,June,1967,8
9/30/1967,1,49.0463635,724.84485,June,1967,9
10/31/1967,1,124.683283,1751.8237,June,1967,10
11/30/1967,1,126.4356996,1793.9115,June,1967,11
12/31/1967,1,136.552279,1731.5619,June,1967,12
1/31/1968,1,201.3456895,1739.7341,June,1968,1
2/29/1968,3,121.211014,773.0811,June,1968,2
3/31/1968,3,35.63300095,250.96408,June,1968,3
4/30/1968,3,26.8730895,238.12129,June,1968,4
5/31/1968,3,28.64805,243.57544,June,1968,5
6/30/1968,3,28.6889055,294.7762,June,1968,6
7/31/1968,3,27.5782155,450.94482,June,1968,7
8/31/1968,3,37.8780913,747.2241,June,1968,8
9/30/1968,3,70.4220076,1079.1343,June,1968,9
10/31/1968,3,120.317254,1545.3033,June,1968,10
11/30/1968,3,149.5860985,1720.4106,June,1968,11
12/31/1968,3,160.5045055,1723.8485,June,1968,12
1/31/1969,3,139.89664,872.26056,June,1969,1
2/28/1969,1,37.67702095,246.8877,June,1969,2
3/31/1969,1,16.728696,187.60835,June,1969,3
4/30/1969,1,18.1824945,184.39359,June,1969,4
5/31/1969,1,17.32764,179.0402,June,1969,5
6/30/1969,1,14.026866,180.09412,June,1969,6
7/31/1969,1,19.4163915,213.9661,June,1969,7
8/31/1969,1,25.7374605,271.56784,June,1969,8
9/30/1969,1,40.18697605,825.7764,June,1969,9
10/31/1969,1,111.055894,1707.4437,June,1969,10
11/30/1969,1,120.646714,1594.4534,June,1969,11
12/31/1969,1,121.7885095,1787.8611,June,1969,12
1/31/1970,1,64.5651037,480.12753,June,1970,1
2/28/1970,1,18.353733,191.17564,June,1970,2
3/31/1970,1,16.30833,185.21353,June,1970,3
4/30/1970,1,21.716445,197.18103,June,1970,4
5/31/1970,1,24.286155,231.60512,June,1970,5
6/30/1970,1,26.694909,274.30057,June,1970,6
7/31/1970,1,25.8292335,307.30637,June,1970,7
8/31/1970,1,25.61853,447.93225,June,1970,8
9/30/1970,1,69.72068245,1101.4006,June,1970,9
10/31/1970,1,141.5280541,1712.8047,June,1970,10
11/30/1970,1,147.9683245,1713.5562,June,1970,11
12/31/1970,1,94.5020794,973.6351,June,1970,12
1/31/1971,1,49.2004915,314.31268,June,1971,1
2/28/1971,1,22.7243565,205.82,June,1971,2
3/31/1971,1,23.219151,227.4993,June,1971,3
4/30/1971,1,23.4896805,235.17026,June,1971,4
5/31/1971,1,25.46091,231.70395,June,1971,5
6/30/1971,1,26.129901,231.7194,June,1971,6
7/31/1971,1,23.4262485,244.15753,June,1971,7
8/31/1971,1,25.660746,452.84695,June,1971,8
9/30/1971,1,75.7242958,1169.0873,June,1971,9
10/31/1971,1,148.0558309,1732.5282,June,1971,10
11/30/1971,1,145.975177,1668.6195,June,1971,11
12/31/1971,1,155.756377,1752.2794,June,1971,12
1/31/1972,1,165.4453795,950.9959,June,1972,1
2/29/1972,3,45.4294342,442.04285,June,1972,2
3/31/1972,3,35.41164145,368.60056,June,1972,3
4/30/1972,3,31.1463058,252.52095,June,1972,4
5/31/1972,3,27.847431,243.54861,June,1972,5
6/30/1972,3,29.5239,316.088,June,1972,6
7/31/1972,3,29.713875,487.6474,June,1972,7
8/31/1972,3,35.010085,756.904,June,1972,8
9/30/1972,3,68.23440745,1037.3933,June,1972,9
10/31/1972,3,132.9527091,1673.4431,June,1972,10
11/30/1972,3,160.4071638,1681.7567,June,1972,11
12/31/1972,3,117.7743558,1190.3983,June,1972,12
1/31/1973,3,60.64846555,462.57785,June,1973,1
2/28/1973,2,31.7625157,241.48729,June,1973,2
3/31/1973,2,24.3046755,239.57486,June,1973,3
4/30/1973,2,31.89434245,231.06674,June,1973,4
5/31/1973,2,29.111019,232.24904,June,1973,5
6/30/1973,2,27.3638025,252.37465,June,1973,6
7/31/1973,2,25.928739,309.60196,June,1973,7
8/31/1973,2,26.52612,452.5419,June,1973,8
9/30/1973,2,56.0786473,992.7492,June,1973,9
10/31/1973,2,143.0060043,1659.4093,June,1973,10
11/30/1973,2,137.3419428,1752.0865,June,1973,11
12/31/1973,2,40.11430675,456.32822,June,1973,12
1/31/1974,2,25.8379875,184.5882,June,1974,1
2/28/1974,1,20.9013225,191.43591,June,1974,2
3/31/1974,1,21.44868,197.08813,June,1974,3
4/30/1974,1,24.955845,201.03166,June,1974,4
5/31/1974,1,22.2467325,186.83568,June,1974,5
6/30/1974,1,20.6773455,202.87177,June,1974,6
7/31/1974,1,21.483735,241.9132,June,1974,7
8/31/1974,1,25.1127735,447.35004,June,1974,8
9/30/1974,1,73.83556945,1112.5623,June,1974,9
10/31/1974,1,140.2394665,1726.975,June,1974,10
11/30/1974,1,136.4224615,1741.23,June,1974,11
12/31/1974,1,154.1137795,1735.2924,June,1974,12
1/31/1975,1,218.954121,1570.3093,June,1975,1
2/28/1975,3,149.6965075,1164.1914,June,1975,2
3/31/1975,3,83.040793,430.4697,June,1975,3
4/30/1975,2,31.5485377,231.15054,June,1975,4
5/31/1975,2,26.084283,216.99004,June,1975,5
6/30/1975,2,24.036546,218.7105,June,1975,6
7/31/1975,2,22.5280035,239.48676,June,1975,7
8/31/1975,2,23.97852,436.32935,June,1975,8
9/30/1975,2,63.92725375,1162.6781,June,1975,9
10/31/1975,2,141.4705639,1749.9066,June,1975,10
11/30/1975,2,105.332068,980.74164,June,1975,11
12/31/1975,2,95.978767,991.7365,June,1975,12
1/31/1976,2,214.1340955,1476.1848,June,1976,1
2/29/1976,4,206.9851983,1793.129,June,1976,2
3/31/1976,4,200.6909305,1569.7373,June,1976,3
4/30/1976,5,133.5954325,730.8307,June,1976,4
5/31/1976,5,75.1250719,495.32516,June,1976,5
6/30/1976,5,70.554259,759.9071,June,1976,6
7/31/1976,5,120.430285,1537.3939,June,1976,7
8/31/1976,5,145.2063183,1803.2887,June,1976,8
9/30/1976,5,124.6916763,1491.5022,June,1976,9
10/31/1976,5,161.31895,2080.0493,June,1976,10
11/30/1976,5,221.2938199,2106.7856,June,1976,11
12/31/1976,5,219.969214,2146.4204,June,1976,12
1/31/1977,5,227.1130098,1459.3291,June,1977,1
2/28/1977,5,163.0737805,1785.6842,June,1977,2
3/31/1977,5,232.1582365,1408.2274,June,1977,3
4/30/1977,5,142.5477841,592.0746,June,1977,4
5/31/1977,5,87.0021904,528.1445,June,1977,5
6/30/1977,5,84.7430467,1071.4058,June,1977,6
7/31/1977,5,157.706803,1619.5515,June,1977,7
8/31/1977,5,174.4442146,1639.4377,June,1977,8
9/30/1977,5,138.4974411,1466.6448,June,1977,9
10/31/1977,5,171.267958,1623.9252,June,1977,10
11/30/1977,5,203.704891,1964.4108,June,1977,11
12/31/1977,5,224.628679,1907.0253,June,1977,12
1/31/1978,5,224.040154,1536.0946,June,1978,1
2/28/1978,3,76.5442465,390.9853,June,1978,2
3/31/1978,3,39.7410622,233.16405,June,1978,3
4/30/1978,2,38.19508825,228.43329,June,1978,4
5/31/1978,2,27.3715305,213.81691,June,1978,5
6/30/1978,2,22.1685,217.86906,June,1978,6
7/31/1978,2,23.1775515,248.82257,June,1978,7
8/31/1978,2,24.368085,396.6705,June,1978,8
9/30/1978,2,50.4330766,944.5731,June,1978,9
10/31/1978,2,139.343797,1746.686,June,1978,10
11/30/1978,2,143.3821045,1882.391,June,1978,11
12/31/1978,2,158.7777475,1823.3893,June,1978,12
1/31/1979,2,210.0556315,1756.8237,June,1979,1
2/28/1979,4,147.4576615,912.98517,June,1979,2
3/31/1979,4,51.4872232,268.63492,June,1979,3
4/30/1979,4,36.39408775,232.00217,June,1979,4
5/31/1979,4,28.74726,234.42703,June,1979,5
6/30/1979,4,27.09792,255.44229,June,1979,6
7/31/1979,4,26.0500125,281.51022,June,1979,7
8/31/1979,4,53.86744345,1164.3461,June,1979,8
9/30/1979,4,136.718377,1609.1412,June,1979,9
10/31/1979,4,144.7197976,1768.2687,June,1979,10
11/30/1979,4,157.6993161,1704.8873,June,1979,11
12/31/1979,4,170.191798,1767.978,June,1979,12
1/31/1980,4,159.515071,968.68365,June,1980,1
2/29/1980,2,40.692187,252.25375,June,1980,2
3/31/1980,1,19.848399,191.87073,June,1980,3
4/30/1980,1,20.719041,191.34636,June,1980,4
5/31/1980,2,22.7057745,202.35602,June,1980,5
6/30/1980,2,23.4865305,244.14711,June,1980,6
7/31/1980,2,25.935762,254.50401,June,1980,7
8/31/1980,2,28.8646455,376.2197,June,1980,8
9/30/1980,2,62.5140214,1148.5934,June,1980,9
10/31/1980,2,122.4119755,1683.8237,June,1980,10
11/30/1980,2,131.3865486,1759.7048,June,1980,11
12/31/1980,2,169.46425,1764.8716,June,1980,12
1/31/1981,2,221.8269865,1580.5209,June,1981,1
2/28/1981,3,112.2247645,708.8332,June,1981,2
3/31/1981,4,35.609497,267.10175,June,1981,3
4/30/1981,4,28.014843,235.70367,June,1981,4
5/31/1981,4,28.002288,249.14566,June,1981,5
6/30/1981,4,28.89699,316.10724,June,1981,6
7/31/1981,4,29.514867,418.19724,June,1981,7
8/31/1981,4,60.0281431,1079.3464,June,1981,8
9/30/1981,4,109.3701589,1394.8478,June,1981,9
10/31/1981,4,139.000771,1792.1995,June,1981,10
11/30/1981,4,172.9806655,1749.7544,June,1981,11
12/31/1981,4,86.15515045,728.6629,June,1981,12
1/31/1982,4,22.912083,196.37799,June,1982,1
2/28/1982,1,25.9362075,202.71783,June,1982,2
3/31/1982,1,24.797076,195.66492,June,1982,3
4/30/1982,1,23.9450205,179.1543,June,1982,4
5/31/1982,1,17.3149635,174.9687,June,1982,5
6/30/1982,1,15.0099885,180.46349,June,1982,6
7/31/1982,1,19.079574,199.16963,June,1982,7
8/31/1982,1,24.1914435,354.09207,June,1982,8
9/30/1982,1,41.7998851,750.1313,June,1982,9
10/31/1982,1,50.9904226,739.1397,June,1982,10
11/30/1982,1,24.048168,260.104,June,1982,11
12/31/1982,1,24.406863,198.17462,June,1982,12
1/31/1983,1,21.5423655,173.89717,June,1983,1
2/28/1983,1,14.860011,179.44583,June,1983,2
3/31/1983,1,7.923516,191.9502,June,1983,3
4/30/1983,1,7.097586,190.26271,June,1983,4
5/31/1983,1,3.3528969,172.82071,June,1983,5
6/30/1983,1,6.7279305,169.02628,June,1983,6
7/31/1983,1,17.50881,181.85843,June,1983,7
8/31/1983,1,24.175083,217.80856,June,1983,8
9/30/1983,1,23.178021,330.52277,June,1983,9
10/31/1983,1,22.437897,403.38556,June,1983,10
11/30/1983,1,21.838779,310.94455,June,1983,11
12/31/1983,1,23.693763,215.29741,June,1983,12
1/31/1984,1,12.0658605,199.06537,June,1984,1
2/29/1984,1,16.166952,175.38817,June,1984,2
3/31/1984,1,18.364632,195.6889,June,1984,3
4/30/1984,1,22.810149,214.5395,June,1984,4
5/31/1984,1,24.754839,236.46475,June,1984,5
6/30/1984,1,24.851811,264.7301,June,1984,6
7/31/1984,1,26.154447,295.26968,June,1984,7
8/31/1984,1,25.851345,458.17557,June,1984,8
9/30/1984,1,67.8485602,1034.9252,June,1984,9
10/31/1984,1,138.7551295,1692.7089,June,1984,10
11/30/1984,1,144.7215361,1710.0724,June,1984,11
12/31/1984,1,87.6663316,850.5801,June,1984,12
1/31/1985,1,35.1218848,318.66504,June,1985,1
2/28/1985,3,27.181581,340.1572,June,1985,2
3/31/1985,3,33.7761547,455.9418,June,1985,3
4/30/1985,3,38.031028,307.58884,June,1985,4
5/31/1985,4,40.35182005,286.69394,June,1985,5
6/30/1985,4,37.028512,334.84045,June,1985,6
7/31/1985,4,30.7169533,406.5549,June,1985,7
8/31/1985,4,77.5178065,1390.9027,June,1985,8
9/30/1985,4,137.3296735,1589.3171,June,1985,9
10/31/1985,4,136.430242,1714.1613,June,1985,10
11/30/1985,4,155.387245,1713.0779,June,1985,11
12/31/1985,4,167.1566335,1724.373,June,1985,12
1/31/1986,4,220.5337135,1709.2021,June,1986,1
2/28/1986,4,117.470218,635.26184,June,1986,2
3/31/1986,1,39.4366594,236.91458,June,1986,3
4/30/1986,1,15.068841,186.26558,June,1986,4
5/31/1986,1,17.49585,178.83624,June,1986,5
6/30/1986,1,22.515633,208.80623,June,1986,6
7/31/1986,1,25.2194475,258.34903,June,1986,7
8/31/1986,1,23.4273285,388.6095,June,1986,8
9/30/1986,1,46.3247275,850.12744,June,1986,9
10/31/1986,1,117.3246115,1785.742,June,1986,10
11/30/1986,1,137.7994105,1769.4076,June,1986,11
12/31/1986,1,146.9525161,1767.119,June,1986,12
1/31/1987,1,191.5617649,1630.1512,June,1987,1
2/28/1987,4,169.6750218,1334.5948,June,1987,2
3/31/1987,4,98.84850325,601.55975,June,1987,3
4/30/1987,4,42.32621455,264.83713,June,1987,4
5/31/1987,4,29.571108,250.46999,June,1987,5
6/30/1987,4,29.06121,320.53842,June,1987,6
7/31/1987,4,35.0515126,466.66934,June,1987,7
8/31/1987,4,48.7962931,855.4129,June,1987,8
9/30/1987,4,87.5659888,1186.2367,June,1987,9
10/31/1987,4,133.8321136,1682.0995,June,1987,10
11/30/1987,4,188.5371055,1863.6906,June,1987,11
12/31/1987,4,196.953697,1948.5077,June,1987,12
1/31/1988,4,166.19416,1171.933,June,1988,1
2/29/1988,4,56.5741825,386.08746,June,1988,2
3/31/1988,5,36.9853003,252.82689,June,1988,3
4/30/1988,5,56.3623135,291.52493,June,1988,4
5/31/1988,5,54.95456455,379.94235,June,1988,5
6/30/1988,5,55.248448,625.1883,June,1988,6
7/31/1988,5,74.5520395,692.79126,June,1988,7
8/31/1988,5,58.6898743,819.35236,June,1988,8
9/30/1988,5,97.7317621,1225.1606,June,1988,9
10/31/1988,5,155.04325,1779.9458,June,1988,10
11/30/1988,5,219.678514,2176.971,June,1988,11
12/31/1988,5,223.4690853,1719.2052,June,1988,12
1/31/1989,5,212.217784,1862.3743,June,1989,1
2/28/1989,4,188.9301091,1200.7151,June,1989,2
3/31/1989,5,74.613457,443.51486,June,1989,3
4/30/1989,4,34.3918231,273.80368,June,1989,4
5/31/1989,4,24.361089,236.53653,June,1989,5
6/30/1989,4,26.0756625,253.60008,June,1989,6
7/31/1989,4,24.438276,336.6491,June,1989,7
8/31/1989,4,52.35220675,1002.74475,June,1989,8
9/30/1989,4,116.5424746,1379.3641,June,1989,9
10/31/1989,4,147.5377893,1700.9076,June,1989,10
11/30/1989,4,159.120745,1705.4889,June,1989,11
12/31/1989,4,161.6761975,1748.0002,June,1989,12
1/31/1990,4,184.858468,1672.6451,June,1990,1
2/28/1990,4,125.3759071,821.44183,June,1990,2
3/31/1990,5,48.7139965,365.20633,June,1990,3
4/30/1990,5,36.9585103,371.28717,June,1990,4
5/31/1990,5,49.5845119,336.9122,June,1990,5
6/30/1990,5,48.170701,378.23724,June,1990,6
7/31/1990,5,60.1549966,676.7752,June,1990,7
8/31/1990,5,89.457682,1173.2811,June,1990,8
9/30/1990,5,114.673513,1385.6166,June,1990,9
10/31/1990,5,165.6786805,1830.5981,June,1990,10
11/30/1990,5,215.115684,2151.2715,June,1990,11
12/31/1990,5,225.4859163,1869.4741,June,1990,12
1/31/1991,5,223.0935949,2084.88,June,1991,1
2/28/1991,5,278.5186165,2128.8298,June,1991,2
3/31/1991,5,241.920028,1287.8041,June,1991,3
4/30/1991,5,98.3387779,432.03943,June,1991,4
5/31/1991,5,45.4799875,254.45573,June,1991,5
6/30/1991,5,42.9636028,418.83078,June,1991,6
7/31/1991,5,72.6102832,887.3808,June,1991,7
8/31/1991,5,160.1760544,1614.0336,June,1991,8
9/30/1991,5,185.8458334,1740.759,June,1991,9
10/31/1991,5,195.6022555,1717.1827,June,1991,10
11/30/1991,5,224.9796565,2216.4246,June,1991,11
12/31/1991,5,225.174682,1869.1257,June,1991,12
1/31/1992,5,198.325003,1972.5714,June,1992,1
2/29/1992,5,242.019835,1518.6433,June,1992,2
3/31/1992,5,102.1294375,421.70917,June,1992,3
4/30/1992,5,39.5776717,246.72197,June,1992,4
5/31/1992,5,43.15205905,264.63922,June,1992,5
6/30/1992,5,44.6122594,407.48703,June,1992,6
7/31/1992,5,53.7091345,447.903,June,1992,7
8/31/1992,5,45.782743,667.1433,June,1992,8
9/30/1992,5,83.89697005,1196.8036,June,1992,9
10/31/1992,5,161.700451,2000.9794,June,1992,10
11/30/1992,5,224.7785035,2227.8838,June,1992,11
12/31/1992,5,223.6470535,1803.5636,June,1992,12
1/31/1993,5,181.802242,1179.2063,June,1993,1
2/28/1993,3,65.1224155,341.53094,June,1993,2
3/31/1993,2,41.779405,237.73666,June,1993,3
4/30/1993,2,34.307389,235.18657,June,1993,4
5/31/1993,2,27.0662895,228.26036,June,1993,5
6/30/1993,2,25.4334825,228.33939,June,1993,6
7/31/1993,2,23.701296,223.60019,June,1993,7
8/31/1993,2,23.4496305,374.3312,June,1993,8
9/30/1993,2,69.20456455,1155.4635,June,1993,9
10/31/1993,2,143.9777944,1780.0388,June,1993,10
11/30/1993,2,113.1083329,1521.8481,June,1993,11
12/31/1993,2,176.3991721,1844.4905,June,1993,12
1/31/1994,2,223.1980075,1509.9459,June,1994,1
2/28/1994,4,137.5167618,836.4169,June,1994,2
3/31/1994,4,70.5830497,413.8418,June,1994,3
4/30/1994,5,33.4636465,255.6466,June,1994,4
5/31/1994,5,38.41399675,302.2941,June,1994,5
6/30/1994,5,47.31828025,517.83844,June,1994,6
7/31/1994,5,78.497209,963.74426,June,1994,7
8/31/1994,5,105.6877024,1555.8612,June,1994,8
9/30/1994,5,129.0967218,1721.9932,June,1994,9
10/31/1994,5,183.1647558,2001.2871,June,1994,10
11/30/1994,5,219.714766,2192.8254,June,1994,11
12/31/1994,5,220.5974395,2105.516,June,1994,12
1/31/1995,5,218.619568,1671.1442,June,1995,1
2/28/1995,1,68.1772051,312.53256,June,1995,2
3/31/1995,2,26.72142,234.47989,June,1995,3
4/30/1995,1,28.82592,222.78777,June,1995,4
5/31/1995,1,23.592678,176.69164,June,1995,5
6/30/1995,1,16.637553,169.90816,June,1995,6
7/31/1995,1,15.399048,166.6704,June,1995,7
8/31/1995,1,20.487087,203.78885,June,1995,8
9/30/1995,1,31.3615948,559.7787,June,1995,9
10/31/1995,1,92.9547175,1594.318,June,1995,10
11/30/1995,1,135.0223135,1882.1584,June,1995,11
12/31/1995,1,193.7517648,1837.6722,June,1995,12
1/31/1996,1,139.530814,711.89575,June,1996,1
2/29/1996,2,28.992252,230.65971,June,1996,2
3/31/1996,1,29.804187,210.13084,June,1996,3
4/30/1996,1,27.008451,213.31528,June,1996,4
5/31/1996,1,24.1485855,206.44225,June,1996,5
6/30/1996,1,21.6560325,193.7525,June,1996,6
7/31/1996,1,19.6001385,205.1458,June,1996,7
8/31/1996,1,22.891344,400.993,June,1996,8
9/30/1996,1,80.26245625,1154.7944,June,1996,9
10/31/1996,1,150.0753295,1684.8473,June,1996,10
11/30/1996,1,139.976383,1800.0559,June,1996,11
12/31/1996,1,143.2863246,1467.9668,June,1996,12
1/31/1997,1,59.94635095,329.40594,June,1997,1
2/28/1997,1,7.21707,185.28766,June,1997,2
3/31/1997,1,15.717639,169.37071,June,1997,3
4/30/1997,1,23.491392,200.32785,June,1997,4
5/31/1997,1,26.550897,266.08395,June,1997,5
6/30/1997,1,29.308608,279.14764,June,1997,6
7/31/1997,1,28.361472,284.7345,June,1997,7
8/31/1997,1,25.01322,373.5679,June,1997,8
9/30/1997,1,57.68093725,945.17303,June,1997,9
10/31/1997,1,132.885583,1671.5475,June,1997,10
11/30/1997,1,142.0423195,1701.573,June,1997,11
12/31/1997,1,141.601282,1802.4963,June,1997,12
1/31/1998,1,146.6796115,864.753,June,1998,1
2/28/1998,1,44.4128677,257.38654,June,1998,2
3/31/1998,1,42.84702925,222.06543,June,1998,3
4/30/1998,1,23.598912,181.83133,June,1998,4
5/31/1998,1,17.736765,175.78682,June,1998,5
6/30/1998,1,17.107866,162.824,June,1998,6
7/31/1998,1,14.7715485,162.25493,June,1998,7
8/31/1998,1,16.2356115,184.67477,June,1998,8
9/30/1998,1,20.4072255,286.77362,June,1998,9
10/31/1998,1,19.7141505,278.31006,June,1998,10
11/30/1998,1,17.3719455,286.61902,June,1998,11
12/31/1998,1,24.184614,288.57382,June,1998,12
1/31/1999,1,23.136465,205.69215,June,1999,1
2/28/1999,2,24.7264545,209.9248,June,1999,2
3/31/1999,1,27.397632,210.99684,June,1999,3
4/30/1999,1,25.286955,211.00883,June,1999,4
5/31/1999,1,24.5843655,215.46626,June,1999,5
6/30/1999,1,23.9251335,239.83142,June,1999,6
7/31/1999,1,23.750286,256.36447,June,1999,7
8/31/1999,1,26.1002475,454.2254,June,1999,8
9/30/1999,1,65.4580885,1023.3007,June,1999,9
10/31/1999,1,127.7832736,1739.4442,June,1999,10
11/30/1999,1,139.2917674,1738.1178,June,1999,11
12/31/1999,1,164.9502775,1747.3179,June,1999,12
1/31/2000,1,189.816214,1531.446,June,2000,1
2/29/2000,3,111.078124,659.9614,June,2000,2
3/31/2000,2,38.237596,235.18153,June,2000,3
4/30/2000,2,24.8226585,211.79613,June,2000,4
5/31/2000,2,23.265084,206.8902,June,2000,5
6/30/2000,2,24.1658475,243.93153,June,2000,6
7/31/2000,2,24.3636975,269.2945,June,2000,7
8/31/2000,2,25.239153,455.7404,June,2000,8
9/30/2000,2,60.3522565,1031.9504,June,2000,9
10/31/2000,2,149.0023473,1650.2411,June,2000,10
11/30/2000,2,145.2515449,1691.1398,June,2000,11
12/31/2000,2,157.8404766,1756.2712,June,2000,12
1/31/2001,2,199.3099915,1680.5997,June,2001,1
2/28/2001,4,170.2081855,1111.0415,June,2001,2
3/31/2001,4,66.54391,354.73822,June,2001,3
4/30/2001,4,31.8790864,246.57639,June,2001,4
5/31/2001,4,31.7538517,247.05493,June,2001,5
6/30/2001,4,27.886872,313.0295,June,2001,6
7/31/2001,4,29.130561,487.87988,June,2001,7
8/31/2001,4,55.9686316,1020.3798,June,2001,8
9/30/2001,4,102.8824645,1335.4945,June,2001,9
10/31/2001,4,149.0176375,1837.6272,June,2001,10
11/30/2001,4,198.1917085,1830.0256,June,2001,11
12/31/2001,4,168.740236,1726.0051,June,2001,12
1/31/2002,4,115.3828495,752.22003,June,2002,1
2/28/2002,3,29.83974,229.91998,June,2002,2
3/31/2002,3,28.7487075,233.79372,June,2002,3
4/30/2002,3,26.9635155,245.74806,June,2002,4
5/31/2002,4,28.465485,256.21393,June,2002,5
6/30/2002,4,29.496789,313.40692,June,2002,6
7/31/2002,4,29.857374,429.0664,June,2002,7
8/31/2002,4,57.711418,1018.06445,June,2002,8
9/30/2002,4,113.4082755,1594.4297,June,2002,9
10/31/2002,4,154.4929635,1810.4979,June,2002,10
11/30/2002,4,167.337865,1735.489,June,2002,11
12/31/2002,4,160.0264465,1729.5828,June,2002,12
1/31/2003,4,102.936814,621.9629,June,2003,1
2/28/2003,2,28.193514,213.21367,June,2003,2
3/31/2003,3,26.0881665,229.67172,June,2003,3
4/30/2003,3,26.283831,244.9211,June,2003,4
5/31/2003,2,27.82596,234.84102,June,2003,5
6/30/2003,2,23.995068,219.10246,June,2003,6
7/31/2003,2,20.851362,230.54276,June,2003,7
8/31/2003,2,22.99575,451.29214,June,2003,8
9/30/2003,2,74.08487605,1131.4888,June,2003,9
10/31/2003,2,158.7050725,1658.8347,June,2003,10
11/30/2003,2,120.4138234,1433.3601,June,2003,11
12/31/2003,2,157.2276325,1748.3558,June,2003,12
1/31/2004,2,137.2807105,693.5107,June,2004,1
2/29/2004,2,28.4703645,250.07054,June,2004,2
3/31/2004,2,27.9620775,236.23035,June,2004,3
4/30/2004,2,25.1909475,236.17955,June,2004,4
5/31/2004,3,26.662995,242.67653,June,2004,5
6/30/2004,3,28.376235,275.22797,June,2004,6
7/31/2004,3,28.200741,389.07254,June,2004,7
8/31/2004,3,43.09893505,761.9946,June,2004,8
9/30/2004,3,88.7785954,1320.7053,June,2004,9
10/31/2004,3,157.0150795,1692.6844,June,2004,10
11/30/2004,3,148.9503348,1685.2202,June,2004,11
12/31/2004,3,151.178499,1745.3444,June,2004,12
1/31/2005,3,163.2360994,933.827,June,2005,1
2/28/2005,3,48.4798975,310.4841,June,2005,2
3/31/2005,3,40.7061976,241.33646,June,2005,3
4/30/2005,3,37.2721699,231.01723,June,2005,4
5/31/2005,3,27.15009,227.62543,June,2005,5
6/30/2005,3,20.5492995,207.29144,June,2005,6
7/31/2005,3,17.13738,197.17107,June,2005,7
8/31/2005,3,21.826419,274.73602,June,2005,8
9/30/2005,3,70.68300205,1011.5658,June,2005,9
10/31/2005,3,139.5292608,1748.2047,June,2005,10
11/30/2005,3,114.1385965,1505.3085,June,2005,11
12/31/2005,3,148.3621945,1760.8407,June,2005,12
1/31/2006,3,76.8725323,465.0993,June,2006,1
2/28/2006,1,24.531288,192.66472,June,2006,2
3/31/2006,1,21.931455,194.69139,June,2006,3
4/30/2006,1,25.13355,188.74915,June,2006,4
5/31/2006,1,14.9329965,178.83267,June,2006,5
6/30/2006,1,13.0757175,169.881,June,2006,6
7/31/2006,1,19.1548125,179.5408,June,2006,7
8/31/2006,1,26.258871,283.30948,June,2006,8
9/30/2006,1,43.726126,742.25635,June,2006,9
10/31/2006,1,76.9343716,1157.3396,June,2006,10
11/30/2006,1,81.286789,1231.6011,June,2006,11
12/31/2006,1,136.663543,1772.5126,June,2006,12
1/31/2007,1,148.0063236,1019.99725,June,2007,1
2/28/2007,3,52.04252575,559.20917,June,2007,2
3/31/2007,3,58.7292841,443.06393,June,2007,3
4/30/2007,4,37.6095985,243.64426,June,2007,4
5/31/2007,4,33.4321939,266.21243,June,2007,5
6/30/2007,4,31.93694425,337.62585,June,2007,6
7/31/2007,4,31.66046575,450.93573,June,2007,7
8/31/2007,4,72.29542375,1393.7762,June,2007,8
9/30/2007,4,138.153523,1576.808,June,2007,9
10/31/2007,4,136.972369,1709.5018,June,2007,10
11/30/2007,4,144.0032905,1668.4662,June,2007,11
12/31/2007,4,156.0418501,1725.9485,June,2007,12
1/31/2008,4,200.189872,1711.3456,June,2008,1
2/29/2008,4,124.67082,670.713,June,2008,2
3/31/2008,4,43.5962686,255.77968,June,2008,3
4/30/2008,4,47.499697,245.05519,June,2008,4
5/31/2008,5,41.5686874,267.49048,June,2008,5
6/30/2008,5,36.1397965,362.39178,June,2008,6
7/31/2008,5,45.572413,520.45795,June,2008,7
8/31/2008,5,58.94952925,979.09186,June,2008,8
9/30/2008,5,110.1814969,1447.4161,June,2008,9
10/31/2008,5,165.626802,1967.8502,June,2008,10
11/30/2008,5,224.6387395,2266.9717,June,2008,11
12/31/2008,5,224.3708253,1688.69,June,2008,12
1/31/2009,5,195.3994894,1819.2084,June,2009,1
2/28/2009,5,201.1487545,1126.6212,June,2009,2
3/31/2009,5,83.6342713,379.83853,June,2009,3
4/30/2009,4,31.3919245,250.54005,June,2009,4
5/31/2009,5,37.2955057,253.40228,June,2009,5
6/30/2009,5,35.05980895,318.00858,June,2009,6
7/31/2009,5,28.235577,335.76608,June,2009,7
8/31/2009,5,28.2636705,524.035,June,2009,8
9/30/2009,5,70.541434,1137.4357,June,2009,9
10/31/2009,5,160.570731,2131.8267,June,2009,10
11/30/2009,5,208.4205153,2032.1039,June,2009,11
12/31/2009,5,160.665864,1975.106,June,2009,12
1/31/2010,5,209.6605189,1672.808,June,2010,1
2/28/2010,4,92.4203995,462.87875,June,2010,2
3/31/2010,4,40.2944068,243.68587,June,2010,3
4/30/2010,4,28.600419,241.92715,June,2010,4
5/31/2010,3,28.439703,237.32843,June,2010,5
6/30/2010,3,27.64611,225.97322,June,2010,6
7/31/2010,3,25.7229285,245.33418,June,2010,7
8/31/2010,3,30.077751,599.8218,June,2010,8
9/30/2010,3,86.7132346,1346.6254,June,2010,9
10/31/2010,3,125.8589508,1745.9838,June,2010,10
11/30/2010,3,117.3332755,1323.3348,June,2010,11
12/31/2010,3,104.1026635,1268.092,June,2010,12
1/31/2011,3,63.662275,392.65668,June,2011,1
2/28/2011,2,24.8694555,187.90535,June,2011,2
3/31/2011,2,27.512235,208.67297,June,2011,3
4/30/2011,1,18.073875,215.82697,June,2011,4
5/31/2011,1,16.452297,192.36421,June,2011,5
6/30/2011,1,16.5896415,188.17981,June,2011,6
7/31/2011,1,19.0195155,185.92203,June,2011,7
8/31/2011,1,18.617304,225.3934,June,2011,8
9/30/2011,1,24.301407,431.3077,June,2011,9
10/31/2011,1,43.15989655,706.1944,June,2011,10
11/30/2011,1,47.5947217,692.3986,June,2011,11
12/31/2011,1,73.866301,1066.516,June,2011,12
1/31/2012,1,206.882242,1737.6548,June,2012,1
2/29/2012,4,186.6565444,1363.6135,June,2012,2
3/31/2012,4,87.6601414,432.15997,June,2012,3
4/30/2012,4,38.5486507,264.52563,June,2012,4
5/31/2012,3,27.272445,228.23875,June,2012,5
6/30/2012,3,26.1125265,243.17001,June,2012,6
7/31/2012,3,25.4575335,352.97845,June,2012,7
8/31/2012,3,34.3522195,750.80524,June,2012,8
9/30/2012,3,81.9301081,1308.3895,June,2012,9
10/31/2012,3,161.8665205,1717.492,June,2012,10
11/30/2012,3,155.7233284,1714.8951,June,2012,11
12/31/2012,3,175.932382,1743.6467,June,2012,12
1/31/2013,3,92.8500655,490.14832,June,2013,1
2/28/2013,3,23.4158775,228.09964,June,2013,2
3/31/2013,3,26.453037,248.0564,June,2013,3
4/30/2013,4,25.215846,261.13666,June,2013,4
5/31/2013,4,31.08168205,293.33432,June,2013,5
6/30/2013,4,39.1001257,322.0726,June,2013,6
7/31/2013,4,32.5060123,388.49213,June,2013,7
8/31/2013,4,39.293122,681.28796,June,2013,8
9/30/2013,4,70.3497715,1052.5319,June,2013,9
10/31/2013,4,147.4716835,1800.6757,June,2013,10
11/30/2013,4,170.9444545,1638.0476,June,2013,11
12/31/2013,4,191.1745525,1936.9193,June,2013,12
1/31/2014,4,223.49056,1987.518,June,2014,1
2/28/2014,5,180.183043,952.17737,June,2014,2
3/31/2014,5,69.4832746,373.54718,June,2014,3
4/30/2014,5,29.28675,301.72916,June,2014,4
5/31/2014,5,31.7447374,285.37976,June,2014,5
6/30/2014,5,43.8890092,578.60333,June,2014,6
7/31/2014,5,104.0879575,1195.0614,June,2014,7
8/31/2014,5,169.6493461,1555.0311,June,2014,8
9/30/2014,5,174.688984,1435.6919,June,2014,9
10/31/2014,5,173.165146,1585.9043,June,2014,10
11/30/2014,5,221.9232025,1850.8218,June,2014,11
12/31/2014,5,224.176726,1848.8005,June,2014,12
1/31/2015,5,101.889724,598.08374,June,2015,1
2/28/2015,5,32.1007081,271.20175,June,2015,2
3/31/2015,5,35.8375255,350.5718,June,2015,3
4/30/2015,5,39.8783695,305.52628,June,2015,4
5/31/2015,5,54.0940327,437.49167,June,2015,5
6/30/2015,5,68.8486708,977.2326,June,2015,6
7/31/2015,5,155.884114,1716.5712,June,2015,7
8/31/2015,5,176.8024756,1619.3708,June,2015,8
9/30/2015,5,150.1147165,1452.8665,June,2015,9
10/31/2015,5,174.9060115,1641.1018,June,2015,10
11/30/2015,5,184.8883246,2113.595,June,2015,11
12/31/2015,5,225.8647098,1771.3374,June,2015,12
1/31/2016,5,232.077325,2150.3457,June,2016,1
2/29/2016,3,135.0729865,722.15704,June,2016,2
3/31/2016,4,33.8697829,246.55031,June,2016,3
4/30/2016,3,29.359065,244.62993,June,2016,4
5/31/2016,3,28.9411245,238.84344,June,2016,5
6/30/2016,3,28.014645,251.47176,June,2016,6
7/31/2016,3,25.395708,388.2914,June,2016,7
8/31/2016,3,39.3798475,762.32404,June,2016,8
9/30/2016,3,74.06658475,1072.0525,June,2016,9
10/31/2016,3,145.6093083,1777.6671,June,2016,10
11/30/2016,3,174.3463285,1683.3397,June,2016,11
12/31/2016,3,161.2091395,1830.9282,June,2016,12
1/31/2017,3,118.5963214,662.0784,June,2017,1
2/28/2017,1,32.4703531,219.04558,June,2017,2
3/31/2017,1,16.245696,199.2256,June,2017,3
4/30/2017,1,16.9959795,171.17181,June,2017,4
5/31/2017,1,15.0607935,175.32062,June,2017,5
6/30/2017,1,15.185406,194.73122,June,2017,6
7/31/2017,1,18.361377,226.79243,June,2017,7
8/31/2017,1,23.989272,254.26761,June,2017,8
9/30/2017,1,50.70065455,845.9894,June,2017,9
10/31/2017,1,103.5154296,1570.4534,June,2017,10
11/30/2017,1,93.73839625,1384.7003,June,2017,11
12/31/2017,1,82.3499815,945.3884,June,2017,12
1/31/2018,1,121.5576595,1231.1337,June,2018,1
2/28/2018,3,172.3377825,1043.6885,June,2018,2
3/31/2018,4,58.70251975,315.2788,June,2018,3
4/30/2018,3,37.10260345,251.1085,June,2018,4
5/31/2018,3,29.223894,233.49779,June,2018,5
6/30/2018,3,27.3456255,230.0701,June,2018,6
7/31/2018,3,25.0323045,352.041,June,2018,7
8/31/2018,3,37.49014645,728.851,June,2018,8
9/30/2018,3,72.351982,1171.797,June,2018,9
10/31/2018,3,155.4077479,1706.5876,June,2018,10
11/30/2018,3,155.318674,1725.2573,June,2018,11
12/31/2018,3,182.5441369,1749.477,June,2018,12
1/31/2019,3,223.1340906,1356.3007,June,2019,1
2/28/2019,3,87.276235,501.68106,June,2019,2
3/31/2019,2,37.65361675,239.31007,June,2019,3
4/30/2019,1,26.84436,221.97252,June,2019,4
5/31/2019,1,23.241399,193.25044,June,2019,5
6/30/2019,1,19.315857,193.55864,June,2019,6
7/31/2019,1,18.5494635,185.36406,June,2019,7
8/31/2019,1,22.5720195,243.84569,June,2019,8
9/30/2019,1,55.418764,816.44977,June,2019,9
10/31/2019,1,105.585775,1307.2201,June,2019,10
11/30/2019,1,78.8551804,1320.2506,June,2019,11
12/31/2019,1,136.40368,1778.6897,June,2019,12
1/31/2020,1,132.9917598,840.00635,June,2020,1
2/29/2020,3,39.719311,469.17752,June,2020,2
3/31/2020,4,40.5002509,419.149,June,2020,3
4/30/2020,4,30.7599085,284.96442,June,2020,4
5/31/2020,4,39.1290532,283.9324,June,2020,5
6/30/2020,4,36.58954645,330.00024,June,2020,6
7/31/2020,4,30.8507722,397.4512,June,2020,7
8/31/2020,4,44.1271039,763.62506,June,2020,8
9/30/2020,4,77.2960651,1124.6393,June,2020,9
10/31/2020,4,134.581162,1828.1094,June,2020,10
11/30/2020,4,182.4071545,1834.4432,June,2020,11
12/31/2020,4,179.0738629,1819.9441,June,2020,12
1/31/2021,4,222.1912735,1776.8419,June,2021,1
2/28/2021,5,204.729124,1053.7074,June,2021,2
3/31/2021,5,119.194981,828.0268,June,2021,3
4/30/2021,5,110.6819455,764.60803,June,2021,4
5/31/2021,5,87.1321105,874.9011,June,2021,5
6/30/2021,5,114.5495665,943.86774,June,2021,6
7/31/2021,5,132.6401695,1332.5509,June,2021,7
8/31/2021,5,175.2114175,1735.9596,June,2021,8
9/30/2021,5,170.1673735,1627.9176,June,2021,9
11/30/1920,NA,NA,NA,MaxDS_Even,1920,11
12/31/1920,NA,NA,NA,MaxDS_Even,1920,12
1/31/1921,NA,NA,NA,MaxDS_Even,1921,1
2/28/1921,NA,NA,NA,MaxDS_Even,1921,2
3/31/1921,5,NA,NA,MaxDS_Even,1921,3
4/30/1921,5,NA,NA,MaxDS_Even,1921,4
5/31/1921,2,NA,NA,MaxDS_Even,1921,5
6/30/1921,2,NA,NA,MaxDS_Even,1921,6
7/31/1921,2,NA,NA,MaxDS_Even,1921,7
8/31/1921,2,NA,NA,MaxDS_Even,1921,8
9/30/1921,2,NA,NA,MaxDS_Even,1921,9
10/31/1921,2,NA,NA,MaxDS_Even,1921,10
11/30/1921,2,32.6642386,219.2616,MaxDS_Even,1921,11
12/31/1921,2,14.396898,351.181,MaxDS_Even,1921,12
1/31/1922,2,34.60802695,577.5112,MaxDS_Even,1922,1
2/28/1922,3,39.30636025,275.2021,MaxDS_Even,1922,2
3/31/1922,3,51.76950145,255.51198,MaxDS_Even,1922,3
4/30/1922,2,32.6273767,238.37772,MaxDS_Even,1922,4
5/31/1922,2,27.464667,219.84222,MaxDS_Even,1922,5
6/30/1922,2,21.5610975,218.26541,MaxDS_Even,1922,6
7/31/1922,2,21.4763745,207.37424,MaxDS_Even,1922,7
8/31/1922,2,19.741569,242.6686,MaxDS_Even,1922,8
9/30/1922,2,19.0654425,307.8321,MaxDS_Even,1922,9
10/31/1922,2,18.944811,317.1346,MaxDS_Even,1922,10
11/30/1922,2,18.7882395,242.52325,MaxDS_Even,1922,11
12/31/1922,2,18.1000605,276.6831,MaxDS_Even,1922,12
1/31/1923,2,29.09082,324.23563,MaxDS_Even,1923,1
2/28/1923,3,33.19596025,219.47296,MaxDS_Even,1923,2
3/31/1923,3,34.137529,232.34082,MaxDS_Even,1923,3
4/30/1923,4,37.7718319,246.38126,MaxDS_Even,1923,4
5/31/1923,3,36.15773155,243.49907,MaxDS_Even,1923,5
6/30/1923,3,39.1726525,227.41685,MaxDS_Even,1923,6
7/31/1923,3,31.4186575,310.07623,MaxDS_Even,1923,7
8/31/1923,3,28.8161175,596.78375,MaxDS_Even,1923,8
9/30/1923,3,57.175276,733.81866,MaxDS_Even,1923,9
10/31/1923,3,116.2890925,1726.5835,MaxDS_Even,1923,10
11/30/1923,3,183.4953814,1584.69,MaxDS_Even,1923,11
12/31/1923,3,160.2526624,1774.7866,MaxDS_Even,1923,12
1/31/1924,3,204.301966,1697.4409,MaxDS_Even,1924,1
2/29/1924,5,160.181344,1427.1915,MaxDS_Even,1924,2
3/31/1924,5,110.1503778,765.7097,MaxDS_Even,1924,3
4/30/1924,5,76.4556172,359.95172,MaxDS_Even,1924,4
5/31/1924,5,73.1116666,483.53455,MaxDS_Even,1924,5
6/30/1924,5,76.6179817,911.3157,MaxDS_Even,1924,6
7/31/1924,5,156.9992193,1573.6207,MaxDS_Even,1924,7
8/31/1924,5,213.6522745,1522.4862,MaxDS_Even,1924,8
9/30/1924,5,169.8176101,1351.3458,MaxDS_Even,1924,9
10/31/1924,5,168.0877086,1392.2511,MaxDS_Even,1924,10
11/30/1924,5,184.4106475,2105.3525,MaxDS_Even,1924,11
12/31/1924,5,217.296085,2265.8374,MaxDS_Even,1924,12
1/31/1925,5,202.733098,1479.4683,MaxDS_Even,1925,1
2/28/1925,5,109.6247181,846.4194,MaxDS_Even,1925,2
3/31/1925,4,62.06813605,384.67072,MaxDS_Even,1925,3
4/30/1925,4,28.8814455,245.2844,MaxDS_Even,1925,4
5/31/1925,4,29.12088,245.26549,MaxDS_Even,1925,5
6/30/1925,4,37.511416,242.06067,MaxDS_Even,1925,6
7/31/1925,4,35.41023355,289.39603,MaxDS_Even,1925,7
8/31/1925,4,31.6958485,542.245,MaxDS_Even,1925,8
9/30/1925,4,70.4669464,951.0395,MaxDS_Even,1925,9
10/31/1925,4,134.2793071,1797.6809,MaxDS_Even,1925,10
11/30/1925,4,189.3668089,1832.5142,MaxDS_Even,1925,11
12/31/1925,4,186.858427,1823.1362,MaxDS_Even,1925,12
1/31/1926,4,197.735452,1597.1489,MaxDS_Even,1926,1
2/28/1926,5,132.5233309,931.4707,MaxDS_Even,1926,2
3/31/1926,4,58.04702545,317.30655,MaxDS_Even,1926,3
4/30/1926,5,54.67045945,245.27676,MaxDS_Even,1926,4
5/31/1926,4,40.3478785,246.22237,MaxDS_Even,1926,5
6/30/1926,4,25.926942,250.41753,MaxDS_Even,1926,6
7/31/1926,4,24.748734,347.19083,MaxDS_Even,1926,7
8/31/1926,4,38.2460206,720.66437,MaxDS_Even,1926,8
9/30/1926,4,80.4645526,1060.8912,MaxDS_Even,1926,9
10/31/1926,4,128.617195,1762.705,MaxDS_Even,1926,10
11/30/1926,4,170.2478404,1779.2474,MaxDS_Even,1926,11
12/31/1926,4,129.1738,1001.6601,MaxDS_Even,1926,12
1/31/1927,4,49.8146095,423.41766,MaxDS_Even,1927,1
2/28/1927,3,29.6613645,304.04996,MaxDS_Even,1927,2
3/31/1927,2,27.2593275,238.88855,MaxDS_Even,1927,3
4/30/1927,2,26.8152975,227.77855,MaxDS_Even,1927,4
5/31/1927,1,36.8460835,219.30034,MaxDS_Even,1927,5
6/30/1927,1,25.8527595,223.36067,MaxDS_Even,1927,6
7/31/1927,1,24.1595055,203.56459,MaxDS_Even,1927,7
8/31/1927,1,17.304165,230.55472,MaxDS_Even,1927,8
9/30/1927,1,17.892711,255.18054,MaxDS_Even,1927,9
10/31/1927,1,21.084819,256.74335,MaxDS_Even,1927,10
11/30/1927,1,20.5509105,224.61644,MaxDS_Even,1927,11
12/31/1927,1,18.2156295,381.31805,MaxDS_Even,1927,12
1/31/1928,1,150.1220695,1141.7009,MaxDS_Even,1928,1
2/29/1928,3,142.491109,827.93365,MaxDS_Even,1928,2
3/31/1928,3,44.55514255,289.5263,MaxDS_Even,1928,3
4/30/1928,2,26.6143575,239.72173,MaxDS_Even,1928,4
5/31/1928,2,27.5652645,225.63474,MaxDS_Even,1928,5
6/30/1928,2,26.2471005,233.80202,MaxDS_Even,1928,6
7/31/1928,2,25.206327,229.2155,MaxDS_Even,1928,7
8/31/1928,2,16.754979,252.1049,MaxDS_Even,1928,8
9/30/1928,2,19.4654685,309.31195,MaxDS_Even,1928,9
10/31/1928,2,23.3818155,286.5257,MaxDS_Even,1928,10
11/30/1928,2,20.1918735,261.37143,MaxDS_Even,1928,11
12/31/1928,2,20.91459,354.72427,MaxDS_Even,1928,12
1/31/1929,2,113.5428325,926.84064,MaxDS_Even,1929,1
2/28/1929,4,174.6895369,1520.1576,MaxDS_Even,1929,2
3/31/1929,4,116.1435544,667.7799,MaxDS_Even,1929,3
4/30/1929,5,52.9256011,299.82587,MaxDS_Even,1929,4
5/31/1929,5,58.5317278,337.78647,MaxDS_Even,1929,5
6/30/1929,5,60.0404665,588.36523,MaxDS_Even,1929,6
7/31/1929,5,112.6634194,1238.0636,MaxDS_Even,1929,7
8/31/1929,5,190.980097,1744.015,MaxDS_Even,1929,8
9/30/1929,5,201.6045835,1682.807,MaxDS_Even,1929,9
10/31/1929,5,200.8601065,1886.69,MaxDS_Even,1929,10
11/30/1929,5,221.761713,1984.0044,MaxDS_Even,1929,11
12/31/1929,5,207.4573435,2045.7566,MaxDS_Even,1929,12
1/31/1930,5,175.2405075,1088.5109,MaxDS_Even,1930,1
2/28/1930,4,42.49246645,316.24255,MaxDS_Even,1930,2
3/31/1930,4,37.074568,240.07205,MaxDS_Even,1930,3
4/30/1930,4,30.1308195,237.39134,MaxDS_Even,1930,4
5/31/1930,4,32.6277073,246.41498,MaxDS_Even,1930,5
6/30/1930,4,42.5508373,287.2059,MaxDS_Even,1930,6
7/31/1930,4,31.09939195,394.95343,MaxDS_Even,1930,7
8/31/1930,4,39.4583365,574.9574,MaxDS_Even,1930,8
9/30/1930,4,68.5778296,907.3543,MaxDS_Even,1930,9
10/31/1930,4,134.7740215,1732.0599,MaxDS_Even,1930,10
11/30/1930,4,203.166184,2004.8267,MaxDS_Even,1930,11
12/31/1930,4,223.8584095,1961.5876,MaxDS_Even,1930,12
1/31/1931,4,205.7156401,1681.688,MaxDS_Even,1931,1
2/28/1931,5,195.0360175,1409.7919,MaxDS_Even,1931,2
3/31/1931,5,108.2758615,738.7379,MaxDS_Even,1931,3
4/30/1931,5,96.15639895,641.8632,MaxDS_Even,1931,4
5/31/1931,5,88.5375025,764.65955,MaxDS_Even,1931,5
6/30/1931,5,104.1642663,1273.1724,MaxDS_Even,1931,6
7/31/1931,5,156.6848785,1322.9941,MaxDS_Even,1931,7
8/31/1931,5,128.746699,1387.2399,MaxDS_Even,1931,8
9/30/1931,5,165.9956005,1677.4296,MaxDS_Even,1931,9
10/31/1931,5,199.7913138,1997.5311,MaxDS_Even,1931,10
11/30/1931,5,228.3600985,1754.2472,MaxDS_Even,1931,11
12/31/1931,5,197.7032185,2327.8323,MaxDS_Even,1931,12
1/31/1932,5,188.4305583,1002.29236,MaxDS_Even,1932,1
2/29/1932,4,38.39113975,281.13004,MaxDS_Even,1932,2
3/31/1932,4,43.00409845,249.58997,MaxDS_Even,1932,3
4/30/1932,5,32.0791222,246.98059,MaxDS_Even,1932,4
5/31/1932,5,37.2460867,283.60526,MaxDS_Even,1932,5
6/30/1932,5,32.05462075,281.79535,MaxDS_Even,1932,6
7/31/1932,5,44.4491995,413.53146,MaxDS_Even,1932,7
8/31/1932,5,67.4831104,962.7261,MaxDS_Even,1932,8
9/30/1932,5,130.98583,1426.9752,MaxDS_Even,1932,9
10/31/1932,5,191.0143455,2139.7793,MaxDS_Even,1932,10
11/30/1932,5,226.046383,2112.7354,MaxDS_Even,1932,11
12/31/1932,5,213.041491,2244.0286,MaxDS_Even,1932,12
1/31/1933,5,208.559011,1535.754,MaxDS_Even,1933,1
2/28/1933,5,116.3969821,792.1688,MaxDS_Even,1933,2
3/31/1933,5,71.9308603,461.65973,MaxDS_Even,1933,3
4/30/1933,5,55.6650895,359.91476,MaxDS_Even,1933,4
5/31/1933,5,66.7132057,404.84753,MaxDS_Even,1933,5
6/30/1933,5,67.3995655,697.25854,MaxDS_Even,1933,6
7/31/1933,5,108.5622124,1283.5093,MaxDS_Even,1933,7
8/31/1933,5,175.8183336,1761.4236,MaxDS_Even,1933,8
9/30/1933,5,180.7766809,1759.5802,MaxDS_Even,1933,9
10/31/1933,5,191.726532,1670.3911,MaxDS_Even,1933,10
11/30/1933,5,201.9664765,2109.6626,MaxDS_Even,1933,11
12/31/1933,5,225.3192711,1920.1752,MaxDS_Even,1933,12
1/31/1934,5,222.903574,1422.5278,MaxDS_Even,1934,1
2/28/1934,5,97.9925485,547.8406,MaxDS_Even,1934,2
3/31/1934,5,41.67434545,289.66965,MaxDS_Even,1934,3
4/30/1934,5,28.94145,269.67426,MaxDS_Even,1934,4
5/31/1934,5,46.848073,382.20267,MaxDS_Even,1934,5
6/30/1934,5,57.345136,922.6304,MaxDS_Even,1934,6
7/31/1934,5,131.1144049,1450.7418,MaxDS_Even,1934,7
8/31/1934,5,152.5325596,1576.3271,MaxDS_Even,1934,8
9/30/1934,5,164.2263205,1678.3165,MaxDS_Even,1934,9
10/31/1934,5,193.0290019,1944.0704,MaxDS_Even,1934,10
11/30/1934,5,226.6735825,2154.0176,MaxDS_Even,1934,11
12/31/1934,5,226.0905295,1833.702,MaxDS_Even,1934,12
1/31/1935,5,183.3815838,1614.5961,MaxDS_Even,1935,1
2/28/1935,4,114.0363214,605.8123,MaxDS_Even,1935,2
3/31/1935,4,39.80825095,248.7296,MaxDS_Even,1935,3
4/30/1935,4,29.1662025,255.51741,MaxDS_Even,1935,4
5/31/1935,3,27.199887,236.4103,MaxDS_Even,1935,5
6/30/1935,3,32.0745109,229.49075,MaxDS_Even,1935,6
7/31/1935,3,25.1625645,292.89417,MaxDS_Even,1935,7
8/31/1935,3,30.5237575,717.16644,MaxDS_Even,1935,8
9/30/1935,3,84.50311945,1272.7628,MaxDS_Even,1935,9
10/31/1935,3,144.5290414,1747.4164,MaxDS_Even,1935,10
11/30/1935,3,150.3624385,1658.3868,MaxDS_Even,1935,11
12/31/1935,3,156.746239,1780.7402,MaxDS_Even,1935,12
1/31/1936,3,174.7348975,1531.4547,MaxDS_Even,1936,1
2/29/1936,3,89.2137676,502.75934,MaxDS_Even,1936,2
3/31/1936,2,42.6693574,227.26755,MaxDS_Even,1936,3
4/30/1936,3,29.122998,228.72571,MaxDS_Even,1936,4
5/31/1936,3,29.3311755,206.0375,MaxDS_Even,1936,5
6/30/1936,3,29.92083,240.33717,MaxDS_Even,1936,6
7/31/1936,3,32.339806,380.35803,MaxDS_Even,1936,7
8/31/1936,3,35.5390963,734.40027,MaxDS_Even,1936,8
9/30/1936,3,84.20472445,1322.397,MaxDS_Even,1936,9
10/31/1936,3,160.6536346,1741.2837,MaxDS_Even,1936,10
11/30/1936,3,154.6051594,1735.8196,MaxDS_Even,1936,11
12/31/1936,3,164.222245,1779.1677,MaxDS_Even,1936,12
1/31/1937,3,171.8975145,1339.8945,MaxDS_Even,1937,1
2/28/1937,4,120.3004105,948.7715,MaxDS_Even,1937,2
3/31/1937,4,77.5192429,383.57642,MaxDS_Even,1937,3
4/30/1937,4,43.4143588,243.18588,MaxDS_Even,1937,4
5/31/1937,3,32.24109625,219.16327,MaxDS_Even,1937,5
6/30/1937,3,25.8454005,235.4496,MaxDS_Even,1937,6
7/31/1937,3,25.729455,296.11166,MaxDS_Even,1937,7
8/31/1937,3,31.0207975,704.8842,MaxDS_Even,1937,8
9/30/1937,3,81.780238,1220.4495,MaxDS_Even,1937,9
10/31/1937,3,143.571373,1726.5966,MaxDS_Even,1937,10
11/30/1937,3,157.9354699,1681.4329,MaxDS_Even,1937,11
12/31/1937,3,135.8700631,1194.279,MaxDS_Even,1937,12
1/31/1938,3,45.0958588,286.14783,MaxDS_Even,1938,1
2/28/1938,2,26.39127,209.06815,MaxDS_Even,1938,2
3/31/1938,1,24.341034,214.09218,MaxDS_Even,1938,3
4/30/1938,1,15.394794,183.70764,MaxDS_Even,1938,4
5/31/1938,1,15.961602,173.52467,MaxDS_Even,1938,5
6/30/1938,1,14.1031305,176.06436,MaxDS_Even,1938,6
7/31/1938,1,19.041678,188.94069,MaxDS_Even,1938,7
8/31/1938,1,18.728415,220.60168,MaxDS_Even,1938,8
9/30/1938,1,15.80274,266.4617,MaxDS_Even,1938,9
10/31/1938,1,16.4721225,284.60254,MaxDS_Even,1938,10
11/30/1938,1,18.7632,228.58922,MaxDS_Even,1938,11
12/31/1938,1,19.7689455,363.67145,MaxDS_Even,1938,12
1/31/1939,1,158.305759,1526.354,MaxDS_Even,1939,1
2/28/1939,4,198.5185921,1523.2375,MaxDS_Even,1939,2
3/31/1939,4,131.2267405,791.6421,MaxDS_Even,1939,3
4/30/1939,4,95.167714,506.81244,MaxDS_Even,1939,4
5/31/1939,4,82.5840463,363.02747,MaxDS_Even,1939,5
6/30/1939,4,66.2784895,317.9012,MaxDS_Even,1939,6
7/31/1939,4,52.6032775,446.06253,MaxDS_Even,1939,7
8/31/1939,4,57.14242975,788.4826,MaxDS_Even,1939,8
9/30/1939,4,82.6287115,1177.9697,MaxDS_Even,1939,9
10/31/1939,4,141.247426,1881.0757,MaxDS_Even,1939,10
11/30/1939,4,195.184702,1995.1769,MaxDS_Even,1939,11
12/31/1939,4,215.3512165,2020.0677,MaxDS_Even,1939,12
1/31/1940,4,219.8985996,1828.1993,MaxDS_Even,1940,1
2/29/1940,4,126.5141515,550.1331,MaxDS_Even,1940,2
3/31/1940,2,54.97591675,236.13101,MaxDS_Even,1940,3
4/30/1940,2,37.6197046,224.68887,MaxDS_Even,1940,4
5/31/1940,2,31.018432,217.33195,MaxDS_Even,1940,5
6/30/1940,2,25.2859155,221.63916,MaxDS_Even,1940,6
7/31/1940,2,25.123494,222.21115,MaxDS_Even,1940,7
8/31/1940,2,16.408092,263.85556,MaxDS_Even,1940,8
9/30/1940,2,18.793794,306.89972,MaxDS_Even,1940,9
10/31/1940,2,22.514067,282.57077,MaxDS_Even,1940,10
11/30/1940,2,20.202216,229.15222,MaxDS_Even,1940,11
12/31/1940,2,17.8402635,358.80035,MaxDS_Even,1940,12
1/31/1941,2,46.6930501,402.2268,MaxDS_Even,1941,1
2/28/1941,1,40.14362755,227.02536,MaxDS_Even,1941,2
3/31/1941,1,35.982676,212.32433,MaxDS_Even,1941,3
4/30/1941,1,27.717147,213.41844,MaxDS_Even,1941,4
5/31/1941,1,25.564119,191.12189,MaxDS_Even,1941,5
6/30/1941,1,19.339833,190.74095,MaxDS_Even,1941,6
7/31/1941,1,18.142557,179.78056,MaxDS_Even,1941,7
8/31/1941,1,18.540774,224.60619,MaxDS_Even,1941,8
9/30/1941,1,17.1721305,251.50276,MaxDS_Even,1941,9
10/31/1941,1,17.717865,302.95627,MaxDS_Even,1941,10
11/30/1941,1,18.988731,230.66249,MaxDS_Even,1941,11
12/31/1941,1,18.8002755,338.24805,MaxDS_Even,1941,12
1/31/1942,1,37.887844,348.05508,MaxDS_Even,1942,1
2/28/1942,1,36.70128355,209.72868,MaxDS_Even,1942,2
3/31/1942,1,26.7781725,218.3645,MaxDS_Even,1942,3
4/30/1942,1,27.5270775,211.50038,MaxDS_Even,1942,4
5/31/1942,1,28.923435,217.54959,MaxDS_Even,1942,5
6/30/1942,1,23.4226725,202.25482,MaxDS_Even,1942,6
7/31/1942,1,19.2361455,182.83963,MaxDS_Even,1942,7
8/31/1942,1,17.8804455,241.13004,MaxDS_Even,1942,8
9/30/1942,1,17.3239125,273.6816,MaxDS_Even,1942,9
10/31/1942,1,18.2303415,278.9047,MaxDS_Even,1942,10
11/30/1942,1,17.6769375,223.87582,MaxDS_Even,1942,11
12/31/1942,1,17.92917,295.61954,MaxDS_Even,1942,12
1/31/1943,1,45.83846905,394.2074,MaxDS_Even,1943,1
2/28/1943,1,42.57065905,234.09843,MaxDS_Even,1943,2
3/31/1943,1,26.655624,218.78433,MaxDS_Even,1943,3
4/30/1943,1,23.413911,194.00273,MaxDS_Even,1943,4
5/31/1943,1,18.0979815,210.65733,MaxDS_Even,1943,5
6/30/1943,1,21.5509875,219.81607,MaxDS_Even,1943,6
7/31/1943,1,22.958853,216.40746,MaxDS_Even,1943,7
8/31/1943,1,14.61195,233.24281,MaxDS_Even,1943,8
9/30/1943,1,18.291264,255.65508,MaxDS_Even,1943,9
10/31/1943,1,19.666266,263.49908,MaxDS_Even,1943,10
11/30/1943,1,18.3306015,228.75772,MaxDS_Even,1943,11
12/31/1943,1,15.9124125,360.02493,MaxDS_Even,1943,12
1/31/1944,1,113.8453429,1423.1998,MaxDS_Even,1944,1
2/29/1944,4,171.58522,1353.5513,MaxDS_Even,1944,2
3/31/1944,4,85.6021621,356.11066,MaxDS_Even,1944,3
4/30/1944,4,30.4180225,238.83064,MaxDS_Even,1944,4
5/31/1944,4,37.00708,250.65599,MaxDS_Even,1944,5
6/30/1944,4,48.2403208,291.32272,MaxDS_Even,1944,6
7/31/1944,4,35.70211345,372.78522,MaxDS_Even,1944,7
8/31/1944,4,41.59681405,676.40094,MaxDS_Even,1944,8
9/30/1944,4,86.2334086,1275.6351,MaxDS_Even,1944,9
10/31/1944,4,150.229258,1869.5554,MaxDS_Even,1944,10
11/30/1944,4,196.9747585,1838.8933,MaxDS_Even,1944,11
12/31/1944,4,173.8209595,1731.8938,MaxDS_Even,1944,12
1/31/1945,4,157.653679,1024.682,MaxDS_Even,1945,1
2/28/1945,4,79.707661,641.30115,MaxDS_Even,1945,2
3/31/1945,4,48.94161745,302.071,MaxDS_Even,1945,3
4/30/1945,3,39.6832015,243.1594,MaxDS_Even,1945,4
5/31/1945,4,30.406195,240.35628,MaxDS_Even,1945,5
6/30/1945,4,30.1944945,273.45093,MaxDS_Even,1945,6
7/31/1945,4,31.7948689,431.76263,MaxDS_Even,1945,7
8/31/1945,4,52.19895655,857.22876,MaxDS_Even,1945,8
9/30/1945,4,84.8061058,1306.6044,MaxDS_Even,1945,9
10/31/1945,4,129.069262,1745.1953,MaxDS_Even,1945,10
11/30/1945,4,162.4825651,1736.8197,MaxDS_Even,1945,11
12/31/1945,4,153.6523816,1808.0276,MaxDS_Even,1945,12
1/31/1946,4,79.6056538,471.25604,MaxDS_Even,1946,1
2/28/1946,2,25.4758395,196.06435,MaxDS_Even,1946,2
3/31/1946,2,26.516226,218.05675,MaxDS_Even,1946,3
4/30/1946,2,28.856676,237.29553,MaxDS_Even,1946,4
5/31/1946,3,28.9498575,237.18628,MaxDS_Even,1946,5
6/30/1946,3,27.14124,255.41933,MaxDS_Even,1946,6
7/31/1946,3,28.5364155,375.6672,MaxDS_Even,1946,7
8/31/1946,3,41.90319475,769.6889,MaxDS_Even,1946,8
9/30/1946,3,89.2025785,1339.8302,MaxDS_Even,1946,9
10/31/1946,3,152.1435916,1706.5685,MaxDS_Even,1946,10
11/30/1946,3,144.4983241,1729.559,MaxDS_Even,1946,11
12/31/1946,3,157.776799,1741.798,MaxDS_Even,1946,12
1/31/1947,3,221.3242266,1531.1378,MaxDS_Even,1947,1
2/28/1947,4,188.2685785,1403.2104,MaxDS_Even,1947,2
3/31/1947,4,148.5145555,697.87897,MaxDS_Even,1947,3
4/30/1947,5,47.4336454,274.73544,MaxDS_Even,1947,4
5/31/1947,5,35.569141,277.75598,MaxDS_Even,1947,5
6/30/1947,5,36.2566237,413.36493,MaxDS_Even,1947,6
7/31/1947,5,48.39304945,466.00766,MaxDS_Even,1947,7
8/31/1947,5,49.18525255,696.42535,MaxDS_Even,1947,8
9/30/1947,5,84.027178,1136.2279,MaxDS_Even,1947,9
10/31/1947,5,145.64509,1898.639,MaxDS_Even,1947,10
11/30/1947,5,207.8190085,2175.3245,MaxDS_Even,1947,11
12/31/1947,5,202.420168,2223.4993,MaxDS_Even,1947,12
1/31/1948,5,225.6821673,1620.4211,MaxDS_Even,1948,1
2/29/1948,5,142.8893538,1182.1042,MaxDS_Even,1948,2
3/31/1948,5,93.1297702,602.13403,MaxDS_Even,1948,3
4/30/1948,5,52.8470608,368.4123,MaxDS_Even,1948,4
5/31/1948,3,31.747405,245.30344,MaxDS_Even,1948,5
6/30/1948,3,26.845185,222.31744,MaxDS_Even,1948,6
7/31/1948,3,22.209972,244.5692,MaxDS_Even,1948,7
8/31/1948,3,32.0890972,760.20795,MaxDS_Even,1948,8
9/30/1948,3,98.9447905,1283.1941,MaxDS_Even,1948,9
10/31/1948,3,142.170484,1663.2109,MaxDS_Even,1948,10
11/30/1948,3,160.0369801,1716.5851,MaxDS_Even,1948,11
12/31/1948,3,176.966761,1774.653,MaxDS_Even,1948,12
1/31/1949,3,220.973383,1490.6489,MaxDS_Even,1949,1
2/28/1949,5,162.1185916,1242.1356,MaxDS_Even,1949,2
3/31/1949,5,130.9173445,637.1117,MaxDS_Even,1949,3
4/30/1949,4,39.85366,250.82253,MaxDS_Even,1949,4
5/31/1949,4,27.1661355,241.81764,MaxDS_Even,1949,5
6/30/1949,4,27.640764,274.77652,MaxDS_Even,1949,6
7/31/1949,4,25.490808,400.42703,MaxDS_Even,1949,7
8/31/1949,4,34.9556842,634.1182,MaxDS_Even,1949,8
9/30/1949,4,65.5869028,997.1019,MaxDS_Even,1949,9
10/31/1949,4,133.521076,1879.1469,MaxDS_Even,1949,10
11/30/1949,4,180.794368,1828.4695,MaxDS_Even,1949,11
12/31/1949,4,172.722484,1802.2734,MaxDS_Even,1949,12
1/31/1950,4,197.0522215,1706.2166,MaxDS_Even,1950,1
2/28/1950,4,117.2256595,649.7991,MaxDS_Even,1950,2
3/31/1950,4,40.189504,259.45505,MaxDS_Even,1950,3
4/30/1950,4,26.9617995,242.71854,MaxDS_Even,1950,4
5/31/1950,4,28.02132,244.7207,MaxDS_Even,1950,5
6/30/1950,4,26.142819,260.0869,MaxDS_Even,1950,6
7/31/1950,4,25.426425,333.88522,MaxDS_Even,1950,7
8/31/1950,4,49.7560021,966.0024,MaxDS_Even,1950,8
9/30/1950,4,113.1506554,1443.5347,MaxDS_Even,1950,9
10/31/1950,4,143.903227,1768.5289,MaxDS_Even,1950,10
11/30/1950,4,164.074749,1716.4948,MaxDS_Even,1950,11
12/31/1950,4,56.90601655,513.584,MaxDS_Even,1950,12
1/31/1951,4,28.336647,187.60678,MaxDS_Even,1951,1
2/28/1951,1,24.972093,192.97878,MaxDS_Even,1951,2
3/31/1951,1,25.206477,199.6572,MaxDS_Even,1951,3
4/30/1951,1,23.8897365,222.06294,MaxDS_Even,1951,4
5/31/1951,1,26.566974,242.25641,MaxDS_Even,1951,5
6/30/1951,1,27.781206,266.602,MaxDS_Even,1951,6
7/31/1951,1,28.641075,214.09381,MaxDS_Even,1951,7
8/31/1951,1,16.712466,234.2551,MaxDS_Even,1951,8
9/30/1951,1,18.904995,266.90536,MaxDS_Even,1951,9
10/31/1951,1,19.900143,262.73447,MaxDS_Even,1951,10
11/30/1951,1,18.5804835,224.91182,MaxDS_Even,1951,11
12/31/1951,1,16.9498965,382.965,MaxDS_Even,1951,12
1/31/1952,1,41.2577353,401.01086,MaxDS_Even,1952,1
2/29/1952,1,41.081668,225.01822,MaxDS_Even,1952,2
3/31/1952,1,29.175885,234.49187,MaxDS_Even,1952,3
4/30/1952,1,30.5278672,216.24023,MaxDS_Even,1952,4
5/31/1952,1,25.468872,206.79814,MaxDS_Even,1952,5
6/30/1952,1,18.72327,181.65265,MaxDS_Even,1952,6
7/31/1952,1,16.88256,176.6709,MaxDS_Even,1952,7
8/31/1952,1,18.5716455,221.90685,MaxDS_Even,1952,8
9/30/1952,1,16.940478,263.99323,MaxDS_Even,1952,9
10/31/1952,1,18.5087565,281.4072,MaxDS_Even,1952,10
11/30/1952,1,19.1805795,223.51091,MaxDS_Even,1952,11
12/31/1952,1,19.5430875,321.8627,MaxDS_Even,1952,12
1/31/1953,1,36.0505915,381.2949,MaxDS_Even,1953,1
2/28/1953,1,26.0701335,210.55928,MaxDS_Even,1953,2
3/31/1953,2,24.8193195,224.88498,MaxDS_Even,1953,3
4/30/1953,2,27.6162,243.2778,MaxDS_Even,1953,4
5/31/1953,2,29.727195,239.93752,MaxDS_Even,1953,5
6/30/1953,2,27.304509,223.96277,MaxDS_Even,1953,6
7/31/1953,2,23.159802,229.11575,MaxDS_Even,1953,7
8/31/1953,2,20.76249,291.01273,MaxDS_Even,1953,8
9/30/1953,2,20.9117205,354.6988,MaxDS_Even,1953,9
10/31/1953,2,18.492345,359.846,MaxDS_Even,1953,10
11/30/1953,2,19.492536,234.52483,MaxDS_Even,1953,11
12/31/1953,2,17.753313,321.9154,MaxDS_Even,1953,12
1/31/1954,2,89.1269566,1272.0609,MaxDS_Even,1954,1
2/28/1954,3,145.4702511,1128.4148,MaxDS_Even,1954,2
3/31/1954,3,45.055309,290.24634,MaxDS_Even,1954,3
4/30/1954,2,24.93207,241.16043,MaxDS_Even,1954,4
5/31/1954,2,27.842766,231.8058,MaxDS_Even,1954,5
6/30/1954,2,26.381421,233.87903,MaxDS_Even,1954,6
7/31/1954,2,24.541683,224.20311,MaxDS_Even,1954,7
8/31/1954,2,16.98474,269.0081,MaxDS_Even,1954,8
9/30/1954,2,19.2506625,308.8124,MaxDS_Even,1954,9
10/31/1954,2,23.7702855,275.1052,MaxDS_Even,1954,10
11/30/1954,2,20.2700265,257.55286,MaxDS_Even,1954,11
12/31/1954,2,21.959085,438.98172,MaxDS_Even,1954,12
1/31/1955,2,67.77739855,557.39435,MaxDS_Even,1955,1
2/28/1955,3,32.95052395,273.042,MaxDS_Even,1955,2
3/31/1955,4,33.99287725,255.47812,MaxDS_Even,1955,3
4/30/1955,4,34.3802749,297.89444,MaxDS_Even,1955,4
5/31/1955,4,56.9239573,291.6116,MaxDS_Even,1955,5
6/30/1955,4,58.419871,297.81714,MaxDS_Even,1955,6
7/31/1955,4,42.5838346,343.88165,MaxDS_Even,1955,7
8/31/1955,4,32.570029,457.92624,MaxDS_Even,1955,8
9/30/1955,4,61.00517725,994.3518,MaxDS_Even,1955,9
10/31/1955,4,139.3964935,1819.9402,MaxDS_Even,1955,10
11/30/1955,4,195.965887,1898.3209,MaxDS_Even,1955,11
12/31/1955,4,183.225988,1803.511,MaxDS_Even,1955,12
1/31/1956,4,82.09656805,460.40573,MaxDS_Even,1956,1
2/29/1956,1,28.830024,192.65755,MaxDS_Even,1956,2
3/31/1956,1,25.081254,180.99252,MaxDS_Even,1956,3
4/30/1956,1,19.92408,203.94029,MaxDS_Even,1956,4
5/31/1956,1,22.3612845,233.3684,MaxDS_Even,1956,5
6/30/1956,1,22.890078,232.1861,MaxDS_Even,1956,6
7/31/1956,1,21.0570555,176.86293,MaxDS_Even,1956,7
8/31/1956,1,18.724809,229.04651,MaxDS_Even,1956,8
9/30/1956,1,18.973197,257.05182,MaxDS_Even,1956,9
10/31/1956,1,18.804723,305.46338,MaxDS_Even,1956,10
11/30/1956,1,19.10913,230.96397,MaxDS_Even,1956,11
12/31/1956,1,18.267552,349.31113,MaxDS_Even,1956,12
1/31/1957,1,87.98721025,1187.2717,MaxDS_Even,1957,1
2/28/1957,3,173.376559,1734.0665,MaxDS_Even,1957,2
3/31/1957,3,147.6101536,716.00134,MaxDS_Even,1957,3
4/30/1957,3,52.7283583,265.8933,MaxDS_Even,1957,4
5/31/1957,3,32.12315755,240.18947,MaxDS_Even,1957,5
6/30/1957,3,29.44461,251.02145,MaxDS_Even,1957,6
7/31/1957,3,25.8370335,300.8392,MaxDS_Even,1957,7
8/31/1957,3,39.190123,778.3606,MaxDS_Even,1957,8
9/30/1957,3,79.41112705,957.8287,MaxDS_Even,1957,9
10/31/1957,3,121.48051,1672.1671,MaxDS_Even,1957,10
11/30/1957,3,119.9272486,602.7201,MaxDS_Even,1957,11
12/31/1957,3,36.6303385,783.4554,MaxDS_Even,1957,12
1/31/1958,3,95.404549,818.45325,MaxDS_Even,1958,1
2/28/1958,2,32.29906525,257.9005,MaxDS_Even,1958,2
3/31/1958,1,39.3660706,239.84187,MaxDS_Even,1958,3
4/30/1958,1,28.628544,207.71332,MaxDS_Even,1958,4
5/31/1958,1,32.605369,188.73434,MaxDS_Even,1958,5
6/30/1958,1,22.0536645,179.19324,MaxDS_Even,1958,6
7/31/1958,1,18.958095,169.1497,MaxDS_Even,1958,7
8/31/1958,1,17.76456,234.22719,MaxDS_Even,1958,8
9/30/1958,1,16.2146535,262.18024,MaxDS_Even,1958,9
10/31/1958,1,18.436881,291.42587,MaxDS_Even,1958,10
11/30/1958,1,18.783099,224.2157,MaxDS_Even,1958,11
12/31/1958,1,19.282935,320.68475,MaxDS_Even,1958,12
1/31/1959,1,116.4346591,1267.351,MaxDS_Even,1959,1
2/28/1959,3,137.6608293,990.08124,MaxDS_Even,1959,2
3/31/1959,3,49.65494395,268.70892,MaxDS_Even,1959,3
4/30/1959,3,31.0900582,239.65228,MaxDS_Even,1959,4
5/31/1959,3,29.325525,256.953,MaxDS_Even,1959,5
6/30/1959,3,28.1163855,325.51868,MaxDS_Even,1959,6
7/31/1959,3,29.6221845,414.52982,MaxDS_Even,1959,7
8/31/1959,3,43.061677,728.41296,MaxDS_Even,1959,8
9/30/1959,3,83.7375553,1265.6633,MaxDS_Even,1959,9
10/31/1959,3,134.874142,1691.0321,MaxDS_Even,1959,10
11/30/1959,3,124.9356505,1202.0249,MaxDS_Even,1959,11
12/31/1959,3,137.3351455,1652.4602,MaxDS_Even,1959,12
1/31/1960,3,198.5149555,1768.4479,MaxDS_Even,1960,1
2/29/1960,5,171.4635535,1317.9539,MaxDS_Even,1960,2
3/31/1960,4,94.9942345,475.718,MaxDS_Even,1960,3
4/30/1960,4,34.3890415,244.1304,MaxDS_Even,1960,4
5/31/1960,4,32.1610084,255.08171,MaxDS_Even,1960,5
6/30/1960,4,30.31096225,330.68967,MaxDS_Even,1960,6
7/31/1960,4,29.800515,438.157,MaxDS_Even,1960,7
8/31/1960,4,86.1033118,1472.9404,MaxDS_Even,1960,8
9/30/1960,4,150.3496705,1615.7611,MaxDS_Even,1960,9
10/31/1960,4,161.0684065,1789.3541,MaxDS_Even,1960,10
11/30/1960,4,164.814076,1692.4685,MaxDS_Even,1960,11
12/31/1960,4,165.2569945,1698.1692,MaxDS_Even,1960,12
1/31/1961,4,176.21989,1218.9415,MaxDS_Even,1961,1
2/28/1961,4,87.02427505,749.3648,MaxDS_Even,1961,2
3/31/1961,4,54.29856295,413.23358,MaxDS_Even,1961,3
4/30/1961,4,27.6667275,243.34981,MaxDS_Even,1961,4
5/31/1961,4,28.000035,262.06747,MaxDS_Even,1961,5
6/30/1961,4,30.678826,318.9605,MaxDS_Even,1961,6
7/31/1961,4,29.9488545,442.55948,MaxDS_Even,1961,7
8/31/1961,4,52.0063165,858.24066,MaxDS_Even,1961,8
9/30/1961,4,89.0473846,1215.2588,MaxDS_Even,1961,9
10/31/1961,4,144.9079375,1861.5194,MaxDS_Even,1961,10
11/30/1961,4,196.1266555,1825.8107,MaxDS_Even,1961,11
12/31/1961,4,180.125302,1788.8169,MaxDS_Even,1961,12
1/31/1962,4,195.932998,1329.9851,MaxDS_Even,1962,1
2/28/1962,4,107.098897,1002.3133,MaxDS_Even,1962,2
3/31/1962,3,94.496197,448.50082,MaxDS_Even,1962,3
4/30/1962,3,44.431786,241.5936,MaxDS_Even,1962,4
5/31/1962,3,28.9598925,242.6912,MaxDS_Even,1962,5
6/30/1962,3,26.508285,272.69727,MaxDS_Even,1962,6
7/31/1962,3,27.13044,368.55698,MaxDS_Even,1962,7
8/31/1962,3,40.98797995,772.2429,MaxDS_Even,1962,8
9/30/1962,3,89.84637355,1298.046,MaxDS_Even,1962,9
10/31/1962,3,170.728282,1730.5718,MaxDS_Even,1962,10
11/30/1962,3,91.0899055,741.4571,MaxDS_Even,1962,11
12/31/1962,3,19.0868985,386.8278,MaxDS_Even,1962,12
1/31/1963,3,41.295304,472.49048,MaxDS_Even,1963,1
2/28/1963,2,24.5486625,275.31537,MaxDS_Even,1963,2
3/31/1963,3,29.5438245,256.521,MaxDS_Even,1963,3
4/30/1963,2,27.635106,239.82845,MaxDS_Even,1963,4
5/31/1963,1,28.249335,219.74046,MaxDS_Even,1963,5
6/30/1963,1,25.646976,214.26031,MaxDS_Even,1963,6
7/31/1963,1,23.1356055,215.2705,MaxDS_Even,1963,7
8/31/1963,1,20.7260175,250.19234,MaxDS_Even,1963,8
9/30/1963,1,18.31599,246.84383,MaxDS_Even,1963,9
10/31/1963,1,17.933052,265.0145,MaxDS_Even,1963,10
11/30/1963,1,17.830185,212.61382,MaxDS_Even,1963,11
12/31/1963,1,15.9214845,247.09683,MaxDS_Even,1963,12
1/31/1964,1,61.0999027,721.9556,MaxDS_Even,1964,1
2/29/1964,3,108.4178856,842.29443,MaxDS_Even,1964,2
3/31/1964,3,40.5859219,324.09494,MaxDS_Even,1964,3
4/30/1964,4,35.7433045,324.4032,MaxDS_Even,1964,4
5/31/1964,4,41.0336512,324.8384,MaxDS_Even,1964,5
6/30/1964,4,45.63449455,313.54517,MaxDS_Even,1964,6
7/31/1964,4,33.6751051,369.25998,MaxDS_Even,1964,7
8/31/1964,4,42.2486575,751.99567,MaxDS_Even,1964,8
9/30/1964,4,79.1823547,1070.6825,MaxDS_Even,1964,9
10/31/1964,4,133.342096,1795.8827,MaxDS_Even,1964,10
11/30/1964,4,179.8968745,1611.2164,MaxDS_Even,1964,11
12/31/1964,4,162.9117694,1738.5249,MaxDS_Even,1964,12
1/31/1965,4,65.3990821,440.5099,MaxDS_Even,1965,1
2/28/1965,1,23.389263,203.57333,MaxDS_Even,1965,2
3/31/1965,1,26.8685025,214.04398,MaxDS_Even,1965,3
4/30/1965,1,28.1760825,225.17317,MaxDS_Even,1965,4
5/31/1965,1,27.9920925,221.90237,MaxDS_Even,1965,5
6/30/1965,1,23.1268935,215.27689,MaxDS_Even,1965,6
7/31/1965,1,22.8699945,211.05064,MaxDS_Even,1965,7
8/31/1965,1,18.4829265,241.8965,MaxDS_Even,1965,8
9/30/1965,1,19.236705,253.3412,MaxDS_Even,1965,9
10/31/1965,1,19.222005,287.97174,MaxDS_Even,1965,10
11/30/1965,1,19.0761435,259.55136,MaxDS_Even,1965,11
12/31/1965,1,22.360998,251.17772,MaxDS_Even,1965,12
1/31/1966,1,49.0499032,503.4466,MaxDS_Even,1966,1
2/28/1966,2,66.99690895,452.22028,MaxDS_Even,1966,2
3/31/1966,3,30.87734275,233.63301,MaxDS_Even,1966,3
4/30/1966,3,30.073581,236.56064,MaxDS_Even,1966,4
5/31/1966,3,30.61639105,262.87247,MaxDS_Even,1966,5
6/30/1966,3,29.755527,313.7286,MaxDS_Even,1966,6
7/31/1966,3,29.936586,397.32034,MaxDS_Even,1966,7
8/31/1966,3,39.7282942,684.5927,MaxDS_Even,1966,8
9/30/1966,3,71.7232834,1145.3398,MaxDS_Even,1966,9
10/31/1966,3,132.8702785,1784.2329,MaxDS_Even,1966,10
11/30/1966,3,174.5041045,1686.3108,MaxDS_Even,1966,11
12/31/1966,3,163.352767,1737.6274,MaxDS_Even,1966,12
1/31/1967,3,103.7731465,560.0154,MaxDS_Even,1967,1
2/28/1967,2,30.7858891,223.53267,MaxDS_Even,1967,2
3/31/1967,2,27.260124,234.63782,MaxDS_Even,1967,3
4/30/1967,2,30.0956445,230.53217,MaxDS_Even,1967,4
5/31/1967,1,27.5243955,216.46304,MaxDS_Even,1967,5
6/30/1967,1,20.379396,199.11116,MaxDS_Even,1967,6
7/31/1967,1,17.215317,174.22531,MaxDS_Even,1967,7
8/31/1967,1,17.718414,214.73817,MaxDS_Even,1967,8
9/30/1967,1,18.323442,257.41476,MaxDS_Even,1967,9
10/31/1967,1,18.33888,263.738,MaxDS_Even,1967,10
11/30/1967,1,19.732755,227.56976,MaxDS_Even,1967,11
12/31/1967,1,19.555371,357.11584,MaxDS_Even,1967,12
1/31/1968,1,162.776896,1490.629,MaxDS_Even,1968,1
2/29/1968,3,160.0194925,955.7037,MaxDS_Even,1968,2
3/31/1968,3,41.0784475,257.85413,MaxDS_Even,1968,3
4/30/1968,3,27.988056,238.03552,MaxDS_Even,1968,4
5/31/1968,3,28.700661,246.3384,MaxDS_Even,1968,5
6/30/1968,3,28.6759275,304.24252,MaxDS_Even,1968,6
7/31/1968,3,27.848715,458.7113,MaxDS_Even,1968,7
8/31/1968,3,37.6334986,748.61096,MaxDS_Even,1968,8
9/30/1968,3,78.4301599,1225.4689,MaxDS_Even,1968,9
10/31/1968,3,136.997278,1655.5121,MaxDS_Even,1968,10
11/30/1968,3,153.165157,1670.3752,MaxDS_Even,1968,11
12/31/1968,3,160.6858681,1729.7954,MaxDS_Even,1968,12
1/31/1969,3,142.4968375,877.36755,MaxDS_Even,1969,1
2/28/1969,1,38.67567805,247.56825,MaxDS_Even,1969,2
3/31/1969,1,15.8052045,190.20207,MaxDS_Even,1969,3
4/30/1969,1,18.4394595,185.52151,MaxDS_Even,1969,4
5/31/1969,1,17.298867,179.98285,MaxDS_Even,1969,5
6/30/1969,1,14.151471,182.36165,MaxDS_Even,1969,6
7/31/1969,1,18.8603145,202.73885,MaxDS_Even,1969,7
8/31/1969,1,18.98544,222.98601,MaxDS_Even,1969,8
9/30/1969,1,14.994291,277.99194,MaxDS_Even,1969,9
10/31/1969,1,19.5926145,253.28008,MaxDS_Even,1969,10
11/30/1969,1,24.13428,235.91438,MaxDS_Even,1969,11
12/31/1969,1,21.8755905,371.33087,MaxDS_Even,1969,12
1/31/1970,1,29.74032,324.4205,MaxDS_Even,1970,1
2/28/1970,1,25.962144,211.26483,MaxDS_Even,1970,2
3/31/1970,1,17.743884,192.73674,MaxDS_Even,1970,3
4/30/1970,1,22.093437,201.81589,MaxDS_Even,1970,4
5/31/1970,1,24.610032,234.28719,MaxDS_Even,1970,5
6/30/1970,1,26.689614,273.1162,MaxDS_Even,1970,6
7/31/1970,1,24.5534595,270.0276,MaxDS_Even,1970,7
8/31/1970,1,19.92639,249.53429,MaxDS_Even,1970,8
9/30/1970,1,20.453445,254.31308,MaxDS_Even,1970,9
10/31/1970,1,20.033436,241.43588,MaxDS_Even,1970,10
11/30/1970,1,18.8135925,217.24005,MaxDS_Even,1970,11
12/31/1970,1,15.555825,235.85849,MaxDS_Even,1970,12
1/31/1971,1,23.704371,237.08788,MaxDS_Even,1971,1
2/28/1971,1,21.904113,214.01118,MaxDS_Even,1971,2
3/31/1971,1,22.939215,234.74368,MaxDS_Even,1971,3
4/30/1971,1,22.9605,238.76918,MaxDS_Even,1971,4
5/31/1971,1,25.460277,233.1664,MaxDS_Even,1971,5
6/30/1971,1,25.91733,232.25491,MaxDS_Even,1971,6
7/31/1971,1,22.5942885,230.19518,MaxDS_Even,1971,7
8/31/1971,1,20.472318,251.2535,MaxDS_Even,1971,8
9/30/1971,1,19.543581,258.6136,MaxDS_Even,1971,9
10/31/1971,1,17.416599,266.23935,MaxDS_Even,1971,10
11/30/1971,1,17.76189,209.7055,MaxDS_Even,1971,11
12/31/1971,1,16.2579345,335.7848,MaxDS_Even,1971,12
1/31/1972,1,48.35135395,563.1044,MaxDS_Even,1972,1
2/29/1972,3,38.0157634,469.05734,MaxDS_Even,1972,2
3/31/1972,3,36.9717913,361.8189,MaxDS_Even,1972,3
4/30/1972,3,32.190295,267.4378,MaxDS_Even,1972,4
5/31/1972,3,30.0597705,266.30148,MaxDS_Even,1972,5
6/30/1972,3,31.9880248,340.66394,MaxDS_Even,1972,6
7/31/1972,3,31.205734,475.31866,MaxDS_Even,1972,7
8/31/1972,3,35.84616955,706.4333,MaxDS_Even,1972,8
9/30/1972,3,55.4342053,812.8719,MaxDS_Even,1972,9
10/31/1972,3,103.3346455,1584.3269,MaxDS_Even,1972,10
11/30/1972,3,159.2609536,1718.4825,MaxDS_Even,1972,11
12/31/1972,3,126.8046235,1262.8002,MaxDS_Even,1972,12
1/31/1973,3,68.6623093,528.3005,MaxDS_Even,1973,1
2/28/1973,2,34.1665135,257.80588,MaxDS_Even,1973,2
3/31/1973,2,24.2847225,239.86421,MaxDS_Even,1973,3
4/30/1973,2,31.4956417,232.02847,MaxDS_Even,1973,4
5/31/1973,2,28.990974,232.7101,MaxDS_Even,1973,5
6/30/1973,2,27.4450695,252.82248,MaxDS_Even,1973,6
7/31/1973,2,26.2141875,219.14574,MaxDS_Even,1973,7
8/31/1973,2,18.024147,254.32823,MaxDS_Even,1973,8
9/30/1973,2,20.2574175,312.1853,MaxDS_Even,1973,9
10/31/1973,2,20.969604,295.20303,MaxDS_Even,1973,10
11/30/1973,2,21.3369645,230.996,MaxDS_Even,1973,11
12/31/1973,2,16.487655,206.04439,MaxDS_Even,1973,12
1/31/1974,2,23.841177,197.55049,MaxDS_Even,1974,1
2/28/1974,1,24.1648545,195.61217,MaxDS_Even,1974,2
3/31/1974,1,21.589965,210.02612,MaxDS_Even,1974,3
4/30/1974,1,25.03989,202.11203,MaxDS_Even,1974,4
5/31/1974,1,22.2042735,187.18312,MaxDS_Even,1974,5
6/30/1974,1,20.718354,203.10329,MaxDS_Even,1974,6
7/31/1974,1,21.9621735,214.83994,MaxDS_Even,1974,7
8/31/1974,1,19.382412,245.29765,MaxDS_Even,1974,8
9/30/1974,1,19.4955375,249.4441,MaxDS_Even,1974,9
10/31/1974,1,17.88057,267.7556,MaxDS_Even,1974,10
11/30/1974,1,18.560628,212.91418,MaxDS_Even,1974,11
12/31/1974,1,18.909567,374.12744,MaxDS_Even,1974,12
1/31/1975,1,169.19464,1476.3242,MaxDS_Even,1975,1
2/28/1975,3,174.9964135,1386.7578,MaxDS_Even,1975,2
3/31/1975,3,82.16318395,409.6491,MaxDS_Even,1975,3
4/30/1975,2,32.2046305,231.1778,MaxDS_Even,1975,4
5/31/1975,2,26.5754925,218.75247,MaxDS_Even,1975,5
6/30/1975,2,24.132759,218.29317,MaxDS_Even,1975,6
7/31/1975,2,21.722937,207.61761,MaxDS_Even,1975,7
8/31/1975,2,17.0526585,255.11801,MaxDS_Even,1975,8
9/30/1975,2,18.8135895,343.57086,MaxDS_Even,1975,9
10/31/1975,2,19.554696,401.38898,MaxDS_Even,1975,10
11/30/1975,2,20.916891,254.79283,MaxDS_Even,1975,11
12/31/1975,2,19.330392,301.2266,MaxDS_Even,1975,12
1/31/1976,2,105.829336,1251.1274,MaxDS_Even,1976,1
2/29/1976,4,202.9969909,1879.9254,MaxDS_Even,1976,2
3/31/1976,4,222.0710463,1311.301,MaxDS_Even,1976,3
4/30/1976,5,131.9978935,752.2669,MaxDS_Even,1976,4
5/31/1976,5,75.41884705,495.66415,MaxDS_Even,1976,5
6/30/1976,5,75.962932,959.9545,MaxDS_Even,1976,6
7/31/1976,5,128.187472,1453.4724,MaxDS_Even,1976,7
8/31/1976,5,118.6543503,1396.1746,MaxDS_Even,1976,8
9/30/1976,5,114.995278,1296.6719,MaxDS_Even,1976,9
10/31/1976,5,160.526593,2097.3728,MaxDS_Even,1976,10
11/30/1976,5,219.5276635,1904.1406,MaxDS_Even,1976,11
12/31/1976,5,219.0865975,2018.3619,MaxDS_Even,1976,12
1/31/1977,5,224.4909556,1493.9541,MaxDS_Even,1977,1
2/28/1977,5,173.774533,1789.0435,MaxDS_Even,1977,2
3/31/1977,5,227.646658,1599.9203,MaxDS_Even,1977,3
4/30/1977,5,133.327504,632.26697,MaxDS_Even,1977,4
5/31/1977,5,83.13263425,538.17346,MaxDS_Even,1977,5
6/30/1977,5,85.868335,1084.2778,MaxDS_Even,1977,6
7/31/1977,5,157.5254005,1624.8384,MaxDS_Even,1977,7
8/31/1977,5,174.1824364,1656.0038,MaxDS_Even,1977,8
9/30/1977,5,139.793869,1479.2478,MaxDS_Even,1977,9
10/31/1977,5,173.4828925,1629.7004,MaxDS_Even,1977,10
11/30/1977,5,207.79846,1994.6633,MaxDS_Even,1977,11
12/31/1977,5,226.585432,1913.6458,MaxDS_Even,1977,12
1/31/1978,5,224.388823,1586.3575,MaxDS_Even,1978,1
2/28/1978,3,80.2082008,461.08234,MaxDS_Even,1978,2
3/31/1978,3,50.0513305,229.51407,MaxDS_Even,1978,3
4/30/1978,2,36.9006724,228.87393,MaxDS_Even,1978,4
5/31/1978,2,26.76519,213.7377,MaxDS_Even,1978,5
6/30/1978,2,22.091886,217.57619,MaxDS_Even,1978,6
7/31/1978,2,22.1116215,206.498,MaxDS_Even,1978,7
8/31/1978,2,18.706671,263.49982,MaxDS_Even,1978,8
9/30/1978,2,20.5008045,312.47614,MaxDS_Even,1978,9
10/31/1978,2,20.9943465,313.1534,MaxDS_Even,1978,10
11/30/1978,2,21.682422,269.83136,MaxDS_Even,1978,11
12/31/1978,2,23.486991,358.5265,MaxDS_Even,1978,12
1/31/1979,2,93.2609101,1127.595,MaxDS_Even,1979,1
2/28/1979,4,109.775446,780.06885,MaxDS_Even,1979,2
3/31/1979,4,47.8226134,255.60777,MaxDS_Even,1979,3
4/30/1979,4,38.4968491,233.6097,MaxDS_Even,1979,4
5/31/1979,4,30.2267077,234.9863,MaxDS_Even,1979,5
6/30/1979,4,27.445395,256.21414,MaxDS_Even,1979,6
7/31/1979,4,28.519656,273.29724,MaxDS_Even,1979,7
8/31/1979,4,38.9045701,571.23096,MaxDS_Even,1979,8
9/30/1979,4,75.966637,897.49286,MaxDS_Even,1979,9
10/31/1979,4,122.8239886,1786.8451,MaxDS_Even,1979,10
11/30/1979,4,186.3990355,1768.6166,MaxDS_Even,1979,11
12/31/1979,4,165.7678,1751.0853,MaxDS_Even,1979,12
1/31/1980,4,176.3127003,1073.5085,MaxDS_Even,1980,1
2/29/1980,2,45.576175,265.7995,MaxDS_Even,1980,2
3/31/1980,1,15.887448,212.96994,MaxDS_Even,1980,3
4/30/1980,1,24.675513,200.8596,MaxDS_Even,1980,4
5/31/1980,2,24.2697195,211.29634,MaxDS_Even,1980,5
6/30/1980,2,24.927813,255.83684,MaxDS_Even,1980,6
7/31/1980,2,25.8748575,234.4314,MaxDS_Even,1980,7
8/31/1980,2,20.405325,237.26735,MaxDS_Even,1980,8
9/30/1980,2,20.574657,301.48755,MaxDS_Even,1980,9
10/31/1980,2,20.3121735,300.94336,MaxDS_Even,1980,10
11/30/1980,2,19.517427,241.09195,MaxDS_Even,1980,11
12/31/1980,2,17.525697,338.61243,MaxDS_Even,1980,12
1/31/1981,2,126.09181,1550.3478,MaxDS_Even,1981,1
2/28/1981,3,159.2893225,815.1555,MaxDS_Even,1981,2
3/31/1981,4,44.166679,260.15903,MaxDS_Even,1981,3
4/30/1981,4,27.77634,240.52246,MaxDS_Even,1981,4
5/31/1981,4,29.18442,256.293,MaxDS_Even,1981,5
6/30/1981,4,43.89426175,308.47983,MaxDS_Even,1981,6
7/31/1981,4,39.8042581,374.33292,MaxDS_Even,1981,7
8/31/1981,4,49.1706064,866.66907,MaxDS_Even,1981,8
9/30/1981,4,90.0852805,1211.3553,MaxDS_Even,1981,9
10/31/1981,4,132.970818,1792.7772,MaxDS_Even,1981,10
11/30/1981,4,179.1378768,1788.2301,MaxDS_Even,1981,11
12/31/1981,4,120.6382495,909.5668,MaxDS_Even,1981,12
1/31/1982,4,26.0310795,213.88675,MaxDS_Even,1982,1
2/28/1982,1,26.353095,203.2673,MaxDS_Even,1982,2
3/31/1982,1,24.156324,200.43747,MaxDS_Even,1982,3
4/30/1982,1,24.568425,181.80112,MaxDS_Even,1982,4
5/31/1982,1,17.7592365,176.25374,MaxDS_Even,1982,5
6/30/1982,1,15.096234,181.3823,MaxDS_Even,1982,6
7/31/1982,1,18.5020425,188.78476,MaxDS_Even,1982,7
8/31/1982,1,18.3985425,247.02618,MaxDS_Even,1982,8
9/30/1982,1,16.6957665,267.32565,MaxDS_Even,1982,9
10/31/1982,1,19.507011,295.0088,MaxDS_Even,1982,10
11/30/1982,1,20.930361,235.51631,MaxDS_Even,1982,11
12/31/1982,1,21.3172605,203.60515,MaxDS_Even,1982,12
1/31/1983,1,21.874464,180.38733,MaxDS_Even,1983,1
2/28/1983,1,16.4388045,178.07686,MaxDS_Even,1983,2
3/31/1983,1,7.616442,194.08824,MaxDS_Even,1983,3
4/30/1983,1,6.6632721,191.7846,MaxDS_Even,1983,4
5/31/1983,1,3.2895795,173.4457,MaxDS_Even,1983,5
6/30/1983,1,6.9168171,168.8442,MaxDS_Even,1983,6
7/31/1983,1,17.378661,181.8091,MaxDS_Even,1983,7
8/31/1983,1,21.1475925,206.9411,MaxDS_Even,1983,8
9/30/1983,1,17.0473665,263.30396,MaxDS_Even,1983,9
10/31/1983,1,17.715093,280.9877,MaxDS_Even,1983,10
11/30/1983,1,19.2572865,260.06458,MaxDS_Even,1983,11
12/31/1983,1,22.779825,198.34001,MaxDS_Even,1983,12
1/31/1984,1,13.633845,190.23077,MaxDS_Even,1984,1
2/29/1984,1,16.4507955,176.03906,MaxDS_Even,1984,2
3/31/1984,1,17.973846,201.04514,MaxDS_Even,1984,3
4/30/1984,1,22.609836,213.7057,MaxDS_Even,1984,4
5/31/1984,1,24.5961135,237.30452,MaxDS_Even,1984,5
6/30/1984,1,24.9608475,266.28674,MaxDS_Even,1984,6
7/31/1984,1,26.9007195,218.69165,MaxDS_Even,1984,7
8/31/1984,1,16.9168125,234.6401,MaxDS_Even,1984,8
9/30/1984,1,19.7454165,257.66223,MaxDS_Even,1984,9
10/31/1984,1,19.750158,281.1314,MaxDS_Even,1984,10
11/30/1984,1,19.874535,225.3967,MaxDS_Even,1984,11
12/31/1984,1,13.8619245,240.92804,MaxDS_Even,1984,12
1/31/1985,1,20.8706865,251.07838,MaxDS_Even,1985,1
2/28/1985,3,27.06597,361.06567,MaxDS_Even,1985,2
3/31/1985,3,35.48909305,445.93228,MaxDS_Even,1985,3
4/30/1985,3,39.26257855,312.60944,MaxDS_Even,1985,4
5/31/1985,4,40.8414016,288.72525,MaxDS_Even,1985,5
6/30/1985,4,45.535876,327.1392,MaxDS_Even,1985,6
7/31/1985,4,32.0776345,393.15717,MaxDS_Even,1985,7
8/31/1985,4,44.51528245,695.64087,MaxDS_Even,1985,8
9/30/1985,4,96.5135524,1550.7708,MaxDS_Even,1985,9
10/31/1985,4,159.3334206,1782.4552,MaxDS_Even,1985,10
11/30/1985,4,183.0285514,1867.0834,MaxDS_Even,1985,11
12/31/1985,4,192.0953305,1792.5743,MaxDS_Even,1985,12
1/31/1986,4,226.0482783,1694.0978,MaxDS_Even,1986,1
2/28/1986,4,122.527372,676.38995,MaxDS_Even,1986,2
3/31/1986,1,38.9597119,235.54114,MaxDS_Even,1986,3
4/30/1986,1,13.8720315,188.04823,MaxDS_Even,1986,4
5/31/1986,1,17.583057,177.77983,MaxDS_Even,1986,5
6/30/1986,1,22.662726,206.69391,MaxDS_Even,1986,6
7/31/1986,1,23.2512795,244.82353,MaxDS_Even,1986,7
8/31/1986,1,18.396021,259.47406,MaxDS_Even,1986,8
9/30/1986,1,18.936111,233.70004,MaxDS_Even,1986,9
10/31/1986,1,16.4360205,235.1083,MaxDS_Even,1986,10
11/30/1986,1,15.8373525,226.56116,MaxDS_Even,1986,11
12/31/1986,1,17.333457,432.2838,MaxDS_Even,1986,12
1/31/1987,1,97.5168265,1471.7487,MaxDS_Even,1987,1
2/28/1987,4,166.6350151,1491.9036,MaxDS_Even,1987,2
3/31/1987,4,105.148414,534.6458,MaxDS_Even,1987,3
4/30/1987,4,41.9538478,259.36703,MaxDS_Even,1987,4
5/31/1987,4,45.51118075,254.3156,MaxDS_Even,1987,5
6/30/1987,4,52.05099595,315.74832,MaxDS_Even,1987,6
7/31/1987,4,41.3316985,429.95535,MaxDS_Even,1987,7
8/31/1987,4,47.80153195,797.54803,MaxDS_Even,1987,8
9/30/1987,4,85.33741705,1142.052,MaxDS_Even,1987,9
10/31/1987,4,137.5026115,1731.0364,MaxDS_Even,1987,10
11/30/1987,4,193.323937,2035.7157,MaxDS_Even,1987,11
12/31/1987,4,223.151088,1977.7166,MaxDS_Even,1987,12
1/31/1988,4,192.9457705,1307.6442,MaxDS_Even,1988,1
2/29/1988,4,65.67405295,380.1276,MaxDS_Even,1988,2
3/31/1988,5,41.08379125,243.08876,MaxDS_Even,1988,3
4/30/1988,5,66.224425,291.38184,MaxDS_Even,1988,4
5/31/1988,5,59.77226155,414.51324,MaxDS_Even,1988,5
6/30/1988,5,66.404773,909.39185,MaxDS_Even,1988,6
7/31/1988,5,131.9056105,1449.6382,MaxDS_Even,1988,7
8/31/1988,5,166.72027,1654.8751,MaxDS_Even,1988,8
9/30/1988,5,171.2672911,1735.2683,MaxDS_Even,1988,9
10/31/1988,5,189.4977949,1808.2435,MaxDS_Even,1988,10
11/30/1988,5,222.5778333,2104.6665,MaxDS_Even,1988,11
12/31/1988,5,224.574244,2164.0166,MaxDS_Even,1988,12
1/31/1989,5,212.1067765,1607.5734,MaxDS_Even,1989,1
2/28/1989,4,173.6994925,1511.6418,MaxDS_Even,1989,2
3/31/1989,5,140.8443591,952.44806,MaxDS_Even,1989,3
4/30/1989,4,50.95692655,365.05893,MaxDS_Even,1989,4
5/31/1989,4,29.6028075,242.83601,MaxDS_Even,1989,5
6/30/1989,4,27.830187,271.88364,MaxDS_Even,1989,6
7/31/1989,4,25.2861465,352.38998,MaxDS_Even,1989,7
8/31/1989,4,56.2886752,1063.7223,MaxDS_Even,1989,8
9/30/1989,4,120.5441425,1428.412,MaxDS_Even,1989,9
10/31/1989,4,148.9462308,1697.2958,MaxDS_Even,1989,10
11/30/1989,4,157.2106038,1701.544,MaxDS_Even,1989,11
12/31/1989,4,160.5104734,1765.7302,MaxDS_Even,1989,12
1/31/1990,4,198.6242815,1788.8428,MaxDS_Even,1990,1
2/28/1990,4,137.8435114,869.0311,MaxDS_Even,1990,2
3/31/1990,5,50.3847235,368.9924,MaxDS_Even,1990,3
4/30/1990,5,37.377979,374.02045,MaxDS_Even,1990,4
5/31/1990,5,49.8756622,338.28357,MaxDS_Even,1990,5
6/30/1990,5,48.2367925,379.7334,MaxDS_Even,1990,6
7/31/1990,5,66.9472477,794.9671,MaxDS_Even,1990,7
8/31/1990,5,130.3489975,1574.8846,MaxDS_Even,1990,8
9/30/1990,5,184.1352919,1756.9431,MaxDS_Even,1990,9
10/31/1990,5,202.4749308,1811.1471,MaxDS_Even,1990,10
11/30/1990,5,205.111822,2112.093,MaxDS_Even,1990,11
12/31/1990,5,224.729703,2205.4524,MaxDS_Even,1990,12
1/31/1991,5,228.251542,1688.7002,MaxDS_Even,1991,1
2/28/1991,5,172.1773816,1255.6569,MaxDS_Even,1991,2
3/31/1991,5,124.7613246,929.1795,MaxDS_Even,1991,3
4/30/1991,5,83.5023733,483.71774,MaxDS_Even,1991,4
5/31/1991,5,46.69621645,256.3793,MaxDS_Even,1991,5
6/30/1991,5,43.3566007,424.09775,MaxDS_Even,1991,6
7/31/1991,5,73.7590669,901.8883,MaxDS_Even,1991,7
8/31/1991,5,163.36126,1644.7925,MaxDS_Even,1991,8
9/30/1991,5,192.5678605,1772.496,MaxDS_Even,1991,9
10/31/1991,5,207.340123,1800.6456,MaxDS_Even,1991,10
11/30/1991,5,227.9058769,2066.3618,MaxDS_Even,1991,11
12/31/1991,5,224.4781876,1952.0328,MaxDS_Even,1991,12
1/31/1992,5,221.821429,1841.2974,MaxDS_Even,1992,1
2/29/1992,5,189.8737356,990.73883,MaxDS_Even,1992,2
3/31/1992,5,82.45208845,350.58206,MaxDS_Even,1992,3
4/30/1992,5,38.7357076,247.01247,MaxDS_Even,1992,4
5/31/1992,5,44.495113,265.34384,MaxDS_Even,1992,5
6/30/1992,5,48.55186,512.02313,MaxDS_Even,1992,6
7/31/1992,5,100.7154385,1157.4913,MaxDS_Even,1992,7
8/31/1992,5,174.327718,1804.984,MaxDS_Even,1992,8
9/30/1992,5,195.5119675,2037.5796,MaxDS_Even,1992,9
10/31/1992,5,221.8051128,2198.625,MaxDS_Even,1992,10
11/30/1992,5,228.8885911,2329.4326,MaxDS_Even,1992,11
12/31/1992,5,225.5350731,2106.1658,MaxDS_Even,1992,12
1/31/1993,5,203.321851,1338.1593,MaxDS_Even,1993,1
2/28/1993,3,68.5324804,372.79483,MaxDS_Even,1993,2
3/31/1993,2,41.501359,238.90146,MaxDS_Even,1993,3
4/30/1993,2,32.6557285,234.08495,MaxDS_Even,1993,4
5/31/1993,2,26.573925,226.93663,MaxDS_Even,1993,5
6/30/1993,2,25.518693,228.07065,MaxDS_Even,1993,6
7/31/1993,2,23.1237945,204.0393,MaxDS_Even,1993,7
8/31/1993,2,19.4752125,255.27136,MaxDS_Even,1993,8
9/30/1993,2,20.0350485,370.5457,MaxDS_Even,1993,9
10/31/1993,2,19.681284,418.50125,MaxDS_Even,1993,10
11/30/1993,2,21.4131825,252.11069,MaxDS_Even,1993,11
12/31/1993,2,19.9734675,318.28455,MaxDS_Even,1993,12
1/31/1994,2,156.2511456,1296.5109,MaxDS_Even,1994,1
2/28/1994,4,215.8639885,1516.9696,MaxDS_Even,1994,2
3/31/1994,4,127.4136685,605.1325,MaxDS_Even,1994,3
4/30/1994,5,59.1741691,273.03613,MaxDS_Even,1994,4
5/31/1994,5,59.22204055,347.29407,MaxDS_Even,1994,5
6/30/1994,5,54.3542035,713.8951,MaxDS_Even,1994,6
7/31/1994,5,118.8373459,1385.7188,MaxDS_Even,1994,7
8/31/1994,5,177.6918466,1728.1733,MaxDS_Even,1994,8
9/30/1994,5,166.3896985,1757.8147,MaxDS_Even,1994,9
10/31/1994,5,194.3617645,1827.0664,MaxDS_Even,1994,10
11/30/1994,5,223.1622115,2256.4368,MaxDS_Even,1994,11
12/31/1994,5,233.211568,1773.2421,MaxDS_Even,1994,12
1/31/1995,5,212.0675605,1640.5428,MaxDS_Even,1995,1
2/28/1995,1,75.2432101,345.94684,MaxDS_Even,1995,2
3/31/1995,2,26.35161,233.64597,MaxDS_Even,1995,3
4/30/1995,1,27.579876,217.07716,MaxDS_Even,1995,4
5/31/1995,1,23.0135325,177.6361,MaxDS_Even,1995,5
6/30/1995,1,16.9026675,169.97089,MaxDS_Even,1995,6
7/31/1995,1,15.4024755,166.38837,MaxDS_Even,1995,7
8/31/1995,1,18.414336,189.22754,MaxDS_Even,1995,8
9/30/1995,1,17.39943,247.3018,MaxDS_Even,1995,9
10/31/1995,1,16.0833555,279.21378,MaxDS_Even,1995,10
11/30/1995,1,16.408026,235.07721,MaxDS_Even,1995,11
12/31/1995,1,18.4834995,343.75046,MaxDS_Even,1995,12
1/31/1996,1,64.9395025,490.63712,MaxDS_Even,1996,1
2/29/1996,2,29.8620945,240.64476,MaxDS_Even,1996,2
3/31/1996,1,32.5688947,222.07343,MaxDS_Even,1996,3
4/30/1996,1,26.405397,215.79254,MaxDS_Even,1996,4
5/31/1996,1,24.029001,209.02808,MaxDS_Even,1996,5
6/30/1996,1,21.5425275,196.10687,MaxDS_Even,1996,6
7/31/1996,1,19.72527,192.59239,MaxDS_Even,1996,7
8/31/1996,1,19.112712,247.08089,MaxDS_Even,1996,8
9/30/1996,1,19.5403245,294.69373,MaxDS_Even,1996,9
10/31/1996,1,18.043503,248.68657,MaxDS_Even,1996,10
11/30/1996,1,16.752693,208.40479,MaxDS_Even,1996,11
12/31/1996,1,17.5391535,268.25162,MaxDS_Even,1996,12
1/31/1997,1,29.4184245,228.80142,MaxDS_Even,1997,1
2/28/1997,1,10.201671,180.99294,MaxDS_Even,1997,2
3/31/1997,1,18.72978,170.41391,MaxDS_Even,1997,3
4/30/1997,1,20.435232,202.69522,MaxDS_Even,1997,4
5/31/1997,1,24.8417865,270.94843,MaxDS_Even,1997,5
6/30/1997,1,30.39213595,281.1172,MaxDS_Even,1997,6
7/31/1997,1,28.277565,215.62799,MaxDS_Even,1997,7
8/31/1997,1,17.8837575,234.01997,MaxDS_Even,1997,8
9/30/1997,1,19.86765,257.75647,MaxDS_Even,1997,9
10/31/1997,1,20.3143005,260.66385,MaxDS_Even,1997,10
11/30/1997,1,18.50337,224.62428,MaxDS_Even,1997,11
12/31/1997,1,16.6772325,321.10886,MaxDS_Even,1997,12
1/31/1998,1,37.11758875,474.95258,MaxDS_Even,1998,1
2/28/1998,1,41.82695155,248.7871,MaxDS_Even,1998,2
3/31/1998,1,50.9421835,228.15672,MaxDS_Even,1998,3
4/30/1998,1,24.116205,183.16756,MaxDS_Even,1998,4
5/31/1998,1,17.824878,178.00412,MaxDS_Even,1998,5
6/30/1998,1,17.164773,164.97342,MaxDS_Even,1998,6
7/31/1998,1,14.8081575,163.93504,MaxDS_Even,1998,7
8/31/1998,1,15.8098785,173.30348,MaxDS_Even,1998,8
9/30/1998,1,17.5809075,254.45901,MaxDS_Even,1998,9
10/31/1998,1,17.05245,260.52966,MaxDS_Even,1998,10
11/30/1998,1,18.258174,243.64531,MaxDS_Even,1998,11
12/31/1998,1,19.8741525,206.32562,MaxDS_Even,1998,12
1/31/1999,1,24.125034,212.21155,MaxDS_Even,1999,1
2/28/1999,2,26.0502075,217.02567,MaxDS_Even,1999,2
3/31/1999,1,27.406425,215.2759,MaxDS_Even,1999,3
4/30/1999,1,25.2960315,212.15053,MaxDS_Even,1999,4
5/31/1999,1,24.606333,216.10944,MaxDS_Even,1999,5
6/30/1999,1,23.983266,240.32999,MaxDS_Even,1999,6
7/31/1999,1,23.338236,230.75777,MaxDS_Even,1999,7
8/31/1999,1,20.4319905,249.2393,MaxDS_Even,1999,8
9/30/1999,1,20.9148465,269.293,MaxDS_Even,1999,9
10/31/1999,1,17.752974,243.3806,MaxDS_Even,1999,10
11/30/1999,1,15.9010365,212.99457,MaxDS_Even,1999,11
12/31/1999,1,17.657343,349.2296,MaxDS_Even,1999,12
1/31/2000,1,135.8365585,1280.3969,MaxDS_Even,2000,1
2/29/2000,3,139.9484986,987.4313,MaxDS_Even,2000,2
3/31/2000,2,46.77686005,250.1277,MaxDS_Even,2000,3
4/30/2000,2,25.5126795,216.296,MaxDS_Even,2000,4
5/31/2000,2,23.2787355,207.55875,MaxDS_Even,2000,5
6/30/2000,2,24.5558205,245.28397,MaxDS_Even,2000,6
7/31/2000,2,25.8185745,220.71297,MaxDS_Even,2000,7
8/31/2000,2,17.415924,248.76279,MaxDS_Even,2000,8
9/30/2000,2,20.4437445,311.0029,MaxDS_Even,2000,9
10/31/2000,2,22.0839615,293.15695,MaxDS_Even,2000,10
11/30/2000,2,22.2177525,234.84818,MaxDS_Even,2000,11
12/31/2000,2,17.223363,368.15073,MaxDS_Even,2000,12
1/31/2001,2,76.5203065,1182.8567,MaxDS_Even,2001,1
2/28/2001,4,141.935929,1251.7981,MaxDS_Even,2001,2
3/31/2001,4,69.2491471,362.00058,MaxDS_Even,2001,3
4/30/2001,4,30.6255025,240.18117,MaxDS_Even,2001,4
5/31/2001,4,34.342216,253.26051,MaxDS_Even,2001,5
6/30/2001,4,47.54932975,308.56015,MaxDS_Even,2001,6
7/31/2001,4,47.368996,374.95602,MaxDS_Even,2001,7
8/31/2001,4,46.0828081,725.0162,MaxDS_Even,2001,8
9/30/2001,4,79.3333363,1072.5817,MaxDS_Even,2001,9
10/31/2001,4,133.559779,1868.7029,MaxDS_Even,2001,10
11/30/2001,4,202.3272295,2025.3424,MaxDS_Even,2001,11
12/31/2001,4,192.883005,1784.6467,MaxDS_Even,2001,12
1/31/2002,4,117.9492603,638.8523,MaxDS_Even,2002,1
2/28/2002,3,28.808595,228.30626,MaxDS_Even,2002,2
3/31/2002,3,30.61268605,230.60532,MaxDS_Even,2002,3
4/30/2002,3,27.218949,245.57211,MaxDS_Even,2002,4
5/31/2002,4,28.566015,257.98093,MaxDS_Even,2002,5
6/30/2002,4,29.5190055,316.22598,MaxDS_Even,2002,6
7/31/2002,4,29.88453,431.0269,MaxDS_Even,2002,7
8/31/2002,4,53.993422,955.09705,MaxDS_Even,2002,8
9/30/2002,4,104.4298521,1488.644,MaxDS_Even,2002,9
10/31/2002,4,153.4287706,1821.596,MaxDS_Even,2002,10
11/30/2002,4,166.3068775,1599.3806,MaxDS_Even,2002,11
12/31/2002,4,154.9144785,1736.6659,MaxDS_Even,2002,12
1/31/2003,4,105.3273085,665.83453,MaxDS_Even,2003,1
2/28/2003,2,28.254693,214.96945,MaxDS_Even,2003,2
3/31/2003,3,26.076501,230.57066,MaxDS_Even,2003,3
4/30/2003,3,26.2860885,245.49217,MaxDS_Even,2003,4
5/31/2003,2,28.052793,235.55269,MaxDS_Even,2003,5
6/30/2003,2,24.4365585,219.07231,MaxDS_Even,2003,6
7/31/2003,2,20.495514,217.85727,MaxDS_Even,2003,7
8/31/2003,2,20.628369,308.07956,MaxDS_Even,2003,8
9/30/2003,2,20.4499785,331.69208,MaxDS_Even,2003,9
10/31/2003,2,18.5167035,345.56656,MaxDS_Even,2003,10
11/30/2003,2,18.917214,240.09738,MaxDS_Even,2003,11
12/31/2003,2,17.974821,384.93704,MaxDS_Even,2003,12
1/31/2004,2,56.9195227,501.00327,MaxDS_Even,2004,1
2/29/2004,2,28.539375,264.17944,MaxDS_Even,2004,2
3/31/2004,2,27.6751005,242.6144,MaxDS_Even,2004,3
4/30/2004,2,24.838593,237.24745,MaxDS_Even,2004,4
5/31/2004,3,26.1290175,243.5506,MaxDS_Even,2004,5
6/30/2004,3,28.228125,277.96475,MaxDS_Even,2004,6
7/31/2004,3,28.115385,396.6442,MaxDS_Even,2004,7
8/31/2004,3,42.67437625,762.8289,MaxDS_Even,2004,8
9/30/2004,3,88.7782933,1320.1187,MaxDS_Even,2004,9
10/31/2004,3,155.3812885,1673.679,MaxDS_Even,2004,10
11/30/2004,3,142.9218124,1688.484,MaxDS_Even,2004,11
12/31/2004,3,149.666175,1741.0878,MaxDS_Even,2004,12
1/31/2005,3,153.406837,915.3915,MaxDS_Even,2005,1
2/28/2005,3,47.86517245,312.3284,MaxDS_Even,2005,2
3/31/2005,3,40.6581979,241.51282,MaxDS_Even,2005,3
4/30/2005,3,37.401292,231.35262,MaxDS_Even,2005,4
5/31/2005,3,27.221127,227.73543,MaxDS_Even,2005,5
6/30/2005,3,20.643528,207.93536,MaxDS_Even,2005,6
7/31/2005,3,17.2054185,197.39104,MaxDS_Even,2005,7
8/31/2005,3,21.8866935,276.4233,MaxDS_Even,2005,8
9/30/2005,3,71.624662,1026.7928,MaxDS_Even,2005,9
10/31/2005,3,139.5590005,1738.188,MaxDS_Even,2005,10
11/30/2005,3,114.3845344,1522.919,MaxDS_Even,2005,11
12/31/2005,3,148.252327,1756.6141,MaxDS_Even,2005,12
1/31/2006,3,77.9720452,468.4756,MaxDS_Even,2006,1
2/28/2006,1,24.4924755,193.08987,MaxDS_Even,2006,2
3/31/2006,1,22.0816635,194.78369,MaxDS_Even,2006,3
4/30/2006,1,25.232205,189.4002,MaxDS_Even,2006,4
5/31/2006,1,14.990319,178.89322,MaxDS_Even,2006,5
6/30/2006,1,13.105332,169.9566,MaxDS_Even,2006,6
7/31/2006,1,18.35088,171.35725,MaxDS_Even,2006,7
8/31/2006,1,20.390382,205.13622,MaxDS_Even,2006,8
9/30/2006,1,14.205114,274.5398,MaxDS_Even,2006,9
10/31/2006,1,17.5794135,271.71863,MaxDS_Even,2006,10
11/30/2006,1,20.219007,225.11003,MaxDS_Even,2006,11
12/31/2006,1,20.1288315,331.1214,MaxDS_Even,2006,12
1/31/2007,1,62.20890325,668.10394,MaxDS_Even,2007,1
2/28/2007,3,66.89902855,805.228,MaxDS_Even,2007,2
3/31/2007,3,85.778161,469.58096,MaxDS_Even,2007,3
4/30/2007,4,39.73579255,247.73051,MaxDS_Even,2007,4
5/31/2007,4,34.2536893,270.13177,MaxDS_Even,2007,5
6/30/2007,4,32.2498885,339.6531,MaxDS_Even,2007,6
7/31/2007,4,31.60965595,451.4024,MaxDS_Even,2007,7
8/31/2007,4,46.3705726,848.7492,MaxDS_Even,2007,8
9/30/2007,4,83.8740532,1140.5519,MaxDS_Even,2007,9
10/31/2007,4,129.8013415,1802.0193,MaxDS_Even,2007,10
11/30/2007,4,181.4941,1857.0696,MaxDS_Even,2007,11
12/31/2007,4,174.1677903,1847.6744,MaxDS_Even,2007,12
1/31/2008,4,196.8549445,1615.637,MaxDS_Even,2008,1
2/29/2008,4,104.9477028,573.3474,MaxDS_Even,2008,2
3/31/2008,4,43.20777655,256.78275,MaxDS_Even,2008,3
4/30/2008,4,48.9082468,246.30936,MaxDS_Even,2008,4
5/31/2008,5,38.5606093,267.8152,MaxDS_Even,2008,5
6/30/2008,5,30.8525278,371.9571,MaxDS_Even,2008,6
7/31/2008,5,44.1474415,540.62573,MaxDS_Even,2008,7
8/31/2008,5,59.4036283,995.6802,MaxDS_Even,2008,8
9/30/2008,5,108.9510835,1426.7047,MaxDS_Even,2008,9
10/31/2008,5,160.1562241,1922.9984,MaxDS_Even,2008,10
11/30/2008,5,222.4755525,2249.3657,MaxDS_Even,2008,11
12/31/2008,5,224.3809656,1701.6226,MaxDS_Even,2008,12
1/31/2009,5,198.5956504,1841.5624,MaxDS_Even,2009,1
2/28/2009,5,200.153848,1099.4161,MaxDS_Even,2009,2
3/31/2009,5,80.69023555,369.59622,MaxDS_Even,2009,3
4/30/2009,4,31.141381,250.68887,MaxDS_Even,2009,4
5/31/2009,5,37.95965545,253.76288,MaxDS_Even,2009,5
6/30/2009,5,36.41884855,330.53625,MaxDS_Even,2009,6
7/31/2009,5,29.1807225,358.69836,MaxDS_Even,2009,7
8/31/2009,5,28.41891,504.80856,MaxDS_Even,2009,8
9/30/2009,5,65.50906075,1033.0823,MaxDS_Even,2009,9
10/31/2009,5,159.444619,2137.054,MaxDS_Even,2009,10
11/30/2009,5,211.7493124,2047.7357,MaxDS_Even,2009,11
12/31/2009,5,159.3442591,1961.5398,MaxDS_Even,2009,12
1/31/2010,5,210.483844,1690.1915,MaxDS_Even,2010,1
2/28/2010,4,92.6589559,465.26074,MaxDS_Even,2010,2
3/31/2010,4,40.273978,243.90787,MaxDS_Even,2010,3
4/30/2010,4,28.5540525,241.99443,MaxDS_Even,2010,4
5/31/2010,3,28.421754,237.44382,MaxDS_Even,2010,5
6/30/2010,3,27.670977,226.09988,MaxDS_Even,2010,6
7/31/2010,3,25.744443,245.7996,MaxDS_Even,2010,7
8/31/2010,3,30.4139299,610.7855,MaxDS_Even,2010,8
9/30/2010,3,87.01071475,1336.369,MaxDS_Even,2010,9
10/31/2010,3,124.8908656,1759.0895,MaxDS_Even,2010,10
11/30/2010,3,124.524994,1436.583,MaxDS_Even,2010,11
12/31/2010,3,118.724503,1391.7505,MaxDS_Even,2010,12
1/31/2011,3,63.52308955,387.7521,MaxDS_Even,2011,1
2/28/2011,2,24.8474115,188.16197,MaxDS_Even,2011,2
3/31/2011,2,27.641427,208.7356,MaxDS_Even,2011,3
4/30/2011,1,18.147084,216.1797,MaxDS_Even,2011,4
5/31/2011,1,16.521489,192.51675,MaxDS_Even,2011,5
6/30/2011,1,16.6185705,188.38887,MaxDS_Even,2011,6
7/31/2011,1,19.046802,186.46996,MaxDS_Even,2011,7
8/31/2011,1,18.349422,197.05424,MaxDS_Even,2011,8
9/30/2011,1,18.1302435,240.09387,MaxDS_Even,2011,9
10/31/2011,1,17.7897105,248.25002,MaxDS_Even,2011,10
11/30/2011,1,22.415256,219.36453,MaxDS_Even,2011,11
12/31/2011,1,22.0386885,344.72968,MaxDS_Even,2011,12
1/31/2012,1,130.5154746,1340.7908,MaxDS_Even,2012,1
2/29/2012,4,171.9656865,1065.8558,MaxDS_Even,2012,2
3/31/2012,4,75.98395075,327.64493,MaxDS_Even,2012,3
4/30/2012,4,38.4143245,263.6693,MaxDS_Even,2012,4
5/31/2012,3,27.5802705,227.27519,MaxDS_Even,2012,5
6/30/2012,3,26.375718,244.06555,MaxDS_Even,2012,6
7/31/2012,3,25.5883755,354.06964,MaxDS_Even,2012,7
8/31/2012,3,33.3869815,703.41595,MaxDS_Even,2012,8
9/30/2012,3,59.8910125,882.7539,MaxDS_Even,2012,9
10/31/2012,3,107.3772109,1543.9578,MaxDS_Even,2012,10
11/30/2012,3,167.838952,1706.6385,MaxDS_Even,2012,11
12/31/2012,3,170.9950591,1762.8341,MaxDS_Even,2012,12
1/31/2013,3,93.1996807,581.2066,MaxDS_Even,2013,1
2/28/2013,3,25.6788615,237.10191,MaxDS_Even,2013,2
3/31/2013,3,33.6816715,256.50095,MaxDS_Even,2013,3
4/30/2013,4,31.0345858,266.3566,MaxDS_Even,2013,4
5/31/2013,4,32.1013351,296.24966,MaxDS_Even,2013,5
6/30/2013,4,33.0156094,336.09918,MaxDS_Even,2013,6
7/31/2013,4,32.2314832,399.5506,MaxDS_Even,2013,7
8/31/2013,4,41.3689936,735.7069,MaxDS_Even,2013,8
9/30/2013,4,77.7455215,1154.3981,MaxDS_Even,2013,9
10/31/2013,4,152.3128788,1809.9017,MaxDS_Even,2013,10
11/30/2013,4,168.2388925,1603.8792,MaxDS_Even,2013,11
12/31/2013,4,185.4710556,1887.8502,MaxDS_Even,2013,12
1/31/2014,4,219.523645,1933.0674,MaxDS_Even,2014,1
2/28/2014,5,180.9752433,1004.73816,MaxDS_Even,2014,2
3/31/2014,5,74.1774355,434.3725,MaxDS_Even,2014,3
4/30/2014,5,36.36221905,329.49884,MaxDS_Even,2014,4
5/31/2014,5,35.76049855,298.5312,MaxDS_Even,2014,5
6/30/2014,5,47.0083798,591.354,MaxDS_Even,2014,6
7/31/2014,5,105.1832125,1195.0039,MaxDS_Even,2014,7
8/31/2014,5,166.4284585,1525.5383,MaxDS_Even,2014,8
9/30/2014,5,156.952693,1447.9825,MaxDS_Even,2014,9
10/31/2014,5,160.3789488,1571.2258,MaxDS_Even,2014,10
11/30/2014,5,224.7915765,1967.0758,MaxDS_Even,2014,11
12/31/2014,5,224.0044008,1682.4434,MaxDS_Even,2014,12
1/31/2015,5,87.9053155,522.3111,MaxDS_Even,2015,1
2/28/2015,5,31.84614895,270.7511,MaxDS_Even,2015,2
3/31/2015,5,35.8248259,352.42044,MaxDS_Even,2015,3
4/30/2015,5,40.1564155,309.77014,MaxDS_Even,2015,4
5/31/2015,5,54.4205458,443.5047,MaxDS_Even,2015,5
6/30/2015,5,69.5401834,988.1977,MaxDS_Even,2015,6
7/31/2015,5,155.692537,1704.255,MaxDS_Even,2015,7
8/31/2015,5,176.8277665,1647.5837,MaxDS_Even,2015,8
9/30/2015,5,156.2210011,1503.3636,MaxDS_Even,2015,9
10/31/2015,5,180.1302981,1665.0233,MaxDS_Even,2015,10
11/30/2015,5,187.5599545,2112.814,MaxDS_Even,2015,11
12/31/2015,5,225.5441275,1837.7742,MaxDS_Even,2015,12
1/31/2016,5,204.9247195,1837.7721,MaxDS_Even,2016,1
2/29/2016,3,103.7903605,589.7967,MaxDS_Even,2016,2
3/31/2016,4,32.0613439,245.60753,MaxDS_Even,2016,3
4/30/2016,3,28.8055395,246.93895,MaxDS_Even,2016,4
5/31/2016,3,28.8513375,239.19008,MaxDS_Even,2016,5
6/30/2016,3,28.025358,251.97586,MaxDS_Even,2016,6
7/31/2016,3,25.382202,390.61188,MaxDS_Even,2016,7
8/31/2016,3,39.16546195,758.87946,MaxDS_Even,2016,8
9/30/2016,3,73.54008145,1050.4376,MaxDS_Even,2016,9
10/31/2016,3,140.880802,1757.372,MaxDS_Even,2016,10
11/30/2016,3,175.050022,1694.0924,MaxDS_Even,2016,11
12/31/2016,3,161.7512266,1829.5309,MaxDS_Even,2016,12
1/31/2017,3,115.098391,653.5335,MaxDS_Even,2017,1
2/28/2017,1,32.34825625,219.37228,MaxDS_Even,2017,2
3/31/2017,1,16.718298,201.50342,MaxDS_Even,2017,3
4/30/2017,1,17.058105,172.2182,MaxDS_Even,2017,4
5/31/2017,1,15.205395,176.95926,MaxDS_Even,2017,5
6/30/2017,1,15.5565945,195.00827,MaxDS_Even,2017,6
7/31/2017,1,17.9843145,205.89972,MaxDS_Even,2017,7
8/31/2017,1,19.142679,215.70988,MaxDS_Even,2017,8
9/30/2017,1,17.7254955,266.76077,MaxDS_Even,2017,9
10/31/2017,1,19.91736,249.81036,MaxDS_Even,2017,10
11/30/2017,1,20.7799995,233.27605,MaxDS_Even,2017,11
12/31/2017,1,19.8339975,323.6429,MaxDS_Even,2017,12
1/31/2018,1,150.3101695,1465.8031,MaxDS_Even,2018,1
2/28/2018,3,148.6556875,1030.5442,MaxDS_Even,2018,2
3/31/2018,4,56.8511512,288.86667,MaxDS_Even,2018,3
4/30/2018,3,42.2200606,252.00258,MaxDS_Even,2018,4
5/31/2018,3,30.119586,233.24382,MaxDS_Even,2018,5
6/30/2018,3,41.34692605,235.0716,MaxDS_Even,2018,6
7/31/2018,3,29.2923345,357.1127,MaxDS_Even,2018,7
8/31/2018,3,38.2008196,731.0154,MaxDS_Even,2018,8
9/30/2018,3,76.4095897,1242.7147,MaxDS_Even,2018,9
10/31/2018,3,162.7516821,1702.7645,MaxDS_Even,2018,10
11/30/2018,3,152.481499,1251.2834,MaxDS_Even,2018,11
12/31/2018,3,121.4721196,1463.0554,MaxDS_Even,2018,12
1/31/2019,3,167.4094,1176.5181,MaxDS_Even,2019,1
2/28/2019,3,63.7108105,332.70728,MaxDS_Even,2019,2
3/31/2019,2,35.98610455,232.59639,MaxDS_Even,2019,3
4/30/2019,1,26.651637,224.19345,MaxDS_Even,2019,4
5/31/2019,1,23.240808,194.43144,MaxDS_Even,2019,5
6/30/2019,1,19.2893595,195.14177,MaxDS_Even,2019,6
7/31/2019,1,18.5385225,178.2967,MaxDS_Even,2019,7
8/31/2019,1,19.226427,204.61925,MaxDS_Even,2019,8
9/30/2019,1,18.000051,263.54086,MaxDS_Even,2019,9
10/31/2019,1,19.8571245,266.1841,MaxDS_Even,2019,10
11/30/2019,1,21.3599115,229.2243,MaxDS_Even,2019,11
12/31/2019,1,19.67859,343.22354,MaxDS_Even,2019,12
1/31/2020,1,67.93592695,524.61456,MaxDS_Even,2020,1
2/29/2020,3,41.4345265,500.4897,MaxDS_Even,2020,2
3/31/2020,4,49.016068,510.57376,MaxDS_Even,2020,3
4/30/2020,4,45.72148795,393.40707,MaxDS_Even,2020,4
5/31/2020,4,57.34867,308.74106,MaxDS_Even,2020,5
6/30/2020,4,56.730448,321.2299,MaxDS_Even,2020,6
7/31/2020,4,33.13719895,400.25375,MaxDS_Even,2020,7
8/31/2020,4,39.9985426,594.93176,MaxDS_Even,2020,8
9/30/2020,4,65.8363918,921.7048,MaxDS_Even,2020,9
10/31/2020,4,120.644776,1689.3907,MaxDS_Even,2020,10
11/30/2020,4,194.3512309,2045.6644,MaxDS_Even,2020,11
12/31/2020,4,223.0373416,1958.7603,MaxDS_Even,2020,12
1/31/2021,4,180.6222993,1458.0969,MaxDS_Even,2021,1
2/28/2021,5,173.4677875,1449.634,MaxDS_Even,2021,2
3/31/2021,5,190.543497,1666.1207,MaxDS_Even,2021,3
4/30/2021,5,165.230347,715.4598,MaxDS_Even,2021,4
5/31/2021,5,89.420917,747.5875,MaxDS_Even,2021,5
6/30/2021,5,110.7271266,1108.8158,MaxDS_Even,2021,6
7/31/2021,5,156.4888555,1331.0569,MaxDS_Even,2021,7
8/31/2021,5,156.7522098,1410.4504,MaxDS_Even,2021,8
9/30/2021,5,166.692397,1544.6788,MaxDS_Even,2021,9
11/30/1920,NA,NA,NA,MaxDS_Hist,1920,11
12/31/1920,NA,NA,NA,MaxDS_Hist,1920,12
1/31/1921,NA,NA,NA,MaxDS_Hist,1921,1
2/28/1921,NA,NA,NA,MaxDS_Hist,1921,2
3/31/1921,5,NA,NA,MaxDS_Hist,1921,3
4/30/1921,5,NA,NA,MaxDS_Hist,1921,4
5/31/1921,2,NA,NA,MaxDS_Hist,1921,5
6/30/1921,2,NA,NA,MaxDS_Hist,1921,6
7/31/1921,2,NA,NA,MaxDS_Hist,1921,7
8/31/1921,2,NA,NA,MaxDS_Hist,1921,8
9/30/1921,2,NA,NA,MaxDS_Hist,1921,9
10/31/1921,2,NA,NA,MaxDS_Hist,1921,10
11/30/1921,2,32.6642386,219.2616,MaxDS_Hist,1921,11
12/31/1921,2,14.396898,351.181,MaxDS_Hist,1921,12
1/31/1922,2,34.60802695,577.5112,MaxDS_Hist,1922,1
2/28/1922,3,39.30636025,275.2021,MaxDS_Hist,1922,2
3/31/1922,3,51.7694758,255.51193,MaxDS_Hist,1922,3
4/30/1922,2,32.6273596,238.37773,MaxDS_Hist,1922,4
5/31/1922,2,27.464835,219.84285,MaxDS_Hist,1922,5
6/30/1922,2,21.561108,218.26555,MaxDS_Hist,1922,6
7/31/1922,2,24.070383,205.89922,MaxDS_Hist,1922,7
8/31/1922,2,22.616013,230.42474,MaxDS_Hist,1922,8
9/30/1922,2,18.7320255,372.6412,MaxDS_Hist,1922,9
10/31/1922,2,18.2382255,279.30106,MaxDS_Hist,1922,10
11/30/1922,2,18.7761015,231.86002,MaxDS_Hist,1922,11
12/31/1922,2,19.991379,349.00735,MaxDS_Hist,1922,12
1/31/1923,2,33.9173836,381.32916,MaxDS_Hist,1923,1
2/28/1923,3,33.1716583,223.52571,MaxDS_Hist,1923,2
3/31/1923,3,34.35058075,233.43736,MaxDS_Hist,1923,3
4/30/1923,4,37.7369935,246.39522,MaxDS_Hist,1923,4
5/31/1923,3,36.1408339,243.48302,MaxDS_Hist,1923,5
6/30/1923,3,39.16815805,227.39725,MaxDS_Hist,1923,6
7/31/1923,3,31.4088649,309.92917,MaxDS_Hist,1923,7
8/31/1923,3,28.143,539.29736,MaxDS_Hist,1923,8
9/30/1923,3,54.736645,712.9802,MaxDS_Hist,1923,9
10/31/1923,3,115.5157735,1734.0696,MaxDS_Hist,1923,10
11/30/1923,3,185.1630076,1620.0104,MaxDS_Hist,1923,11
12/31/1923,3,161.3090776,1777.1615,MaxDS_Hist,1923,12
1/31/1924,3,202.9069879,1689.288,MaxDS_Hist,1924,1
2/29/1924,5,160.3520305,1431.7681,MaxDS_Hist,1924,2
3/31/1924,5,110.2899736,766.1482,MaxDS_Hist,1924,3
4/30/1924,5,76.4705056,359.94827,MaxDS_Hist,1924,4
5/31/1924,5,73.1083435,483.4928,MaxDS_Hist,1924,5
6/30/1924,5,76.6172635,911.30963,MaxDS_Hist,1924,6
7/31/1924,5,156.9974095,1573.6227,MaxDS_Hist,1924,7
8/31/1924,5,213.6494388,1522.4921,MaxDS_Hist,1924,8
9/30/1924,5,169.8174505,1351.3375,MaxDS_Hist,1924,9
10/31/1924,5,168.083368,1392.2394,MaxDS_Hist,1924,10
11/30/1924,5,183.897448,2102.878,MaxDS_Hist,1924,11
12/31/1924,5,216.1728316,2264.149,MaxDS_Hist,1924,12
1/31/1925,5,202.574695,1479.293,MaxDS_Hist,1925,1
2/28/1925,5,109.3171575,845.0289,MaxDS_Hist,1925,2
3/31/1925,4,61.96865395,384.3838,MaxDS_Hist,1925,3
4/30/1925,4,28.8772155,245.26956,MaxDS_Hist,1925,4
5/31/1925,4,29.124252,245.2659,MaxDS_Hist,1925,5
6/30/1925,4,35.82727975,242.14363,MaxDS_Hist,1925,6
7/31/1925,4,31.9939642,293.29135,MaxDS_Hist,1925,7
8/31/1925,4,32.370187,588.6227,MaxDS_Hist,1925,8
9/30/1925,4,71.88481,993.94855,MaxDS_Hist,1925,9
10/31/1925,4,133.846489,1791.1243,MaxDS_Hist,1925,10
11/30/1925,4,189.0172051,1804.8771,MaxDS_Hist,1925,11
12/31/1925,4,183.3843055,1780.6033,MaxDS_Hist,1925,12
1/31/1926,4,193.0110498,1566.1055,MaxDS_Hist,1926,1
2/28/1926,5,130.2677526,920.4026,MaxDS_Hist,1926,2
3/31/1926,4,57.89351305,316.31784,MaxDS_Hist,1926,3
4/30/1926,5,54.8468887,245.24332,MaxDS_Hist,1926,4
5/31/1926,4,40.322827,246.1067,MaxDS_Hist,1926,5
6/30/1926,4,26.977716,250.19865,MaxDS_Hist,1926,6
7/31/1926,4,25.033383,347.9476,MaxDS_Hist,1926,7
8/31/1926,4,33.491092,598.0296,MaxDS_Hist,1926,8
9/30/1926,4,72.5558881,966.4559,MaxDS_Hist,1926,9
10/31/1926,4,124.4604415,1713.0009,MaxDS_Hist,1926,10
11/30/1926,4,170.127103,1817.7778,MaxDS_Hist,1926,11
12/31/1926,4,130.9355133,955.45844,MaxDS_Hist,1926,12
1/31/1927,4,43.792531,390.74155,MaxDS_Hist,1927,1
2/28/1927,3,28.69413,288.77106,MaxDS_Hist,1927,2
3/31/1927,2,27.292689,238.88257,MaxDS_Hist,1927,3
4/30/1927,2,26.752671,227.28894,MaxDS_Hist,1927,4
5/31/1927,1,36.92247775,219.19911,MaxDS_Hist,1927,5
6/30/1927,1,25.8532905,223.32008,MaxDS_Hist,1927,6
7/31/1927,1,26.5220895,196.57869,MaxDS_Hist,1927,7
8/31/1927,1,20.29917,214.47757,MaxDS_Hist,1927,8
9/30/1927,1,17.915091,283.8251,MaxDS_Hist,1927,9
10/31/1927,1,17.944116,239.00064,MaxDS_Hist,1927,10
11/30/1927,1,17.7906675,226.1083,MaxDS_Hist,1927,11
12/31/1927,1,20.175444,447.13364,MaxDS_Hist,1927,12
1/31/1928,1,162.0518104,1275.1772,MaxDS_Hist,1928,1
2/29/1928,3,148.036753,828.60535,MaxDS_Hist,1928,2
3/31/1928,3,44.9856436,289.88177,MaxDS_Hist,1928,3
4/30/1928,2,26.671449,239.83424,MaxDS_Hist,1928,4
5/31/1928,2,27.828309,226.47388,MaxDS_Hist,1928,5
6/30/1928,2,28.451244,236.17053,MaxDS_Hist,1928,6
7/31/1928,2,24.3224505,227.1563,MaxDS_Hist,1928,7
8/31/1928,2,18.8084745,237.43018,MaxDS_Hist,1928,8
9/30/1928,2,19.5923175,293.26187,MaxDS_Hist,1928,9
10/31/1928,2,19.9581345,248.75244,MaxDS_Hist,1928,10
11/30/1928,2,17.089515,252.73961,MaxDS_Hist,1928,11
12/31/1928,2,23.0267745,532.6169,MaxDS_Hist,1928,12
1/31/1929,2,125.265025,1093.5144,MaxDS_Hist,1929,1
2/28/1929,4,180.287829,1494.1868,MaxDS_Hist,1929,2
3/31/1929,4,109.647994,620.974,MaxDS_Hist,1929,3
4/30/1929,5,51.1645975,297.02072,MaxDS_Hist,1929,4
5/31/1929,5,56.7786757,337.63583,MaxDS_Hist,1929,5
6/30/1929,5,58.47489025,587.40564,MaxDS_Hist,1929,6
7/31/1929,5,112.742695,1231.4613,MaxDS_Hist,1929,7
8/31/1929,5,191.1255525,1738.3273,MaxDS_Hist,1929,8
9/30/1929,5,206.422537,1682.6693,MaxDS_Hist,1929,9
10/31/1929,5,204.2019795,1891.4047,MaxDS_Hist,1929,10
11/30/1929,5,222.9977665,1986.8447,MaxDS_Hist,1929,11
12/31/1929,5,209.416918,2079.239,MaxDS_Hist,1929,12
1/31/1930,5,178.2133681,1098.5945,MaxDS_Hist,1930,1
2/28/1930,4,42.68371,316.06,MaxDS_Hist,1930,2
3/31/1930,4,37.0421122,240.48573,MaxDS_Hist,1930,3
4/30/1930,4,30.21759,237.24142,MaxDS_Hist,1930,4
5/31/1930,4,32.6343022,246.3292,MaxDS_Hist,1930,5
6/30/1930,4,42.5204221,287.0359,MaxDS_Hist,1930,6
7/31/1930,4,35.8060045,379.67172,MaxDS_Hist,1930,7
8/31/1930,4,39.3869098,584.4458,MaxDS_Hist,1930,8
9/30/1930,4,67.51517575,935.89557,MaxDS_Hist,1930,9
10/31/1930,4,136.9205133,1753.3446,MaxDS_Hist,1930,10
11/30/1930,4,201.8472895,2007.9402,MaxDS_Hist,1930,11
12/31/1930,4,220.221268,1946.2015,MaxDS_Hist,1930,12
1/31/1931,4,204.5223565,1670.4475,MaxDS_Hist,1931,1
2/28/1931,5,194.483032,1409.0597,MaxDS_Hist,1931,2
3/31/1931,5,108.4180765,740.7554,MaxDS_Hist,1931,3
4/30/1931,5,96.3242611,642.6111,MaxDS_Hist,1931,4
5/31/1931,5,88.6733392,771.4798,MaxDS_Hist,1931,5
6/30/1931,5,105.442933,1296.9497,MaxDS_Hist,1931,6
7/31/1931,5,156.457933,1298.6393,MaxDS_Hist,1931,7
8/31/1931,5,122.2074025,1328.7318,MaxDS_Hist,1931,8
9/30/1931,5,161.4151375,1648.8392,MaxDS_Hist,1931,9
10/31/1931,5,197.326591,1972.4233,MaxDS_Hist,1931,10
11/30/1931,5,228.2407405,1753.8895,MaxDS_Hist,1931,11
12/31/1931,5,198.444646,2328.0542,MaxDS_Hist,1931,12
1/31/1932,5,187.2372063,1000.4614,MaxDS_Hist,1932,1
2/29/1932,4,38.351938,280.8605,MaxDS_Hist,1932,2
3/31/1932,4,42.85833805,249.06923,MaxDS_Hist,1932,3
4/30/1932,5,32.0604034,246.9903,MaxDS_Hist,1932,4
5/31/1932,5,37.26068155,283.66928,MaxDS_Hist,1932,5
6/30/1932,5,32.0617258,281.7833,MaxDS_Hist,1932,6
7/31/1932,5,44.4705517,414.04105,MaxDS_Hist,1932,7
8/31/1932,5,67.6619308,961.01746,MaxDS_Hist,1932,8
9/30/1932,5,130.611397,1425.0853,MaxDS_Hist,1932,9
10/31/1932,5,190.1284315,2120.3735,MaxDS_Hist,1932,10
11/30/1932,5,225.999472,2159.07,MaxDS_Hist,1932,11
12/31/1932,5,215.665486,2250.595,MaxDS_Hist,1932,12
1/31/1933,5,207.3588618,1535.8906,MaxDS_Hist,1933,1
2/28/1933,5,118.0879555,800.05634,MaxDS_Hist,1933,2
3/31/1933,5,72.42603355,462.66867,MaxDS_Hist,1933,3
4/30/1933,5,55.80680575,360.10864,MaxDS_Hist,1933,4
5/31/1933,5,66.7622257,405.0957,MaxDS_Hist,1933,5
6/30/1933,5,67.4883373,697.9587,MaxDS_Hist,1933,6
7/31/1933,5,108.6602125,1283.3197,MaxDS_Hist,1933,7
8/31/1933,5,175.8292405,1761.2352,MaxDS_Hist,1933,8
9/30/1933,5,180.824863,1759.0629,MaxDS_Hist,1933,9
10/31/1933,5,192.9481845,1678.9275,MaxDS_Hist,1933,10
11/30/1933,5,205.0921171,2092.8813,MaxDS_Hist,1933,11
12/31/1933,5,224.2249195,1839.0779,MaxDS_Hist,1933,12
1/31/1934,5,224.4461935,1435.4022,MaxDS_Hist,1934,1
2/28/1934,5,103.9633555,571.8011,MaxDS_Hist,1934,2
3/31/1934,5,42.3584965,290.63705,MaxDS_Hist,1934,3
4/30/1934,5,29.0362245,269.79858,MaxDS_Hist,1934,4
5/31/1934,5,46.86901195,382.13852,MaxDS_Hist,1934,5
6/30/1934,5,57.4064167,923.2381,MaxDS_Hist,1934,6
7/31/1934,5,131.115163,1450.2759,MaxDS_Hist,1934,7
8/31/1934,5,152.564776,1582.9288,MaxDS_Hist,1934,8
9/30/1934,5,164.962333,1685.0568,MaxDS_Hist,1934,9
10/31/1934,5,193.3777165,1944.021,MaxDS_Hist,1934,10
11/30/1934,5,226.6869376,2158.7292,MaxDS_Hist,1934,11
12/31/1934,5,226.234882,1827.8481,MaxDS_Hist,1934,12
1/31/1935,5,207.8922108,1606.9712,MaxDS_Hist,1935,1
2/28/1935,4,120.248988,604.3762,MaxDS_Hist,1935,2
3/31/1935,4,41.3012491,248.98593,MaxDS_Hist,1935,3
4/30/1935,4,29.274042,252.16397,MaxDS_Hist,1935,4
5/31/1935,3,27.146832,236.25827,MaxDS_Hist,1935,5
6/30/1935,3,32.0572399,229.49446,MaxDS_Hist,1935,6
7/31/1935,3,25.1562225,292.7909,MaxDS_Hist,1935,7
8/31/1935,3,30.5139877,717.14386,MaxDS_Hist,1935,8
9/30/1935,3,83.66393125,1259.9061,MaxDS_Hist,1935,9
10/31/1935,3,143.646613,1747.7424,MaxDS_Hist,1935,10
11/30/1935,3,150.9089431,1661.4694,MaxDS_Hist,1935,11
12/31/1935,3,156.7889605,1780.8224,MaxDS_Hist,1935,12
1/31/1936,3,174.657919,1531.7998,MaxDS_Hist,1936,1
2/29/1936,3,89.18822305,502.7005,MaxDS_Hist,1936,2
3/31/1936,2,42.9910084,227.7812,MaxDS_Hist,1936,3
4/30/1936,3,29.2551675,228.88608,MaxDS_Hist,1936,4
5/31/1936,3,29.295246,206.75175,MaxDS_Hist,1936,5
6/30/1936,3,29.943246,240.04579,MaxDS_Hist,1936,6
7/31/1936,3,32.26729345,380.2256,MaxDS_Hist,1936,7
8/31/1936,3,35.5603516,734.3855,MaxDS_Hist,1936,8
9/30/1936,3,84.1745971,1322.4064,MaxDS_Hist,1936,9
10/31/1936,3,160.7478813,1741.5831,MaxDS_Hist,1936,10
11/30/1936,3,154.542619,1735.8485,MaxDS_Hist,1936,11
12/31/1936,3,164.198704,1781.2771,MaxDS_Hist,1936,12
1/31/1937,3,172.1973715,1345.1283,MaxDS_Hist,1937,1
2/28/1937,4,119.6533636,943.8088,MaxDS_Hist,1937,2
3/31/1937,4,77.6643535,383.4733,MaxDS_Hist,1937,3
4/30/1937,4,43.647466,243.26407,MaxDS_Hist,1937,4
5/31/1937,3,32.2721641,219.19089,MaxDS_Hist,1937,5
6/30/1937,3,25.320492,234.84294,MaxDS_Hist,1937,6
7/31/1937,3,25.2595545,296.42905,MaxDS_Hist,1937,7
8/31/1937,3,32.0051932,733.9636,MaxDS_Hist,1937,8
9/30/1937,3,86.20516795,1262.6785,MaxDS_Hist,1937,9
10/31/1937,3,146.863636,1731.5504,MaxDS_Hist,1937,10
11/30/1937,3,158.763754,1683.46,MaxDS_Hist,1937,11
12/31/1937,3,136.7665848,1204.638,MaxDS_Hist,1937,12
1/31/1938,3,46.1408113,290.23288,MaxDS_Hist,1938,1
2/28/1938,2,26.4771555,209.56439,MaxDS_Hist,1938,2
3/31/1938,1,24.331035,214.05464,MaxDS_Hist,1938,3
4/30/1938,1,15.846732,182.93616,MaxDS_Hist,1938,4
5/31/1938,1,15.91035,173.30833,MaxDS_Hist,1938,5
6/30/1938,1,14.1032265,175.84494,MaxDS_Hist,1938,6
7/31/1938,1,17.745609,178.87279,MaxDS_Hist,1938,7
8/31/1938,1,18.323229,201.4662,MaxDS_Hist,1938,8
9/30/1938,1,16.87731,276.35974,MaxDS_Hist,1938,9
10/31/1938,1,16.1014935,247.79727,MaxDS_Hist,1938,10
11/30/1938,1,16.6492695,229.21973,MaxDS_Hist,1938,11
12/31/1938,1,21.7538865,508.03732,MaxDS_Hist,1938,12
1/31/1939,1,163.391128,1740.9855,MaxDS_Hist,1939,1
2/28/1939,4,197.437248,1510.3297,MaxDS_Hist,1939,2
3/31/1939,4,133.6941565,802.99567,MaxDS_Hist,1939,3
4/30/1939,4,95.8543246,508.67422,MaxDS_Hist,1939,4
5/31/1939,4,82.7151007,362.4668,MaxDS_Hist,1939,5
6/30/1939,4,66.2675968,317.82236,MaxDS_Hist,1939,6
7/31/1939,4,52.5922081,446.08688,MaxDS_Hist,1939,7
8/31/1939,4,58.5664408,848.84015,MaxDS_Hist,1939,8
9/30/1939,4,86.0454397,1203.1545,MaxDS_Hist,1939,9
10/31/1939,4,141.0245845,1874.483,MaxDS_Hist,1939,10
11/30/1939,4,194.236792,1978.8989,MaxDS_Hist,1939,11
12/31/1939,4,214.3427868,2012.9368,MaxDS_Hist,1939,12
1/31/1940,4,220.715059,1827.1735,MaxDS_Hist,1940,1
2/29/1940,4,126.4216263,549.32336,MaxDS_Hist,1940,2
3/31/1940,2,55.041652,236.26886,MaxDS_Hist,1940,3
4/30/1940,2,37.6394095,224.66711,MaxDS_Hist,1940,4
5/31/1940,2,30.9423997,217.3575,MaxDS_Hist,1940,5
6/30/1940,2,25.2832305,221.71439,MaxDS_Hist,1940,6
7/31/1940,2,25.460802,212.5635,MaxDS_Hist,1940,7
8/31/1940,2,18.4743285,247.11685,MaxDS_Hist,1940,8
9/30/1940,2,17.97552,296.47052,MaxDS_Hist,1940,9
10/31/1940,2,18.8157,254.63588,MaxDS_Hist,1940,10
11/30/1940,2,17.4253035,224.75285,MaxDS_Hist,1940,11
12/31/1940,2,19.7314845,509.83752,MaxDS_Hist,1940,12
1/31/1941,2,56.135881,466.7418,MaxDS_Hist,1941,1
2/28/1941,1,39.7908175,227.59103,MaxDS_Hist,1941,2
3/31/1941,1,36.1633147,212.2964,MaxDS_Hist,1941,3
4/30/1941,1,27.74394,213.6057,MaxDS_Hist,1941,4
5/31/1941,1,25.5449325,191.17877,MaxDS_Hist,1941,5
6/30/1941,1,19.325286,190.9264,MaxDS_Hist,1941,6
7/31/1941,1,19.096317,174.5724,MaxDS_Hist,1941,7
8/31/1941,1,18.9331905,198.09453,MaxDS_Hist,1941,8
9/30/1941,1,17.061717,281.76288,MaxDS_Hist,1941,9
10/31/1941,1,17.1488955,243.65727,MaxDS_Hist,1941,10
11/30/1941,1,16.187391,226.11464,MaxDS_Hist,1941,11
12/31/1941,1,21.2863035,493.99695,MaxDS_Hist,1941,12
1/31/1942,1,54.35507845,459.25656,MaxDS_Hist,1942,1
2/28/1942,1,35.8509433,213.94748,MaxDS_Hist,1942,2
3/31/1942,1,26.782869,217.44139,MaxDS_Hist,1942,3
4/30/1942,1,27.514893,211.42924,MaxDS_Hist,1942,4
5/31/1942,1,28.914435,217.957,MaxDS_Hist,1942,5
6/30/1942,1,23.4527235,202.45541,MaxDS_Hist,1942,6
7/31/1942,1,21.576867,179.16133,MaxDS_Hist,1942,7
8/31/1942,1,20.070696,222.83905,MaxDS_Hist,1942,8
9/30/1942,1,17.643072,313.4015,MaxDS_Hist,1942,9
10/31/1942,1,18.415545,247.39969,MaxDS_Hist,1942,10
11/30/1942,1,15.443451,222.5103,MaxDS_Hist,1942,11
12/31/1942,1,19.860762,390.7585,MaxDS_Hist,1942,12
1/31/1943,1,55.2075049,510.59982,MaxDS_Hist,1943,1
2/28/1943,1,41.92459825,236.06694,MaxDS_Hist,1943,2
3/31/1943,1,26.602245,218.59668,MaxDS_Hist,1943,3
4/30/1943,1,23.4380175,193.9977,MaxDS_Hist,1943,4
5/31/1943,1,18.0994875,210.6891,MaxDS_Hist,1943,5
6/30/1943,1,21.578256,220.07278,MaxDS_Hist,1943,6
7/31/1943,1,22.8401115,219.80984,MaxDS_Hist,1943,7
8/31/1943,1,17.0840955,222.3061,MaxDS_Hist,1943,8
9/30/1943,1,17.8961265,280.92084,MaxDS_Hist,1943,9
10/31/1943,1,17.5133925,245.49324,MaxDS_Hist,1943,10
11/30/1943,1,15.7770405,225.80315,MaxDS_Hist,1943,11
12/31/1943,1,17.3013315,444.3478,MaxDS_Hist,1943,12
1/31/1944,1,120.3039445,1542.9625,MaxDS_Hist,1944,1
2/29/1944,4,175.1215428,1216.6313,MaxDS_Hist,1944,2
3/31/1944,4,80.65886275,330.75815,MaxDS_Hist,1944,3
4/30/1944,4,30.041478,239.39828,MaxDS_Hist,1944,4
5/31/1944,4,36.6795637,250.8003,MaxDS_Hist,1944,5
6/30/1944,4,50.1061018,290.65063,MaxDS_Hist,1944,6
7/31/1944,4,38.7108157,363.06863,MaxDS_Hist,1944,7
8/31/1944,4,41.3439877,679.1644,MaxDS_Hist,1944,8
9/30/1944,4,88.10004175,1308.7173,MaxDS_Hist,1944,9
10/31/1944,4,152.3058535,1870.0436,MaxDS_Hist,1944,10
11/30/1944,4,195.7276555,1823.0631,MaxDS_Hist,1944,11
12/31/1944,4,171.232276,1731.8707,MaxDS_Hist,1944,12
1/31/1945,4,156.339373,1027.4001,MaxDS_Hist,1945,1
2/28/1945,4,79.791622,643.10187,MaxDS_Hist,1945,2
3/31/1945,4,49.029007,302.61758,MaxDS_Hist,1945,3
4/30/1945,3,39.6604984,243.15927,MaxDS_Hist,1945,4
5/31/1945,4,30.408532,240.3719,MaxDS_Hist,1945,5
6/30/1945,4,30.2117805,273.47684,MaxDS_Hist,1945,6
7/31/1945,4,31.803265,431.77505,MaxDS_Hist,1945,7
8/31/1945,4,51.9296914,852.1342,MaxDS_Hist,1945,8
9/30/1945,4,83.9774854,1294.6658,MaxDS_Hist,1945,9
10/31/1945,4,128.6723425,1745.0566,MaxDS_Hist,1945,10
11/30/1945,4,162.4800685,1737.1624,MaxDS_Hist,1945,11
12/31/1945,4,153.7862575,1807.4166,MaxDS_Hist,1945,12
1/31/1946,4,81.6648985,481.56305,MaxDS_Hist,1946,1
2/28/1946,2,25.739595,196.0217,MaxDS_Hist,1946,2
3/31/1946,2,26.5988805,217.97939,MaxDS_Hist,1946,3
4/30/1946,2,28.845117,237.62207,MaxDS_Hist,1946,4
5/31/1946,3,28.953396,237.44536,MaxDS_Hist,1946,5
6/30/1946,3,27.146457,255.46318,MaxDS_Hist,1946,6
7/31/1946,3,28.535829,375.73862,MaxDS_Hist,1946,7
8/31/1946,3,41.890042,769.701,MaxDS_Hist,1946,8
9/30/1946,3,89.2592479,1341.1249,MaxDS_Hist,1946,9
10/31/1946,3,152.3213005,1706.662,MaxDS_Hist,1946,10
11/30/1946,3,144.6308719,1729.5282,MaxDS_Hist,1946,11
12/31/1946,3,157.9521025,1741.7368,MaxDS_Hist,1946,12
1/31/1947,3,221.2164025,1528.1752,MaxDS_Hist,1947,1
2/28/1947,4,187.886878,1401.5873,MaxDS_Hist,1947,2
3/31/1947,4,148.3725685,698.0655,MaxDS_Hist,1947,3
4/30/1947,5,47.4189964,274.8149,MaxDS_Hist,1947,4
5/31/1947,5,35.6050909,277.79822,MaxDS_Hist,1947,5
6/30/1947,5,36.265396,413.47476,MaxDS_Hist,1947,6
7/31/1947,5,48.37095625,466.10056,MaxDS_Hist,1947,7
8/31/1947,5,49.1773723,696.70184,MaxDS_Hist,1947,8
9/30/1947,5,84.04193245,1136.7783,MaxDS_Hist,1947,9
10/31/1947,5,145.5230986,1895.7279,MaxDS_Hist,1947,10
11/30/1947,5,206.1219475,2170.1414,MaxDS_Hist,1947,11
12/31/1947,5,200.127286,2221.304,MaxDS_Hist,1947,12
1/31/1948,5,225.5126179,1628.0156,MaxDS_Hist,1948,1
2/29/1948,5,143.961253,1190.2062,MaxDS_Hist,1948,2
3/31/1948,5,93.98431705,604.78284,MaxDS_Hist,1948,3
4/30/1948,5,53.025961,368.93353,MaxDS_Hist,1948,4
5/31/1948,3,31.7260642,245.36807,MaxDS_Hist,1948,5
6/30/1948,3,26.780115,222.31659,MaxDS_Hist,1948,6
7/31/1948,3,22.1551185,243.87103,MaxDS_Hist,1948,7
8/31/1948,3,32.02053475,759.7587,MaxDS_Hist,1948,8
9/30/1948,3,99.4213105,1282.736,MaxDS_Hist,1948,9
10/31/1948,3,141.209521,1655.5212,MaxDS_Hist,1948,10
11/30/1948,3,159.68649,1715.7897,MaxDS_Hist,1948,11
12/31/1948,3,176.874706,1775.356,MaxDS_Hist,1948,12
1/31/1949,3,220.8712789,1493.1079,MaxDS_Hist,1949,1
2/28/1949,5,162.1522501,1242.4086,MaxDS_Hist,1949,2
3/31/1949,5,130.9443055,636.2701,MaxDS_Hist,1949,3
4/30/1949,4,39.80131975,250.66582,MaxDS_Hist,1949,4
5/31/1949,4,27.1596405,241.83542,MaxDS_Hist,1949,5
6/30/1949,4,27.63519,274.78403,MaxDS_Hist,1949,6
7/31/1949,4,25.4876145,400.45282,MaxDS_Hist,1949,7
8/31/1949,4,34.9575196,634.40094,MaxDS_Hist,1949,8
9/30/1949,4,65.62137355,997.58325,MaxDS_Hist,1949,9
10/31/1949,4,133.597912,1879.2466,MaxDS_Hist,1949,10
11/30/1949,4,180.7872145,1827.882,MaxDS_Hist,1949,11
12/31/1949,4,172.6333759,1802.2578,MaxDS_Hist,1949,12
1/31/1950,4,197.0332833,1706.683,MaxDS_Hist,1950,1
2/28/1950,4,117.2576365,649.9652,MaxDS_Hist,1950,2
3/31/1950,4,40.1821795,259.46964,MaxDS_Hist,1950,3
4/30/1950,4,26.956623,242.7204,MaxDS_Hist,1950,4
5/31/1950,4,28.018281,244.72539,MaxDS_Hist,1950,5
6/30/1950,4,26.1422565,260.0948,MaxDS_Hist,1950,6
7/31/1950,4,25.426986,333.88776,MaxDS_Hist,1950,7
8/31/1950,4,49.78326805,966.55304,MaxDS_Hist,1950,8
9/30/1950,4,113.1699813,1443.2443,MaxDS_Hist,1950,9
10/31/1950,4,143.791356,1768.0962,MaxDS_Hist,1950,10
11/30/1950,4,163.4782525,1716.968,MaxDS_Hist,1950,11
12/31/1950,4,56.5830232,514.54974,MaxDS_Hist,1950,12
1/31/1951,4,28.302576,187.60736,MaxDS_Hist,1951,1
2/28/1951,1,24.962256,193.02266,MaxDS_Hist,1951,2
3/31/1951,1,25.213626,199.65758,MaxDS_Hist,1951,3
4/30/1951,1,23.8918665,222.05194,MaxDS_Hist,1951,4
5/31/1951,1,26.567304,242.24907,MaxDS_Hist,1951,5
6/30/1951,1,27.7647495,266.4013,MaxDS_Hist,1951,6
7/31/1951,1,27.638085,222.69205,MaxDS_Hist,1951,7
8/31/1951,1,19.047738,227.23593,MaxDS_Hist,1951,8
9/30/1951,1,18.27177,264.20193,MaxDS_Hist,1951,9
10/31/1951,1,17.0259405,234.99411,MaxDS_Hist,1951,10
11/30/1951,1,15.587139,222.35707,MaxDS_Hist,1951,11
12/31/1951,1,18.921891,507.89355,MaxDS_Hist,1951,12
1/31/1952,1,49.73239555,469.00018,MaxDS_Hist,1952,1
2/29/1952,1,40.91547025,225.2959,MaxDS_Hist,1952,2
3/31/1952,1,29.2227225,234.48158,MaxDS_Hist,1952,3
4/30/1952,1,30.4051804,216.40016,MaxDS_Hist,1952,4
5/31/1952,1,25.447929,207.10619,MaxDS_Hist,1952,5
6/30/1952,1,18.73617,181.85263,MaxDS_Hist,1952,6
7/31/1952,1,17.440482,172.31006,MaxDS_Hist,1952,7
8/31/1952,1,19.452207,203.78874,MaxDS_Hist,1952,8
9/30/1952,1,17.259315,285.27682,MaxDS_Hist,1952,9
10/31/1952,1,18.1645185,243.47272,MaxDS_Hist,1952,10
11/30/1952,1,17.7153855,221.45781,MaxDS_Hist,1952,11
12/31/1952,1,21.9872955,462.54202,MaxDS_Hist,1952,12
1/31/1953,1,50.1555265,459.65717,MaxDS_Hist,1953,1
2/28/1953,1,25.860198,214.59067,MaxDS_Hist,1953,2
3/31/1953,2,24.8371605,224.80579,MaxDS_Hist,1953,3
4/30/1953,2,27.6137745,243.29642,MaxDS_Hist,1953,4
5/31/1953,2,29.7243855,239.91742,MaxDS_Hist,1953,5
6/30/1953,2,27.299679,224.03264,MaxDS_Hist,1953,6
7/31/1953,2,25.1292555,212.20653,MaxDS_Hist,1953,7
8/31/1953,2,19.755276,247.8736,MaxDS_Hist,1953,8
9/30/1953,2,19.3507275,415.42188,MaxDS_Hist,1953,9
10/31/1953,2,28.066035,454.49823,MaxDS_Hist,1953,10
11/30/1953,2,24.864834,250.34341,MaxDS_Hist,1953,11
12/31/1953,2,20.729043,404.73605,MaxDS_Hist,1953,12
1/31/1954,2,99.263848,1158.5398,MaxDS_Hist,1954,1
2/28/1954,3,157.2891355,1008.2622,MaxDS_Hist,1954,2
3/31/1954,3,45.62577925,289.9731,MaxDS_Hist,1954,3
4/30/1954,2,24.9709005,241.1547,MaxDS_Hist,1954,4
5/31/1954,2,27.850731,231.82834,MaxDS_Hist,1954,5
6/30/1954,2,26.391477,233.93184,MaxDS_Hist,1954,6
7/31/1954,2,24.4654695,225.01163,MaxDS_Hist,1954,7
8/31/1954,2,19.3069335,252.66197,MaxDS_Hist,1954,8
9/30/1954,2,18.3951645,355.7523,MaxDS_Hist,1954,9
10/31/1954,2,18.5492955,261.42172,MaxDS_Hist,1954,10
11/30/1954,2,17.203407,253.5839,MaxDS_Hist,1954,11
12/31/1954,2,24.8175,607.28534,MaxDS_Hist,1954,12
1/31/1955,2,81.46894105,651.3892,MaxDS_Hist,1955,1
2/28/1955,3,33.73470145,272.42178,MaxDS_Hist,1955,2
3/31/1955,4,34.05375325,255.61778,MaxDS_Hist,1955,3
4/30/1955,4,34.367524,297.9237,MaxDS_Hist,1955,4
5/31/1955,4,56.9053981,291.64,MaxDS_Hist,1955,5
6/30/1955,4,58.400947,297.83063,MaxDS_Hist,1955,6
7/31/1955,4,42.651847,343.80557,MaxDS_Hist,1955,7
8/31/1955,4,32.5801408,457.9065,MaxDS_Hist,1955,8
9/30/1955,4,60.9522385,992.83856,MaxDS_Hist,1955,9
10/31/1955,4,139.420596,1815.6212,MaxDS_Hist,1955,10
11/30/1955,4,195.0533455,1890.1942,MaxDS_Hist,1955,11
12/31/1955,4,182.6734671,1802.7715,MaxDS_Hist,1955,12
1/31/1956,4,84.30112855,468.95966,MaxDS_Hist,1956,1
2/29/1956,1,29.37132,192.26364,MaxDS_Hist,1956,2
3/31/1956,1,25.145316,181.1026,MaxDS_Hist,1956,3
4/30/1956,1,19.895892,205.36699,MaxDS_Hist,1956,4
5/31/1956,1,22.4235645,233.81523,MaxDS_Hist,1956,5
6/30/1956,1,23.007966,232.57135,MaxDS_Hist,1956,6
7/31/1956,1,21.6503955,182.77145,MaxDS_Hist,1956,7
8/31/1956,1,19.7721525,216.67639,MaxDS_Hist,1956,8
9/30/1956,1,18.0502785,276.85892,MaxDS_Hist,1956,9
10/31/1956,1,17.023107,239.9879,MaxDS_Hist,1956,10
11/30/1956,1,16.677933,224.62758,MaxDS_Hist,1956,11
12/31/1956,1,19.9459035,496.6123,MaxDS_Hist,1956,12
1/31/1957,1,93.51988675,1387.0422,MaxDS_Hist,1957,1
2/28/1957,3,180.4588945,1733.218,MaxDS_Hist,1957,2
3/31/1957,3,142.356589,679.15045,MaxDS_Hist,1957,3
4/30/1957,3,49.47524575,258.50986,MaxDS_Hist,1957,4
5/31/1957,3,31.857529,240.52016,MaxDS_Hist,1957,5
6/30/1957,3,29.85528,255.4077,MaxDS_Hist,1957,6
7/31/1957,3,26.4475575,316.75153,MaxDS_Hist,1957,7
8/31/1957,3,40.0117552,782.1632,MaxDS_Hist,1957,8
9/30/1957,3,79.6158625,986.1039,MaxDS_Hist,1957,9
10/31/1957,3,121.7357845,1663.1118,MaxDS_Hist,1957,10
11/30/1957,3,189.3767241,1726.5911,MaxDS_Hist,1957,11
12/31/1957,3,188.6716255,1582.6041,MaxDS_Hist,1957,12
1/31/1958,3,191.1265585,1065.8788,MaxDS_Hist,1958,1
2/28/1958,2,41.830648,286.52533,MaxDS_Hist,1958,2
3/31/1958,1,36.54704155,238.33315,MaxDS_Hist,1958,3
4/30/1958,1,36.4041055,211.22401,MaxDS_Hist,1958,4
5/31/1958,1,40.56469795,191.17032,MaxDS_Hist,1958,5
6/30/1958,1,22.085358,179.72197,MaxDS_Hist,1958,6
7/31/1958,1,20.0863305,165.99504,MaxDS_Hist,1958,7
8/31/1958,1,19.1176755,211.81328,MaxDS_Hist,1958,8
9/30/1958,1,16.5962385,281.7705,MaxDS_Hist,1958,9
10/31/1958,1,18.0760155,248.6393,MaxDS_Hist,1958,10
11/30/1958,1,16.8359505,214.0625,MaxDS_Hist,1958,11
12/31/1958,1,21.893436,475.18723,MaxDS_Hist,1958,12
1/31/1959,1,134.5924851,1496.1902,MaxDS_Hist,1959,1
2/28/1959,3,143.4535426,994.32587,MaxDS_Hist,1959,2
3/31/1959,3,50.02664095,268.74115,MaxDS_Hist,1959,3
4/30/1959,3,31.03029655,239.45973,MaxDS_Hist,1959,4
5/31/1959,3,29.3082,256.67017,MaxDS_Hist,1959,5
6/30/1959,3,28.093506,325.2204,MaxDS_Hist,1959,6
7/31/1959,3,29.601,414.79504,MaxDS_Hist,1959,7
8/31/1959,3,43.1179303,728.4926,MaxDS_Hist,1959,8
9/30/1959,3,83.6536,1264.5771,MaxDS_Hist,1959,9
10/31/1959,3,134.6496276,1690.799,MaxDS_Hist,1959,10
11/30/1959,3,125.0070829,1187.8188,MaxDS_Hist,1959,11
12/31/1959,3,141.293254,1578.9395,MaxDS_Hist,1959,12
1/31/1960,3,193.2100225,1828.9803,MaxDS_Hist,1960,1
2/29/1960,5,173.6083495,1212.4915,MaxDS_Hist,1960,2
3/31/1960,4,85.12480705,415.44138,MaxDS_Hist,1960,3
4/30/1960,4,32.5820845,243.31703,MaxDS_Hist,1960,4
5/31/1960,4,31.9133206,254.99565,MaxDS_Hist,1960,5
6/30/1960,4,30.2948284,330.88675,MaxDS_Hist,1960,6
7/31/1960,4,29.772276,438.66245,MaxDS_Hist,1960,7
8/31/1960,4,86.08760545,1472.9222,MaxDS_Hist,1960,8
9/30/1960,4,150.32821,1615.6616,MaxDS_Hist,1960,9
10/31/1960,4,160.4828455,1785.2816,MaxDS_Hist,1960,10
11/30/1960,4,164.3298895,1695.0438,MaxDS_Hist,1960,11
12/31/1960,4,166.6556463,1697.737,MaxDS_Hist,1960,12
1/31/1961,4,176.9710075,1217.427,MaxDS_Hist,1961,1
2/28/1961,4,88.8169621,759.79724,MaxDS_Hist,1961,2
3/31/1961,4,54.871222,414.08746,MaxDS_Hist,1961,3
4/30/1961,4,27.683487,243.32219,MaxDS_Hist,1961,4
5/31/1961,4,28.002717,262.08148,MaxDS_Hist,1961,5
6/30/1961,4,30.6810148,318.97485,MaxDS_Hist,1961,6
7/31/1961,4,29.945004,442.37735,MaxDS_Hist,1961,7
8/31/1961,4,53.1334174,881.7587,MaxDS_Hist,1961,8
9/30/1961,4,91.45916005,1239.3672,MaxDS_Hist,1961,9
10/31/1961,4,145.862602,1862.6946,MaxDS_Hist,1961,10
11/30/1961,4,196.3837341,1819.9727,MaxDS_Hist,1961,11
12/31/1961,4,179.6699746,1787.1047,MaxDS_Hist,1961,12
1/31/1962,4,196.1686645,1329.9437,MaxDS_Hist,1962,1
2/28/1962,4,107.0802979,1003.5988,MaxDS_Hist,1962,2
3/31/1962,3,94.43364805,448.4774,MaxDS_Hist,1962,3
4/30/1962,3,44.3975176,241.58624,MaxDS_Hist,1962,4
5/31/1962,3,28.954197,242.71414,MaxDS_Hist,1962,5
6/30/1962,3,26.507721,272.72772,MaxDS_Hist,1962,6
7/31/1962,3,27.1285305,368.5768,MaxDS_Hist,1962,7
8/31/1962,3,40.9791877,772.36774,MaxDS_Hist,1962,8
9/30/1962,3,89.86334245,1298.1409,MaxDS_Hist,1962,9
10/31/1962,3,170.83966,1730.6959,MaxDS_Hist,1962,10
11/30/1962,3,91.1026165,741.0539,MaxDS_Hist,1962,11
12/31/1962,3,19.0934205,385.59702,MaxDS_Hist,1962,12
1/31/1963,3,40.83831505,471.57193,MaxDS_Hist,1963,1
2/28/1963,2,24.5421645,275.90717,MaxDS_Hist,1963,2
3/31/1963,3,29.557494,256.6362,MaxDS_Hist,1963,3
4/30/1963,2,27.58185,239.90999,MaxDS_Hist,1963,4
5/31/1963,1,28.194132,219.89218,MaxDS_Hist,1963,5
6/30/1963,1,25.659348,214.37585,MaxDS_Hist,1963,6
7/31/1963,1,26.046804,209.13866,MaxDS_Hist,1963,7
8/31/1963,1,20.8647375,215.88695,MaxDS_Hist,1963,8
9/30/1963,1,17.4124575,299.4272,MaxDS_Hist,1963,9
10/31/1963,1,18.538401,272.58737,MaxDS_Hist,1963,10
11/30/1963,1,14.93433,208.85634,MaxDS_Hist,1963,11
12/31/1963,1,16.967322,291.5429,MaxDS_Hist,1963,12
1/31/1964,1,66.09382945,820.8742,MaxDS_Hist,1964,1
2/29/1964,3,106.295653,841.78,MaxDS_Hist,1964,2
3/31/1964,3,40.7607922,325.50372,MaxDS_Hist,1964,3
4/30/1964,4,35.66720095,325.15005,MaxDS_Hist,1964,4
5/31/1964,4,40.3437574,325.85928,MaxDS_Hist,1964,5
6/30/1964,4,43.76621695,315.11438,MaxDS_Hist,1964,6
7/31/1964,4,32.79193,375.18378,MaxDS_Hist,1964,7
8/31/1964,4,41.37750655,728.82666,MaxDS_Hist,1964,8
9/30/1964,4,80.7700327,1173.6458,MaxDS_Hist,1964,9
10/31/1964,4,137.98144,1800.1411,MaxDS_Hist,1964,10
11/30/1964,4,177.3567151,1616.1815,MaxDS_Hist,1964,11
12/31/1964,4,162.2345296,1743.9918,MaxDS_Hist,1964,12
1/31/1965,4,63.76133245,439.88715,MaxDS_Hist,1965,1
2/28/1965,1,23.672355,203.61198,MaxDS_Hist,1965,2
3/31/1965,1,26.63676,213.9413,MaxDS_Hist,1965,3
4/30/1965,1,28.154691,225.70445,MaxDS_Hist,1965,4
5/31/1965,1,28.043001,222.50285,MaxDS_Hist,1965,5
6/30/1965,1,23.135373,215.27763,MaxDS_Hist,1965,6
7/31/1965,1,25.5026865,210.32704,MaxDS_Hist,1965,7
8/31/1965,1,20.8770975,224.75133,MaxDS_Hist,1965,8
9/30/1965,1,18.8248665,295.68082,MaxDS_Hist,1965,9
10/31/1965,1,18.1662945,245.51144,MaxDS_Hist,1965,10
11/30/1965,1,16.9170255,229.84773,MaxDS_Hist,1965,11
12/31/1965,1,19.032573,267.38834,MaxDS_Hist,1965,12
1/31/1966,1,53.61480805,672.3808,MaxDS_Hist,1966,1
2/28/1966,2,70.3655776,580.62787,MaxDS_Hist,1966,2
3/31/1966,3,32.4228835,244.61824,MaxDS_Hist,1966,3
4/30/1966,3,30.0777825,236.54912,MaxDS_Hist,1966,4
5/31/1966,3,30.6164794,262.9205,MaxDS_Hist,1966,5
6/30/1966,3,29.754414,313.7685,MaxDS_Hist,1966,6
7/31/1966,3,29.930406,397.3437,MaxDS_Hist,1966,7
8/31/1966,3,39.3550069,676.1174,MaxDS_Hist,1966,8
9/30/1966,3,71.307514,1149.4387,MaxDS_Hist,1966,9
10/31/1966,3,133.4383975,1784.0443,MaxDS_Hist,1966,10
11/30/1966,3,174.1694946,1684.5763,MaxDS_Hist,1966,11
12/31/1966,3,163.501195,1737.2457,MaxDS_Hist,1966,12
1/31/1967,3,102.0836665,551.8436,MaxDS_Hist,1967,1
2/28/1967,2,30.33598525,222.59251,MaxDS_Hist,1967,2
3/31/1967,2,27.25236,234.69263,MaxDS_Hist,1967,3
4/30/1967,2,30.1620945,230.23598,MaxDS_Hist,1967,4
5/31/1967,1,27.533583,216.33528,MaxDS_Hist,1967,5
6/30/1967,1,20.3784045,199.0715,MaxDS_Hist,1967,6
7/31/1967,1,18.2775165,172.44173,MaxDS_Hist,1967,7
8/31/1967,1,18.8440635,200.05939,MaxDS_Hist,1967,8
9/30/1967,1,18.1250055,278.43503,MaxDS_Hist,1967,9
10/31/1967,1,18.556377,237.67267,MaxDS_Hist,1967,10
11/30/1967,1,18.0677535,228.33704,MaxDS_Hist,1967,11
12/31/1967,1,22.082346,516.75507,MaxDS_Hist,1967,12
1/31/1968,1,198.870835,1694.0187,MaxDS_Hist,1968,1
2/29/1968,3,165.4502929,950.9252,MaxDS_Hist,1968,2
3/31/1968,3,41.3956069,258.08112,MaxDS_Hist,1968,3
4/30/1968,3,27.9487605,238.0914,MaxDS_Hist,1968,4
5/31/1968,3,28.687275,246.21165,MaxDS_Hist,1968,5
6/30/1968,3,28.665069,303.90497,MaxDS_Hist,1968,6
7/31/1968,3,27.8261805,458.8863,MaxDS_Hist,1968,7
8/31/1968,3,37.6025875,747.51434,MaxDS_Hist,1968,8
9/30/1968,3,78.22880455,1223.395,MaxDS_Hist,1968,9
10/31/1968,3,136.7870763,1655.2982,MaxDS_Hist,1968,10
11/30/1968,3,153.1465864,1667.5167,MaxDS_Hist,1968,11
12/31/1968,3,160.646578,1729.8322,MaxDS_Hist,1968,12
1/31/1969,3,142.562017,878.41,MaxDS_Hist,1969,1
2/28/1969,1,38.73619495,247.64757,MaxDS_Hist,1969,2
3/31/1969,1,15.838422,190.19571,MaxDS_Hist,1969,3
4/30/1969,1,18.442698,185.50076,MaxDS_Hist,1969,4
5/31/1969,1,17.3023185,179.96156,MaxDS_Hist,1969,5
6/30/1969,1,14.151537,182.33072,MaxDS_Hist,1969,6
7/31/1969,1,16.9278585,192.87186,MaxDS_Hist,1969,7
8/31/1969,1,18.56673,213.48227,MaxDS_Hist,1969,8
9/30/1969,1,17.666586,279.98215,MaxDS_Hist,1969,9
10/31/1969,1,18.880401,247.65746,MaxDS_Hist,1969,10
11/30/1969,1,20.3717805,237.30084,MaxDS_Hist,1969,11
12/31/1969,1,23.9063595,508.14606,MaxDS_Hist,1969,12
1/31/1970,1,46.52617975,434.30725,MaxDS_Hist,1970,1
2/28/1970,1,24.950127,210.52725,MaxDS_Hist,1970,2
3/31/1970,1,17.7595755,191.93153,MaxDS_Hist,1970,3
4/30/1970,1,22.090485,201.88127,MaxDS_Hist,1970,4
5/31/1970,1,24.62559,234.27641,MaxDS_Hist,1970,5
6/30/1970,1,26.476818,273.7199,MaxDS_Hist,1970,6
7/31/1970,1,23.0319375,235.49551,MaxDS_Hist,1970,7
8/31/1970,1,18.3635625,223.10805,MaxDS_Hist,1970,8
9/30/1970,1,18.436503,262.4258,MaxDS_Hist,1970,9
10/31/1970,1,17.732739,233.73512,MaxDS_Hist,1970,10
11/30/1970,1,16.613355,225.42856,MaxDS_Hist,1970,11
12/31/1970,1,15.9381015,282.00922,MaxDS_Hist,1970,12
1/31/1971,1,24.728337,262.44998,MaxDS_Hist,1971,1
2/28/1971,1,21.85077,214.40375,MaxDS_Hist,1971,2
3/31/1971,1,22.900653,234.85007,MaxDS_Hist,1971,3
4/30/1971,1,22.989189,239.07951,MaxDS_Hist,1971,4
5/31/1971,1,25.579095,233.26653,MaxDS_Hist,1971,5
6/30/1971,1,25.9269075,232.05313,MaxDS_Hist,1971,6
7/31/1971,1,21.9310185,212.31992,MaxDS_Hist,1971,7
8/31/1971,1,19.193436,222.25243,MaxDS_Hist,1971,8
9/30/1971,1,18.416901,310.45193,MaxDS_Hist,1971,9
10/31/1971,1,18.2384325,256.4419,MaxDS_Hist,1971,10
11/30/1971,1,15.684387,219.34296,MaxDS_Hist,1971,11
12/31/1971,1,16.8898935,417.94806,MaxDS_Hist,1971,12
1/31/1972,1,52.56994105,676.8569,MaxDS_Hist,1972,1
2/29/1972,3,37.44317275,467.55194,MaxDS_Hist,1972,2
3/31/1972,3,37.1237476,363.48776,MaxDS_Hist,1972,3
4/30/1972,3,32.1471745,267.40817,MaxDS_Hist,1972,4
5/31/1972,3,30.0495,266.33362,MaxDS_Hist,1972,5
6/30/1972,3,31.9955032,340.67532,MaxDS_Hist,1972,6
7/31/1972,3,31.22079055,475.51144,MaxDS_Hist,1972,7
8/31/1972,3,35.7101761,707.3988,MaxDS_Hist,1972,8
9/30/1972,3,54.7228282,804.20123,MaxDS_Hist,1972,9
10/31/1972,3,98.0149495,1500.8688,MaxDS_Hist,1972,10
11/30/1972,3,154.3146475,1720.53,MaxDS_Hist,1972,11
12/31/1972,3,131.2193134,1299.5612,MaxDS_Hist,1972,12
1/31/1973,3,70.7372917,539.21265,MaxDS_Hist,1973,1
2/28/1973,2,34.777924,262.79718,MaxDS_Hist,1973,2
3/31/1973,2,24.297165,239.90332,MaxDS_Hist,1973,3
4/30/1973,2,31.1713972,232.22882,MaxDS_Hist,1973,4
5/31/1973,2,28.970142,232.82034,MaxDS_Hist,1973,5
6/30/1973,2,27.45807,253.01497,MaxDS_Hist,1973,6
7/31/1973,2,26.231301,222.45854,MaxDS_Hist,1973,7
8/31/1973,2,20.1091875,246.37968,MaxDS_Hist,1973,8
9/30/1973,2,19.606821,392.94742,MaxDS_Hist,1973,9
10/31/1973,2,20.329356,279.8659,MaxDS_Hist,1973,10
11/30/1973,2,18.881055,228.10762,MaxDS_Hist,1973,11
12/31/1973,2,16.4510085,208.94176,MaxDS_Hist,1973,12
1/31/1974,2,25.295469,197.37581,MaxDS_Hist,1974,1
2/28/1974,1,24.1848405,197.43758,MaxDS_Hist,1974,2
3/31/1974,1,21.4250445,209.4463,MaxDS_Hist,1974,3
4/30/1974,1,24.850419,203.70297,MaxDS_Hist,1974,4
5/31/1974,1,22.1495865,187.36554,MaxDS_Hist,1974,5
6/30/1974,1,20.732328,203.18744,MaxDS_Hist,1974,6
7/31/1974,1,23.589372,200.03856,MaxDS_Hist,1974,7
8/31/1974,1,19.4127795,211.67441,MaxDS_Hist,1974,8
9/30/1974,1,18.1776195,305.32037,MaxDS_Hist,1974,9
10/31/1974,1,19.1744775,260.6794,MaxDS_Hist,1974,10
11/30/1974,1,16.336443,220.39792,MaxDS_Hist,1974,11
12/31/1974,1,21.3509085,522.40106,MaxDS_Hist,1974,12
1/31/1975,1,196.7269225,1654.406,MaxDS_Hist,1975,1
2/28/1975,3,170.604592,1379.0017,MaxDS_Hist,1975,2
3/31/1975,3,81.567856,405.39023,MaxDS_Hist,1975,3
4/30/1975,2,32.24452195,231.3568,MaxDS_Hist,1975,4
5/31/1975,2,26.6353905,218.93594,MaxDS_Hist,1975,5
6/30/1975,2,24.146415,218.3354,MaxDS_Hist,1975,6
7/31/1975,2,24.1861755,206.21904,MaxDS_Hist,1975,7
8/31/1975,2,19.6711905,244.38852,MaxDS_Hist,1975,8
9/30/1975,2,18.990975,414.62537,MaxDS_Hist,1975,9
10/31/1975,2,21.801423,370.77643,MaxDS_Hist,1975,10
11/30/1975,2,17.124951,211.27966,MaxDS_Hist,1975,11
12/31/1975,2,21.64698,439.08905,MaxDS_Hist,1975,12
1/31/1976,2,118.3118943,1475.039,MaxDS_Hist,1976,1
2/29/1976,4,214.1239581,1889.6028,MaxDS_Hist,1976,2
3/31/1976,4,222.9762661,1312.3545,MaxDS_Hist,1976,3
4/30/1976,5,131.7283405,756.9428,MaxDS_Hist,1976,4
5/31/1976,5,76.1391418,501.7105,MaxDS_Hist,1976,5
6/30/1976,5,76.851904,965.73816,MaxDS_Hist,1976,6
7/31/1976,5,127.983526,1464.0647,MaxDS_Hist,1976,7
8/31/1976,5,118.53475,1395.5569,MaxDS_Hist,1976,8
9/30/1976,5,114.9203373,1296.5648,MaxDS_Hist,1976,9
10/31/1976,5,160.0483744,2093.534,MaxDS_Hist,1976,10
11/30/1976,5,219.6282685,1926.4534,MaxDS_Hist,1976,11
12/31/1976,5,218.609707,1986.2268,MaxDS_Hist,1976,12
1/31/1977,5,224.4310999,1567.6753,MaxDS_Hist,1977,1
2/28/1977,5,172.1252494,1379.955,MaxDS_Hist,1977,2
3/31/1977,5,148.052143,748.0455,MaxDS_Hist,1977,3
4/30/1977,5,93.6244675,395.87817,MaxDS_Hist,1977,4
5/31/1977,5,67.94743525,718.58234,MaxDS_Hist,1977,5
6/30/1977,5,102.700284,1359.1815,MaxDS_Hist,1977,6
7/31/1977,5,140.104747,1217.5541,MaxDS_Hist,1977,7
8/31/1977,5,90.6679744,1100.6536,MaxDS_Hist,1977,8
9/30/1977,5,130.318531,1412.1439,MaxDS_Hist,1977,9
10/31/1977,5,167.627254,1578.992,MaxDS_Hist,1977,10
11/30/1977,5,222.249214,2245.553,MaxDS_Hist,1977,11
12/31/1977,5,220.456393,1371.1176,MaxDS_Hist,1977,12
1/31/1978,5,120.3870505,1046.9067,MaxDS_Hist,1978,1
2/28/1978,3,67.28017045,417.98822,MaxDS_Hist,1978,2
3/31/1978,3,42.082132,233.1223,MaxDS_Hist,1978,3
4/30/1978,2,38.5267513,230.42091,MaxDS_Hist,1978,4
5/31/1978,2,28.1605275,215.42287,MaxDS_Hist,1978,5
6/30/1978,2,22.9102095,219.59999,MaxDS_Hist,1978,6
7/31/1978,2,22.3185405,206.94003,MaxDS_Hist,1978,7
8/31/1978,2,19.3315125,233.12936,MaxDS_Hist,1978,8
9/30/1978,2,19.038162,405.90204,MaxDS_Hist,1978,9
10/31/1978,2,21.497859,291.11026,MaxDS_Hist,1978,10
11/30/1978,2,19.1750745,255.6841,MaxDS_Hist,1978,11
12/31/1978,2,26.769297,547.1585,MaxDS_Hist,1978,12
1/31/1979,2,109.8075741,1271.9047,MaxDS_Hist,1979,1
2/28/1979,4,115.675174,792.6492,MaxDS_Hist,1979,2
3/31/1979,4,48.122365,255.83528,MaxDS_Hist,1979,3
4/30/1979,4,38.514958,233.61559,MaxDS_Hist,1979,4
5/31/1979,4,30.2625436,235.00029,MaxDS_Hist,1979,5
6/30/1979,4,27.464745,256.38248,MaxDS_Hist,1979,6
7/31/1979,4,28.181763,274.43542,MaxDS_Hist,1979,7
8/31/1979,4,40.36416055,553.03955,MaxDS_Hist,1979,8
9/30/1979,4,76.3247794,871.1728,MaxDS_Hist,1979,9
10/31/1979,4,120.9801925,1776.3054,MaxDS_Hist,1979,10
11/30/1979,4,185.780386,1765.8973,MaxDS_Hist,1979,11
12/31/1979,4,170.9317606,1764.382,MaxDS_Hist,1979,12
1/31/1980,4,176.5574298,1070.1117,MaxDS_Hist,1980,1
2/29/1980,2,47.29102,272.04633,MaxDS_Hist,1980,2
3/31/1980,1,15.9996735,213.7217,MaxDS_Hist,1980,3
4/30/1980,1,24.5019705,200.62521,MaxDS_Hist,1980,4
5/31/1980,2,24.156846,211.42595,MaxDS_Hist,1980,5
6/30/1980,2,24.9421605,256.19022,MaxDS_Hist,1980,6
7/31/1980,2,24.687339,241.08267,MaxDS_Hist,1980,7
8/31/1980,2,22.3706955,231.97713,MaxDS_Hist,1980,8
9/30/1980,2,19.2255495,365.5601,MaxDS_Hist,1980,9
10/31/1980,2,18.7624965,277.04575,MaxDS_Hist,1980,10
11/30/1980,2,18.296874,235.73529,MaxDS_Hist,1980,11
12/31/1980,2,17.925717,428.54822,MaxDS_Hist,1980,12
1/31/1981,2,140.768911,1737.4924,MaxDS_Hist,1981,1
2/28/1981,3,165.4159219,800.41327,MaxDS_Hist,1981,2
3/31/1981,4,44.4203233,260.12326,MaxDS_Hist,1981,3
4/30/1981,4,27.766731,240.47678,MaxDS_Hist,1981,4
5/31/1981,4,29.169075,256.3189,MaxDS_Hist,1981,5
6/30/1981,4,43.8478609,308.51535,MaxDS_Hist,1981,6
7/31/1981,4,39.7262935,374.5084,MaxDS_Hist,1981,7
8/31/1981,4,49.2143995,868.5501,MaxDS_Hist,1981,8
9/30/1981,4,89.95753495,1204.3723,MaxDS_Hist,1981,9
10/31/1981,4,132.496786,1797.4257,MaxDS_Hist,1981,10
11/30/1981,4,180.3139036,1791.6367,MaxDS_Hist,1981,11
12/31/1981,4,122.136979,918.2548,MaxDS_Hist,1981,12
1/31/1982,4,26.368632,216.32799,MaxDS_Hist,1982,1
2/28/1982,1,26.6202855,203.50102,MaxDS_Hist,1982,2
3/31/1982,1,24.1581315,200.16019,MaxDS_Hist,1982,3
4/30/1982,1,24.348795,182.40396,MaxDS_Hist,1982,4
5/31/1982,1,17.7845505,176.25764,MaxDS_Hist,1982,5
6/30/1982,1,15.0757365,181.42647,MaxDS_Hist,1982,6
7/31/1982,1,18.259305,182.77237,MaxDS_Hist,1982,7
8/31/1982,1,19.068105,219.32845,MaxDS_Hist,1982,8
9/30/1982,1,16.8411285,285.48688,MaxDS_Hist,1982,9
10/31/1982,1,18.8404455,262.99738,MaxDS_Hist,1982,10
11/30/1982,1,18.9528285,194.91359,MaxDS_Hist,1982,11
12/31/1982,1,20.6885325,202.30125,MaxDS_Hist,1982,12
1/31/1983,1,22.5286875,177.61154,MaxDS_Hist,1983,1
2/28/1983,1,16.757229,178.3668,MaxDS_Hist,1983,2
3/31/1983,1,7.9801695,191.49129,MaxDS_Hist,1983,3
4/30/1983,1,5.9841465,190.96373,MaxDS_Hist,1983,4
5/31/1983,1,3.2791695,173.48041,MaxDS_Hist,1983,5
6/30/1983,1,6.947484,169.07922,MaxDS_Hist,1983,6
7/31/1983,1,17.3103555,182.12354,MaxDS_Hist,1983,7
8/31/1983,1,21.1470225,206.94855,MaxDS_Hist,1983,8
9/30/1983,1,18.785724,295.6925,MaxDS_Hist,1983,9
10/31/1983,1,17.947341,290.40195,MaxDS_Hist,1983,10
11/30/1983,1,17.6841675,255.10344,MaxDS_Hist,1983,11
12/31/1983,1,22.5830205,189.16756,MaxDS_Hist,1983,12
1/31/1984,1,12.835758,194.61284,MaxDS_Hist,1984,1
2/29/1984,1,16.034067,176.64299,MaxDS_Hist,1984,2
3/31/1984,1,18.6260475,198.8505,MaxDS_Hist,1984,3
4/30/1984,1,22.81647,214.95894,MaxDS_Hist,1984,4
5/31/1984,1,24.6557835,237.08287,MaxDS_Hist,1984,5
6/30/1984,1,24.9557895,266.1746,MaxDS_Hist,1984,6
7/31/1984,1,26.229309,226.65158,MaxDS_Hist,1984,7
8/31/1984,1,18.630498,222.73715,MaxDS_Hist,1984,8
9/30/1984,1,18.804021,299.06488,MaxDS_Hist,1984,9
10/31/1984,1,18.5462055,244.65216,MaxDS_Hist,1984,10
11/30/1984,1,18.34515,224.80142,MaxDS_Hist,1984,11
12/31/1984,1,14.2810425,261.66098,MaxDS_Hist,1984,12
1/31/1985,1,22.2720825,282.39432,MaxDS_Hist,1985,1
2/28/1985,3,26.851593,355.87326,MaxDS_Hist,1985,2
3/31/1985,3,35.1083416,445.5425,MaxDS_Hist,1985,3
4/30/1985,3,39.1102831,312.6897,MaxDS_Hist,1985,4
5/31/1985,4,57.942838,283.81708,MaxDS_Hist,1985,5
6/30/1985,4,52.746718,328.48886,MaxDS_Hist,1985,6
7/31/1985,4,32.1662695,395.7114,MaxDS_Hist,1985,7
8/31/1985,4,55.1665048,990.9827,MaxDS_Hist,1985,8
9/30/1985,4,92.0101306,1151.0044,MaxDS_Hist,1985,9
10/31/1985,4,126.999213,1743.6661,MaxDS_Hist,1985,10
11/30/1985,4,173.999512,1555.6422,MaxDS_Hist,1985,11
12/31/1985,4,155.3146555,1753.8026,MaxDS_Hist,1985,12
1/31/1986,4,218.997136,1519.6385,MaxDS_Hist,1986,1
2/28/1986,4,90.2827513,463.7199,MaxDS_Hist,1986,2
3/31/1986,1,30.34313305,233.76915,MaxDS_Hist,1986,3
4/30/1986,1,15.4714305,186.865,MaxDS_Hist,1986,4
5/31/1986,1,18.1520295,179.75789,MaxDS_Hist,1986,5
6/30/1986,1,22.8552525,209.52632,MaxDS_Hist,1986,6
7/31/1986,1,21.610698,215.16313,MaxDS_Hist,1986,7
8/31/1986,1,16.8411645,226.00267,MaxDS_Hist,1986,8
9/30/1986,1,17.589741,267.42114,MaxDS_Hist,1986,9
10/31/1986,1,17.427708,240.86461,MaxDS_Hist,1986,10
11/30/1986,1,16.5158685,223.94365,MaxDS_Hist,1986,11
12/31/1986,1,18.4414095,454.48358,MaxDS_Hist,1986,12
1/31/1987,1,106.249939,1472.359,MaxDS_Hist,1987,1
2/28/1987,4,169.107145,1358.0441,MaxDS_Hist,1987,2
3/31/1987,4,93.5428435,483.94403,MaxDS_Hist,1987,3
4/30/1987,4,40.3453819,258.79843,MaxDS_Hist,1987,4
5/31/1987,4,45.1592542,254.5112,MaxDS_Hist,1987,5
6/30/1987,4,49.5653485,316.75253,MaxDS_Hist,1987,6
7/31/1987,4,39.592201,435.42532,MaxDS_Hist,1987,7
8/31/1987,4,47.7843835,802.9001,MaxDS_Hist,1987,8
9/30/1987,4,85.9942879,1162.7723,MaxDS_Hist,1987,9
10/31/1987,4,138.052291,1721.2631,MaxDS_Hist,1987,10
11/30/1987,4,192.7440874,2030.6936,MaxDS_Hist,1987,11
12/31/1987,4,223.037695,1975.9794,MaxDS_Hist,1987,12
1/31/1988,4,192.0362785,1298.3604,MaxDS_Hist,1988,1
2/29/1988,4,65.38346125,379.1204,MaxDS_Hist,1988,2
3/31/1988,5,41.0458378,243.09763,MaxDS_Hist,1988,3
4/30/1988,5,66.1963525,291.43628,MaxDS_Hist,1988,4
5/31/1988,5,59.7514195,414.6483,MaxDS_Hist,1988,5
6/30/1988,5,66.3639325,909.8769,MaxDS_Hist,1988,6
7/31/1988,5,131.9007085,1451.153,MaxDS_Hist,1988,7
8/31/1988,5,166.1112336,1652.5847,MaxDS_Hist,1988,8
9/30/1988,5,170.2276624,1729.7572,MaxDS_Hist,1988,9
10/31/1988,5,189.0580656,1806.0793,MaxDS_Hist,1988,10
11/30/1988,5,222.5304321,2108.5593,MaxDS_Hist,1988,11
12/31/1988,5,224.7306406,2162.3054,MaxDS_Hist,1988,12
1/31/1989,5,211.7139895,1607.3655,MaxDS_Hist,1989,1
2/28/1989,4,173.8378315,1504.8433,MaxDS_Hist,1989,2
3/31/1989,5,140.8599286,959.99884,MaxDS_Hist,1989,3
4/30/1989,4,52.0746595,371.71326,MaxDS_Hist,1989,4
5/31/1989,4,29.586474,242.79305,MaxDS_Hist,1989,5
6/30/1989,4,29.5736295,271.22156,MaxDS_Hist,1989,6
7/31/1989,4,26.0180355,350.4693,MaxDS_Hist,1989,7
8/31/1989,4,56.7105835,1069.4304,MaxDS_Hist,1989,8
9/30/1989,4,123.0813835,1474.311,MaxDS_Hist,1989,9
10/31/1989,4,151.0851985,1696.1493,MaxDS_Hist,1989,10
11/30/1989,4,158.1147606,1721.3984,MaxDS_Hist,1989,11
12/31/1989,4,164.3728105,1787.6594,MaxDS_Hist,1989,12
1/31/1990,4,200.3862769,1792.613,MaxDS_Hist,1990,1
2/28/1990,4,138.7462945,869.1368,MaxDS_Hist,1990,2
3/31/1990,5,49.9399354,372.32132,MaxDS_Hist,1990,3
4/30/1990,5,37.5399844,380.26105,MaxDS_Hist,1990,4
5/31/1990,5,55.998511,449.91913,MaxDS_Hist,1990,5
6/30/1990,5,64.5401776,666.544,MaxDS_Hist,1990,6
7/31/1990,5,87.08199895,1011.7926,MaxDS_Hist,1990,7
8/31/1990,5,115.1064964,1302.3641,MaxDS_Hist,1990,8
9/30/1990,5,116.6137759,1328.8326,MaxDS_Hist,1990,9
10/31/1990,5,163.3530634,1798.3047,MaxDS_Hist,1990,10
11/30/1990,5,212.4557875,2154.1577,MaxDS_Hist,1990,11
12/31/1990,5,228.141267,1980.5497,MaxDS_Hist,1990,12
1/31/1991,5,225.4979005,1615.4497,MaxDS_Hist,1991,1
2/28/1991,5,174.219703,1561.2106,MaxDS_Hist,1991,2
3/31/1991,5,226.513213,1718.3643,MaxDS_Hist,1991,3
4/30/1991,5,120.026554,543.82794,MaxDS_Hist,1991,4
5/31/1991,5,47.12786605,255.6233,MaxDS_Hist,1991,5
6/30/1991,5,43.33648255,422.72372,MaxDS_Hist,1991,6
7/31/1991,5,74.76576955,925.09296,MaxDS_Hist,1991,7
8/31/1991,5,165.207091,1614.7755,MaxDS_Hist,1991,8
9/30/1991,5,183.4499695,1694.5396,MaxDS_Hist,1991,9
10/31/1991,5,199.8702531,1762.6041,MaxDS_Hist,1991,10
11/30/1991,5,223.2789931,2279.2405,MaxDS_Hist,1991,11
12/31/1991,5,230.0589265,1922.3915,MaxDS_Hist,1991,12
1/31/1992,5,223.0047946,1877.1594,MaxDS_Hist,1992,1
2/29/1992,5,173.8781989,954.28595,MaxDS_Hist,1992,2
3/31/1992,5,86.2575595,343.4586,MaxDS_Hist,1992,3
4/30/1992,5,38.0337241,246.61928,MaxDS_Hist,1992,4
5/31/1992,5,44.3989711,264.9659,MaxDS_Hist,1992,5
6/30/1992,5,48.45232375,510.73856,MaxDS_Hist,1992,6
7/31/1992,5,100.3969225,1156.8248,MaxDS_Hist,1992,7
8/31/1992,5,174.6856923,1822.9465,MaxDS_Hist,1992,8
9/30/1992,5,189.1421719,2073.788,MaxDS_Hist,1992,9
10/31/1992,5,213.6363145,1987.4684,MaxDS_Hist,1992,10
11/30/1992,5,222.413887,2072.8096,MaxDS_Hist,1992,11
12/31/1992,5,223.9006465,2235.506,MaxDS_Hist,1992,12
1/31/1993,5,219.6718165,1419.219,MaxDS_Hist,1993,1
2/28/1993,3,69.5902294,368.34232,MaxDS_Hist,1993,2
3/31/1993,2,41.3167474,239.29042,MaxDS_Hist,1993,3
4/30/1993,2,32.66138575,233.80089,MaxDS_Hist,1993,4
5/31/1993,2,26.572947,226.74738,MaxDS_Hist,1993,5
6/30/1993,2,25.539375,228.07555,MaxDS_Hist,1993,6
7/31/1993,2,23.654631,202.95662,MaxDS_Hist,1993,7
8/31/1993,2,20.676462,236.77478,MaxDS_Hist,1993,8
9/30/1993,2,18.8352795,395.63925,MaxDS_Hist,1993,9
10/31/1993,2,19.8663075,355.50766,MaxDS_Hist,1993,10
11/30/1993,2,18.0682845,224.55449,MaxDS_Hist,1993,11
12/31/1993,2,22.4576955,494.50558,MaxDS_Hist,1993,12
1/31/1994,2,177.396541,1630.5414,MaxDS_Hist,1994,1
2/28/1994,4,217.2929671,1436.5934,MaxDS_Hist,1994,2
3/31/1994,4,115.980372,561.3371,MaxDS_Hist,1994,3
4/30/1994,5,57.33121945,272.64746,MaxDS_Hist,1994,4
5/31/1994,5,58.777147,347.6842,MaxDS_Hist,1994,5
6/30/1994,5,54.34231045,717.01575,MaxDS_Hist,1994,6
7/31/1994,5,118.606627,1381.6765,MaxDS_Hist,1994,7
8/31/1994,5,177.736546,1736.9885,MaxDS_Hist,1994,8
9/30/1994,5,167.8047976,1784.8096,MaxDS_Hist,1994,9
10/31/1994,5,195.3529233,1835.5594,MaxDS_Hist,1994,10
11/30/1994,5,222.9706345,2251.7708,MaxDS_Hist,1994,11
12/31/1994,5,223.025611,1554.5413,MaxDS_Hist,1994,12
1/31/1995,5,222.8848039,1719.7783,MaxDS_Hist,1995,1
2/28/1995,1,89.77359025,387.9004,MaxDS_Hist,1995,2
3/31/1995,2,31.8203023,229.91081,MaxDS_Hist,1995,3
4/30/1995,1,25.9015545,218.98889,MaxDS_Hist,1995,4
5/31/1995,1,22.231584,177.50677,MaxDS_Hist,1995,5
6/30/1995,1,16.949913,169.904,MaxDS_Hist,1995,6
7/31/1995,1,15.892614,167.7193,MaxDS_Hist,1995,7
8/31/1995,1,17.76576,170.8297,MaxDS_Hist,1995,8
9/30/1995,1,17.6521725,266.40552,MaxDS_Hist,1995,9
10/31/1995,1,15.700215,245.93256,MaxDS_Hist,1995,10
11/30/1995,1,13.500405,230.07426,MaxDS_Hist,1995,11
12/31/1995,1,21.860328,523.7518,MaxDS_Hist,1995,12
1/31/1996,1,82.7301487,625.3998,MaxDS_Hist,1996,1
2/29/1996,2,29.543157,240.8308,MaxDS_Hist,1996,2
3/31/1996,1,32.2482925,221.17087,MaxDS_Hist,1996,3
4/30/1996,1,26.4018225,215.60542,MaxDS_Hist,1996,4
5/31/1996,1,24.05598,208.77402,MaxDS_Hist,1996,5
6/30/1996,1,21.542361,195.92096,MaxDS_Hist,1996,6
7/31/1996,1,21.9809715,189.22539,MaxDS_Hist,1996,7
8/31/1996,1,18.929292,222.84285,MaxDS_Hist,1996,8
9/30/1996,1,17.9524605,325.7078,MaxDS_Hist,1996,9
10/31/1996,1,18.355188,259.12244,MaxDS_Hist,1996,10
11/30/1996,1,14.4562935,212.08336,MaxDS_Hist,1996,11
12/31/1996,1,19.5461745,374.07343,MaxDS_Hist,1996,12
1/31/1997,1,35.4012133,273.34543,MaxDS_Hist,1997,1
2/28/1997,1,10.183323,181.62047,MaxDS_Hist,1997,2
3/31/1997,1,18.718092,170.35533,MaxDS_Hist,1997,3
4/30/1997,1,20.369811,202.50894,MaxDS_Hist,1997,4
5/31/1997,1,24.8340225,271.171,MaxDS_Hist,1997,5
6/30/1997,1,30.4464085,281.14554,MaxDS_Hist,1997,6
7/31/1997,1,27.616329,225.45409,MaxDS_Hist,1997,7
8/31/1997,1,19.741047,225.23148,MaxDS_Hist,1997,8
9/30/1997,1,18.7378305,255.72612,MaxDS_Hist,1997,9
10/31/1997,1,17.475558,231.52188,MaxDS_Hist,1997,10
11/30/1997,1,15.6544425,222.04137,MaxDS_Hist,1997,11
12/31/1997,1,18.226719,409.89563,MaxDS_Hist,1997,12
1/31/1998,1,37.0112695,550.7107,MaxDS_Hist,1998,1
2/28/1998,1,41.94383575,248.42583,MaxDS_Hist,1998,2
3/31/1998,1,51.2891995,228.37773,MaxDS_Hist,1998,3
4/30/1998,1,24.128307,183.2284,MaxDS_Hist,1998,4
5/31/1998,1,17.8341015,178.11519,MaxDS_Hist,1998,5
6/30/1998,1,17.174448,165.06538,MaxDS_Hist,1998,6
7/31/1998,1,14.8094655,163.9847,MaxDS_Hist,1998,7
8/31/1998,1,15.8129775,173.34013,MaxDS_Hist,1998,8
9/30/1998,1,17.897928,274.25412,MaxDS_Hist,1998,9
10/31/1998,1,18.317592,278.41345,MaxDS_Hist,1998,10
11/30/1998,1,16.6817145,243.24399,MaxDS_Hist,1998,11
12/31/1998,1,22.7047125,262.9975,MaxDS_Hist,1998,12
1/31/1999,1,25.1288295,228.87152,MaxDS_Hist,1999,1
2/28/1999,2,25.2224025,211.9609,MaxDS_Hist,1999,2
3/31/1999,1,27.365946,213.99223,MaxDS_Hist,1999,3
4/30/1999,1,25.379547,211.52643,MaxDS_Hist,1999,4
5/31/1999,1,24.610515,215.96973,MaxDS_Hist,1999,5
6/30/1999,1,23.988672,240.32329,MaxDS_Hist,1999,6
7/31/1999,1,25.737129,207.89223,MaxDS_Hist,1999,7
8/31/1999,1,20.047146,219.28564,MaxDS_Hist,1999,8
9/30/1999,1,18.6896775,297.16208,MaxDS_Hist,1999,9
10/31/1999,1,17.8222185,248.70848,MaxDS_Hist,1999,10
11/30/1999,1,13.95132,215.90051,MaxDS_Hist,1999,11
12/31/1999,1,20.4904155,509.1977,MaxDS_Hist,1999,12
1/31/2000,1,164.6055558,1569.4519,MaxDS_Hist,2000,1
2/29/2000,3,154.40998,1011.44727,MaxDS_Hist,2000,2
3/31/2000,2,47.7637837,250.33517,MaxDS_Hist,2000,3
4/30/2000,2,25.3949865,216.38899,MaxDS_Hist,2000,4
5/31/2000,2,23.212971,207.36644,MaxDS_Hist,2000,5
6/30/2000,2,24.568476,245.31087,MaxDS_Hist,2000,6
7/31/2000,2,25.378653,219.8432,MaxDS_Hist,2000,7
8/31/2000,2,19.413285,236.07852,MaxDS_Hist,2000,8
9/30/2000,2,19.413627,391.58508,MaxDS_Hist,2000,9
10/31/2000,2,20.298924,278.7255,MaxDS_Hist,2000,10
11/30/2000,2,20.2469655,233.62347,MaxDS_Hist,2000,11
12/31/2000,2,18.078987,445.9711,MaxDS_Hist,2000,12
1/31/2001,2,77.364562,1307.58,MaxDS_Hist,2001,1
2/28/2001,4,153.1479715,1252.312,MaxDS_Hist,2001,2
3/31/2001,4,69.924466,361.43173,MaxDS_Hist,2001,3
4/30/2001,4,30.626842,240.43599,MaxDS_Hist,2001,4
5/31/2001,4,34.3237765,253.25375,MaxDS_Hist,2001,5
6/30/2001,4,47.4953707,308.59918,MaxDS_Hist,2001,6
7/31/2001,4,47.29191775,374.7221,MaxDS_Hist,2001,7
8/31/2001,4,46.289701,745.1909,MaxDS_Hist,2001,8
9/30/2001,4,81.511654,1129.6443,MaxDS_Hist,2001,9
10/31/2001,4,136.796239,1880.6703,MaxDS_Hist,2001,10
11/30/2001,4,201.6087645,2006.5078,MaxDS_Hist,2001,11
12/31/2001,4,191.9046655,1786.6385,MaxDS_Hist,2001,12
1/31/2002,4,121.628311,717.48596,MaxDS_Hist,2002,1
2/28/2002,3,32.9555428,234.49509,MaxDS_Hist,2002,2
3/31/2002,3,33.263377,233.11583,MaxDS_Hist,2002,3
4/30/2002,3,28.57551,245.84138,MaxDS_Hist,2002,4
5/31/2002,4,28.985088,256.30838,MaxDS_Hist,2002,5
6/30/2002,4,29.4496725,315.8405,MaxDS_Hist,2002,6
7/31/2002,4,29.9062905,433.1208,MaxDS_Hist,2002,7
8/31/2002,4,53.9646313,954.0945,MaxDS_Hist,2002,8
9/30/2002,4,104.0431441,1482.3527,MaxDS_Hist,2002,9
10/31/2002,4,153.3793146,1822.2494,MaxDS_Hist,2002,10
11/30/2002,4,166.3348645,1600.1389,MaxDS_Hist,2002,11
12/31/2002,4,154.5274855,1736.2301,MaxDS_Hist,2002,12
1/31/2003,4,105.650775,672.34186,MaxDS_Hist,2003,1
2/28/2003,2,28.421484,215.19427,MaxDS_Hist,2003,2
3/31/2003,3,26.0700375,230.5701,MaxDS_Hist,2003,3
4/30/2003,3,26.25777,245.55847,MaxDS_Hist,2003,4
5/31/2003,2,28.0364505,235.67368,MaxDS_Hist,2003,5
6/30/2003,2,24.428307,219.05771,MaxDS_Hist,2003,6
7/31/2003,2,22.674399,210.94191,MaxDS_Hist,2003,7
8/31/2003,2,20.1672045,261.1339,MaxDS_Hist,2003,8
9/30/2003,2,19.706628,443.37054,MaxDS_Hist,2003,9
10/31/2003,2,20.534745,322.6866,MaxDS_Hist,2003,10
11/30/2003,2,16.424745,227.93765,MaxDS_Hist,2003,11
12/31/2003,2,20.3230275,515.97577,MaxDS_Hist,2003,12
1/31/2004,2,66.2001145,632.52435,MaxDS_Hist,2004,1
2/29/2004,2,28.145394,263.40323,MaxDS_Hist,2004,2
3/31/2004,2,27.6897495,242.94106,MaxDS_Hist,2004,3
4/30/2004,2,24.7923045,237.37982,MaxDS_Hist,2004,4
5/31/2004,3,26.020164,243.48665,MaxDS_Hist,2004,5
6/30/2004,3,28.17609,277.56802,MaxDS_Hist,2004,6
7/31/2004,3,28.0622775,396.30307,MaxDS_Hist,2004,7
8/31/2004,3,42.6722245,762.8925,MaxDS_Hist,2004,8
9/30/2004,3,88.7777575,1320.0283,MaxDS_Hist,2004,9
10/31/2004,3,155.8898425,1674.9669,MaxDS_Hist,2004,10
11/30/2004,3,144.0583326,1687.8748,MaxDS_Hist,2004,11
12/31/2004,3,150.0419418,1742.3152,MaxDS_Hist,2004,12
1/31/2005,3,154.1072245,917.5616,MaxDS_Hist,2005,1
2/28/2005,3,48.0125602,312.9404,MaxDS_Hist,2005,2
3/31/2005,3,40.68809155,241.56615,MaxDS_Hist,2005,3
4/30/2005,3,37.4362045,231.41196,MaxDS_Hist,2005,4
5/31/2005,3,27.24171,227.78311,MaxDS_Hist,2005,5
6/30/2005,3,20.653221,207.9261,MaxDS_Hist,2005,6
7/31/2005,3,17.201655,197.42856,MaxDS_Hist,2005,7
8/31/2005,3,21.8845575,276.50165,MaxDS_Hist,2005,8
9/30/2005,3,71.7701032,1027.5573,MaxDS_Hist,2005,9
10/31/2005,3,139.634212,1741.0924,MaxDS_Hist,2005,10
11/30/2005,3,114.0443185,1517.475,MaxDS_Hist,2005,11
12/31/2005,3,148.0824955,1755.5157,MaxDS_Hist,2005,12
1/31/2006,3,77.88366955,468.71368,MaxDS_Hist,2006,1
2/28/2006,1,24.479127,193.08353,MaxDS_Hist,2006,2
3/31/2006,1,22.102125,194.79358,MaxDS_Hist,2006,3
4/30/2006,1,25.247154,189.46214,MaxDS_Hist,2006,4
5/31/2006,1,15.0002085,178.89513,MaxDS_Hist,2006,5
6/30/2006,1,13.109889,169.96477,MaxDS_Hist,2006,6
7/31/2006,1,17.586234,170.02058,MaxDS_Hist,2006,7
8/31/2006,1,20.691621,185.07219,MaxDS_Hist,2006,8
9/30/2006,1,15.6975885,283.51187,MaxDS_Hist,2006,9
10/31/2006,1,17.000649,247.52686,MaxDS_Hist,2006,10
11/30/2006,1,18.4168215,223.62256,MaxDS_Hist,2006,11
12/31/2006,1,22.051728,454.4793,MaxDS_Hist,2006,12
1/31/2007,1,71.3725909,801.96625,MaxDS_Hist,2007,1
2/28/2007,3,69.0776227,805.1902,MaxDS_Hist,2007,2
3/31/2007,3,86.88278395,472.89447,MaxDS_Hist,2007,3
4/30/2007,4,39.7286761,247.76036,MaxDS_Hist,2007,4
5/31/2007,4,34.24737655,270.17233,MaxDS_Hist,2007,5
6/30/2007,4,32.24815,339.66663,MaxDS_Hist,2007,6
7/31/2007,4,31.6082395,451.3096,MaxDS_Hist,2007,7
8/31/2007,4,47.0989642,873.0678,MaxDS_Hist,2007,8
9/30/2007,4,86.6580415,1181.9324,MaxDS_Hist,2007,9
10/31/2007,4,132.3464941,1811.8674,MaxDS_Hist,2007,10
11/30/2007,4,181.1758776,1853.5829,MaxDS_Hist,2007,11
12/31/2007,4,194.048293,1940.2634,MaxDS_Hist,2007,12
1/31/2008,4,213.6189124,1740.029,MaxDS_Hist,2008,1
2/29/2008,4,108.728926,577.4386,MaxDS_Hist,2008,2
3/31/2008,4,43.124491,250.19139,MaxDS_Hist,2008,3
4/30/2008,4,43.43823325,244.27171,MaxDS_Hist,2008,4
5/31/2008,5,36.2883955,267.17288,MaxDS_Hist,2008,5
6/30/2008,5,30.9552988,372.14655,MaxDS_Hist,2008,6
7/31/2008,5,42.5777983,548.166,MaxDS_Hist,2008,7
8/31/2008,5,58.9148704,1030.763,MaxDS_Hist,2008,8
9/30/2008,5,110.7264055,1481.0804,MaxDS_Hist,2008,9
10/31/2008,5,164.6294929,1962.0614,MaxDS_Hist,2008,10
11/30/2008,5,224.2975233,2234.601,MaxDS_Hist,2008,11
12/31/2008,5,224.1144535,1711.1692,MaxDS_Hist,2008,12
1/31/2009,5,200.319604,1852.7775,MaxDS_Hist,2009,1
2/28/2009,5,199.5287005,1080.2253,MaxDS_Hist,2009,2
3/31/2009,5,79.5683815,364.79816,MaxDS_Hist,2009,3
4/30/2009,4,31.197925,251.10568,MaxDS_Hist,2009,4
5/31/2009,5,38.01786955,253.84465,MaxDS_Hist,2009,5
6/30/2009,5,36.5108494,331.61298,MaxDS_Hist,2009,6
7/31/2009,5,29.215452,358.29562,MaxDS_Hist,2009,7
8/31/2009,5,28.229421,496.54916,MaxDS_Hist,2009,8
9/30/2009,5,64.7960905,1023.5721,MaxDS_Hist,2009,9
10/31/2009,5,156.267154,2101.1345,MaxDS_Hist,2009,10
11/30/2009,5,211.2044095,2070.3184,MaxDS_Hist,2009,11
12/31/2009,5,174.6598941,2096.8083,MaxDS_Hist,2009,12
1/31/2010,5,217.229851,1668.2172,MaxDS_Hist,2010,1
2/28/2010,4,89.6027641,450.9518,MaxDS_Hist,2010,2
3/31/2010,4,40.1266045,243.95372,MaxDS_Hist,2010,3
4/30/2010,4,28.51338,242.06842,MaxDS_Hist,2010,4
5/31/2010,3,28.432395,237.44453,MaxDS_Hist,2010,5
6/30/2010,3,27.6724875,226.06165,MaxDS_Hist,2010,6
7/31/2010,3,25.7350185,245.76067,MaxDS_Hist,2010,7
8/31/2010,3,30.3766405,611.78534,MaxDS_Hist,2010,8
9/30/2010,3,86.9921185,1335.8055,MaxDS_Hist,2010,9
10/31/2010,3,125.662429,1727.6687,MaxDS_Hist,2010,10
11/30/2010,3,130.9410565,1527.1646,MaxDS_Hist,2010,11
12/31/2010,3,125.244961,1461.6542,MaxDS_Hist,2010,12
1/31/2011,3,66.138412,394.25656,MaxDS_Hist,2011,1
2/28/2011,2,24.951936,188.73912,MaxDS_Hist,2011,2
3/31/2011,2,27.613746,208.77652,MaxDS_Hist,2011,3
4/30/2011,1,18.163236,215.8324,MaxDS_Hist,2011,4
5/31/2011,1,16.5086565,192.48264,MaxDS_Hist,2011,5
6/30/2011,1,16.625358,188.31836,MaxDS_Hist,2011,6
7/31/2011,1,19.0076295,186.24828,MaxDS_Hist,2011,7
8/31/2011,1,18.334149,196.90813,MaxDS_Hist,2011,8
9/30/2011,1,17.58459,256.93927,MaxDS_Hist,2011,9
10/31/2011,1,17.629335,244.02377,MaxDS_Hist,2011,10
11/30/2011,1,16.6472145,220.32509,MaxDS_Hist,2011,11
12/31/2011,1,23.028885,528.21423,MaxDS_Hist,2011,12
1/31/2012,1,162.631147,1576.1182,MaxDS_Hist,2012,1
2/29/2012,4,173.4429754,1216.8352,MaxDS_Hist,2012,2
3/31/2012,4,61.81112305,410.4691,MaxDS_Hist,2012,3
4/30/2012,4,35.1929182,270.7229,MaxDS_Hist,2012,4
5/31/2012,3,27.915195,225.37999,MaxDS_Hist,2012,5
6/30/2012,3,26.761656,241.7991,MaxDS_Hist,2012,6
7/31/2012,3,25.3016895,353.88184,MaxDS_Hist,2012,7
8/31/2012,3,31.6768447,651.3419,MaxDS_Hist,2012,8
9/30/2012,3,58.09173055,926.2075,MaxDS_Hist,2012,9
10/31/2012,3,111.8675626,1560.4941,MaxDS_Hist,2012,10
11/30/2012,3,167.8068325,1789.9575,MaxDS_Hist,2012,11
12/31/2012,3,170.6406901,1757.6792,MaxDS_Hist,2012,12
1/31/2013,3,92.2917562,571.75305,MaxDS_Hist,2013,1
2/28/2013,3,25.6127145,236.75288,MaxDS_Hist,2013,2
3/31/2013,3,31.0273582,257.02432,MaxDS_Hist,2013,3
4/30/2013,4,29.556216,266.12827,MaxDS_Hist,2013,4
5/31/2013,4,33.4412569,294.97873,MaxDS_Hist,2013,5
6/30/2013,4,34.36228,333.1617,MaxDS_Hist,2013,6
7/31/2013,4,39.74956945,359.91782,MaxDS_Hist,2013,7
8/31/2013,4,38.1478951,613.8026,MaxDS_Hist,2013,8
9/30/2013,4,65.9299174,1000.5383,MaxDS_Hist,2013,9
10/31/2013,4,145.331704,1821.8464,MaxDS_Hist,2013,10
11/30/2013,4,174.6911215,1664.2974,MaxDS_Hist,2013,11
12/31/2013,4,191.4388045,1901.7377,MaxDS_Hist,2013,12
1/31/2014,4,219.5789493,1937.6771,MaxDS_Hist,2014,1
2/28/2014,5,180.9633274,998.23236,MaxDS_Hist,2014,2
3/31/2014,5,72.79782745,425.2292,MaxDS_Hist,2014,3
4/30/2014,5,35.87334145,328.19925,MaxDS_Hist,2014,4
5/31/2014,5,35.66228755,298.306,MaxDS_Hist,2014,5
6/30/2014,5,46.9642048,592.0913,MaxDS_Hist,2014,6
7/31/2014,5,105.3800905,1197.8837,MaxDS_Hist,2014,7
8/31/2014,5,166.7603125,1527.1389,MaxDS_Hist,2014,8
9/30/2014,5,160.11796,1438.2356,MaxDS_Hist,2014,9
10/31/2014,5,162.9119005,1570.9781,MaxDS_Hist,2014,10
11/30/2014,5,226.394767,1973.722,MaxDS_Hist,2014,11
12/31/2014,5,223.8639385,1647.2933,MaxDS_Hist,2014,12
1/31/2015,5,85.6876735,511.13068,MaxDS_Hist,2015,1
2/28/2015,5,31.9800505,270.7321,MaxDS_Hist,2015,2
3/31/2015,5,35.8934311,352.03616,MaxDS_Hist,2015,3
4/30/2015,5,40.2767425,307.96667,MaxDS_Hist,2015,4
5/31/2015,5,54.34033825,442.45648,MaxDS_Hist,2015,5
6/30/2015,5,69.410155,988.7566,MaxDS_Hist,2015,6
7/31/2015,5,155.6893165,1704.7004,MaxDS_Hist,2015,7
8/31/2015,5,176.8276639,1647.7635,MaxDS_Hist,2015,8
9/30/2015,5,154.8693715,1517.1228,MaxDS_Hist,2015,9
10/31/2015,5,178.627,1668.6041,MaxDS_Hist,2015,10
11/30/2015,5,186.6628315,2096.4314,MaxDS_Hist,2015,11
12/31/2015,5,225.0401905,1912.6692,MaxDS_Hist,2015,12
1/31/2016,5,211.083313,1856.0524,MaxDS_Hist,2016,1
2/29/2016,3,102.7911904,574.74554,MaxDS_Hist,2016,2
3/31/2016,4,31.95376495,245.4861,MaxDS_Hist,2016,3
4/30/2016,3,28.801758,246.90694,MaxDS_Hist,2016,4
5/31/2016,3,28.8539475,239.24759,MaxDS_Hist,2016,5
6/30/2016,3,28.020786,251.97484,MaxDS_Hist,2016,6
7/31/2016,3,25.396923,390.16385,MaxDS_Hist,2016,7
8/31/2016,3,39.1472875,758.9249,MaxDS_Hist,2016,8
9/30/2016,3,75.6149242,1093.5424,MaxDS_Hist,2016,9
10/31/2016,3,147.389575,1780.2767,MaxDS_Hist,2016,10
11/30/2016,3,176.8879699,1693.469,MaxDS_Hist,2016,11
12/31/2016,3,164.2427479,1824.109,MaxDS_Hist,2016,12
1/31/2017,3,118.4916295,648.0636,MaxDS_Hist,2017,1
2/28/2017,1,32.5530487,219.48593,MaxDS_Hist,2017,2
3/31/2017,1,16.716048,199.39473,MaxDS_Hist,2017,3
4/30/2017,1,17.1006915,171.35349,MaxDS_Hist,2017,4
5/31/2017,1,15.201387,176.10968,MaxDS_Hist,2017,5
6/30/2017,1,15.37791,195.58469,MaxDS_Hist,2017,6
7/31/2017,1,17.1965265,186.20486,MaxDS_Hist,2017,7
8/31/2017,1,18.195918,197.42943,MaxDS_Hist,2017,8
9/30/2017,1,18.335664,271.37933,MaxDS_Hist,2017,9
10/31/2017,1,18.393675,237.01918,MaxDS_Hist,2017,10
11/30/2017,1,18.1280955,234.73924,MaxDS_Hist,2017,11
12/31/2017,1,21.867261,440.49695,MaxDS_Hist,2017,12
1/31/2018,1,174.372691,1716.493,MaxDS_Hist,2018,1
2/28/2018,3,152.8285036,1023.45404,MaxDS_Hist,2018,2
3/31/2018,4,57.37407205,289.23062,MaxDS_Hist,2018,3
4/30/2018,3,42.24333655,251.97308,MaxDS_Hist,2018,4
5/31/2018,3,30.108195,233.22133,MaxDS_Hist,2018,5
6/30/2018,3,41.319757,235.06522,MaxDS_Hist,2018,6
7/31/2018,3,29.271099,357.1924,MaxDS_Hist,2018,7
8/31/2018,3,38.1346141,730.6949,MaxDS_Hist,2018,8
9/30/2018,3,72.5200009,1171.2068,MaxDS_Hist,2018,9
10/31/2018,3,157.0656955,1715.3611,MaxDS_Hist,2018,10
11/30/2018,3,152.2782798,1178.8433,MaxDS_Hist,2018,11
12/31/2018,3,101.5470685,1261.7537,MaxDS_Hist,2018,12
1/31/2019,3,216.453055,1177.8236,MaxDS_Hist,2019,1
2/28/2019,3,75.49327195,358.17505,MaxDS_Hist,2019,2
3/31/2019,2,36.9109438,236.77193,MaxDS_Hist,2019,3
4/30/2019,1,27.30786,222.64206,MaxDS_Hist,2019,4
5/31/2019,1,23.3049015,194.0557,MaxDS_Hist,2019,5
6/30/2019,1,19.287684,195.29878,MaxDS_Hist,2019,6
7/31/2019,1,19.2990585,171.06363,MaxDS_Hist,2019,7
8/31/2019,1,18.500706,177.05205,MaxDS_Hist,2019,8
9/30/2019,1,17.4792615,284.92157,MaxDS_Hist,2019,9
10/31/2019,1,19.232847,236.88062,MaxDS_Hist,2019,10
11/30/2019,1,19.325727,229.87001,MaxDS_Hist,2019,11
12/31/2019,1,22.3052175,513.7821,MaxDS_Hist,2019,12
1/31/2020,1,85.8549286,688.55383,MaxDS_Hist,2020,1
2/29/2020,3,41.68779175,500.72867,MaxDS_Hist,2020,2
3/31/2020,4,49.4889001,514.6361,MaxDS_Hist,2020,3
4/30/2020,4,45.85209775,393.79605,MaxDS_Hist,2020,4
5/31/2020,4,48.61682005,316.84048,MaxDS_Hist,2020,5
6/30/2020,4,52.7775949,320.58664,MaxDS_Hist,2020,6
7/31/2020,4,35.35585555,389.71964,MaxDS_Hist,2020,7
8/31/2020,4,39.30280345,589.07043,MaxDS_Hist,2020,8
9/30/2020,4,65.458288,931.88763,MaxDS_Hist,2020,9
10/31/2020,4,121.1381509,1706.2903,MaxDS_Hist,2020,10
11/30/2020,4,195.9903828,2080.1348,MaxDS_Hist,2020,11
12/31/2020,4,222.8186326,1938.926,MaxDS_Hist,2020,12
1/31/2021,4,177.863371,1449.544,MaxDS_Hist,2021,1
2/28/2021,5,173.4939505,1453.7728,MaxDS_Hist,2021,2
3/31/2021,5,190.6363585,1662.8416,MaxDS_Hist,2021,3
4/30/2021,5,165.1815835,715.01685,MaxDS_Hist,2021,4
5/31/2021,5,89.41166305,747.8732,MaxDS_Hist,2021,5
6/30/2021,5,110.749519,1109.4995,MaxDS_Hist,2021,6
7/31/2021,5,156.1737196,1330.5098,MaxDS_Hist,2021,7
8/31/2021,5,156.230845,1407.8102,MaxDS_Hist,2021,8
9/30/2021,5,165.4370575,1509.9858,MaxDS_Hist,2021,9
11/30/1920,NA,NA,NA,MaxWater,1920,11
12/31/1920,NA,NA,NA,MaxWater,1920,12
1/31/1921,NA,NA,NA,MaxWater,1921,1
2/28/1921,NA,NA,NA,MaxWater,1921,2
3/31/1921,5,NA,NA,MaxWater,1921,3
4/30/1921,5,NA,NA,MaxWater,1921,4
5/31/1921,2,NA,NA,MaxWater,1921,5
6/30/1921,2,NA,NA,MaxWater,1921,6
7/31/1921,2,NA,NA,MaxWater,1921,7
8/31/1921,2,NA,NA,MaxWater,1921,8
9/30/1921,2,NA,NA,MaxWater,1921,9
10/31/1921,2,NA,NA,MaxWater,1921,10
11/30/1921,2,26.9596395,488.73898,MaxWater,1921,11
12/31/1921,2,142.231189,1512.7394,MaxWater,1921,12
1/31/1922,2,176.3999701,917.75336,MaxWater,1922,1
2/28/1922,3,42.5835724,290.5309,MaxWater,1922,2
3/31/1922,3,50.5244875,265.88705,MaxWater,1922,3
4/30/1922,2,31.91571175,236.8398,MaxWater,1922,4
5/31/1922,2,27.3085425,218.32112,MaxWater,1922,5
6/30/1922,2,21.550353,217.75137,MaxWater,1922,6
7/31/1922,2,21.9043095,227.75551,MaxWater,1922,7
8/31/1922,2,26.0275515,406.9417,MaxWater,1922,8
9/30/1922,2,65.61978895,1197.4506,MaxWater,1922,9
10/31/1922,2,132.79843,1693.6052,MaxWater,1922,10
11/30/1922,2,130.3330945,1793.9758,MaxWater,1922,11
12/31/1922,2,147.8644848,1722.4137,MaxWater,1922,12
1/31/1923,2,88.6706545,596.40204,MaxWater,1923,1
2/28/1923,3,31.27047175,216.25346,MaxWater,1923,2
3/31/1923,3,32.4877495,228.09189,MaxWater,1923,3
4/30/1923,4,38.6933509,245.71016,MaxWater,1923,4
5/31/1923,3,36.8582815,243.01485,MaxWater,1923,5
6/30/1923,3,28.605285,225.50626,MaxWater,1923,6
7/31/1923,3,27.929997,306.17447,MaxWater,1923,7
8/31/1923,3,30.45000805,726.6127,MaxWater,1923,8
9/30/1923,3,72.0915034,1187.6215,MaxWater,1923,9
10/31/1923,3,138.466339,1657.3987,MaxWater,1923,10
11/30/1923,3,137.4054265,1717.893,MaxWater,1923,11
12/31/1923,3,176.0526805,1755.1847,MaxWater,1923,12
1/31/1924,3,204.3445165,1432.9882,MaxWater,1924,1
2/29/1924,5,162.7715095,1403.4572,MaxWater,1924,2
3/31/1924,5,102.9674344,723.4547,MaxWater,1924,3
4/30/1924,5,73.538437,350.80585,MaxWater,1924,4
5/31/1924,5,71.0764246,477.41553,MaxWater,1924,5
6/30/1924,5,76.046323,905.776,MaxWater,1924,6
7/31/1924,5,154.9279761,1650.8303,MaxWater,1924,7
8/31/1924,5,210.5957436,1720.2516,MaxWater,1924,8
9/30/1924,5,181.1639104,1470.8715,MaxWater,1924,9
10/31/1924,5,189.184654,1492.3109,MaxWater,1924,10
11/30/1924,5,201.4705965,2128.749,MaxWater,1924,11
12/31/1924,5,218.2630501,2284.2896,MaxWater,1924,12
1/31/1925,5,203.8516774,1533.0156,MaxWater,1925,1
2/28/1925,5,114.9409855,876.5751,MaxWater,1925,2
3/31/1925,4,63.2797252,386.0601,MaxWater,1925,3
4/30/1925,4,29.3115375,245.339,MaxWater,1925,4
5/31/1925,4,29.2405695,245.24269,MaxWater,1925,5
6/30/1925,4,32.99512645,240.66754,MaxWater,1925,6
7/31/1925,4,27.6441375,295.9946,MaxWater,1925,7
8/31/1925,4,36.8428174,705.6952,MaxWater,1925,8
9/30/1925,4,80.31298105,1160.8623,MaxWater,1925,9
10/31/1925,4,136.8720775,1757.4806,MaxWater,1925,10
11/30/1925,4,176.091127,1631.1171,MaxWater,1925,11
12/31/1925,4,172.7119476,1745.2896,MaxWater,1925,12
1/31/1926,4,185.301814,1513.5865,MaxWater,1926,1
2/28/1926,5,126.504946,910.138,MaxWater,1926,2
3/31/1926,4,57.3618427,315.2441,MaxWater,1926,3
4/30/1926,5,55.1066491,244.97273,MaxWater,1926,4
5/31/1926,4,40.3309894,246.13994,MaxWater,1926,5
6/30/1926,4,25.886355,250.18022,MaxWater,1926,6
7/31/1926,4,24.719454,346.83453,MaxWater,1926,7
8/31/1926,4,36.9035794,692.41376,MaxWater,1926,8
9/30/1926,4,78.39612805,1048.0564,MaxWater,1926,9
10/31/1926,4,127.5088158,1748.6688,MaxWater,1926,10
11/30/1926,4,169.5880654,1780.0281,MaxWater,1926,11
12/31/1926,4,131.0210446,1010.7539,MaxWater,1926,12
1/31/1927,4,53.68944955,460.19193,MaxWater,1927,1
2/28/1927,3,32.42924755,333.7117,MaxWater,1927,2
3/31/1927,2,27.3114945,238.87967,MaxWater,1927,3
4/30/1927,2,26.737695,228.25195,MaxWater,1927,4
5/31/1927,1,36.7683241,219.26831,MaxWater,1927,5
6/30/1927,1,25.854717,223.31694,MaxWater,1927,6
7/31/1927,1,24.055998,250.2969,MaxWater,1927,7
8/31/1927,1,26.3675835,452.94962,MaxWater,1927,8
9/30/1927,1,57.47021395,965.78894,MaxWater,1927,9
10/31/1927,1,142.1742261,1766.8065,MaxWater,1927,10
11/30/1927,1,149.9637805,1799.2688,MaxWater,1927,11
12/31/1927,1,163.241503,1828.6799,MaxWater,1927,12
1/31/1928,1,224.5555195,1642.8961,MaxWater,1928,1
2/29/1928,3,157.3163245,894.2408,MaxWater,1928,2
3/31/1928,3,48.2943682,302.85318,MaxWater,1928,3
4/30/1928,2,25.6562715,238.4801,MaxWater,1928,4
5/31/1928,2,26.0736675,220.43451,MaxWater,1928,5
6/30/1928,2,26.0358075,231.25023,MaxWater,1928,6
7/31/1928,2,23.641908,294.85272,MaxWater,1928,7
8/31/1928,2,25.672941,435.15668,MaxWater,1928,8
9/30/1928,2,56.8306255,1082.389,MaxWater,1928,9
10/31/1928,2,157.4787289,1698.3767,MaxWater,1928,10
11/30/1928,2,152.9167653,1725.9215,MaxWater,1928,11
12/31/1928,2,153.347044,1793.2506,MaxWater,1928,12
1/31/1929,2,221.9848765,1487.6683,MaxWater,1929,1
2/28/1929,4,200.6300688,1472.4386,MaxWater,1929,2
3/31/1929,4,115.14325,613.0859,MaxWater,1929,3
4/30/1929,5,58.57424125,283.28674,MaxWater,1929,4
5/31/1929,5,56.7021817,307.06848,MaxWater,1929,5
6/30/1929,5,51.3848113,589.6322,MaxWater,1929,6
7/31/1929,5,102.216847,1111.446,MaxWater,1929,7
8/31/1929,5,133.1652421,1349.4802,MaxWater,1929,8
9/30/1929,5,123.984463,1410.048,MaxWater,1929,9
10/31/1929,5,162.7556493,1868.7042,MaxWater,1929,10
11/30/1929,5,206.8883781,2111.242,MaxWater,1929,11
12/31/1929,5,217.7426629,2057.2139,MaxWater,1929,12
1/31/1930,5,188.799961,1100.1111,MaxWater,1930,1
2/28/1930,4,53.34082045,338.27936,MaxWater,1930,2
3/31/1930,4,42.2766559,240.9282,MaxWater,1930,3
4/30/1930,4,32.8687603,236.07442,MaxWater,1930,4
5/31/1930,4,30.29268805,243.71825,MaxWater,1930,5
6/30/1930,4,29.882565,282.0524,MaxWater,1930,6
7/31/1930,4,29.162745,449.90662,MaxWater,1930,7
8/31/1930,4,57.928702,1041.9921,MaxWater,1930,8
9/30/1930,4,108.2209563,1524.8424,MaxWater,1930,9
10/31/1930,4,149.3741725,1747.578,MaxWater,1930,10
11/30/1930,4,171.6759526,1712.5251,MaxWater,1930,11
12/31/1930,4,178.3541809,1807.3125,MaxWater,1930,12
1/31/1931,4,197.3737728,1797.0881,MaxWater,1931,1
2/28/1931,5,177.6181086,1040.8486,MaxWater,1931,2
3/31/1931,5,76.2919075,504.24063,MaxWater,1931,3
4/30/1931,5,70.28195005,507.50058,MaxWater,1931,4
5/31/1931,5,78.8850142,778.5826,MaxWater,1931,5
6/30/1931,5,101.3476113,1284.482,MaxWater,1931,6
7/31/1931,5,155.7948805,1414.507,MaxWater,1931,7
8/31/1931,5,142.476973,1508.9519,MaxWater,1931,8
9/30/1931,5,175.187392,1736.4272,MaxWater,1931,9
10/31/1931,5,204.4317664,1631.8792,MaxWater,1931,10
11/30/1931,5,220.072441,2003.3031,MaxWater,1931,11
12/31/1931,5,226.8244615,1770.4302,MaxWater,1931,12
1/31/1932,5,120.7206886,666.28296,MaxWater,1932,1
2/29/1932,4,38.92472245,265.1415,MaxWater,1932,2
3/31/1932,4,40.4365135,245.71567,MaxWater,1932,3
4/30/1932,5,32.7963703,247.11012,MaxWater,1932,4
5/31/1932,5,36.9047707,282.54288,MaxWater,1932,5
6/30/1932,5,31.3682581,276.90054,MaxWater,1932,6
7/31/1932,5,43.154701,398.96243,MaxWater,1932,7
8/31/1932,5,64.7058025,933.92645,MaxWater,1932,8
9/30/1932,5,127.7854311,1403.2909,MaxWater,1932,9
10/31/1932,5,188.7163249,2137.7263,MaxWater,1932,10
11/30/1932,5,226.1115055,2161.1016,MaxWater,1932,11
12/31/1932,5,216.1119499,2246.618,MaxWater,1932,12
1/31/1933,5,207.4148899,1527.5474,MaxWater,1933,1
2/28/1933,5,116.8231426,793.8745,MaxWater,1933,2
3/31/1933,5,71.4453457,458.7537,MaxWater,1933,3
4/30/1933,5,55.2142024,357.87582,MaxWater,1933,4
5/31/1933,5,66.62777125,401.4848,MaxWater,1933,5
6/30/1933,5,66.878842,690.9135,MaxWater,1933,6
7/31/1933,5,111.317068,1271.4653,MaxWater,1933,7
8/31/1933,5,176.0233683,1701.0192,MaxWater,1933,8
9/30/1933,5,171.5416293,1687.4545,MaxWater,1933,9
10/31/1933,5,187.922694,1661.4911,MaxWater,1933,10
11/30/1933,5,203.2153864,2086.3267,MaxWater,1933,11
12/31/1933,5,225.066781,1942.6876,MaxWater,1933,12
1/31/1934,5,222.498988,1411.1715,MaxWater,1934,1
2/28/1934,5,94.621426,535.5952,MaxWater,1934,2
3/31/1934,5,41.3107795,288.99786,MaxWater,1934,3
4/30/1934,5,28.880397,269.41925,MaxWater,1934,4
5/31/1934,5,46.83329005,380.4865,MaxWater,1934,5
6/30/1934,5,57.0344005,916.4249,MaxWater,1934,6
7/31/1934,5,131.110375,1456.7661,MaxWater,1934,7
8/31/1934,5,155.5305573,1596.2815,MaxWater,1934,8
9/30/1934,5,166.847095,1692.8091,MaxWater,1934,9
10/31/1934,5,193.481257,1947.1971,MaxWater,1934,10
11/30/1934,5,226.8508525,2163.842,MaxWater,1934,11
12/31/1934,5,226.062229,1824.203,MaxWater,1934,12
1/31/1935,5,208.3913455,1613.6548,MaxWater,1935,1
2/28/1935,4,120.7323964,609.3742,MaxWater,1935,2
3/31/1935,4,41.3600161,248.95836,MaxWater,1935,3
4/30/1935,4,29.285175,252.05728,MaxWater,1935,4
5/31/1935,3,27.00252,236.04337,MaxWater,1935,5
6/30/1935,3,25.8379905,226.51796,MaxWater,1935,6
7/31/1935,3,22.8999225,287.06622,MaxWater,1935,7
8/31/1935,3,31.1080645,735.29224,MaxWater,1935,8
9/30/1935,3,79.842865,1246.7781,MaxWater,1935,9
10/31/1935,3,148.3233775,1713.4552,MaxWater,1935,10
11/30/1935,3,134.6542075,1629.8893,MaxWater,1935,11
12/31/1935,3,157.0484245,1775.5438,MaxWater,1935,12
1/31/1936,3,174.0632295,1504.7512,MaxWater,1936,1
2/29/1936,3,87.55974445,487.61154,MaxWater,1936,2
3/31/1936,2,42.2336722,227.53358,MaxWater,1936,3
4/30/1936,3,29.070492,228.61853,MaxWater,1936,4
5/31/1936,3,29.2575525,205.96501,MaxWater,1936,5
6/30/1936,3,27.2394555,239.39993,MaxWater,1936,6
7/31/1936,3,29.14956,383.79016,MaxWater,1936,7
8/31/1936,3,35.419915,733.26495,MaxWater,1936,8
9/30/1936,3,80.1093001,1280.717,MaxWater,1936,9
10/31/1936,3,157.2971725,1726.4617,MaxWater,1936,10
11/30/1936,3,150.2636575,1743.7375,MaxWater,1936,11
12/31/1936,3,164.7399475,1761.4276,MaxWater,1936,12
1/31/1937,3,209.262163,1449.713,MaxWater,1937,1
2/28/1937,4,133.1649685,911.2374,MaxWater,1937,2
3/31/1937,4,72.1547164,323.5556,MaxWater,1937,3
4/30/1937,4,45.3079558,242.23718,MaxWater,1937,4
5/31/1937,3,32.8319098,220.84819,MaxWater,1937,5
6/30/1937,3,25.241574,236.76839,MaxWater,1937,6
7/31/1937,3,24.959226,298.6169,MaxWater,1937,7
8/31/1937,3,32.6533915,750.3989,MaxWater,1937,8
9/30/1937,3,88.978141,1301.5944,MaxWater,1937,9
10/31/1937,3,148.194871,1728.0424,MaxWater,1937,10
11/30/1937,3,157.5716361,1677.1963,MaxWater,1937,11
12/31/1937,3,142.7673453,1263.7924,MaxWater,1937,12
1/31/1938,3,49.31592505,303.871,MaxWater,1938,1
2/28/1938,2,26.5306275,209.70955,MaxWater,1938,2
3/31/1938,1,24.2162895,213.70503,MaxWater,1938,3
4/30/1938,1,15.9005625,182.81192,MaxWater,1938,4
5/31/1938,1,15.872655,173.17735,MaxWater,1938,5
6/30/1938,1,14.077476,175.78745,MaxWater,1938,6
7/31/1938,1,20.203725,211.79738,MaxWater,1938,7
8/31/1938,1,25.50363,303.87405,MaxWater,1938,8
9/30/1938,1,37.5374935,791.6385,MaxWater,1938,9
10/31/1938,1,110.8327846,1788.2585,MaxWater,1938,10
11/30/1938,1,132.601894,1757.2288,MaxWater,1938,11
12/31/1938,1,139.8252475,1789.4047,MaxWater,1938,12
1/31/1939,1,217.9672486,1769.2126,MaxWater,1939,1
2/28/1939,4,163.1954641,1326.1583,MaxWater,1939,2
3/31/1939,4,108.2592261,743.53973,MaxWater,1939,3
4/30/1939,4,69.6544,388.54092,MaxWater,1939,4
5/31/1939,4,45.74542225,305.40033,MaxWater,1939,5
6/30/1939,4,39.5018845,320.985,MaxWater,1939,6
7/31/1939,4,43.3750744,454.8963,MaxWater,1939,7
8/31/1939,4,56.1751711,779.26245,MaxWater,1939,8
9/30/1939,4,82.3083886,1188.2487,MaxWater,1939,9
10/31/1939,4,144.8885119,1915.0463,MaxWater,1939,10
11/30/1939,4,198.959299,1993.4386,MaxWater,1939,11
12/31/1939,4,214.6866364,2018.0886,MaxWater,1939,12
1/31/1940,4,220.3402071,1847.8936,MaxWater,1940,1
2/29/1940,4,126.6075289,547.2211,MaxWater,1940,2
3/31/1940,2,53.30652355,233.79776,MaxWater,1940,3
4/30/1940,2,36.1339711,223.55489,MaxWater,1940,4
5/31/1940,2,32.4262579,216.30396,MaxWater,1940,5
6/30/1940,2,25.2519585,219.53497,MaxWater,1940,6
7/31/1940,2,23.6938575,281.4513,MaxWater,1940,7
8/31/1940,2,24.8041035,447.90247,MaxWater,1940,8
9/30/1940,2,52.209322,1091.9247,MaxWater,1940,9
10/31/1940,2,160.517815,1724.9982,MaxWater,1940,10
11/30/1940,2,141.201655,1708.3265,MaxWater,1940,11
12/31/1940,2,169.8298024,1760.625,MaxWater,1940,12
1/31/1941,2,102.0111055,509.98428,MaxWater,1941,1
2/28/1941,1,34.563832,222.49915,MaxWater,1941,2
3/31/1941,1,32.9738683,206.78635,MaxWater,1941,3
4/30/1941,1,28.9008495,211.1306,MaxWater,1941,4
5/31/1941,1,26.5180845,183.931,MaxWater,1941,5
6/30/1941,1,19.030644,187.89667,MaxWater,1941,6
7/31/1941,1,19.0541865,202.07939,MaxWater,1941,7
8/31/1941,1,24.3156345,353.59457,MaxWater,1941,8
9/30/1941,1,45.5215063,787.6152,MaxWater,1941,9
10/31/1941,1,113.3151945,1783.4862,MaxWater,1941,10
11/30/1941,1,145.167316,1799.0995,MaxWater,1941,11
12/31/1941,1,162.35238,1778.1681,MaxWater,1941,12
1/31/1942,1,74.920915,472.53204,MaxWater,1942,1
2/28/1942,1,27.706485,205.8559,MaxWater,1942,2
3/31/1942,1,26.29539,206.24916,MaxWater,1942,3
4/30/1942,1,28.255413,205.96396,MaxWater,1942,4
5/31/1942,1,28.923372,214.99164,MaxWater,1942,5
6/30/1942,1,23.2527,201.08733,MaxWater,1942,6
7/31/1942,1,19.8946635,209.64047,MaxWater,1942,7
8/31/1942,1,24.508626,434.03052,MaxWater,1942,8
9/30/1942,1,57.74844805,971.5805,MaxWater,1942,9
10/31/1942,1,126.583777,1738.464,MaxWater,1942,10
11/30/1942,1,117.406891,1404.6902,MaxWater,1942,11
12/31/1942,1,118.2921694,1422.5232,MaxWater,1942,12
1/31/1943,1,94.3949935,558.9321,MaxWater,1943,1
2/28/1943,1,32.1871315,206.69427,MaxWater,1943,2
3/31/1943,1,24.0179835,209.70866,MaxWater,1943,3
4/30/1943,1,22.4388015,196.1589,MaxWater,1943,4
5/31/1943,1,20.554392,206.45792,MaxWater,1943,5
6/30/1943,1,21.3180525,220.42174,MaxWater,1943,6
7/31/1943,1,24.3650895,297.62683,MaxWater,1943,7
8/31/1943,1,24.138384,446.45993,MaxWater,1943,8
9/30/1943,1,50.7042655,862.44476,MaxWater,1943,9
10/31/1943,1,131.381353,1701.8563,MaxWater,1943,10
11/30/1943,1,144.9642535,1716.1698,MaxWater,1943,11
12/31/1943,1,155.045359,1742.9119,MaxWater,1943,12
1/31/1944,1,202.8814975,1423.5123,MaxWater,1944,1
2/29/1944,4,149.9754741,1396.1752,MaxWater,1944,2
3/31/1944,4,99.932116,550.7957,MaxWater,1944,3
4/30/1944,4,40.1979685,244.68535,MaxWater,1944,4
5/31/1944,4,35.675902,251.06146,MaxWater,1944,5
6/30/1944,4,48.6438295,295.077,MaxWater,1944,6
7/31/1944,4,35.08340695,391.99704,MaxWater,1944,7
8/31/1944,4,45.4584985,836.4601,MaxWater,1944,8
9/30/1944,4,90.52498705,1201.5364,MaxWater,1944,9
10/31/1944,4,138.0200176,1832.526,MaxWater,1944,10
11/30/1944,4,183.7901056,1837.217,MaxWater,1944,11
12/31/1944,4,156.0077755,1732.6881,MaxWater,1944,12
1/31/1945,4,136.5630805,924.6305,MaxWater,1945,1
2/28/1945,4,56.7509224,550.7994,MaxWater,1945,2
3/31/1945,4,47.0959375,314.41013,MaxWater,1945,3
4/30/1945,3,39.280468,242.60071,MaxWater,1945,4
5/31/1945,4,30.1167,240.07962,MaxWater,1945,5
6/30/1945,4,28.282665,271.53967,MaxWater,1945,6
7/31/1945,4,29.857791,425.84958,MaxWater,1945,7
8/31/1945,4,66.29749045,1086.4114,MaxWater,1945,8
9/30/1945,4,119.204443,1637.8198,MaxWater,1945,9
10/31/1945,4,135.3755425,1717.545,MaxWater,1945,10
11/30/1945,4,145.710013,1679.3752,MaxWater,1945,11
12/31/1945,4,143.235187,1793.3865,MaxWater,1945,12
1/31/1946,4,74.2373425,434.31198,MaxWater,1946,1
2/28/1946,2,24.2392755,194.67041,MaxWater,1946,2
3/31/1946,2,26.29668,218.26535,MaxWater,1946,3
4/30/1946,2,28.9748055,236.20369,MaxWater,1946,4
5/31/1946,3,28.9137045,236.09355,MaxWater,1946,5
6/30/1946,3,27.101307,255.0246,MaxWater,1946,6
7/31/1946,3,28.5148545,374.9913,MaxWater,1946,7
8/31/1946,3,41.96310175,768.6205,MaxWater,1946,8
9/30/1946,3,88.688638,1330.6095,MaxWater,1946,9
10/31/1946,3,150.4958185,1705.5243,MaxWater,1946,10
11/30/1946,3,142.1225185,1727.1803,MaxWater,1946,11
12/31/1946,3,157.235869,1729.399,MaxWater,1946,12
1/31/1947,3,215.0601745,1517.3655,MaxWater,1947,1
2/28/1947,4,162.5383795,1296.9714,MaxWater,1947,2
3/31/1947,4,139.6954186,665.23425,MaxWater,1947,3
4/30/1947,5,46.1856646,269.79718,MaxWater,1947,4
5/31/1947,5,34.918144,277.19104,MaxWater,1947,5
6/30/1947,5,35.7950377,413.40027,MaxWater,1947,6
7/31/1947,5,47.8559869,467.50485,MaxWater,1947,7
8/31/1947,5,48.9699037,693.36334,MaxWater,1947,8
9/30/1947,5,83.2837555,1127.319,MaxWater,1947,9
10/31/1947,5,141.2026098,1845.3004,MaxWater,1947,10
11/30/1947,5,193.849477,2154.5479,MaxWater,1947,11
12/31/1947,5,192.9368073,2213.8545,MaxWater,1947,12
1/31/1948,5,225.1577074,1619.2838,MaxWater,1948,1
2/29/1948,5,144.24289,1179.5272,MaxWater,1948,2
3/31/1948,5,91.0802782,625.0607,MaxWater,1948,3
4/30/1948,5,52.7691931,374.00876,MaxWater,1948,4
5/31/1948,3,31.41573625,244.39696,MaxWater,1948,5
6/30/1948,3,26.6933625,222.3202,MaxWater,1948,6
7/31/1948,3,22.014327,242.96567,MaxWater,1948,7
8/31/1948,3,32.0233363,757.49023,MaxWater,1948,8
9/30/1948,3,99.7162,1283.234,MaxWater,1948,9
10/31/1948,3,141.6181939,1666.7067,MaxWater,1948,10
11/30/1948,3,160.414702,1712.7902,MaxWater,1948,11
12/31/1948,3,175.335954,1765.2433,MaxWater,1948,12
1/31/1949,3,198.9793516,1298.8495,MaxWater,1949,1
2/28/1949,5,129.1436755,1096.869,MaxWater,1949,2
3/31/1949,5,128.1669805,815.73346,MaxWater,1949,3
4/30/1949,4,47.4397501,309.05197,MaxWater,1949,4
5/31/1949,4,32.3353144,244.42154,MaxWater,1949,5
6/30/1949,4,29.11683,282.34854,MaxWater,1949,6
7/31/1949,4,26.036307,411.3251,MaxWater,1949,7
8/31/1949,4,37.1022472,656.66626,MaxWater,1949,8
9/30/1949,4,66.120457,1003.7102,MaxWater,1949,9
10/31/1949,4,133.3926978,1879.6927,MaxWater,1949,10
11/30/1949,4,180.2099328,1818.4305,MaxWater,1949,11
12/31/1949,4,171.0974995,1794.3865,MaxWater,1949,12
1/31/1950,4,195.4521261,1693.4619,MaxWater,1950,1
2/28/1950,4,115.2364735,641.6864,MaxWater,1950,2
3/31/1950,4,39.8783182,258.36658,MaxWater,1950,3
4/30/1950,4,26.939346,242.7196,MaxWater,1950,4
5/31/1950,4,28.044663,244.79498,MaxWater,1950,5
6/30/1950,4,26.200113,260.10568,MaxWater,1950,6
7/31/1950,4,25.4749575,333.77145,MaxWater,1950,7
8/31/1950,4,49.39347925,956.77527,MaxWater,1950,8
9/30/1950,4,111.3524793,1424.5197,MaxWater,1950,9
10/31/1950,4,142.4702185,1769.5529,MaxWater,1950,10
11/30/1950,4,161.6155096,1716.4299,MaxWater,1950,11
12/31/1950,4,53.9119405,505.37613,MaxWater,1950,12
1/31/1951,4,28.162248,187.2248,MaxWater,1951,1
2/28/1951,1,24.781617,192.89531,MaxWater,1951,2
3/31/1951,1,25.130409,199.3809,MaxWater,1951,3
4/30/1951,1,23.854566,221.98576,MaxWater,1951,4
5/31/1951,1,26.872668,242.39374,MaxWater,1951,5
6/30/1951,1,28.03458,266.09692,MaxWater,1951,6
7/31/1951,1,27.77343,305.92044,MaxWater,1951,7
8/31/1951,1,26.239755,447.8292,MaxWater,1951,8
9/30/1951,1,68.6515762,1177.1719,MaxWater,1951,9
10/31/1951,1,150.8298499,1721.3364,MaxWater,1951,10
11/30/1951,1,164.121469,1717.6013,MaxWater,1951,11
12/31/1951,1,143.9419585,1773.8068,MaxWater,1951,12
1/31/1952,1,104.4499645,543.6342,MaxWater,1952,1
2/29/1952,1,36.30175345,221.14983,MaxWater,1952,2
3/31/1952,1,29.024601,230.06,MaxWater,1952,3
4/30/1952,1,33.7539931,213.63034,MaxWater,1952,4
5/31/1952,1,25.8253875,200.99345,MaxWater,1952,5
6/30/1952,1,18.49002,178.08946,MaxWater,1952,6
7/31/1952,1,16.8844275,176.65135,MaxWater,1952,7
8/31/1952,1,21.6970965,264.81058,MaxWater,1952,8
9/30/1952,1,48.381886,750.31274,MaxWater,1952,9
10/31/1952,1,127.6306504,1764.1072,MaxWater,1952,10
11/30/1952,1,131.9876335,1742.6936,MaxWater,1952,11
12/31/1952,1,122.5123924,1720.0247,MaxWater,1952,12
1/31/1953,1,98.337256,678.3692,MaxWater,1953,1
2/28/1953,1,27.044064,203.07657,MaxWater,1953,2
3/31/1953,2,24.243258,217.86734,MaxWater,1953,3
4/30/1953,2,28.837185,241.46136,MaxWater,1953,4
5/31/1953,2,30.44793895,238.77922,MaxWater,1953,5
6/30/1953,2,27.409914,221.77995,MaxWater,1953,6
7/31/1953,2,23.9356425,227.19394,MaxWater,1953,7
8/31/1953,2,24.11919,450.26675,MaxWater,1953,8
9/30/1953,2,76.92270655,1149.3345,MaxWater,1953,9
10/31/1953,2,134.3056411,1763.7631,MaxWater,1953,10
11/30/1953,2,140.1960126,1762.8816,MaxWater,1953,11
12/31/1953,2,188.5029739,1748.138,MaxWater,1953,12
1/31/1954,2,169.1246269,1361.2886,MaxWater,1954,1
2/28/1954,3,81.6154054,479.1289,MaxWater,1954,2
3/31/1954,3,24.455001,231.37688,MaxWater,1954,3
4/30/1954,2,23.2723875,239.58539,MaxWater,1954,4
5/31/1954,2,26.865321,232.53651,MaxWater,1954,5
6/30/1954,2,26.458044,235.96107,MaxWater,1954,6
7/31/1954,2,24.30057,309.42548,MaxWater,1954,7
8/31/1954,2,25.26534,454.6171,MaxWater,1954,8
9/30/1954,2,46.10691625,923.2991,MaxWater,1954,9
10/31/1954,2,149.1283315,1673.668,MaxWater,1954,10
11/30/1954,2,154.69042,1727.1229,MaxWater,1954,11
12/31/1954,2,171.883558,1766.6354,MaxWater,1954,12
1/31/1955,2,165.4652526,917.82355,MaxWater,1955,1
2/28/1955,3,50.6793736,380.87033,MaxWater,1955,2
3/31/1955,4,35.882299,295.33206,MaxWater,1955,3
4/30/1955,4,33.70320895,299.80725,MaxWater,1955,4
5/31/1955,4,43.63166845,299.23523,MaxWater,1955,5
6/30/1955,4,39.296827,308.16315,MaxWater,1955,6
7/31/1955,4,32.3406553,373.92133,MaxWater,1955,7
8/31/1955,4,34.08697,663.1678,MaxWater,1955,8
9/30/1955,4,74.19431605,1121.049,MaxWater,1955,9
10/31/1955,4,139.4200345,1789.9744,MaxWater,1955,10
11/30/1955,4,175.3592613,1727.9608,MaxWater,1955,11
12/31/1955,4,165.7447578,1789.8245,MaxWater,1955,12
1/31/1956,4,80.476021,445.2684,MaxWater,1956,1
2/29/1956,1,26.2951005,190.47736,MaxWater,1956,2
3/31/1956,1,25.541526,183.02817,MaxWater,1956,3
4/30/1956,1,19.978995,201.3691,MaxWater,1956,4
5/31/1956,1,22.3998045,232.82573,MaxWater,1956,5
6/30/1956,1,22.9433535,231.95526,MaxWater,1956,6
7/31/1956,1,22.4385015,221.78735,MaxWater,1956,7
8/31/1956,1,26.0262495,364.86423,MaxWater,1956,8
9/30/1956,1,45.0438634,843.48724,MaxWater,1956,9
10/31/1956,1,111.422803,1786.4509,MaxWater,1956,10
11/30/1956,1,135.972381,1796.7399,MaxWater,1956,11
12/31/1956,1,151.0133329,1744.9805,MaxWater,1956,12
1/31/1957,1,217.5165439,1740.8694,MaxWater,1957,1
2/28/1957,3,198.5191821,1686.0663,MaxWater,1957,2
3/31/1957,3,144.518029,778.913,MaxWater,1957,3
4/30/1957,3,45.6543334,251.40536,MaxWater,1957,4
5/31/1957,3,30.757429,241.08398,MaxWater,1957,5
6/30/1957,3,28.609941,241.78017,MaxWater,1957,6
7/31/1957,3,24.650145,277.0916,MaxWater,1957,7
8/31/1957,3,39.4977235,771.1269,MaxWater,1957,8
9/30/1957,3,87.9386035,1294.5746,MaxWater,1957,9
10/31/1957,3,140.5583331,1658.8391,MaxWater,1957,10
11/30/1957,3,202.7771305,1651.0262,MaxWater,1957,11
12/31/1957,3,189.6537925,1402.4867,MaxWater,1957,12
1/31/1958,3,163.528632,847.6042,MaxWater,1958,1
2/28/1958,2,31.617958,237.27863,MaxWater,1958,2
3/31/1958,1,33.487843,237.16861,MaxWater,1958,3
4/30/1958,1,28.966845,207.29149,MaxWater,1958,4
5/31/1958,1,34.57031575,189.25952,MaxWater,1958,5
6/30/1958,1,22.0283295,179.22318,MaxWater,1958,6
7/31/1958,1,19.9939365,177.20418,MaxWater,1958,7
8/31/1958,1,23.087178,351.60223,MaxWater,1958,8
9/30/1958,1,50.8038331,843.7079,MaxWater,1958,9
10/31/1958,1,85.6267063,1176.4146,MaxWater,1958,10
11/30/1958,1,70.9944415,1146.0436,MaxWater,1958,11
12/31/1958,1,152.695363,1766.9957,MaxWater,1958,12
1/31/1959,1,185.6122531,1563.2522,MaxWater,1959,1
2/28/1959,3,105.257512,612.8319,MaxWater,1959,2
3/31/1959,3,37.97912095,244.32523,MaxWater,1959,3
4/30/1959,3,29.951367,239.66602,MaxWater,1959,4
5/31/1959,3,29.254386,252.88188,MaxWater,1959,5
6/30/1959,3,28.117182,319.54663,MaxWater,1959,6
7/31/1959,3,29.395839,411.59,MaxWater,1959,7
8/31/1959,3,43.0064896,747.18256,MaxWater,1959,8
9/30/1959,3,83.4593212,1288.7213,MaxWater,1959,9
10/31/1959,3,139.823737,1696.3712,MaxWater,1959,10
11/30/1959,3,109.2200665,1070.3749,MaxWater,1959,11
12/31/1959,3,120.561727,1374.0409,MaxWater,1959,12
1/31/1960,3,186.277141,1703.2235,MaxWater,1960,1
2/29/1960,5,171.5556085,1316.0809,MaxWater,1960,2
3/31/1960,4,92.6220769,465.12466,MaxWater,1960,3
4/30/1960,4,34.4238913,244.20175,MaxWater,1960,4
5/31/1960,4,28.2799125,247.05113,MaxWater,1960,5
6/30/1960,4,28.48899,298.08224,MaxWater,1960,6
7/31/1960,4,30.091278,496.0246,MaxWater,1960,7
8/31/1960,4,88.5941491,1478.5219,MaxWater,1960,8
9/30/1960,4,149.730109,1615.5658,MaxWater,1960,9
10/31/1960,4,159.4777845,1778.2109,MaxWater,1960,10
11/30/1960,4,163.2460915,1686.6461,MaxWater,1960,11
12/31/1960,4,165.1729651,1692.8851,MaxWater,1960,12
1/31/1961,4,174.3748428,1192.7703,MaxWater,1961,1
2/28/1961,4,83.5462405,725.4479,MaxWater,1961,2
3/31/1961,4,52.6982965,409.44046,MaxWater,1961,3
4/30/1961,4,27.675993,243.30655,MaxWater,1961,4
5/31/1961,4,28.025226,261.84396,MaxWater,1961,5
6/30/1961,4,30.7302115,318.681,MaxWater,1961,6
7/31/1961,4,29.945403,440.07947,MaxWater,1961,7
8/31/1961,4,54.4617283,909.3081,MaxWater,1961,8
9/30/1961,4,94.51001095,1259.6974,MaxWater,1961,9
10/31/1961,4,145.710298,1860.079,MaxWater,1961,10
11/30/1961,4,195.9559405,1813.1174,MaxWater,1961,11
12/31/1961,4,178.6883719,1783.0402,MaxWater,1961,12
1/31/1962,4,195.7325005,1324.7521,MaxWater,1962,1
2/28/1962,4,106.1029759,996.4066,MaxWater,1962,2
3/31/1962,3,93.94758625,447.4224,MaxWater,1962,3
4/30/1962,3,44.5011493,241.54019,MaxWater,1962,4
5/31/1962,3,28.979151,242.60204,MaxWater,1962,5
6/30/1962,3,26.508234,272.56372,MaxWater,1962,6
7/31/1962,3,27.140391,368.10968,MaxWater,1962,7
8/31/1962,3,40.9959742,770.9944,MaxWater,1962,8
9/30/1962,3,89.72191975,1296.9717,MaxWater,1962,9
10/31/1962,3,169.6099819,1728.1761,MaxWater,1962,10
11/30/1962,3,89.31866755,735.7051,MaxWater,1962,11
12/31/1962,3,18.876735,383.65912,MaxWater,1962,12
1/31/1963,3,39.36267625,463.89996,MaxWater,1963,1
2/28/1963,2,24.173415,268.40222,MaxWater,1963,2
3/31/1963,3,29.469054,255.72421,MaxWater,1963,3
4/30/1963,2,27.632241,239.71243,MaxWater,1963,4
5/31/1963,1,28.222728,219.758,MaxWater,1963,5
6/30/1963,1,25.64529,214.23647,MaxWater,1963,6
7/31/1963,1,22.085829,227.5818,MaxWater,1963,7
8/31/1963,1,25.2477885,448.1466,MaxWater,1963,8
9/30/1963,1,76.855495,1129.4539,MaxWater,1963,9
10/31/1963,1,146.0513575,1767.5087,MaxWater,1963,10
11/30/1963,1,145.4134705,1757.1852,MaxWater,1963,11
12/31/1963,1,143.498983,1015.26843,MaxWater,1963,12
1/31/1964,1,96.376342,748.872,MaxWater,1964,1
2/29/1964,3,99.6505645,699.4425,MaxWater,1964,2
3/31/1964,3,36.33068095,310.16946,MaxWater,1964,3
4/30/1964,4,33.98655595,324.8143,MaxWater,1964,4
5/31/1964,4,38.89920355,327.0763,MaxWater,1964,5
6/30/1964,4,37.154881,322.70334,MaxWater,1964,6
7/31/1964,4,31.8741046,384.58478,MaxWater,1964,7
8/31/1964,4,68.04324655,1279.7493,MaxWater,1964,8
9/30/1964,4,138.871552,1575.7902,MaxWater,1964,9
10/31/1964,4,146.2994386,1776.5094,MaxWater,1964,10
11/30/1964,4,169.1526139,1718.8416,MaxWater,1964,11
12/31/1964,4,169.5983283,1702.6981,MaxWater,1964,12
1/31/1965,4,62.738248,361.31262,MaxWater,1965,1
2/28/1965,1,21.5212095,203.60847,MaxWater,1965,2
3/31/1965,1,25.9790085,216.89462,MaxWater,1965,3
4/30/1965,1,28.1863995,223.73929,MaxWater,1965,4
5/31/1965,1,27.8262225,220.12833,MaxWater,1965,5
6/30/1965,1,23.138697,215.38422,MaxWater,1965,6
7/31/1965,1,24.284475,275.7134,MaxWater,1965,7
8/31/1965,1,26.796597,450.16132,MaxWater,1965,8
9/30/1965,1,47.8169362,824.91675,MaxWater,1965,9
10/31/1965,1,129.7205725,1719.795,MaxWater,1965,10
11/30/1965,1,129.3746595,1484.8798,MaxWater,1965,11
12/31/1965,1,93.95516155,975.47266,MaxWater,1965,12
1/31/1966,1,88.561357,928.3484,MaxWater,1966,1
2/28/1966,2,78.30220345,607.115,MaxWater,1966,2
3/31/1966,3,29.742966,234.38408,MaxWater,1966,3
4/30/1966,3,28.4405775,234.04788,MaxWater,1966,4
5/31/1966,3,29.0249445,249.6834,MaxWater,1966,5
6/30/1966,3,28.80921,302.63614,MaxWater,1966,6
7/31/1966,3,28.793394,423.35574,MaxWater,1966,7
8/31/1966,3,36.14964325,744.2584,MaxWater,1966,8
9/30/1966,3,81.62370175,1305.1403,MaxWater,1966,9
10/31/1966,3,157.8460255,1695.6589,MaxWater,1966,10
11/30/1966,3,177.7042555,1704.2125,MaxWater,1966,11
12/31/1966,3,157.8554305,1735.912,MaxWater,1966,12
1/31/1967,3,97.1860099,523.04504,MaxWater,1967,1
2/28/1967,2,29.8360845,219.55704,MaxWater,1967,2
3/31/1967,2,27.2113125,234.33293,MaxWater,1967,3
4/30/1967,2,30.3962827,229.39516,MaxWater,1967,4
5/31/1967,1,27.553155,215.56998,MaxWater,1967,5
6/30/1967,1,20.3218965,198.72357,MaxWater,1967,6
7/31/1967,1,17.2877475,176.46913,MaxWater,1967,7
8/31/1967,1,20.4449805,237.73227,MaxWater,1967,8
9/30/1967,1,49.0184164,724.81665,MaxWater,1967,9
10/31/1967,1,122.4262825,1712.8138,MaxWater,1967,10
11/30/1967,1,124.3270245,1793.8619,MaxWater,1967,11
12/31/1967,1,137.4606994,1730.5015,MaxWater,1967,12
1/31/1968,1,198.35242,1740.6422,MaxWater,1968,1
2/29/1968,3,124.7301541,798.09204,MaxWater,1968,2
3/31/1968,3,35.88177745,250.85323,MaxWater,1968,3
4/30/1968,3,26.897955,238.00832,MaxWater,1968,4
5/31/1968,3,28.6419705,243.5937,MaxWater,1968,5
6/30/1968,3,28.688727,294.82312,MaxWater,1968,6
7/31/1968,3,27.58314,450.95807,MaxWater,1968,7
8/31/1968,3,37.8891094,747.2921,MaxWater,1968,8
9/30/1968,3,70.7885803,1085.7748,MaxWater,1968,9
10/31/1968,3,121.090573,1550.82,MaxWater,1968,10
11/30/1968,3,149.6232796,1720.2634,MaxWater,1968,11
12/31/1968,3,160.3635018,1723.8046,MaxWater,1968,12
1/31/1969,3,139.9904335,872.2513,MaxWater,1969,1
2/28/1969,1,37.6887715,246.88515,MaxWater,1969,2
3/31/1969,1,16.730358,187.61485,MaxWater,1969,3
4/30/1969,1,18.1541265,184.20222,MaxWater,1969,4
5/31/1969,1,17.277255,178.8447,MaxWater,1969,5
6/30/1969,1,14.0252925,179.96518,MaxWater,1969,6
7/31/1969,1,19.3822845,213.84239,MaxWater,1969,7
8/31/1969,1,25.7173875,271.59344,MaxWater,1969,8
9/30/1969,1,40.183006,825.748,MaxWater,1969,9
10/31/1969,1,111.0537195,1707.4574,MaxWater,1969,10
11/30/1969,1,120.6558625,1594.5574,MaxWater,1969,11
12/31/1969,1,121.7910745,1787.8634,MaxWater,1969,12
1/31/1970,1,64.5659815,480.1306,MaxWater,1970,1
2/28/1970,1,18.3546255,191.17693,MaxWater,1970,2
3/31/1970,1,16.344855,185.1051,MaxWater,1970,3
4/30/1970,1,21.6641445,197.11201,MaxWater,1970,4
5/31/1970,1,24.2819775,231.59857,MaxWater,1970,5
6/30/1970,1,26.697492,274.19003,MaxWater,1970,6
7/31/1970,1,25.824681,307.03818,MaxWater,1970,7
8/31/1970,1,25.638579,448.04614,MaxWater,1970,8
9/30/1970,1,69.8847883,1104.964,MaxWater,1970,9
10/31/1970,1,141.6822619,1711.8606,MaxWater,1970,10
11/30/1970,1,147.313594,1713.7386,MaxWater,1970,11
12/31/1970,1,94.04220625,970.5802,MaxWater,1970,12
1/31/1971,1,49.1527426,314.16382,MaxWater,1971,1
2/28/1971,1,22.7388045,205.65579,MaxWater,1971,2
3/31/1971,1,23.214237,227.39482,MaxWater,1971,3
4/30/1971,1,23.480862,235.21687,MaxWater,1971,4
5/31/1971,1,25.4510535,231.7331,MaxWater,1971,5
6/30/1971,1,26.1283215,231.72707,MaxWater,1971,6
7/31/1971,1,23.8204245,276.0026,MaxWater,1971,7
8/31/1971,1,26.93709,452.9929,MaxWater,1971,8
9/30/1971,1,50.9234932,927.5728,MaxWater,1971,9
10/31/1971,1,144.3333775,1786.4952,MaxWater,1971,10
11/30/1971,1,139.189954,1627.7021,MaxWater,1971,11
12/31/1971,1,167.0364946,1743.5876,MaxWater,1971,12
1/31/1972,1,170.1048445,962.2014,MaxWater,1972,1
2/29/1972,3,47.1838087,454.86002,MaxWater,1972,2
3/31/1972,3,36.54735505,371.23837,MaxWater,1972,3
4/30/1972,3,31.2097183,252.50394,MaxWater,1972,4
5/31/1972,3,27.84018,243.57272,MaxWater,1972,5
6/30/1972,3,29.522154,316.08636,MaxWater,1972,6
7/31/1972,3,29.71572,487.57904,MaxWater,1972,7
8/31/1972,3,35.0223856,756.9447,MaxWater,1972,8
9/30/1972,3,61.1444596,897.6173,MaxWater,1972,9
10/31/1972,3,117.915844,1618.5419,MaxWater,1972,10
11/30/1972,3,160.1837095,1689.6328,MaxWater,1972,11
12/31/1972,3,121.2084775,1210.36,MaxWater,1972,12
1/31/1973,3,61.82600575,468.69852,MaxWater,1973,1
2/28/1973,2,31.8731755,242.42986,MaxWater,1973,2
3/31/1973,2,24.322803,239.63623,MaxWater,1973,3
4/30/1973,2,31.9644268,230.95618,MaxWater,1973,4
5/31/1973,2,29.091645,232.2851,MaxWater,1973,5
6/30/1973,2,27.364851,252.39726,MaxWater,1973,6
7/31/1973,2,26.033265,315.4072,MaxWater,1973,7
8/31/1973,2,26.748525,454.50412,MaxWater,1973,8
9/30/1973,2,54.0934399,969.68695,MaxWater,1973,9
10/31/1973,2,142.3933683,1658.2649,MaxWater,1973,10
11/30/1973,2,137.8302475,1751.2589,MaxWater,1973,11
12/31/1973,2,39.8433715,453.49695,MaxWater,1973,12
1/31/1974,2,25.827225,184.56596,MaxWater,1974,1
2/28/1974,1,20.904396,191.3795,MaxWater,1974,2
3/31/1974,1,21.448359,197.10658,MaxWater,1974,3
4/30/1974,1,24.9575265,201.03125,MaxWater,1974,4
5/31/1974,1,22.247637,186.83595,MaxWater,1974,5
6/30/1974,1,20.6786985,202.87494,MaxWater,1974,6
7/31/1974,1,21.7934445,259.1097,MaxWater,1974,7
8/31/1974,1,26.749485,445.01987,MaxWater,1974,8
9/30/1974,1,49.7307169,866.63257,MaxWater,1974,9
10/31/1974,1,130.9872465,1745.7172,MaxWater,1974,10
11/30/1974,1,133.0762651,1620.4331,MaxWater,1974,11
12/31/1974,1,149.095357,1739.2742,MaxWater,1974,12
1/31/1975,1,218.5197895,1568.3904,MaxWater,1975,1
2/28/1975,3,140.590863,1123.5326,MaxWater,1975,2
3/31/1975,3,81.2220256,426.9042,MaxWater,1975,3
4/30/1975,2,31.5515929,231.09483,MaxWater,1975,4
5/31/1975,2,26.0708595,216.86855,MaxWater,1975,5
6/30/1975,2,24.035916,218.68353,MaxWater,1975,6
7/31/1975,2,22.552611,240.8462,MaxWater,1975,7
8/31/1975,2,24.0509925,436.195,MaxWater,1975,8
9/30/1975,2,63.39094075,1162.5864,MaxWater,1975,9
10/31/1975,2,142.5765378,1750.2706,MaxWater,1975,10
11/30/1975,2,104.4777805,955.38934,MaxWater,1975,11
12/31/1975,2,92.912395,962.8419,MaxWater,1975,12
1/31/1976,2,213.0808495,1489.7188,MaxWater,1976,1
2/29/1976,4,214.0935685,1800.5093,MaxWater,1976,2
3/31/1976,4,198.6424788,1546.6344,MaxWater,1976,3
4/30/1976,5,134.1354505,723.81506,MaxWater,1976,4
5/31/1976,5,75.8682379,502.82892,MaxWater,1976,5
6/30/1976,5,71.3984233,766.9885,MaxWater,1976,6
7/31/1976,5,120.4109905,1518.834,MaxWater,1976,7
8/31/1976,5,142.3941691,1768.8452,MaxWater,1976,8
9/30/1976,5,122.592523,1501.9009,MaxWater,1976,9
10/31/1976,5,161.1711889,2086.2305,MaxWater,1976,10
11/30/1976,5,221.0926983,2083.6926,MaxWater,1976,11
12/31/1976,5,219.2339995,2189.8657,MaxWater,1976,12
1/31/1977,5,226.737052,1419.5464,MaxWater,1977,1
2/28/1977,5,150.2989405,1697.1453,MaxWater,1977,2
3/31/1977,5,219.3541726,1366.453,MaxWater,1977,3
4/30/1977,5,137.836623,562.41406,MaxWater,1977,4
5/31/1977,5,85.761802,506.63934,MaxWater,1977,5
6/30/1977,5,81.206647,1051.4285,MaxWater,1977,6
7/31/1977,5,157.8824485,1643.2391,MaxWater,1977,7
8/31/1977,5,192.521947,1846.2096,MaxWater,1977,8
9/30/1977,5,165.6070315,1671.4617,MaxWater,1977,9
10/31/1977,5,188.133289,1695.1172,MaxWater,1977,10
11/30/1977,5,210.712756,1990.0082,MaxWater,1977,11
12/31/1977,5,224.4608995,1872.5951,MaxWater,1977,12
1/31/1978,5,219.8586454,1522.863,MaxWater,1978,1
2/28/1978,3,76.4238112,393.73456,MaxWater,1978,2
3/31/1978,3,39.879595,233.15627,MaxWater,1978,3
4/30/1978,2,38.1802597,228.49928,MaxWater,1978,4
5/31/1978,2,27.356025,213.84203,MaxWater,1978,5
6/30/1978,2,22.1706855,217.89108,MaxWater,1978,6
7/31/1978,2,23.2570815,252.64235,MaxWater,1978,7
8/31/1978,2,24.531912,397.67206,MaxWater,1978,8
9/30/1978,2,46.646521,900.1289,MaxWater,1978,9
10/31/1978,2,138.405996,1747.811,MaxWater,1978,10
11/30/1978,2,144.7522135,1880.7267,MaxWater,1978,11
12/31/1978,2,157.8044868,1819.132,MaxWater,1978,12
1/31/1979,2,211.1916814,1755.3008,MaxWater,1979,1
2/28/1979,4,144.016543,892.8393,MaxWater,1979,2
3/31/1979,4,51.3660925,268.62363,MaxWater,1979,3
4/30/1979,4,36.6148459,232.14941,MaxWater,1979,4
5/31/1979,4,28.71252,234.36723,MaxWater,1979,5
6/30/1979,4,27.078045,255.46983,MaxWater,1979,6
7/31/1979,4,26.068797,281.75406,MaxWater,1979,7
8/31/1979,4,53.91103705,1165.0219,MaxWater,1979,8
9/30/1979,4,136.7576956,1609.2301,MaxWater,1979,9
10/31/1979,4,145.332693,1771.3534,MaxWater,1979,10
11/30/1979,4,158.500149,1705.2959,MaxWater,1979,11
12/31/1979,4,169.8110865,1769.6752,MaxWater,1979,12
1/31/1980,4,160.3833321,970.64453,MaxWater,1980,1
2/29/1980,2,40.7390752,252.17625,MaxWater,1980,2
3/31/1980,1,19.82208,191.87366,MaxWater,1980,3
4/30/1980,1,20.7227625,191.35353,MaxWater,1980,4
5/31/1980,2,22.7524605,202.40799,MaxWater,1980,5
6/30/1980,2,23.4878145,244.13708,MaxWater,1980,6
7/31/1980,2,25.9669605,257.5936,MaxWater,1980,7
8/31/1980,2,28.995666,373.9473,MaxWater,1980,8
9/30/1980,2,59.52417475,1124.0853,MaxWater,1980,9
10/31/1980,2,122.793847,1676.8713,MaxWater,1980,10
11/30/1980,2,137.3915755,1800.905,MaxWater,1980,11
12/31/1980,2,167.1462738,1782.0746,MaxWater,1980,12
1/31/1981,2,223.634542,1679.6603,MaxWater,1981,1
2/28/1981,3,132.3319335,808.5149,MaxWater,1981,2
3/31/1981,4,36.47772955,251.58171,MaxWater,1981,3
4/30/1981,4,27.550479,233.452,MaxWater,1981,4
5/31/1981,4,27.7462875,251.81242,MaxWater,1981,5
6/30/1981,4,28.957731,317.01773,MaxWater,1981,6
7/31/1981,4,29.453472,413.75134,MaxWater,1981,7
8/31/1981,4,79.8393025,1424.6425,MaxWater,1981,8
9/30/1981,4,144.6996595,1605.9644,MaxWater,1981,9
10/31/1981,4,144.7087339,1781.4832,MaxWater,1981,10
11/30/1981,4,170.289268,1735.9856,MaxWater,1981,11
12/31/1981,4,91.1264881,801.1568,MaxWater,1981,12
1/31/1982,4,23.5521,197.41321,MaxWater,1982,1
2/28/1982,1,25.811016,202.89146,MaxWater,1982,2
3/31/1982,1,24.676323,196.0201,MaxWater,1982,3
4/30/1982,1,23.8834605,178.6756,MaxWater,1982,4
5/31/1982,1,17.1659985,174.07466,MaxWater,1982,5
6/30/1982,1,15.0405465,180.2772,MaxWater,1982,6
7/31/1982,1,19.018905,199.97719,MaxWater,1982,7
8/31/1982,1,24.440556,367.25867,MaxWater,1982,8
9/30/1982,1,42.8239129,765.94055,MaxWater,1982,9
10/31/1982,1,51.44156905,742.29553,MaxWater,1982,10
11/30/1982,1,24.0908505,260.26605,MaxWater,1982,11
12/31/1982,1,24.3787605,197.82939,MaxWater,1982,12
1/31/1983,1,21.4936365,173.83745,MaxWater,1983,1
2/28/1983,1,14.821173,179.3322,MaxWater,1983,2
3/31/1983,1,7.931859,191.90034,MaxWater,1983,3
4/30/1983,1,7.111137,190.28171,MaxWater,1983,4
5/31/1983,1,3.3556881,172.80887,MaxWater,1983,5
6/30/1983,1,6.7296105,169.00603,MaxWater,1983,6
7/31/1983,1,17.507796,181.8273,MaxWater,1983,7
8/31/1983,1,24.1733895,217.78424,MaxWater,1983,8
9/30/1983,1,23.17017,330.3447,MaxWater,1983,9
10/31/1983,1,22.432008,403.33908,MaxWater,1983,10
11/30/1983,1,21.8373705,310.95026,MaxWater,1983,11
12/31/1983,1,23.6940195,215.2935,MaxWater,1983,12
1/31/1984,1,12.065829,199.06685,MaxWater,1984,1
2/29/1984,1,16.166334,175.3879,MaxWater,1984,2
3/31/1984,1,18.3647025,195.68861,MaxWater,1984,3
4/30/1984,1,22.810284,214.5411,MaxWater,1984,4
5/31/1984,1,24.754941,236.46657,MaxWater,1984,5
6/30/1984,1,24.8519715,264.73383,MaxWater,1984,6
7/31/1984,1,26.4132195,308.92307,MaxWater,1984,7
8/31/1984,1,26.2262505,456.9453,MaxWater,1984,8
9/30/1984,1,61.55526145,967.81274,MaxWater,1984,9
10/31/1984,1,133.3414519,1694.2086,MaxWater,1984,10
11/30/1984,1,138.704941,1742.3978,MaxWater,1984,11
12/31/1984,1,103.6334965,891.17804,MaxWater,1984,12
1/31/1985,1,38.7823621,320.8538,MaxWater,1985,1
2/28/1985,3,26.943351,338.91663,MaxWater,1985,2
3/31/1985,3,34.380292,456.33194,MaxWater,1985,3
4/30/1985,3,38.1192298,307.49548,MaxWater,1985,4
5/31/1985,4,40.3448176,286.66818,MaxWater,1985,5
6/30/1985,4,37.02856045,334.77908,MaxWater,1985,6
7/31/1985,4,30.7169362,406.32123,MaxWater,1985,7
8/31/1985,4,77.5257922,1390.5013,MaxWater,1985,8
9/30/1985,4,137.1586735,1587.9233,MaxWater,1985,9
10/31/1985,4,136.590868,1721.4591,MaxWater,1985,10
11/30/1985,4,157.8269875,1716.6389,MaxWater,1985,11
12/31/1985,4,165.8780665,1723.2278,MaxWater,1985,12
1/31/1986,4,220.6018,1688.1469,MaxWater,1986,1
2/28/1986,4,115.8350191,627.64655,MaxWater,1986,2
3/31/1986,1,38.8987105,236.91231,MaxWater,1986,3
4/30/1986,1,15.100479,186.31552,MaxWater,1986,4
5/31/1986,1,17.5580685,178.93752,MaxWater,1986,5
6/30/1986,1,22.503861,208.88597,MaxWater,1986,6
7/31/1986,1,25.98855,271.2846,MaxWater,1986,7
8/31/1986,1,24.2709645,388.01492,MaxWater,1986,8
9/30/1986,1,39.62452,774.826,MaxWater,1986,9
10/31/1986,1,117.467824,1783.988,MaxWater,1986,10
11/30/1986,1,141.673615,1742.6644,MaxWater,1986,11
12/31/1986,1,143.3646711,1777.0961,MaxWater,1986,12
1/31/1987,1,222.2547715,1743.6469,MaxWater,1987,1
2/28/1987,4,178.3214088,1117.0074,MaxWater,1987,2
3/31/1987,4,74.4358735,441.98544,MaxWater,1987,3
4/30/1987,4,38.3150305,259.77982,MaxWater,1987,4
5/31/1987,4,29.224338,251.1119,MaxWater,1987,5
6/30/1987,4,28.7527905,321.6752,MaxWater,1987,6
7/31/1987,4,32.0231881,487.82492,MaxWater,1987,7
8/31/1987,4,50.24978455,912.1658,MaxWater,1987,8
9/30/1987,4,91.13277805,1236.9546,MaxWater,1987,9
10/31/1987,4,135.5866705,1691.6991,MaxWater,1987,10
11/30/1987,4,186.004453,1934.8951,MaxWater,1987,11
12/31/1987,4,197.280079,1835.1619,MaxWater,1987,12
1/31/1988,4,179.226982,1218.0347,MaxWater,1988,1
2/29/1988,4,65.3143915,367.4611,MaxWater,1988,2
3/31/1988,5,40.0609405,253.78734,MaxWater,1988,3
4/30/1988,5,49.1705665,292.22556,MaxWater,1988,4
5/31/1988,5,50.1963214,379.4936,MaxWater,1988,5
6/30/1988,5,56.50507855,621.9247,MaxWater,1988,6
7/31/1988,5,70.50764155,705.3523,MaxWater,1988,7
8/31/1988,5,56.8417063,853.5165,MaxWater,1988,8
9/30/1988,5,100.3808314,1307.3734,MaxWater,1988,9
10/31/1988,5,155.474968,1781.879,MaxWater,1988,10
11/30/1988,5,215.3708673,2255.484,MaxWater,1988,11
12/31/1988,5,229.1238985,2162.816,MaxWater,1988,12
1/31/1989,5,207.9287335,1667.9827,MaxWater,1989,1
2/28/1989,4,173.677026,1370.8644,MaxWater,1989,2
3/31/1989,5,131.3441035,651.9898,MaxWater,1989,3
4/30/1989,4,44.1019156,278.19263,MaxWater,1989,4
5/31/1989,4,24.855465,238.18903,MaxWater,1989,5
6/30/1989,4,25.7303625,254.2892,MaxWater,1989,6
7/31/1989,4,24.5634435,337.4134,MaxWater,1989,7
8/31/1989,4,44.90358355,884.14307,MaxWater,1989,8
9/30/1989,4,102.4140955,1310.7294,MaxWater,1989,9
10/31/1989,4,146.048898,1709.6191,MaxWater,1989,10
11/30/1989,4,160.393726,1703.4176,MaxWater,1989,11
12/31/1989,4,159.5853378,1746.6108,MaxWater,1989,12
1/31/1990,4,184.7380128,1671.3718,MaxWater,1990,1
2/28/1990,4,124.1722495,815.2957,MaxWater,1990,2
3/31/1990,5,48.41334145,363.72266,MaxWater,1990,3
4/30/1990,5,36.845713,370.82596,MaxWater,1990,4
5/31/1990,5,49.66653775,336.7551,MaxWater,1990,5
6/30/1990,5,48.21950725,378.08435,MaxWater,1990,6
7/31/1990,5,59.0871985,681.2592,MaxWater,1990,7
8/31/1990,5,89.3763316,1167.8243,MaxWater,1990,8
9/30/1990,5,115.4663659,1378.9235,MaxWater,1990,9
10/31/1990,5,165.5524255,1827.9467,MaxWater,1990,10
11/30/1990,5,214.8857745,2147.5344,MaxWater,1990,11
12/31/1990,5,225.8853295,1844.5144,MaxWater,1990,12
1/31/1991,5,222.6993715,2114.5015,MaxWater,1991,1
2/28/1991,5,273.6715645,1990.9542,MaxWater,1991,2
3/31/1991,5,216.1987666,1297.6426,MaxWater,1991,3
4/30/1991,5,107.7839088,490.29898,MaxWater,1991,4
5/31/1991,5,45.94253395,254.47224,MaxWater,1991,5
6/30/1991,5,43.39491325,417.97372,MaxWater,1991,6
7/31/1991,5,72.5670373,886.3991,MaxWater,1991,7
8/31/1991,5,160.8698755,1622.8821,MaxWater,1991,8
9/30/1991,5,188.321389,1748.0195,MaxWater,1991,9
10/31/1991,5,197.5657345,1725.1702,MaxWater,1991,10
11/30/1991,5,225.3043855,2210.8357,MaxWater,1991,11
12/31/1991,5,225.263032,1820.098,MaxWater,1991,12
1/31/1992,5,196.410487,1980.698,MaxWater,1992,1
2/29/1992,5,242.6051965,1511.6658,MaxWater,1992,2
3/31/1992,5,101.3761255,418.07324,MaxWater,1992,3
4/30/1992,5,39.7330765,246.91183,MaxWater,1992,4
5/31/1992,5,43.35757255,264.8498,MaxWater,1992,5
6/30/1992,5,42.9511825,410.29846,MaxWater,1992,6
7/31/1992,5,53.1336283,449.0434,MaxWater,1992,7
8/31/1992,5,45.829369,666.71704,MaxWater,1992,8
9/30/1992,5,83.8610515,1195.2146,MaxWater,1992,9
10/31/1992,5,158.6506945,1953.9818,MaxWater,1992,10
11/30/1992,5,224.2522083,2216.6926,MaxWater,1992,11
12/31/1992,5,223.7464473,1798.8748,MaxWater,1992,12
1/31/1993,5,180.545677,1172.0769,MaxWater,1993,1
2/28/1993,3,65.02165375,341.96637,MaxWater,1993,2
3/31/1993,2,41.794624,237.71935,MaxWater,1993,3
4/30/1993,2,34.3142062,235.18214,MaxWater,1993,4
5/31/1993,2,27.071835,228.18806,MaxWater,1993,5
6/30/1993,2,25.437501,228.33565,MaxWater,1993,6
7/31/1993,2,23.7053745,223.53735,MaxWater,1993,7
8/31/1993,2,23.450679,374.21027,MaxWater,1993,8
9/30/1993,2,69.2013355,1155.2632,MaxWater,1993,9
10/31/1993,2,143.9216266,1780.4237,MaxWater,1993,10
11/30/1993,2,113.0825689,1521.9447,MaxWater,1993,11
12/31/1993,2,176.3396185,1844.4104,MaxWater,1993,12
1/31/1994,2,223.192279,1510.812,MaxWater,1994,1
2/28/1994,4,137.6156881,836.84326,MaxWater,1994,2
3/31/1994,4,70.6267801,413.9034,MaxWater,1994,3
4/30/1994,5,33.4764031,255.6451,MaxWater,1994,4
5/31/1994,5,38.43457375,302.25748,MaxWater,1994,5
6/30/1994,5,47.32532545,517.7309,MaxWater,1994,6
7/31/1994,5,78.528502,963.38904,MaxWater,1994,7
8/31/1994,5,105.5616355,1552.1968,MaxWater,1994,8
9/30/1994,5,128.6734996,1718.6328,MaxWater,1994,9
10/31/1994,5,183.041992,2004.5006,MaxWater,1994,10
11/30/1994,5,219.8358625,2186.484,MaxWater,1994,11
12/31/1994,5,221.1166696,2165.9001,MaxWater,1994,12
1/31/1995,5,182.202211,1465.8619,MaxWater,1995,1
2/28/1995,1,58.4416564,300.21527,MaxWater,1995,2
3/31/1995,2,26.222058,233.0613,MaxWater,1995,3
4/30/1995,1,28.4510655,221.22139,MaxWater,1995,4
5/31/1995,1,23.6195235,177.18147,MaxWater,1995,5
6/30/1995,1,16.6421925,169.9146,MaxWater,1995,6
7/31/1995,1,15.40389,166.67462,MaxWater,1995,7
8/31/1995,1,20.4907635,203.7843,MaxWater,1995,8
9/30/1995,1,31.3557865,559.5609,MaxWater,1995,9
10/31/1995,1,92.7335461,1590.6652,MaxWater,1995,10
11/30/1995,1,134.8331875,1882.1995,MaxWater,1995,11
12/31/1995,1,193.910239,1837.734,MaxWater,1995,12
1/31/1996,1,139.054257,709.5476,MaxWater,1996,1
2/29/1996,2,28.977081,230.59383,MaxWater,1996,2
3/31/1996,1,29.7984645,210.15121,MaxWater,1996,3
4/30/1996,1,27.00975,213.29749,MaxWater,1996,4
5/31/1996,1,24.144237,206.45087,MaxWater,1996,5
6/30/1996,1,21.6565275,193.75488,MaxWater,1996,6
7/31/1996,1,19.835628,211.61322,MaxWater,1996,7
8/31/1996,1,24.3431835,435.6056,MaxWater,1996,8
9/30/1996,1,76.537606,1139.3063,MaxWater,1996,9
10/31/1996,1,150.333967,1687.139,MaxWater,1996,10
11/30/1996,1,139.034572,1799.7085,MaxWater,1996,11
12/31/1996,1,144.0736855,1459.4692,MaxWater,1996,12
1/31/1997,1,58.2618955,322.61807,MaxWater,1997,1
2/28/1997,1,7.166946,185.26364,MaxWater,1997,2
3/31/1997,1,15.7059135,169.34348,MaxWater,1997,3
4/30/1997,1,23.5143855,200.1864,MaxWater,1997,4
5/31/1997,1,26.5942155,265.98184,MaxWater,1997,5
6/30/1997,1,29.3106,279.1145,MaxWater,1997,6
7/31/1997,1,29.1938145,279.945,MaxWater,1997,7
8/31/1997,1,25.1020095,372.652,MaxWater,1997,8
9/30/1997,1,60.2325964,969.05334,MaxWater,1997,9
10/31/1997,1,137.213194,1678.1855,MaxWater,1997,10
11/30/1997,1,157.0189099,1717.7344,MaxWater,1997,11
12/31/1997,1,144.8358724,1787.8726,MaxWater,1997,12
1/31/1998,1,137.969983,856.08545,MaxWater,1998,1
2/28/1998,1,45.6265915,262.5658,MaxWater,1998,2
3/31/1998,1,46.2398944,221.73831,MaxWater,1998,3
4/30/1998,1,23.763261,181.8218,MaxWater,1998,4
5/31/1998,1,17.661345,175.44183,MaxWater,1998,5
6/30/1998,1,17.0912865,162.67473,MaxWater,1998,6
7/31/1998,1,14.752449,162.002,MaxWater,1998,7
8/31/1998,1,16.220577,184.58041,MaxWater,1998,8
9/30/1998,1,20.4,286.5552,MaxWater,1998,9
10/31/1998,1,19.7068935,278.17712,MaxWater,1998,10
11/30/1998,1,17.367336,286.57843,MaxWater,1998,11
12/31/1998,1,24.1787595,288.5382,MaxWater,1998,12
1/31/1999,1,23.135307,205.68732,MaxWater,1999,1
2/28/1999,2,24.7272195,209.92468,MaxWater,1999,2
3/31/1999,1,27.396084,210.98546,MaxWater,1999,3
4/30/1999,1,25.2850665,211.0076,MaxWater,1999,4
5/31/1999,1,24.5828025,215.46077,MaxWater,1999,5
6/30/1999,1,23.9234595,239.82344,MaxWater,1999,6
7/31/1999,1,24.157917,280.2283,MaxWater,1999,7
8/31/1999,1,27.2755695,452.44644,MaxWater,1999,8
9/30/1999,1,49.8043495,851.95013,MaxWater,1999,9
10/31/1999,1,125.9577745,1742.0109,MaxWater,1999,10
11/30/1999,1,148.282879,1737.5093,MaxWater,1999,11
12/31/1999,1,163.894723,1731.0614,MaxWater,1999,12
1/31/2000,1,175.440586,1490.7378,MaxWater,2000,1
2/29/2000,3,112.0142635,691.89,MaxWater,2000,2
3/31/2000,2,39.12054595,238.48375,MaxWater,2000,3
4/30/2000,2,24.716886,211.67624,MaxWater,2000,4
5/31/2000,2,23.2283775,206.78862,MaxWater,2000,5
6/30/2000,2,24.163893,243.9245,MaxWater,2000,6
7/31/2000,2,24.630102,282.16016,MaxWater,2000,7
8/31/2000,2,25.852728,454.20972,MaxWater,2000,8
9/30/2000,2,54.4366369,981.1603,MaxWater,2000,9
10/31/2000,2,146.682738,1645.4008,MaxWater,2000,10
11/30/2000,2,136.9723491,1698.2767,MaxWater,2000,11
12/31/2000,2,162.7403419,1760.4672,MaxWater,2000,12
1/31/2001,2,191.6794015,1634.96,MaxWater,2001,1
2/28/2001,4,165.301939,1211.8792,MaxWater,2001,2
3/31/2001,4,74.07827545,401.85687,MaxWater,2001,3
4/30/2001,4,32.7723505,246.34854,MaxWater,2001,4
5/31/2001,4,32.3929585,246.66159,MaxWater,2001,5
6/30/2001,4,27.9115995,312.43417,MaxWater,2001,6
7/31/2001,4,29.160288,487.977,MaxWater,2001,7
8/31/2001,4,56.562412,1033.928,MaxWater,2001,8
9/30/2001,4,104.5768579,1356.3462,MaxWater,2001,9
10/31/2001,4,149.768641,1837.4689,MaxWater,2001,10
11/30/2001,4,197.5585953,1826.7863,MaxWater,2001,11
12/31/2001,4,168.8492115,1726.234,MaxWater,2001,12
1/31/2002,4,115.380085,752.43524,MaxWater,2002,1
2/28/2002,3,29.864562,230.04416,MaxWater,2002,2
3/31/2002,3,28.76559,233.77684,MaxWater,2002,3
4/30/2002,3,26.9706,245.74365,MaxWater,2002,4
5/31/2002,4,28.463625,256.22278,MaxWater,2002,5
6/30/2002,4,29.49834,313.66928,MaxWater,2002,6
7/31/2002,4,29.879457,429.8026,MaxWater,2002,7
8/31/2002,4,57.8249335,1020.13916,MaxWater,2002,8
9/30/2002,4,113.513563,1594.5978,MaxWater,2002,9
10/31/2002,4,154.5332311,1810.6744,MaxWater,2002,10
11/30/2002,4,167.2746663,1734.7991,MaxWater,2002,11
12/31/2002,4,159.8345275,1729.326,MaxWater,2002,12
1/31/2003,4,102.8373205,621.75635,MaxWater,2003,1
2/28/2003,2,28.1914575,213.1854,MaxWater,2003,2
3/31/2003,3,26.0830335,229.6689,MaxWater,2003,3
4/30/2003,3,26.2916955,244.98813,MaxWater,2003,4
5/31/2003,2,27.856101,234.88696,MaxWater,2003,5
6/30/2003,2,23.995368,219.06401,MaxWater,2003,6
7/31/2003,2,21.0056415,238.0595,MaxWater,2003,7
8/31/2003,2,23.3103015,451.19455,MaxWater,2003,8
9/30/2003,2,58.12753795,1005.79504,MaxWater,2003,9
10/31/2003,2,150.3648895,1693.9501,MaxWater,2003,10
11/30/2003,2,111.9736225,1331.8179,MaxWater,2003,11
12/31/2003,2,153.5772385,1745.4542,MaxWater,2003,12
1/31/2004,2,143.987131,681.5125,MaxWater,2004,1
2/29/2004,2,27.8359275,245.05789,MaxWater,2004,2
3/31/2004,2,27.906441,236.10138,MaxWater,2004,3
4/30/2004,2,25.2550485,235.90118,MaxWater,2004,4
5/31/2004,3,26.6828475,242.64891,MaxWater,2004,5
6/30/2004,3,28.3489155,275.13412,MaxWater,2004,6
7/31/2004,3,28.163214,389.17126,MaxWater,2004,7
8/31/2004,3,43.0822882,761.7633,MaxWater,2004,8
9/30/2004,3,88.64119405,1320.3876,MaxWater,2004,9
10/31/2004,3,157.3136341,1690.3654,MaxWater,2004,10
11/30/2004,3,149.2892995,1684.4117,MaxWater,2004,11
12/31/2004,3,152.999116,1746.2944,MaxWater,2004,12
1/31/2005,3,161.9375596,925.63727,MaxWater,2005,1
2/28/2005,3,48.4599076,310.56223,MaxWater,2005,2
3/31/2005,3,40.810975,241.41891,MaxWater,2005,3
4/30/2005,3,37.285924,231.04462,MaxWater,2005,4
5/31/2005,3,27.141129,227.5781,MaxWater,2005,5
6/30/2005,3,20.5390395,207.27318,MaxWater,2005,6
7/31/2005,3,17.1363165,197.16656,MaxWater,2005,7
8/31/2005,3,21.8254125,274.72754,MaxWater,2005,8
9/30/2005,3,70.6864363,1011.5716,MaxWater,2005,9
10/31/2005,3,139.5708708,1750.132,MaxWater,2005,10
11/30/2005,3,114.0263635,1502.8235,MaxWater,2005,11
12/31/2005,3,148.245259,1760.2347,MaxWater,2005,12
1/31/2006,3,76.797184,465.1646,MaxWater,2006,1
2/28/2006,1,24.520266,192.65169,MaxWater,2006,2
3/31/2006,1,21.9380925,194.69104,MaxWater,2006,3
4/30/2006,1,25.1333295,188.74619,MaxWater,2006,4
5/31/2006,1,14.934513,178.82343,MaxWater,2006,5
6/30/2006,1,13.0764585,169.88107,MaxWater,2006,6
7/31/2006,1,19.1540865,179.53766,MaxWater,2006,7
8/31/2006,1,26.2583685,283.3392,MaxWater,2006,8
9/30/2006,1,43.681267,741.52783,MaxWater,2006,9
10/31/2006,1,76.8059791,1155.8971,MaxWater,2006,10
11/30/2006,1,81.30213055,1232.1974,MaxWater,2006,11
12/31/2006,1,136.7090575,1772.5201,MaxWater,2006,12
1/31/2007,1,147.909814,1019.53455,MaxWater,2007,1
2/28/2007,3,52.05699805,559.3276,MaxWater,2007,2
3/31/2007,3,58.73865775,443.06985,MaxWater,2007,3
4/30/2007,4,37.61152795,243.63867,MaxWater,2007,4
5/31/2007,4,33.43335955,266.2101,MaxWater,2007,5
6/30/2007,4,31.93762255,337.62576,MaxWater,2007,6
7/31/2007,4,31.6619335,450.93146,MaxWater,2007,7
8/31/2007,4,72.30220675,1393.7181,MaxWater,2007,8
9/30/2007,4,138.128557,1576.7567,MaxWater,2007,9
10/31/2007,4,136.9331074,1709.5193,MaxWater,2007,10
11/30/2007,4,144.0613165,1668.5148,MaxWater,2007,11
12/31/2007,4,156.0201445,1725.9647,MaxWater,2007,12
1/31/2008,4,200.1932635,1711.1129,MaxWater,2008,1
2/29/2008,4,124.631869,670.6157,MaxWater,2008,2
3/31/2008,4,43.5990616,255.77779,MaxWater,2008,3
4/30/2008,4,47.540623,245.0584,MaxWater,2008,4
5/31/2008,5,41.594782,267.4937,MaxWater,2008,5
6/30/2008,5,36.13947445,362.3829,MaxWater,2008,6
7/31/2008,5,45.5448763,520.61334,MaxWater,2008,7
8/31/2008,5,58.9368667,979.41486,MaxWater,2008,8
9/30/2008,5,110.187918,1448.3405,MaxWater,2008,9
10/31/2008,5,165.718666,1968.8293,MaxWater,2008,10
11/30/2008,5,224.692063,2266.873,MaxWater,2008,11
12/31/2008,5,224.4157555,1689.3439,MaxWater,2008,12
1/31/2009,5,195.5061393,1818.8927,MaxWater,2009,1
2/28/2009,5,201.1935109,1127.1754,MaxWater,2009,2
3/31/2009,5,83.70791245,380.06744,MaxWater,2009,3
4/30/2009,4,31.3872505,250.52304,MaxWater,2009,4
5/31/2009,5,37.2850234,253.39453,MaxWater,2009,5
6/30/2009,5,35.05940995,317.9881,MaxWater,2009,6
7/31/2009,5,28.2373725,335.75833,MaxWater,2009,7
8/31/2009,5,28.2685455,524.4553,MaxWater,2009,8
9/30/2009,5,70.62604195,1138.7582,MaxWater,2009,9
10/31/2009,5,160.874635,2135.3774,MaxWater,2009,10
11/30/2009,5,208.5637278,2032.1038,MaxWater,2009,11
12/31/2009,5,160.5514906,1974.3591,MaxWater,2009,12
1/31/2010,5,209.6179855,1672.8353,MaxWater,2010,1
2/28/2010,4,92.4398821,463.02682,MaxWater,2010,2
3/31/2010,4,40.29732805,243.68459,MaxWater,2010,3
4/30/2010,4,28.59933,241.92682,MaxWater,2010,4
5/31/2010,3,28.4380275,237.32932,MaxWater,2010,5
6/30/2010,3,27.64578,225.97443,MaxWater,2010,6
7/31/2010,3,25.723602,245.32396,MaxWater,2010,7
8/31/2010,3,30.0731925,599.60266,MaxWater,2010,8
9/30/2010,3,86.5710025,1339.7513,MaxWater,2010,9
10/31/2010,3,125.6408175,1741.3616,MaxWater,2010,10
11/30/2010,3,125.1353785,1429.3103,MaxWater,2010,11
12/31/2010,3,112.9927084,1306.5084,MaxWater,2010,12
1/31/2011,3,59.9793625,378.91605,MaxWater,2011,1
2/28/2011,2,24.806127,188.24202,MaxWater,2011,2
3/31/2011,2,27.4103625,208.1446,MaxWater,2011,3
4/30/2011,1,18.1671105,216.53062,MaxWater,2011,4
5/31/2011,1,16.552974,192.38803,MaxWater,2011,5
6/30/2011,1,16.577106,188.43242,MaxWater,2011,6
7/31/2011,1,19.1588655,186.68886,MaxWater,2011,7
8/31/2011,1,18.68379,225.89436,MaxWater,2011,8
9/30/2011,1,24.297777,431.19046,MaxWater,2011,9
10/31/2011,1,43.1245423,705.7012,MaxWater,2011,10
11/30/2011,1,47.46593875,690.49927,MaxWater,2011,11
12/31/2011,1,73.5917434,1063.8278,MaxWater,2011,12
1/31/2012,1,206.7112705,1737.5525,MaxWater,2012,1
2/29/2012,4,186.6643021,1363.2963,MaxWater,2012,2
3/31/2012,4,87.57601795,431.7678,MaxWater,2012,3
4/30/2012,4,38.5323259,264.51782,MaxWater,2012,4
5/31/2012,3,27.271737,228.239,MaxWater,2012,5
6/30/2012,3,26.113356,243.16322,MaxWater,2012,6
7/31/2012,3,25.4581095,352.96188,MaxWater,2012,7
8/31/2012,3,34.326199,750.7868,MaxWater,2012,8
9/30/2012,3,81.8724697,1307.6534,MaxWater,2012,9
10/31/2012,3,162.145507,1718.4215,MaxWater,2012,10
11/30/2012,3,156.2905525,1715.8212,MaxWater,2012,11
12/31/2012,3,177.3489745,1742.3528,MaxWater,2012,12
1/31/2013,3,97.6185031,507.36838,MaxWater,2013,1
2/28/2013,3,23.3229015,228.68736,MaxWater,2013,2
3/31/2013,3,26.46678,249.04428,MaxWater,2013,3
4/30/2013,4,25.2329025,260.9676,MaxWater,2013,4
5/31/2013,4,31.07342845,293.284,MaxWater,2013,5
6/30/2013,4,39.12820105,321.97006,MaxWater,2013,6
7/31/2013,4,32.5101961,388.34583,MaxWater,2013,7
8/31/2013,4,41.3448826,741.9423,MaxWater,2013,8
9/30/2013,4,75.85003495,1103.9628,MaxWater,2013,9
10/31/2013,4,150.633274,1807.4199,MaxWater,2013,10
11/30/2013,4,170.5716745,1628.4727,MaxWater,2013,11
12/31/2013,4,189.808291,1930.6676,MaxWater,2013,12
1/31/2014,4,223.67467,1982.8622,MaxWater,2014,1
2/28/2014,5,179.5413199,961.3312,MaxWater,2014,2
3/31/2014,5,69.1900381,402.8122,MaxWater,2014,3
4/30/2014,5,34.83399775,324.7252,MaxWater,2014,4
5/31/2014,5,35.4763507,297.13248,MaxWater,2014,5
6/30/2014,5,46.9686679,588.69226,MaxWater,2014,6
7/31/2014,5,105.3807859,1195.4397,MaxWater,2014,7
8/31/2014,5,167.6224261,1527.1515,MaxWater,2014,8
9/30/2014,5,169.710091,1415.4482,MaxWater,2014,9
10/31/2014,5,170.1472098,1573.9995,MaxWater,2014,10
11/30/2014,5,221.718487,1854.0892,MaxWater,2014,11
12/31/2014,5,223.9283314,1835.4197,MaxWater,2014,12
1/31/2015,5,100.6916125,592.3709,MaxWater,2015,1
2/28/2015,5,32.4231115,271.02628,MaxWater,2015,2
3/31/2015,5,35.967229,350.2034,MaxWater,2015,3
4/30/2015,5,39.8625064,305.49023,MaxWater,2015,4
5/31/2015,5,54.0453946,437.40002,MaxWater,2015,5
6/30/2015,5,68.8311091,977.45624,MaxWater,2015,6
7/31/2015,5,155.8906405,1716.9762,MaxWater,2015,7
8/31/2015,5,176.8012045,1618.3857,MaxWater,2015,8
9/30/2015,5,149.8847785,1450.9165,MaxWater,2015,9
10/31/2015,5,174.6150835,1639.9913,MaxWater,2015,10
11/30/2015,5,207.671977,2133.0437,MaxWater,2015,11
12/31/2015,5,218.7368911,2172.1465,MaxWater,2015,12
1/31/2016,5,223.4355636,1528.8982,MaxWater,2016,1
2/29/2016,3,81.7014925,489.4098,MaxWater,2016,2
3/31/2016,4,32.73278395,247.47574,MaxWater,2016,3
4/30/2016,3,28.637055,244.4484,MaxWater,2016,4
5/31/2016,3,28.9200255,239.31622,MaxWater,2016,5
6/30/2016,3,27.862734,250.7539,MaxWater,2016,6
7/31/2016,3,25.2389355,383.6982,MaxWater,2016,7
8/31/2016,3,40.30701805,747.1216,MaxWater,2016,8
9/30/2016,3,80.5954132,1186.9514,MaxWater,2016,9
10/31/2016,3,145.7781081,1841.4205,MaxWater,2016,10
11/30/2016,3,174.564496,1690.1461,MaxWater,2016,11
12/31/2016,3,157.7372695,1808.211,MaxWater,2016,12
1/31/2017,3,129.5417065,763.2514,MaxWater,2017,1
2/28/2017,1,37.546015,213.57426,MaxWater,2017,2
3/31/2017,1,15.451407,199.86806,MaxWater,2017,3
4/30/2017,1,16.815063,171.76952,MaxWater,2017,4
5/31/2017,1,15.039921,176.84993,MaxWater,2017,5
6/30/2017,1,15.465441,193.78593,MaxWater,2017,6
7/31/2017,1,18.8287965,225.7724,MaxWater,2017,7
8/31/2017,1,24.116826,253.76251,MaxWater,2017,8
9/30/2017,1,49.60329055,835.0426,MaxWater,2017,9
10/31/2017,1,102.949183,1562.3304,MaxWater,2017,10
11/30/2017,1,93.59211145,1382.5143,MaxWater,2017,11
12/31/2017,1,82.69875025,951.3039,MaxWater,2017,12
1/31/2018,1,122.6858605,1240.1782,MaxWater,2018,1
2/28/2018,3,173.094637,1048.5653,MaxWater,2018,2
3/31/2018,4,58.74814825,315.06766,MaxWater,2018,3
4/30/2018,3,37.11353605,251.15907,MaxWater,2018,4
5/31/2018,3,29.231565,233.50845,MaxWater,2018,5
6/30/2018,3,27.3429795,230.0694,MaxWater,2018,6
7/31/2018,3,25.0361565,351.94644,MaxWater,2018,7
8/31/2018,3,37.5365644,730.01965,MaxWater,2018,8
9/30/2018,3,74.968795,1219.5024,MaxWater,2018,9
10/31/2018,3,159.257545,1703.8685,MaxWater,2018,10
11/30/2018,3,152.4189985,1718.5854,MaxWater,2018,11
12/31/2018,3,181.0698918,1748.9156,MaxWater,2018,12
1/31/2019,3,223.068988,1363.4689,MaxWater,2019,1
2/28/2019,3,89.3624065,510.6972,MaxWater,2019,2
3/31/2019,2,37.7430526,239.25734,MaxWater,2019,3
4/30/2019,1,26.838084,222.04352,MaxWater,2019,4
5/31/2019,1,23.216415,193.24976,MaxWater,2019,5
6/30/2019,1,19.311486,193.64314,MaxWater,2019,6
7/31/2019,1,18.5523855,185.4627,MaxWater,2019,7
8/31/2019,1,22.575393,243.89299,MaxWater,2019,8
9/30/2019,1,55.44886,816.7512,MaxWater,2019,9
10/31/2019,1,105.5856468,1307.5115,MaxWater,2019,10
11/30/2019,1,78.7984027,1318.7019,MaxWater,2019,11
12/31/2019,1,136.3878055,1778.6897,MaxWater,2019,12
1/31/2020,1,132.9793594,840.3758,MaxWater,2020,1
2/29/2020,3,39.643786,468.5889,MaxWater,2020,2
3/31/2020,4,40.4518066,418.91928,MaxWater,2020,3
4/30/2020,4,30.746656,284.8994,MaxWater,2020,4
5/31/2020,4,39.1330546,283.8802,MaxWater,2020,5
6/30/2020,4,36.59062375,329.96222,MaxWater,2020,6
7/31/2020,4,30.8426497,397.55685,MaxWater,2020,7
8/31/2020,4,44.05684,762.109,MaxWater,2020,8
9/30/2020,4,77.1043741,1121.4768,MaxWater,2020,9
10/31/2020,4,134.535049,1828.0077,MaxWater,2020,10
11/30/2020,4,183.1616065,1839.4113,MaxWater,2020,11
12/31/2020,4,181.070704,1825.9381,MaxWater,2020,12
1/31/2021,4,221.4748405,1779.1477,MaxWater,2021,1
2/28/2021,5,204.6576745,1051.5702,MaxWater,2021,2
3/31/2021,5,118.494565,827.96106,MaxWater,2021,3
4/30/2021,5,110.5184211,764.5135,MaxWater,2021,4
5/31/2021,5,87.1074922,874.95685,MaxWater,2021,5
6/30/2021,5,114.5498515,944.6067,MaxWater,2021,6
7/31/2021,5,132.6438603,1331.0001,MaxWater,2021,7
8/31/2021,5,175.21384,1739.9448,MaxWater,2021,8
9/30/2021,5,171.1672105,1635.6498,MaxWater,2021,9
11/30/1920,NA,NA,NA,Summer_Even,1920,11
12/31/1920,NA,NA,NA,Summer_Even,1920,12
1/31/1921,NA,NA,NA,Summer_Even,1921,1
2/28/1921,NA,NA,NA,Summer_Even,1921,2
3/31/1921,5,NA,NA,Summer_Even,1921,3
4/30/1921,5,NA,NA,Summer_Even,1921,4
5/31/1921,2,NA,NA,Summer_Even,1921,5
6/30/1921,2,NA,NA,Summer_Even,1921,6
7/31/1921,2,NA,NA,Summer_Even,1921,7
8/31/1921,2,NA,NA,Summer_Even,1921,8
9/30/1921,2,NA,NA,Summer_Even,1921,9
10/31/1921,2,NA,NA,Summer_Even,1921,10
11/30/1921,2,26.9596395,488.73898,Summer_Even,1921,11
12/31/1921,2,142.231189,1512.7394,Summer_Even,1921,12
1/31/1922,2,176.3999701,917.75336,Summer_Even,1922,1
2/28/1922,3,42.5835724,290.5309,Summer_Even,1922,2
3/31/1922,3,50.52393175,265.88388,Summer_Even,1922,3
4/30/1922,2,31.917892,236.8404,Summer_Even,1922,4
5/31/1922,2,27.3087,218.32187,Summer_Even,1922,5
6/30/1922,2,21.550536,217.75302,Summer_Even,1922,6
7/31/1922,2,21.8085135,224.17569,Summer_Even,1922,7
8/31/1922,2,24.243549,340.33026,Summer_Even,1922,8
9/30/1922,2,24.2659245,519.00104,Summer_Even,1922,9
10/31/1922,2,49.6336174,1011.5905,Summer_Even,1922,10
11/30/1922,2,147.127261,1694.7278,Summer_Even,1922,11
12/31/1922,2,146.998213,1750.0015,Summer_Even,1922,12
1/31/1923,2,85.7333647,599.0288,Summer_Even,1923,1
2/28/1923,3,32.39775505,218.0141,Summer_Even,1923,2
3/31/1923,3,33.60473575,230.14926,Summer_Even,1923,3
4/30/1923,4,38.6979166,245.58797,Summer_Even,1923,4
5/31/1923,3,36.79433605,243.18121,Summer_Even,1923,5
6/30/1923,3,28.6246395,225.49141,Summer_Even,1923,6
7/31/1923,3,27.923115,305.17792,Summer_Even,1923,7
8/31/1923,3,30.3513097,723.36456,Summer_Even,1923,8
9/30/1923,3,72.6016021,1192.1362,Summer_Even,1923,9
10/31/1923,3,137.6967535,1659.1968,Summer_Even,1923,10
11/30/1923,3,137.8844944,1717.9778,Summer_Even,1923,11
12/31/1923,3,176.293306,1754.4929,Summer_Even,1923,12
1/31/1924,3,203.771296,1436.2935,Summer_Even,1924,1
2/29/1924,5,161.9621665,1397.0427,Summer_Even,1924,2
3/31/1924,5,102.689035,721.0129,Summer_Even,1924,3
4/30/1924,5,73.4579758,350.57657,Summer_Even,1924,4
5/31/1924,5,71.05761175,475.83377,Summer_Even,1924,5
6/30/1924,5,75.8211331,900.0962,Summer_Even,1924,6
7/31/1924,5,155.5397941,1564.0355,Summer_Even,1924,7
8/31/1924,5,212.2988209,1516.8705,Summer_Even,1924,8
9/30/1924,5,169.510534,1348.5814,Summer_Even,1924,9
10/31/1924,5,166.9748605,1390.1786,Summer_Even,1924,10
11/30/1924,5,182.9561215,2104.6367,Summer_Even,1924,11
12/31/1924,5,216.351595,2269.0159,Summer_Even,1924,12
1/31/1925,5,204.9543481,1493.0874,Summer_Even,1925,1
2/28/1925,5,112.9347109,862.49963,Summer_Even,1925,2
3/31/1925,4,62.63163805,386.0145,Summer_Even,1925,3
4/30/1925,4,29.276193,245.3472,Summer_Even,1925,4
5/31/1925,4,29.231385,245.27684,Summer_Even,1925,5
6/30/1925,4,33.0266446,240.67363,Summer_Even,1925,6
7/31/1925,4,27.65871,295.90656,Summer_Even,1925,7
8/31/1925,4,37.11818155,710.5834,Summer_Even,1925,8
9/30/1925,4,80.867611,1168.7377,Summer_Even,1925,9
10/31/1925,4,136.8864415,1756.9457,Summer_Even,1925,10
11/30/1925,4,175.8862263,1628.8771,Summer_Even,1925,11
12/31/1925,4,172.551028,1745.1086,Summer_Even,1925,12
1/31/1926,4,185.369359,1513.6929,Summer_Even,1926,1
2/28/1926,5,126.513667,910.0964,Summer_Even,1926,2
3/31/1926,4,57.3761155,315.26953,Summer_Even,1926,3
4/30/1926,5,55.1263483,244.9703,Summer_Even,1926,4
5/31/1926,4,40.32577105,246.13771,Summer_Even,1926,5
6/30/1926,4,25.88079,250.18716,Summer_Even,1926,6
7/31/1926,4,24.7163655,347.02332,Summer_Even,1926,7
8/31/1926,4,36.1190542,674.2819,Summer_Even,1926,8
9/30/1926,4,77.1133573,1036.1167,Summer_Even,1926,9
10/31/1926,4,127.1549313,1745.0853,Summer_Even,1926,10
11/30/1926,4,169.496532,1782.6714,Summer_Even,1926,11
12/31/1926,4,131.862547,1010.93024,Summer_Even,1926,12
1/31/1927,4,53.98890475,463.17203,Summer_Even,1927,1
2/28/1927,3,32.6887999,335.93478,Summer_Even,1927,2
3/31/1927,2,27.315651,238.88135,Summer_Even,1927,3
4/30/1927,2,26.731677,228.28163,Summer_Even,1927,4
5/31/1927,1,36.7290625,219.26247,Summer_Even,1927,5
6/30/1927,1,25.843335,223.313,Summer_Even,1927,6
7/31/1927,1,23.6968065,231.34479,Summer_Even,1927,7
8/31/1927,1,23.6596485,386.79095,Summer_Even,1927,8
9/30/1927,1,26.436435,404.99915,Summer_Even,1927,9
10/31/1927,1,36.85989175,718.8059,Summer_Even,1927,10
11/30/1927,1,128.0892183,1753.3568,Summer_Even,1927,11
12/31/1927,1,178.0773775,1834.5804,Summer_Even,1927,12
1/31/1928,1,159.6982833,1198.2146,Summer_Even,1928,1
2/29/1928,3,90.75694855,565.75116,Summer_Even,1928,2
3/31/1928,3,33.889978,273.44943,Summer_Even,1928,3
4/30/1928,2,25.631103,239.32895,Summer_Even,1928,4
5/31/1928,2,26.763561,227.24368,Summer_Even,1928,5
6/30/1928,2,26.463762,236.14383,Summer_Even,1928,6
7/31/1928,2,23.412636,274.55533,Summer_Even,1928,7
8/31/1928,2,24.81552,448.5323,Summer_Even,1928,8
9/30/1928,2,29.5017975,558.7144,Summer_Even,1928,9
10/31/1928,2,46.4409505,752.36884,Summer_Even,1928,10
11/30/1928,2,111.9643486,1565.9857,Summer_Even,1928,11
12/31/1928,2,156.5571244,1745.1849,Summer_Even,1928,12
1/31/1929,2,211.5278845,1424.6028,Summer_Even,1929,1
2/28/1929,4,162.092725,1183.2678,Summer_Even,1929,2
3/31/1929,4,99.0863101,504.14435,Summer_Even,1929,3
4/30/1929,5,45.4510999,292.04626,Summer_Even,1929,4
5/31/1929,5,52.4915518,327.8513,Summer_Even,1929,5
6/30/1929,5,56.40792775,583.61865,Summer_Even,1929,6
7/31/1929,5,111.880342,1240.8531,Summer_Even,1929,7
8/31/1929,5,189.4779646,1740.4901,Summer_Even,1929,8
9/30/1929,5,196.204167,1690.1211,Summer_Even,1929,9
10/31/1929,5,195.6154311,1832.2749,Summer_Even,1929,10
11/30/1929,5,222.7148014,2130.7893,Summer_Even,1929,11
12/31/1929,5,218.884675,1945.5785,Summer_Even,1929,12
1/31/1930,5,166.9776991,995.35547,Summer_Even,1930,1
2/28/1930,4,50.461645,333.98737,Summer_Even,1930,2
3/31/1930,4,40.97347345,241.04942,Summer_Even,1930,3
4/30/1930,4,32.2277782,236.28368,Summer_Even,1930,4
5/31/1930,4,30.938575,243.76213,Summer_Even,1930,5
6/30/1930,4,30.071466,282.33432,Summer_Even,1930,6
7/31/1930,4,29.133114,450.03223,Summer_Even,1930,7
8/31/1930,4,54.89995,986.69336,Summer_Even,1930,8
9/30/1930,4,97.5629965,1380.4532,Summer_Even,1930,9
10/31/1930,4,143.6138551,1754.6489,Summer_Even,1930,10
11/30/1930,4,188.5226845,1825.6284,Summer_Even,1930,11
12/31/1930,4,196.0037635,1874.247,Summer_Even,1930,12
1/31/1931,4,222.5144806,1939.3033,Summer_Even,1931,1
2/28/1931,5,169.9271185,912.2014,Summer_Even,1931,2
3/31/1931,5,70.12024675,452.127,Summer_Even,1931,3
4/30/1931,5,63.8301628,493.91144,Summer_Even,1931,4
5/31/1931,5,77.65419325,777.22125,Summer_Even,1931,5
6/30/1931,5,101.4122179,1299.902,Summer_Even,1931,6
7/31/1931,5,155.7935011,1411.0894,Summer_Even,1931,7
8/31/1931,5,141.8888613,1503.5459,Summer_Even,1931,8
9/30/1931,5,174.6752185,1732.4586,Summer_Even,1931,9
10/31/1931,5,204.00853,1628.8394,Summer_Even,1931,10
11/30/1931,5,219.7926565,1997.966,Summer_Even,1931,11
12/31/1931,5,225.0233185,1657.8177,Summer_Even,1931,12
1/31/1932,5,111.8806954,623.4715,Summer_Even,1932,1
2/29/1932,4,38.1912835,264.9282,Summer_Even,1932,2
3/31/1932,4,40.65096175,246.3847,Summer_Even,1932,3
4/30/1932,5,32.8770994,247.21904,Summer_Even,1932,4
5/31/1932,5,36.9277645,282.65067,Summer_Even,1932,5
6/30/1932,5,31.3752805,277.06604,Summer_Even,1932,6
7/31/1932,5,43.1097223,400.20258,Summer_Even,1932,7
8/31/1932,5,65.0406775,939.6542,Summer_Even,1932,8
9/30/1932,5,128.8578861,1412.7736,Summer_Even,1932,9
10/31/1932,5,190.133818,2140.7693,Summer_Even,1932,10
11/30/1932,5,226.1001169,2137.616,Summer_Even,1932,11
12/31/1932,5,214.466206,2244.4597,Summer_Even,1932,12
1/31/1933,5,207.7793365,1530.052,Summer_Even,1933,1
2/28/1933,5,116.5193554,792.58344,Summer_Even,1933,2
3/31/1933,5,71.670946,460.08575,Summer_Even,1933,3
4/30/1933,5,55.3641124,358.36093,Summer_Even,1933,4
5/31/1933,5,66.68645275,402.72272,Summer_Even,1933,5
6/30/1933,5,67.11655195,693.2302,Summer_Even,1933,6
7/31/1933,5,111.559546,1273.8165,Summer_Even,1933,7
8/31/1933,5,176.017198,1701.0779,Summer_Even,1933,8
9/30/1933,5,174.2532475,1731.0925,Summer_Even,1933,9
10/31/1933,5,194.842873,1719.2426,Summer_Even,1933,10
11/30/1933,5,205.7268093,2158.6033,Summer_Even,1933,11
12/31/1933,5,225.0962329,1956.8591,Summer_Even,1933,12
1/31/1934,5,222.4748371,1406.203,Summer_Even,1934,1
2/28/1934,5,95.7464578,539.3156,Summer_Even,1934,2
3/31/1934,5,41.3173915,288.8539,Summer_Even,1934,3
4/30/1934,5,28.876593,268.94595,Summer_Even,1934,4
5/31/1934,5,46.8136849,380.4786,Summer_Even,1934,5
6/30/1934,5,57.0329641,917.5293,Summer_Even,1934,6
7/31/1934,5,131.1140373,1455.629,Summer_Even,1934,7
8/31/1934,5,154.9044265,1588.7306,Summer_Even,1934,8
9/30/1934,5,166.061521,1687.5518,Summer_Even,1934,9
10/31/1934,5,193.253086,1947.2812,Summer_Even,1934,10
11/30/1934,5,226.8470763,2162.4216,Summer_Even,1934,11
12/31/1934,5,225.9759681,1827.3318,Summer_Even,1934,12
1/31/1935,5,208.4738131,1609.3724,Summer_Even,1935,1
2/28/1935,4,120.272338,606.7902,Summer_Even,1935,2
3/31/1935,4,41.3400661,248.95872,Summer_Even,1935,3
4/30/1935,4,29.2781895,252.06883,Summer_Even,1935,4
5/31/1935,3,27.002265,236.06029,Summer_Even,1935,5
6/30/1935,3,32.0765515,229.51291,Summer_Even,1935,6
7/31/1935,3,25.187373,291.1501,Summer_Even,1935,7
8/31/1935,3,31.2278272,726.25287,Summer_Even,1935,8
9/30/1935,3,81.02586295,1250.9922,Summer_Even,1935,9
10/31/1935,3,150.9655555,1743.8678,Summer_Even,1935,10
11/30/1935,3,153.4476775,1661.2175,Summer_Even,1935,11
12/31/1935,3,156.3204775,1776.6836,Summer_Even,1935,12
1/31/1936,3,172.7338669,1479.599,Summer_Even,1936,1
2/29/1936,3,92.397001,522.0098,Summer_Even,1936,2
3/31/1936,2,42.604423,228.49335,Summer_Even,1936,3
4/30/1936,3,28.8705045,228.31596,Summer_Even,1936,4
5/31/1936,3,29.1221745,206.71883,Summer_Even,1936,5
6/30/1936,3,25.899405,238.47737,Summer_Even,1936,6
7/31/1936,3,28.143681,382.8061,Summer_Even,1936,7
8/31/1936,3,35.04706945,737.8648,Summer_Even,1936,8
9/30/1936,3,80.50435855,1293.6311,Summer_Even,1936,9
10/31/1936,3,162.4221679,1721.027,Summer_Even,1936,10
11/30/1936,3,148.1753856,1738.816,Summer_Even,1936,11
12/31/1936,3,165.3983688,1760.8041,Summer_Even,1936,12
1/31/1937,3,209.434417,1423.8225,Summer_Even,1937,1
2/28/1937,4,131.9307874,903.7662,Summer_Even,1937,2
3/31/1937,4,71.939416,323.59814,Summer_Even,1937,3
4/30/1937,4,45.4222237,242.26418,Summer_Even,1937,4
5/31/1937,3,32.8631059,220.87486,Summer_Even,1937,5
6/30/1937,3,25.3786155,236.92404,Summer_Even,1937,6
7/31/1937,3,25.0859115,298.05566,Summer_Even,1937,7
8/31/1937,3,30.6109561,698.81384,Summer_Even,1937,8
9/30/1937,3,79.4148406,1185.0571,Summer_Even,1937,9
10/31/1937,3,142.0952868,1734.1434,Summer_Even,1937,10
11/30/1937,3,161.6916303,1687.7761,Summer_Even,1937,11
12/31/1937,3,142.499944,1237.8124,Summer_Even,1937,12
1/31/1938,3,47.5413469,299.5258,Summer_Even,1938,1
2/28/1938,2,26.5325505,209.72484,Summer_Even,1938,2
3/31/1938,1,24.260442,213.94727,Summer_Even,1938,3
4/30/1938,1,15.140886,184.103,Summer_Even,1938,4
5/31/1938,1,15.967395,173.55594,Summer_Even,1938,5
6/30/1938,1,14.0805315,176.17552,Summer_Even,1938,6
7/31/1938,1,20.450235,211.49184,Summer_Even,1938,7
8/31/1938,1,25.190826,291.56174,Summer_Even,1938,8
9/30/1938,1,21.7825425,356.89548,Summer_Even,1938,9
10/31/1938,1,33.08754625,802.21063,Summer_Even,1938,10
11/30/1938,1,120.900592,1677.035,Summer_Even,1938,11
12/31/1938,1,142.378021,1754.8153,Summer_Even,1938,12
1/31/1939,1,218.4254175,1749.5205,Summer_Even,1939,1
2/28/1939,4,163.638964,1371.927,Summer_Even,1939,2
3/31/1939,4,131.9948013,932.71375,Summer_Even,1939,3
4/30/1939,4,97.28037625,519.343,Summer_Even,1939,4
5/31/1939,4,63.8845066,380.19537,Summer_Even,1939,5
6/30/1939,4,43.18657255,333.53088,Summer_Even,1939,6
7/31/1939,4,40.089583,496.3409,Summer_Even,1939,7
8/31/1939,4,58.4970433,809.20374,Summer_Even,1939,8
9/30/1939,4,79.535407,1089.7493,Summer_Even,1939,9
10/31/1939,4,135.700129,1868.8744,Summer_Even,1939,10
11/30/1939,4,199.4882419,2024.3091,Summer_Even,1939,11
12/31/1939,4,221.0419939,2018.5544,Summer_Even,1939,12
1/31/1940,4,221.2544899,1823.0007,Summer_Even,1940,1
2/29/1940,4,125.3360185,545.2521,Summer_Even,1940,2
3/31/1940,2,53.4503716,233.95894,Summer_Even,1940,3
4/30/1940,2,35.67255895,223.66484,Summer_Even,1940,4
5/31/1940,2,32.42429995,215.46503,Summer_Even,1940,5
6/30/1940,2,25.2743205,219.83307,Summer_Even,1940,6
7/31/1940,2,23.3798055,258.8524,Summer_Even,1940,7
8/31/1940,2,23.3927145,457.3078,Summer_Even,1940,8
9/30/1940,2,28.0267455,546.92334,Summer_Even,1940,9
10/31/1940,2,49.491562,744.838,Summer_Even,1940,10
11/30/1940,2,123.9100495,1764.8317,Summer_Even,1940,11
12/31/1940,2,187.6303495,1759.1777,Summer_Even,1940,12
1/31/1941,2,116.5803768,590.7226,Summer_Even,1941,1
2/28/1941,1,41.6561425,219.56445,Summer_Even,1941,2
3/31/1941,1,31.46574805,202.15097,Summer_Even,1941,3
4/30/1941,1,27.962595,210.43468,Summer_Even,1941,4
5/31/1941,1,26.4111,184.41718,Summer_Even,1941,5
6/30/1941,1,19.0768065,188.21608,Summer_Even,1941,6
7/31/1941,1,18.896574,197.8055,Summer_Even,1941,7
8/31/1941,1,22.4854935,293.0974,Summer_Even,1941,8
9/30/1941,1,21.2490585,332.4015,Summer_Even,1941,9
10/31/1941,1,31.69360555,750.4495,Summer_Even,1941,10
11/30/1941,1,128.7742585,1706.771,Summer_Even,1941,11
12/31/1941,1,156.021826,1716.0756,Summer_Even,1941,12
1/31/1942,1,78.0578986,481.1194,Summer_Even,1942,1
2/28/1942,1,27.175725,204.47708,Summer_Even,1942,2
3/31/1942,1,26.3834475,206.02759,Summer_Even,1942,3
4/30/1942,1,28.615563,208.47815,Summer_Even,1942,4
5/31/1942,1,28.936629,215.2053,Summer_Even,1942,5
6/30/1942,1,23.266218,201.1917,Summer_Even,1942,6
7/31/1942,1,19.9695855,205.35649,Summer_Even,1942,7
8/31/1942,1,22.7897775,357.92838,Summer_Even,1942,8
9/30/1942,1,23.753373,396.6789,Summer_Even,1942,9
10/31/1942,1,42.25621,853.6918,Summer_Even,1942,10
11/30/1942,1,110.0675995,1219.9572,Summer_Even,1942,11
12/31/1942,1,134.498341,1738.9976,Summer_Even,1942,12
1/31/1943,1,128.4031315,742.72327,Summer_Even,1943,1
2/28/1943,1,34.90710025,214.03375,Summer_Even,1943,2
3/31/1943,1,24.4150245,211.65953,Summer_Even,1943,3
4/30/1943,1,22.4767755,196.13028,Summer_Even,1943,4
5/31/1943,1,20.2188885,206.60213,Summer_Even,1943,5
6/30/1943,1,21.3278625,220.00998,Summer_Even,1943,6
7/31/1943,1,23.9088915,274.99237,Summer_Even,1943,7
8/31/1943,1,22.04838,384.43262,Summer_Even,1943,8
9/30/1943,1,25.963152,398.18246,Summer_Even,1943,9
10/31/1943,1,38.53183,763.6223,Summer_Even,1943,10
11/30/1943,1,131.5812349,1686.134,Summer_Even,1943,11
12/31/1943,1,162.8558695,1741.2638,Summer_Even,1943,12
1/31/1944,1,173.5099789,1434.1882,Summer_Even,1944,1
2/29/1944,4,151.0749955,1417.1199,Summer_Even,1944,2
3/31/1944,4,100.8421638,568.56683,Summer_Even,1944,3
4/30/1944,4,41.0818105,247.91016,Summer_Even,1944,4
5/31/1944,4,35.8161505,251.36841,Summer_Even,1944,5
6/30/1944,4,48.61050445,295.14926,Summer_Even,1944,6
7/31/1944,4,35.048389,392.34518,Summer_Even,1944,7
8/31/1944,4,43.7334505,784.9592,Summer_Even,1944,8
9/30/1944,4,88.667776,1228.5397,Summer_Even,1944,9
10/31/1944,4,141.29827,1837.2408,Summer_Even,1944,10
11/30/1944,4,181.4416885,1825.5079,Summer_Even,1944,11
12/31/1944,4,156.602941,1731.1449,Summer_Even,1944,12
1/31/1945,4,143.4948049,999.91876,Summer_Even,1945,1
2/28/1945,4,67.48305625,610.3086,Summer_Even,1945,2
3/31/1945,4,50.52034645,319.44608,Summer_Even,1945,3
4/30/1945,3,39.7359664,243.07448,Summer_Even,1945,4
5/31/1945,4,30.4064686,240.23917,Summer_Even,1945,5
6/30/1945,4,28.314885,272.63858,Summer_Even,1945,6
7/31/1945,4,30.0514755,430.69815,Summer_Even,1945,7
8/31/1945,4,66.38589175,1087.6614,Summer_Even,1945,8
9/30/1945,4,119.0335969,1637.9486,Summer_Even,1945,9
10/31/1945,4,135.4161265,1717.6774,Summer_Even,1945,10
11/30/1945,4,145.8127954,1681.1405,Summer_Even,1945,11
12/31/1945,4,143.28871,1792.0935,Summer_Even,1945,12
1/31/1946,4,74.5221601,435.04004,Summer_Even,1946,1
2/28/1946,2,24.2571855,194.69138,Summer_Even,1946,2
3/31/1946,2,26.315181,218.29129,Summer_Even,1946,3
4/30/1946,2,28.983384,236.28056,Summer_Even,1946,4
5/31/1946,3,28.91727,236.14066,Summer_Even,1946,5
6/30/1946,3,27.1044,255.06229,Summer_Even,1946,6
7/31/1946,3,28.51626,375.05066,Summer_Even,1946,7
8/31/1946,3,41.95853605,768.7111,Summer_Even,1946,8
9/30/1946,3,88.7323855,1331.3916,Summer_Even,1946,9
10/31/1946,3,150.6365031,1705.6562,Summer_Even,1946,10
11/30/1946,3,142.3034194,1727.2307,Summer_Even,1946,11
12/31/1946,3,157.5162691,1730.3364,Summer_Even,1946,12
1/31/1947,3,215.1093655,1517.9135,Summer_Even,1947,1
2/28/1947,4,162.791659,1298.1593,Summer_Even,1947,2
3/31/1947,4,139.8680659,661.9777,Summer_Even,1947,3
4/30/1947,5,46.23932725,269.3987,Summer_Even,1947,4
5/31/1947,5,34.9362016,277.20987,Summer_Even,1947,5
6/30/1947,5,35.7659164,413.64246,Summer_Even,1947,6
7/31/1947,5,47.861134,467.54388,Summer_Even,1947,7
8/31/1947,5,48.976909,693.3894,Summer_Even,1947,8
9/30/1947,5,83.2948705,1127.1464,Summer_Even,1947,9
10/31/1947,5,141.194473,1845.0195,Summer_Even,1947,10
11/30/1947,5,193.8568015,2154.753,Summer_Even,1947,11
12/31/1947,5,193.048057,2214.1716,Summer_Even,1947,12
1/31/1948,5,225.1665025,1618.2557,Summer_Even,1948,1
2/29/1948,5,144.121822,1179.2822,Summer_Even,1948,2
3/31/1948,5,90.98558125,626.6291,Summer_Even,1948,3
4/30/1948,5,52.78483105,374.41098,Summer_Even,1948,4
5/31/1948,3,31.4463595,244.40553,Summer_Even,1948,5
6/30/1948,3,26.70678,222.28177,Summer_Even,1948,6
7/31/1948,3,22.0127085,242.96724,Summer_Even,1948,7
8/31/1948,3,32.01163705,757.43524,Summer_Even,1948,8
9/30/1948,3,100.1497021,1271.1412,Summer_Even,1948,9
10/31/1948,3,151.3169605,1676.7421,Summer_Even,1948,10
11/30/1948,3,165.646162,1716.6818,Summer_Even,1948,11
12/31/1948,3,171.0001435,1764.3068,Summer_Even,1948,12
1/31/1949,3,200.600956,1364.0264,Summer_Even,1949,1
2/28/1949,5,144.443986,1157.1962,Summer_Even,1949,2
3/31/1949,5,130.1683075,727.06775,Summer_Even,1949,3
4/30/1949,4,45.0069274,271.7795,Summer_Even,1949,4
5/31/1949,4,27.042156,241.71382,Summer_Even,1949,5
6/30/1949,4,27.7004745,273.19507,Summer_Even,1949,6
7/31/1949,4,25.39155,400.8596,Summer_Even,1949,7
8/31/1949,4,35.14106245,639.7486,Summer_Even,1949,8
9/30/1949,4,66.0482038,1004.27716,Summer_Even,1949,9
10/31/1949,4,133.389178,1878.0149,Summer_Even,1949,10
11/30/1949,4,179.39935,1817.0675,Summer_Even,1949,11
12/31/1949,4,170.647114,1795.0282,Summer_Even,1949,12
1/31/1950,4,195.6313654,1695.3491,Summer_Even,1950,1
2/28/1950,4,115.6443085,642.99054,Summer_Even,1950,2
3/31/1950,4,39.9484624,258.62772,Summer_Even,1950,3
4/30/1950,4,26.941455,242.7176,Summer_Even,1950,4
5/31/1950,4,28.0425705,244.79709,Summer_Even,1950,5
6/30/1950,4,26.194794,260.1574,Summer_Even,1950,6
7/31/1950,4,25.4711655,333.82986,Summer_Even,1950,7
8/31/1950,4,49.4324188,957.7548,Summer_Even,1950,8
9/30/1950,4,111.446002,1424.9656,Summer_Even,1950,9
10/31/1950,4,142.628499,1770.1847,Summer_Even,1950,10
11/30/1950,4,162.1009045,1717.1825,Summer_Even,1950,11
12/31/1950,4,54.188191,506.00046,Summer_Even,1950,12
1/31/1951,4,28.233129,187.22267,Summer_Even,1951,1
2/28/1951,1,24.7745865,192.88799,Summer_Even,1951,2
3/31/1951,1,25.131072,199.39665,Summer_Even,1951,3
4/30/1951,1,23.856564,222.02003,Summer_Even,1951,4
5/31/1951,1,26.869395,242.41476,Summer_Even,1951,5
6/30/1951,1,28.0365825,266.11987,Summer_Even,1951,6
7/31/1951,1,27.723405,303.29352,Summer_Even,1951,7
8/31/1951,1,24.898197,391.54236,Summer_Even,1951,8
9/30/1951,1,26.779065,451.96558,Summer_Even,1951,9
10/31/1951,1,31.9603855,621.2643,Summer_Even,1951,10
11/30/1951,1,118.5423025,1746.612,Summer_Even,1951,11
12/31/1951,1,170.200633,1740.7301,Summer_Even,1951,12
1/31/1952,1,107.3637304,519.7114,Summer_Even,1952,1
2/29/1952,1,32.5031965,221.50214,Summer_Even,1952,2
3/31/1952,1,28.8216795,227.44562,Summer_Even,1952,3
4/30/1952,1,33.073909,215.30644,Summer_Even,1952,4
5/31/1952,1,25.77312,202.2309,Summer_Even,1952,5
6/30/1952,1,18.548406,178.80214,Summer_Even,1952,6
7/31/1952,1,16.891575,176.75975,Summer_Even,1952,7
8/31/1952,1,21.2244285,247.71585,Summer_Even,1952,8
9/30/1952,1,21.9805485,351.92105,Summer_Even,1952,9
10/31/1952,1,33.5848342,758.96497,Summer_Even,1952,10
11/30/1952,1,122.434576,1730.6184,Summer_Even,1952,11
12/31/1952,1,137.0247805,1716.1265,Summer_Even,1952,12
1/31/1953,1,84.8326051,509.58966,Summer_Even,1953,1
2/28/1953,1,23.3952435,207.51701,Summer_Even,1953,2
3/31/1953,2,24.4938165,218.57304,Summer_Even,1953,3
4/30/1953,2,28.07229,242.05447,Summer_Even,1953,4
5/31/1953,2,29.97123,239.82848,Summer_Even,1953,5
6/30/1953,2,27.386106,222.34235,Summer_Even,1953,6
7/31/1953,2,23.945475,227.37633,Summer_Even,1953,7
8/31/1953,2,23.093007,397.33737,Summer_Even,1953,8
9/30/1953,2,29.300415,574.4924,Summer_Even,1953,9
10/31/1953,2,63.18437275,1134.4417,Summer_Even,1953,10
11/30/1953,2,164.4392241,1696.3834,Summer_Even,1953,11
12/31/1953,2,170.9010918,1741.8622,Summer_Even,1953,12
1/31/1954,2,180.421588,1565.7297,Summer_Even,1954,1
2/28/1954,3,98.3712565,631.0317,Summer_Even,1954,2
3/31/1954,3,29.763126,255.71573,Summer_Even,1954,3
4/30/1954,2,24.584205,240.77272,Summer_Even,1954,4
5/31/1954,2,27.818445,229.027,Summer_Even,1954,5
6/30/1954,2,26.2923345,232.21306,Summer_Even,1954,6
7/31/1954,2,23.8484415,284.54315,Summer_Even,1954,7
8/31/1954,2,24.200622,448.54697,Summer_Even,1954,8
9/30/1954,2,27.209106,528.71985,Summer_Even,1954,9
10/31/1954,2,51.392398,840.33716,Summer_Even,1954,10
11/30/1954,2,121.1934153,1458.6631,Summer_Even,1954,11
12/31/1954,2,167.511772,1749.8528,Summer_Even,1954,12
1/31/1955,2,175.4981959,988.6714,Summer_Even,1955,1
2/28/1955,3,52.8309013,386.24084,Summer_Even,1955,2
3/31/1955,4,37.8019621,293.3719,Summer_Even,1955,3
4/30/1955,4,35.2058686,300.60406,Summer_Even,1955,4
5/31/1955,4,46.9978405,297.23404,Summer_Even,1955,5
6/30/1955,4,39.9361561,308.94003,Summer_Even,1955,6
7/31/1955,4,32.726494,372.08932,Summer_Even,1955,7
8/31/1955,4,34.3451515,670.7491,Summer_Even,1955,8
9/30/1955,4,75.86553325,1144.562,Summer_Even,1955,9
10/31/1955,4,140.7741721,1787.6156,Summer_Even,1955,10
11/30/1955,4,172.388521,1672.8226,Summer_Even,1955,11
12/31/1955,4,164.321425,1794.0487,Summer_Even,1955,12
1/31/1956,4,80.66880355,452.6611,Summer_Even,1956,1
2/29/1956,1,26.5462695,190.51262,Summer_Even,1956,2
3/31/1956,1,25.690629,183.15848,Summer_Even,1956,3
4/30/1956,1,19.99488,201.73964,Summer_Even,1956,4
5/31/1956,1,22.421355,232.91895,Summer_Even,1956,5
6/30/1956,1,22.964505,232.0217,Summer_Even,1956,6
7/31/1956,1,22.192995,210.48122,Summer_Even,1956,7
8/31/1956,1,23.7862125,310.196,Summer_Even,1956,8
9/30/1956,1,23.17323,363.9945,Summer_Even,1956,9
10/31/1956,1,32.7932467,789.01245,Summer_Even,1956,10
11/30/1956,1,128.8474836,1753.9454,Summer_Even,1956,11
12/31/1956,1,157.368186,1750.1953,Summer_Even,1956,12
1/31/1957,1,221.339665,1746.534,Summer_Even,1957,1
2/28/1957,3,197.0215926,1680.832,Summer_Even,1957,2
3/31/1957,3,148.619977,813.76697,Summer_Even,1957,3
4/30/1957,3,50.3595124,262.72455,Summer_Even,1957,4
5/31/1957,3,31.7659414,240.97617,Summer_Even,1957,5
6/30/1957,3,28.709592,241.90044,Summer_Even,1957,6
7/31/1957,3,24.6940125,279.5323,Summer_Even,1957,7
8/31/1957,3,39.41169625,771.3823,Summer_Even,1957,8
9/30/1957,3,87.5896039,1295.3656,Summer_Even,1957,9
10/31/1957,3,141.352249,1659.1456,Summer_Even,1957,10
11/30/1957,3,202.1226138,1660.158,Summer_Even,1957,11
12/31/1957,3,194.0807403,1420.5645,Summer_Even,1957,12
1/31/1958,3,165.533188,848.7039,Summer_Even,1958,1
2/28/1958,2,31.7445379,236.9687,Summer_Even,1958,2
3/31/1958,1,33.38989705,237.15598,Summer_Even,1958,3
4/30/1958,1,28.96452,207.1641,Summer_Even,1958,4
5/31/1958,1,34.6487221,189.2794,Summer_Even,1958,5
6/30/1958,1,22.0383825,179.231,Summer_Even,1958,6
7/31/1958,1,19.997289,177.19893,Summer_Even,1958,7
8/31/1958,1,22.4405205,312.74216,Summer_Even,1958,8
9/30/1958,1,21.762954,357.98093,Summer_Even,1958,9
10/31/1958,1,34.93921975,735.6123,Summer_Even,1958,10
11/30/1958,1,120.6682771,1699.5094,Summer_Even,1958,11
12/31/1958,1,164.27155,1775.4467,Summer_Even,1958,12
1/31/1959,1,182.217088,1554.8969,Summer_Even,1959,1
2/28/1959,3,105.8294785,617.0808,Summer_Even,1959,2
3/31/1959,3,38.9447779,247.60971,Summer_Even,1959,3
4/30/1959,3,30.26080225,240.07103,Summer_Even,1959,4
5/31/1959,3,29.372049,253.58769,Summer_Even,1959,5
6/30/1959,3,28.140339,321.2149,Summer_Even,1959,6
7/31/1959,3,29.4670905,412.0883,Summer_Even,1959,7
8/31/1959,3,42.9850234,747.35223,Summer_Even,1959,8
9/30/1959,3,83.4427171,1289.1945,Summer_Even,1959,9
10/31/1959,3,140.0496166,1697.3887,Summer_Even,1959,10
11/30/1959,3,109.086772,1070.2665,Summer_Even,1959,11
12/31/1959,3,120.6810451,1375.5806,Summer_Even,1959,12
1/31/1960,3,186.5701096,1705.0316,Summer_Even,1960,1
2/29/1960,5,171.7266769,1313.289,Summer_Even,1960,2
3/31/1960,4,92.5187074,464.46854,Summer_Even,1960,3
4/30/1960,4,34.4156548,244.22607,Summer_Even,1960,4
5/31/1960,4,28.2729675,247.05215,Summer_Even,1960,5
6/30/1960,4,28.4861295,298.11792,Summer_Even,1960,6
7/31/1960,4,30.0898995,496.2367,Summer_Even,1960,7
8/31/1960,4,88.6372525,1478.7352,Summer_Even,1960,8
9/30/1960,4,149.7335005,1615.5038,Summer_Even,1960,9
10/31/1960,4,159.3767605,1779.1589,Summer_Even,1960,10
11/30/1960,4,163.422535,1688.6519,Summer_Even,1960,11
12/31/1960,4,165.6838675,1694.1656,Summer_Even,1960,12
1/31/1961,4,175.697143,1200.946,Summer_Even,1961,1
2/28/1961,4,84.7792987,732.418,Summer_Even,1961,2
3/31/1961,4,53.159854,410.4228,Summer_Even,1961,3
4/30/1961,4,27.682416,243.30217,Summer_Even,1961,4
5/31/1961,4,28.0246395,261.87018,Summer_Even,1961,5
6/30/1961,4,30.7281538,318.71597,Summer_Even,1961,6
7/31/1961,4,29.942514,440.23007,Summer_Even,1961,7
8/31/1961,4,54.7873294,915.69574,Summer_Even,1961,8
9/30/1961,4,95.1708319,1266.4806,Summer_Even,1961,9
10/31/1961,4,146.0514145,1860.1462,Summer_Even,1961,10
11/30/1961,4,195.8235979,1811.4932,Summer_Even,1961,11
12/31/1961,4,178.5170841,1783.1522,Summer_Even,1961,12
1/31/1962,4,195.8902395,1326.0576,Summer_Even,1962,1
2/28/1962,4,106.2601705,997.5493,Summer_Even,1962,2
3/31/1962,3,94.029424,447.74432,Summer_Even,1962,3
4/30/1962,3,44.49623305,241.55006,Summer_Even,1962,4
5/31/1962,3,28.978515,242.61671,Summer_Even,1962,5
6/30/1962,3,26.508183,272.5855,Summer_Even,1962,6
7/31/1962,3,27.1385925,368.1784,Summer_Even,1962,7
8/31/1962,3,40.9977355,771.16974,Summer_Even,1962,8
9/30/1962,3,89.7408181,1297.0753,Summer_Even,1962,9
10/31/1962,3,169.729414,1728.5436,Summer_Even,1962,10
11/30/1962,3,89.5213111,736.50085,Summer_Even,1962,11
12/31/1962,3,18.9002355,383.96494,Summer_Even,1962,12
1/31/1963,3,40.1797114,469.39978,Summer_Even,1963,1
2/28/1963,2,24.503055,274.80573,Summer_Even,1963,2
3/31/1963,3,29.542287,256.35516,Summer_Even,1963,3
4/30/1963,2,27.607731,239.86089,Summer_Even,1963,4
5/31/1963,1,28.201992,219.82603,Summer_Even,1963,5
6/30/1963,1,25.644999,214.27608,Summer_Even,1963,6
7/31/1963,1,22.034466,225.93867,Summer_Even,1963,7
8/31/1963,1,23.085327,369.15823,Summer_Even,1963,8
9/30/1963,1,25.6294965,431.23355,Summer_Even,1963,9
10/31/1963,1,45.6566875,823.7825,Summer_Even,1963,10
11/30/1963,1,141.279118,1656.5447,Summer_Even,1963,11
12/31/1963,1,140.546326,1280.5924,Summer_Even,1963,12
1/31/1964,1,160.71646,1114.4677,Summer_Even,1964,1
2/29/1964,3,131.138533,831.73065,Summer_Even,1964,2
3/31/1964,3,39.982081,319.09897,Summer_Even,1964,3
4/30/1964,4,34.581559,328.27115,Summer_Even,1964,4
5/31/1964,4,38.71993855,326.30978,Summer_Even,1964,5
6/30/1964,4,37.103923,323.22894,Summer_Even,1964,6
7/31/1964,4,31.6733905,380.32385,Summer_Even,1964,7
8/31/1964,4,67.2703237,1271.4811,Summer_Even,1964,8
9/30/1964,4,137.814544,1567.6876,Summer_Even,1964,9
10/31/1964,4,143.1254734,1756.6263,Summer_Even,1964,10
11/30/1964,4,172.160578,1724.9683,Summer_Even,1964,11
12/31/1964,4,168.9147415,1703.1011,Summer_Even,1964,12
1/31/1965,4,62.2866256,362.6737,Summer_Even,1965,1
2/28/1965,1,21.583515,203.29271,Summer_Even,1965,2
3/31/1965,1,26.0315145,217.12877,Summer_Even,1965,3
4/30/1965,1,28.1742,223.6297,Summer_Even,1965,4
5/31/1965,1,27.819576,220.02655,Summer_Even,1965,5
6/30/1965,1,23.138232,215.37172,Summer_Even,1965,6
7/31/1965,1,23.8318755,249.92973,Summer_Even,1965,7
8/31/1965,1,24.1979505,384.27704,Summer_Even,1965,8
9/30/1965,1,26.4822975,424.80194,Summer_Even,1965,9
10/31/1965,1,42.208615,810.50903,Summer_Even,1965,10
11/30/1965,1,109.1406855,1353.4114,Summer_Even,1965,11
12/31/1965,1,87.65449555,988.7546,Summer_Even,1965,12
1/31/1966,1,98.564002,1004.7897,Summer_Even,1966,1
2/28/1966,2,87.99891805,716.15405,Summer_Even,1966,2
3/31/1966,3,37.032559,250.36731,Summer_Even,1966,3
4/30/1966,3,28.81158,239.52907,Summer_Even,1966,4
5/31/1966,3,29.773302,250.87831,Summer_Even,1966,5
6/30/1966,3,28.8894105,301.31998,Summer_Even,1966,6
7/31/1966,3,29.0153955,397.51437,Summer_Even,1966,7
8/31/1966,3,42.0087217,747.5411,Summer_Even,1966,8
9/30/1966,3,84.2388019,1282.6249,Summer_Even,1966,9
10/31/1966,3,150.000916,1723.3267,Summer_Even,1966,10
11/30/1966,3,162.7806295,1694.3824,Summer_Even,1966,11
12/31/1966,3,157.800283,1729.4681,Summer_Even,1966,12
1/31/1967,3,95.39099155,525.0678,Summer_Even,1967,1
2/28/1967,2,29.659635,219.33168,Summer_Even,1967,2
3/31/1967,2,27.2799405,234.11507,Summer_Even,1967,3
4/30/1967,2,30.3871342,229.35342,Summer_Even,1967,4
5/31/1967,1,27.5097525,215.79362,Summer_Even,1967,5
6/30/1967,1,20.3398455,198.88893,Summer_Even,1967,6
7/31/1967,1,17.2910565,176.49512,Summer_Even,1967,7
8/31/1967,1,20.026485,228.28679,Summer_Even,1967,8
9/30/1967,1,22.55691,344.84833,Summer_Even,1967,9
10/31/1967,1,30.5612578,712.21576,Summer_Even,1967,10
11/30/1967,1,97.26376645,1471.4283,Summer_Even,1967,11
12/31/1967,1,127.4180148,1729.6101,Summer_Even,1967,12
1/31/1968,1,216.0441769,1714.8793,Summer_Even,1968,1
2/29/1968,3,122.417818,771.39703,Summer_Even,1968,2
3/31/1968,3,37.2942745,264.61862,Summer_Even,1968,3
4/30/1968,3,27.11334,238.42372,Summer_Even,1968,4
5/31/1968,3,28.64307,243.50325,Summer_Even,1968,5
6/30/1968,3,28.655772,295.59198,Summer_Even,1968,6
7/31/1968,3,27.598284,452.26935,Summer_Even,1968,7
8/31/1968,3,37.8553369,747.1907,Summer_Even,1968,8
9/30/1968,3,76.8688273,1206.8738,Summer_Even,1968,9
10/31/1968,3,132.986245,1609.814,Summer_Even,1968,10
11/30/1968,3,148.391712,1654.6545,Summer_Even,1968,11
12/31/1968,3,158.5603866,1725.7722,Summer_Even,1968,12
1/31/1969,3,141.3693063,871.96466,Summer_Even,1969,1
2/28/1969,1,38.3358925,247.17566,Summer_Even,1969,2
3/31/1969,1,16.1695155,189.02654,Summer_Even,1969,3
4/30/1969,1,18.2986035,184.92494,Summer_Even,1969,4
5/31/1969,1,17.3034915,179.5769,Summer_Even,1969,5
6/30/1969,1,14.0896755,181.25313,Summer_Even,1969,6
7/31/1969,1,19.5328875,214.143,Summer_Even,1969,7
8/31/1969,1,25.24506,254.9784,Summer_Even,1969,8
9/30/1969,1,21.719439,340.00708,Summer_Even,1969,9
10/31/1969,1,28.1076,672.19244,Summer_Even,1969,10
11/30/1969,1,85.9861255,1214.1301,Summer_Even,1969,11
12/31/1969,1,124.3687855,1781.4818,Summer_Even,1969,12
1/31/1970,1,80.75599645,510.94406,Summer_Even,1970,1
2/28/1970,1,19.523238,192.66974,Summer_Even,1970,2
3/31/1970,1,16.288236,185.61453,Summer_Even,1970,3
4/30/1970,1,21.653631,197.96776,Summer_Even,1970,4
5/31/1970,1,24.2724405,231.662,Summer_Even,1970,5
6/30/1970,1,26.643924,273.94592,Summer_Even,1970,6
7/31/1970,1,25.7978025,306.7567,Summer_Even,1970,7
8/31/1970,1,24.257499,386.15408,Summer_Even,1970,8
9/30/1970,1,27.533583,431.74136,Summer_Even,1970,9
10/31/1970,1,34.42795255,655.48706,Summer_Even,1970,10
11/30/1970,1,117.1052043,1737.2052,Summer_Even,1970,11
12/31/1970,1,117.0744841,1147.6117,Summer_Even,1970,12
1/31/1971,1,49.9914007,303.50095,Summer_Even,1971,1
2/28/1971,1,22.4585925,204.09222,Summer_Even,1971,2
3/31/1971,1,23.313306,226.72595,Summer_Even,1971,3
4/30/1971,1,23.4442605,236.50786,Summer_Even,1971,4
5/31/1971,1,25.405092,231.93474,Summer_Even,1971,5
6/30/1971,1,26.075385,231.9448,Summer_Even,1971,6
7/31/1971,1,23.4327285,244.41292,Summer_Even,1971,7
8/31/1971,1,23.9190675,380.76157,Summer_Even,1971,8
9/30/1971,1,27.63519,475.22058,Summer_Even,1971,9
10/31/1971,1,52.85224495,935.9511,Summer_Even,1971,10
11/30/1971,1,136.100839,1439.8915,Summer_Even,1971,11
12/31/1971,1,153.4513996,1755.995,Summer_Even,1971,12
1/31/1972,1,185.2870339,1091.184,Summer_Even,1972,1
2/29/1972,3,55.5319033,507.10022,Summer_Even,1972,2
3/31/1972,3,39.8780389,383.7537,Summer_Even,1972,3
4/30/1972,3,32.0268475,255.40599,Summer_Even,1972,4
5/31/1972,3,27.8933805,243.49754,Summer_Even,1972,5
6/30/1972,3,29.543586,315.96082,Summer_Even,1972,6
7/31/1972,3,29.749065,488.33963,Summer_Even,1972,7
8/31/1972,3,34.95423925,756.93634,Summer_Even,1972,8
9/30/1972,3,75.1874584,1174.792,Summer_Even,1972,9
10/31/1972,3,143.496646,1676.1685,Summer_Even,1972,10
11/30/1972,3,156.9576093,1672.8779,Summer_Even,1972,11
12/31/1972,3,120.948301,1216.5388,Summer_Even,1972,12
1/31/1973,3,63.3181489,469.6888,Summer_Even,1973,1
2/28/1973,2,31.86665755,242.68495,Summer_Even,1973,2
3/31/1973,2,24.276918,239.53061,Summer_Even,1973,3
4/30/1973,2,31.8576145,231.2015,Summer_Even,1973,4
5/31/1973,2,29.091801,232.30782,Summer_Even,1973,5
6/30/1973,2,27.3677895,252.41628,Summer_Even,1973,6
7/31/1973,2,25.9366335,309.85904,Summer_Even,1973,7
8/31/1973,2,26.52111,452.57742,Summer_Even,1973,8
9/30/1973,2,27.804918,512.5628,Summer_Even,1973,9
10/31/1973,2,54.2240782,912.6164,Summer_Even,1973,10
11/30/1973,2,136.3244044,1692.8903,Summer_Even,1973,11
12/31/1973,2,45.6346342,488.3841,Summer_Even,1973,12
1/31/1974,2,25.213527,184.45366,Summer_Even,1974,1
2/28/1974,1,21.085053,189.8634,Summer_Even,1974,2
3/31/1974,1,21.468567,199.01283,Summer_Even,1974,3
4/30/1974,1,24.983553,201.03043,Summer_Even,1974,4
5/31/1974,1,22.2469065,186.86197,Summer_Even,1974,5
6/30/1974,1,20.6823,202.89948,Summer_Even,1974,6
7/31/1974,1,21.4857675,241.95255,Summer_Even,1974,7
8/31/1974,1,23.35764,379.91788,Summer_Even,1974,8
9/30/1974,1,26.608443,414.11002,Summer_Even,1974,9
10/31/1974,1,48.7105195,910.39166,Summer_Even,1974,10
11/30/1974,1,143.9083285,1680.6914,Summer_Even,1974,11
12/31/1974,1,153.2033755,1738.8427,Summer_Even,1974,12
1/31/1975,1,219.4536775,1668.1539,Summer_Even,1975,1
2/28/1975,3,172.597768,1467.4471,Summer_Even,1975,2
3/31/1975,3,98.6702785,576.4214,Summer_Even,1975,3
4/30/1975,2,31.2018637,231.32866,Summer_Even,1975,4
5/31/1975,2,25.815429,215.23941,Summer_Even,1975,5
6/30/1975,2,23.8003005,216.30203,Summer_Even,1975,6
7/31/1975,2,22.5674925,240.19489,Summer_Even,1975,7
8/31/1975,2,23.530659,416.44208,Summer_Even,1975,8
9/30/1975,2,27.723948,570.11176,Summer_Even,1975,9
10/31/1975,2,69.9589852,1213.4305,Summer_Even,1975,10
11/30/1975,2,160.589256,1756.1659,Summer_Even,1975,11
12/31/1975,2,155.075398,1749.3691,Summer_Even,1975,12
1/31/1976,2,187.6938105,1473.2831,Summer_Even,1976,1
2/29/1976,4,153.6644485,1801.2518,Summer_Even,1976,2
3/31/1976,4,194.0671714,1479.6422,Summer_Even,1976,3
4/30/1976,5,133.6729525,734.21326,Summer_Even,1976,4
5/31/1976,5,80.0138194,528.34546,Summer_Even,1976,5
6/30/1976,5,72.9976267,773.1519,Summer_Even,1976,6
7/31/1976,5,121.9244944,1537.3047,Summer_Even,1976,7
8/31/1976,5,142.5260215,1821.3488,Summer_Even,1976,8
9/30/1976,5,122.5634644,1500.2958,Summer_Even,1976,9
10/31/1976,5,161.384956,2083.3884,Summer_Even,1976,10
11/30/1976,5,220.1036485,2035.6182,Summer_Even,1976,11
12/31/1976,5,218.0773555,2188.6538,Summer_Even,1976,12
1/31/1977,5,226.817992,1411.4698,Summer_Even,1977,1
2/28/1977,5,147.1999075,1667.8594,Summer_Even,1977,2
3/31/1977,5,216.4321645,1355.2294,Summer_Even,1977,3
4/30/1977,5,137.8139455,574.91046,Summer_Even,1977,4
5/31/1977,5,86.80024225,527.0715,Summer_Even,1977,5
6/30/1977,5,84.3520438,1068.7485,Summer_Even,1977,6
7/31/1977,5,157.7015875,1622.6622,Summer_Even,1977,7
8/31/1977,5,174.3955965,1639.2147,Summer_Even,1977,8
9/30/1977,5,137.844583,1462.083,Summer_Even,1977,9
10/31/1977,5,169.9101895,1627.7094,Summer_Even,1977,10
11/30/1977,5,201.7383055,1961.8975,Summer_Even,1977,11
12/31/1977,5,224.573617,1910.0973,Summer_Even,1977,12
1/31/1978,5,223.9700269,1538.9617,Summer_Even,1978,1
2/28/1978,3,76.6523983,391.9537,Summer_Even,1978,2
3/31/1978,3,39.8665591,233.29051,Summer_Even,1978,3
4/30/1978,2,38.1893056,228.48502,Summer_Even,1978,4
5/31/1978,2,27.36342,214.02888,Summer_Even,1978,5
6/30/1978,2,22.186203,218.01628,Summer_Even,1978,6
7/31/1978,2,23.181234,248.88332,Summer_Even,1978,7
8/31/1978,2,24.3852405,398.98065,Summer_Even,1978,8
9/30/1978,2,25.6807545,493.81204,Summer_Even,1978,9
10/31/1978,2,55.5151282,1006.7305,Summer_Even,1978,10
11/30/1978,2,149.7384025,1818.5986,Summer_Even,1978,11
12/31/1978,2,176.5016809,1825.4225,Summer_Even,1978,12
1/31/1979,2,207.990322,1609.728,Summer_Even,1979,1
2/28/1979,4,128.863606,686.49286,Summer_Even,1979,2
3/31/1979,4,48.1994347,265.0931,Summer_Even,1979,3
4/30/1979,4,40.7378839,235.68741,Summer_Even,1979,4
5/31/1979,4,30.08544,235.22467,Summer_Even,1979,5
6/30/1979,4,27.237414,255.37498,Summer_Even,1979,6
7/31/1979,4,25.94043,279.97598,Summer_Even,1979,7
8/31/1979,4,53.43461395,1160.635,Summer_Even,1979,8
9/30/1979,4,135.9671626,1604.7073,Summer_Even,1979,9
10/31/1979,4,142.2341245,1758.8816,Summer_Even,1979,10
11/30/1979,4,156.373915,1702.9015,Summer_Even,1979,11
12/31/1979,4,169.1436393,1759.2196,Summer_Even,1979,12
1/31/1980,4,156.772516,992.023,Summer_Even,1980,1
2/29/1980,2,41.5584445,256.08502,Summer_Even,1980,2
3/31/1980,1,19.834206,191.59708,Summer_Even,1980,3
4/30/1980,1,20.627739,191.31186,Summer_Even,1980,4
5/31/1980,2,22.1727705,201.53462,Summer_Even,1980,5
6/30/1980,2,23.462538,243.97893,Summer_Even,1980,6
7/31/1980,2,25.797267,254.30235,Summer_Even,1980,7
8/31/1980,2,27.194541,316.80447,Summer_Even,1980,8
9/30/1980,2,24.52017,453.3627,Summer_Even,1980,9
10/31/1980,2,40.4456563,905.91815,Summer_Even,1980,10
11/30/1980,2,136.8328786,1727.9678,Summer_Even,1980,11
12/31/1980,2,160.996843,1769.8616,Summer_Even,1980,12
1/31/1981,2,224.4756055,1778.4889,Summer_Even,1981,1
2/28/1981,3,130.7854294,792.40686,Summer_Even,1981,2
3/31/1981,4,36.4594297,252.27782,Summer_Even,1981,3
4/30/1981,4,27.53964,233.61824,Summer_Even,1981,4
5/31/1981,4,27.734514,251.89005,Summer_Even,1981,5
6/30/1981,4,28.911429,317.54092,Summer_Even,1981,6
7/31/1981,4,29.427012,414.3514,Summer_Even,1981,7
8/31/1981,4,67.127476,1207.6741,Summer_Even,1981,8
9/30/1981,4,122.7499285,1476.7633,Summer_Even,1981,9
10/31/1981,4,141.5151978,1804.598,Summer_Even,1981,10
11/30/1981,4,175.328068,1752.7749,Summer_Even,1981,11
12/31/1981,4,96.31676275,808.60394,Summer_Even,1981,12
1/31/1982,4,23.990319,200.91798,Summer_Even,1982,1
2/28/1982,1,25.865655,203.05621,Summer_Even,1982,2
3/31/1982,1,24.5985165,197.04387,Summer_Even,1982,3
4/30/1982,1,23.8635675,178.17018,Summer_Even,1982,4
5/31/1982,1,17.008797,173.12816,Summer_Even,1982,5
6/30/1982,1,15.074568,180.10901,Summer_Even,1982,6
7/31/1982,1,18.765321,197.71284,Summer_Even,1982,7
8/31/1982,1,23.4343185,321.2015,Summer_Even,1982,8
9/30/1982,1,20.991003,331.70554,Summer_Even,1982,9
10/31/1982,1,23.9373525,438.32468,Summer_Even,1982,10
11/30/1982,1,26.3159745,296.64343,Summer_Even,1982,11
12/31/1982,1,24.33729,199.54562,Summer_Even,1982,12
1/31/1983,1,21.603357,172.4528,Summer_Even,1983,1
2/28/1983,1,14.7024885,180.06133,Summer_Even,1983,2
3/31/1983,1,7.9087995,192.14803,Summer_Even,1983,3
4/30/1983,1,7.069176,190.39407,Summer_Even,1983,4
5/31/1983,1,3.34579575,172.86491,Summer_Even,1983,5
6/30/1983,1,6.755286,168.9832,Summer_Even,1983,6
7/31/1983,1,17.492997,181.82782,Summer_Even,1983,7
8/31/1983,1,24.115938,217.01596,Summer_Even,1983,8
9/30/1983,1,21.832599,287.7336,Summer_Even,1983,9
10/31/1983,1,18.209319,277.98465,Summer_Even,1983,10
11/30/1983,1,18.087126,281.68768,Summer_Even,1983,11
12/31/1983,1,23.689554,203.35991,Summer_Even,1983,12
1/31/1984,1,12.620553,197.82701,Summer_Even,1984,1
2/29/1984,1,15.5695635,176.9087,Summer_Even,1984,2
3/31/1984,1,18.3681225,195.70818,Summer_Even,1984,3
4/30/1984,1,22.81326,214.57784,Summer_Even,1984,4
5/31/1984,1,24.7602555,236.49232,Summer_Even,1984,5
6/30/1984,1,24.8583135,264.8224,Summer_Even,1984,6
7/31/1984,1,26.1609495,295.40588,Summer_Even,1984,7
8/31/1984,1,24.767406,410.16193,Summer_Even,1984,8
9/30/1984,1,28.29465,440.9248,Summer_Even,1984,9
10/31/1984,1,45.6167533,832.38995,Summer_Even,1984,10
11/30/1984,1,132.799855,1680.5696,Summer_Even,1984,11
12/31/1984,1,127.2190335,1087.388,Summer_Even,1984,12
1/31/1985,1,50.16945445,356.3538,Summer_Even,1985,1
2/28/1985,3,27.7442505,346.15817,Summer_Even,1985,2
3/31/1985,3,35.4280375,456.18686,Summer_Even,1985,3
4/30/1985,3,38.65589905,308.83142,Summer_Even,1985,4
5/31/1985,4,40.44001045,286.96634,Summer_Even,1985,5
6/30/1985,4,37.0528795,334.83557,Summer_Even,1985,6
7/31/1985,4,30.72198925,406.8653,Summer_Even,1985,7
8/31/1985,4,77.4682735,1390.9482,Summer_Even,1985,8
9/30/1985,4,137.4430066,1590.1149,Summer_Even,1985,9
10/31/1985,4,137.3276215,1722.8357,Summer_Even,1985,10
11/30/1985,4,157.287511,1717.0743,Summer_Even,1985,11
12/31/1985,4,166.137103,1723.8802,Summer_Even,1985,12
1/31/1986,4,220.5781023,1689.4961,Summer_Even,1986,1
2/28/1986,4,116.2601536,629.02124,Summer_Even,1986,2
3/31/1986,1,38.957449,236.97475,Summer_Even,1986,3
4/30/1986,1,15.1093845,186.35559,Summer_Even,1986,4
5/31/1986,1,17.5489335,178.90898,Summer_Even,1986,5
6/30/1986,1,22.512003,208.79022,Summer_Even,1986,6
7/31/1986,1,25.2115125,258.76297,Summer_Even,1986,7
8/31/1986,1,22.5043695,348.38675,Summer_Even,1986,8
9/30/1986,1,23.25519,365.23178,Summer_Even,1986,9
10/31/1986,1,31.21526725,715.6582,Summer_Even,1986,10
11/30/1986,1,106.0742223,1436.6414,Summer_Even,1986,11
12/31/1986,1,153.420061,1771.8003,Summer_Even,1986,12
1/31/1987,1,193.492714,1585.5321,Summer_Even,1987,1
2/28/1987,4,146.2675015,1369.2202,Summer_Even,1987,2
3/31/1987,4,110.4096679,682.67236,Summer_Even,1987,3
4/30/1987,4,45.0845785,272.13223,Summer_Even,1987,4
5/31/1987,4,31.28891695,249.52827,Summer_Even,1987,5
6/30/1987,4,30.2052,318.98804,Summer_Even,1987,6
7/31/1987,4,36.35820055,458.5687,Summer_Even,1987,7
8/31/1987,4,48.5829763,835.10614,Summer_Even,1987,8
9/30/1987,4,86.527768,1169.5343,Summer_Even,1987,9
10/31/1987,4,132.5307295,1651.8041,Summer_Even,1987,10
11/30/1987,4,187.1129206,1978.6796,Summer_Even,1987,11
12/31/1987,4,202.9023595,1885.528,Summer_Even,1987,12
1/31/1988,4,186.6639145,1240.6345,Summer_Even,1988,1
2/29/1988,4,66.457726,369.2731,Summer_Even,1988,2
3/31/1988,5,41.18148355,253.64258,Summer_Even,1988,3
4/30/1988,5,48.3656695,292.9837,Summer_Even,1988,4
5/31/1988,5,49.460326,380.0209,Summer_Even,1988,5
6/30/1988,5,55.61773105,629.721,Summer_Even,1988,6
7/31/1988,5,72.84789055,731.83124,Summer_Even,1988,7
8/31/1988,5,63.368896,954.101,Summer_Even,1988,8
9/30/1988,5,113.5830745,1432.0988,Summer_Even,1988,9
10/31/1988,5,174.7728025,1939.435,Summer_Even,1988,10
11/30/1988,5,224.1860455,2180.674,Summer_Even,1988,11
12/31/1988,5,226.1042665,2226.5017,Summer_Even,1988,12
1/31/1989,5,215.6104326,1671.9701,Summer_Even,1989,1
2/28/1989,4,175.6960116,1481.5967,Summer_Even,1989,2
3/31/1989,5,148.134223,759.91504,Summer_Even,1989,3
4/30/1989,4,45.4603282,285.9236,Summer_Even,1989,4
5/31/1989,4,24.891345,237.84572,Summer_Even,1989,5
6/30/1989,4,25.905936,253.99689,Summer_Even,1989,6
7/31/1989,4,24.5246475,336.37112,Summer_Even,1989,7
8/31/1989,4,37.66240045,761.3626,Summer_Even,1989,8
9/30/1989,4,88.882609,1247.8213,Summer_Even,1989,9
10/31/1989,4,145.140013,1719.0894,Summer_Even,1989,10
11/30/1989,4,161.7598735,1701.4165,Summer_Even,1989,11
12/31/1989,4,158.2085911,1745.9908,Summer_Even,1989,12
1/31/1990,4,185.8836415,1682.3435,Summer_Even,1990,1
2/28/1990,4,124.5674305,818.3603,Summer_Even,1990,2
3/31/1990,5,48.6740566,365.03366,Summer_Even,1990,3
4/30/1990,5,37.0174882,371.9534,Summer_Even,1990,4
5/31/1990,5,49.80060175,337.05832,Summer_Even,1990,5
6/30/1990,5,48.25407205,378.43338,Summer_Even,1990,6
7/31/1990,5,57.8057473,688.2357,Summer_Even,1990,7
8/31/1990,5,89.11498945,1170.0568,Summer_Even,1990,8
9/30/1990,5,115.788433,1373.1788,Summer_Even,1990,9
10/31/1990,5,165.1577433,1821.7811,Summer_Even,1990,10
11/30/1990,5,214.0100635,2143.9778,Summer_Even,1990,11
12/31/1990,5,225.945664,1847.9327,Summer_Even,1990,12
1/31/1991,5,222.7979815,2105.702,Summer_Even,1991,1
2/28/1991,5,275.432095,2036.8278,Summer_Even,1991,2
3/31/1991,5,225.8040361,1349.24,Summer_Even,1991,3
4/30/1991,5,110.780812,492.8733,Summer_Even,1991,4
5/31/1991,5,45.9863698,254.4622,Summer_Even,1991,5
6/30/1991,5,43.42195405,418.27524,Summer_Even,1991,6
7/31/1991,5,72.5880475,886.77576,Summer_Even,1991,7
8/31/1991,5,160.877314,1623.3694,Summer_Even,1991,8
9/30/1991,5,188.3875945,1748.2543,Summer_Even,1991,9
10/31/1991,5,198.105781,1720.5592,Summer_Even,1991,10
11/30/1991,5,225.771814,2212.1382,Summer_Even,1991,11
12/31/1991,5,225.2413236,1853.8116,Summer_Even,1991,12
1/31/1992,5,197.192299,1962.0853,Summer_Even,1992,1
2/29/1992,5,242.275081,1553.8389,Summer_Even,1992,2
3/31/1992,5,104.2623034,433.22305,Summer_Even,1992,3
4/30/1992,5,39.720964,246.72989,Summer_Even,1992,4
5/31/1992,5,43.6278922,264.72235,Summer_Even,1992,5
6/30/1992,5,44.0193226,407.83188,Summer_Even,1992,6
7/31/1992,5,53.29181755,446.67575,Summer_Even,1992,7
8/31/1992,5,45.4599235,663.12976,Summer_Even,1992,8
9/30/1992,5,83.4863449,1194.3615,Summer_Even,1992,9
10/31/1992,5,161.454211,1987.3424,Summer_Even,1992,10
11/30/1992,5,224.8411009,2264.086,Summer_Even,1992,11
12/31/1992,5,222.915507,1704.713,Summer_Even,1992,12
1/31/1993,5,164.27497,1094.649,Summer_Even,1993,1
2/28/1993,3,63.3397633,340.85858,Summer_Even,1993,2
3/31/1993,2,41.998342,237.6443,Summer_Even,1993,3
4/30/1993,2,34.3143202,235.39989,Summer_Even,1993,4
5/31/1993,2,27.060765,228.3532,Summer_Even,1993,5
6/30/1993,2,25.4309625,228.37006,Summer_Even,1993,6
7/31/1993,2,23.7025905,223.70293,Summer_Even,1993,7
8/31/1993,2,22.59063,327.39923,Summer_Even,1993,8
9/30/1993,2,24.459654,486.1996,Summer_Even,1993,9
10/31/1993,2,59.9946841,1165.0997,Summer_Even,1993,10
11/30/1993,2,165.2643931,1770.1061,Summer_Even,1993,11
12/31/1993,2,162.9537955,1804.0192,Summer_Even,1993,12
1/31/1994,2,217.7547526,1723.458,Summer_Even,1994,1
2/28/1994,4,183.8954673,1458.6473,Summer_Even,1994,2
3/31/1994,4,127.388788,729.4979,Summer_Even,1994,3
4/30/1994,5,61.3390576,278.18137,Summer_Even,1994,4
5/31/1994,5,46.1785054,321.555,Summer_Even,1994,5
6/30/1994,5,47.39141695,517.5935,Summer_Even,1994,6
7/31/1994,5,79.53348325,988.6065,Summer_Even,1994,7
8/31/1994,5,106.9824175,1397.3071,Summer_Even,1994,8
9/30/1994,5,122.5084623,1543.4336,Summer_Even,1994,9
10/31/1994,5,172.7069031,1888.037,Summer_Even,1994,10
11/30/1994,5,223.2806005,2301.904,Summer_Even,1994,11
12/31/1994,5,222.7910959,1808.4315,Summer_Even,1994,12
1/31/1995,5,224.8048375,1838.3224,Summer_Even,1995,1
2/28/1995,1,78.6164188,369.13043,Summer_Even,1995,2
3/31/1995,2,27.175287,233.46878,Summer_Even,1995,3
4/30/1995,1,27.7467,214.20064,Summer_Even,1995,4
5/31/1995,1,23.580453,175.57518,Summer_Even,1995,5
6/30/1995,1,16.9119,169.5162,Summer_Even,1995,6
7/31/1995,1,15.362712,166.45775,Summer_Even,1995,7
8/31/1995,1,20.258754,199.00586,Summer_Even,1995,8
9/30/1995,1,20.715804,315.92926,Summer_Even,1995,9
10/31/1995,1,27.5404995,764.23175,Summer_Even,1995,10
11/30/1995,1,129.457717,1840.705,Summer_Even,1995,11
12/31/1995,1,192.7335025,1823.0962,Summer_Even,1995,12
1/31/1996,1,125.7238608,723.38367,Summer_Even,1996,1
2/29/1996,2,29.40201,229.12775,Summer_Even,1996,2
3/31/1996,1,31.461721,215.27496,Summer_Even,1996,3
4/30/1996,1,27.035205,213.61934,Summer_Even,1996,4
5/31/1996,1,24.0488955,207.76056,Summer_Even,1996,5
6/30/1996,1,21.65271,194.85295,Summer_Even,1996,6
7/31/1996,1,19.6063365,205.57088,Summer_Even,1996,7
8/31/1996,1,21.6166605,351.40927,Summer_Even,1996,8
9/30/1996,1,26.9181,470.6042,Summer_Even,1996,9
10/31/1996,1,51.8665468,927.1326,Summer_Even,1996,10
11/30/1996,1,150.8130235,1761.2157,Summer_Even,1996,11
12/31/1996,1,150.4631974,1535.032,Summer_Even,1996,12
1/31/1997,1,66.3014035,349.851,Summer_Even,1997,1
2/28/1997,1,7.1746875,185.12823,Summer_Even,1997,2
3/31/1997,1,15.940473,169.95348,Summer_Even,1997,3
4/30/1997,1,23.9725575,202.06194,Summer_Even,1997,4
5/31/1997,1,26.123136,268.2745,Summer_Even,1997,5
6/30/1997,1,29.096205,279.15616,Summer_Even,1997,6
7/31/1997,1,28.521255,285.34158,Summer_Even,1997,7
8/31/1997,1,24.1164615,337.9863,Summer_Even,1997,8
9/30/1997,1,25.607517,398.08478,Summer_Even,1997,9
10/31/1997,1,36.6907414,691.09094,Summer_Even,1997,10
11/30/1997,1,119.6469796,1681.3096,Summer_Even,1997,11
12/31/1997,1,155.018626,1752.14,Summer_Even,1997,12
1/31/1998,1,136.7575218,832.4489,Summer_Even,1998,1
2/28/1998,1,43.492882,257.4089,Summer_Even,1998,2
3/31/1998,1,44.0640733,222.98668,Summer_Even,1998,3
4/30/1998,1,23.7226815,183.01874,Summer_Even,1998,4
5/31/1998,1,17.90139,176.35788,Summer_Even,1998,5
6/30/1998,1,17.1174405,163.21153,Summer_Even,1998,6
7/31/1998,1,14.814723,163.03812,Summer_Even,1998,7
8/31/1998,1,16.265643,184.86203,Summer_Even,1998,8
9/30/1998,1,20.102268,278.93814,Summer_Even,1998,9
10/31/1998,1,19.068786,270.3261,Summer_Even,1998,10
11/30/1998,1,17.968989,298.20392,Summer_Even,1998,11
12/31/1998,1,24.616503,291.20084,Summer_Even,1998,12
1/31/1999,1,23.144391,205.64262,Summer_Even,1999,1
2/28/1999,2,24.732561,210.08386,Summer_Even,1999,2
3/31/1999,1,27.40125,211.01039,Summer_Even,1999,3
4/30/1999,1,25.291932,211.03519,Summer_Even,1999,4
5/31/1999,1,24.589902,215.48969,Summer_Even,1999,5
6/30/1999,1,23.9323245,239.86768,Summer_Even,1999,6
7/31/1999,1,23.7548385,256.454,Summer_Even,1999,7
8/31/1999,1,24.2973,377.62094,Summer_Even,1999,8
9/30/1999,1,25.9927665,403.12106,Summer_Even,1999,9
10/31/1999,1,42.698929,855.38947,Summer_Even,1999,10
11/30/1999,1,146.5869865,1714.9788,Summer_Even,1999,11
12/31/1999,1,167.3174875,1741.856,Summer_Even,1999,12
1/31/2000,1,201.8507665,1601.2941,Summer_Even,2000,1
2/29/2000,3,115.2101196,670.7281,Summer_Even,2000,2
3/31/2000,2,39.7618045,239.21991,Summer_Even,2000,3
4/30/2000,2,25.1169045,212.94617,Summer_Even,2000,4
5/31/2000,2,23.300322,207.18156,Summer_Even,2000,5
6/30/2000,2,24.20211,244.20294,Summer_Even,2000,6
7/31/2000,2,24.3923745,270.05585,Summer_Even,2000,7
8/31/2000,2,25.218471,456.50806,Summer_Even,2000,8
9/30/2000,2,29.129415,546.3473,Summer_Even,2000,9
10/31/2000,2,50.034031,821.8227,Summer_Even,2000,10
11/30/2000,2,125.8344835,1673.4729,Summer_Even,2000,11
12/31/2000,2,172.8898474,1752.3551,Summer_Even,2000,12
1/31/2001,2,196.227859,1653.329,Summer_Even,2001,1
2/28/2001,4,162.9036811,1200.0259,Summer_Even,2001,2
3/31/2001,4,73.683046,402.102,Summer_Even,2001,3
4/30/2001,4,32.74452595,246.50443,Summer_Even,2001,4
5/31/2001,4,32.4891232,246.66312,Summer_Even,2001,5
6/30/2001,4,27.91914,312.5361,Summer_Even,2001,6
7/31/2001,4,29.1710955,488.4158,Summer_Even,2001,7
8/31/2001,4,56.8295026,1038.2976,Summer_Even,2001,8
9/30/2001,4,105.9793144,1382.9539,Summer_Even,2001,9
10/31/2001,4,152.128632,1856.8668,Summer_Even,2001,10
11/30/2001,4,201.9375775,1836.3625,Summer_Even,2001,11
12/31/2001,4,169.6155138,1730.6241,Summer_Even,2001,12
1/31/2002,4,119.3749015,784.6734,Summer_Even,2002,1
2/28/2002,3,29.9713575,232.75337,Summer_Even,2002,2
3/31/2002,3,29.0137395,233.97006,Summer_Even,2002,3
4/30/2002,3,27.161175,245.80226,Summer_Even,2002,4
5/31/2002,4,28.602159,256.41364,Summer_Even,2002,5
6/30/2002,4,29.56815,313.62967,Summer_Even,2002,6
7/31/2002,4,29.854425,429.1001,Summer_Even,2002,7
8/31/2002,4,55.36953025,975.989,Summer_Even,2002,8
9/30/2002,4,108.530224,1550.0205,Summer_Even,2002,9
10/31/2002,4,154.6392055,1818.4564,Summer_Even,2002,10
11/30/2002,4,166.3415791,1664.9865,Summer_Even,2002,11
12/31/2002,4,157.6298416,1737.7688,Summer_Even,2002,12
1/31/2003,4,101.821401,634.9911,Summer_Even,2003,1
2/28/2003,2,27.998685,214.09442,Summer_Even,2003,2
3/31/2003,3,26.0705685,230.22346,Summer_Even,2003,3
4/30/2003,3,26.3091225,245.1202,Summer_Even,2003,4
5/31/2003,2,27.9013095,234.94182,Summer_Even,2003,5
6/30/2003,2,23.992644,219.03677,Summer_Even,2003,6
7/31/2003,2,20.843868,230.55577,Summer_Even,2003,7
8/31/2003,2,22.958295,449.84253,Summer_Even,2003,8
9/30/2003,2,30.196536,619.9316,Summer_Even,2003,9
10/31/2003,2,68.22648445,1118.7152,Summer_Even,2003,10
11/30/2003,2,157.001599,1618.9131,Summer_Even,2003,11
12/31/2003,2,171.608362,1747.106,Summer_Even,2003,12
1/31/2004,2,151.390234,776.02844,Summer_Even,2004,1
2/29/2004,2,30.3163288,263.6232,Summer_Even,2004,2
3/31/2004,2,28.572105,238.54344,Summer_Even,2004,3
4/30/2004,2,25.0352025,236.74202,Summer_Even,2004,4
5/31/2004,3,26.591043,242.78798,Summer_Even,2004,5
6/30/2004,3,28.3431105,275.05927,Summer_Even,2004,6
7/31/2004,3,28.186035,388.5636,Summer_Even,2004,7
8/31/2004,3,43.1172007,761.9789,Summer_Even,2004,8
9/30/2004,3,88.6981969,1320.5785,Summer_Even,2004,9
10/31/2004,3,157.325929,1693.3258,Summer_Even,2004,10
11/30/2004,3,149.2983055,1684.8119,Summer_Even,2004,11
12/31/2004,3,151.9322926,1745.6459,Summer_Even,2004,12
1/31/2005,3,163.9569841,934.88727,Summer_Even,2005,1
2/28/2005,3,48.5840479,310.75003,Summer_Even,2005,2
3/31/2005,3,40.7038492,241.37431,Summer_Even,2005,3
4/30/2005,3,37.3346191,231.08873,Summer_Even,2005,4
5/31/2005,3,27.1732905,227.7422,Summer_Even,2005,5
6/30/2005,3,20.5756455,207.34175,Summer_Even,2005,6
7/31/2005,3,17.1429,197.18544,Summer_Even,2005,7
8/31/2005,3,21.8315985,274.84558,Summer_Even,2005,8
9/30/2005,3,70.82707525,1012.96924,Summer_Even,2005,9
10/31/2005,3,139.555951,1745.7421,Summer_Even,2005,10
11/30/2005,3,114.1594015,1507.2427,Summer_Even,2005,11
12/31/2005,3,148.432561,1761.264,Summer_Even,2005,12
1/31/2006,3,76.99961095,465.18124,Summer_Even,2006,1
2/28/2006,1,24.5446635,192.69772,Summer_Even,2006,2
3/31/2006,1,21.932886,194.70424,Summer_Even,2006,3
4/30/2006,1,25.1375355,188.7409,Summer_Even,2006,4
5/31/2006,1,14.94294,178.83725,Summer_Even,2006,5
6/30/2006,1,13.080009,169.89247,Summer_Even,2006,6
7/31/2006,1,19.1570955,179.54366,Summer_Even,2006,7
8/31/2006,1,25.82247,260.3063,Summer_Even,2006,8
9/30/2006,1,21.3828435,335.2123,Summer_Even,2006,9
10/31/2006,1,28.863876,666.2649,Summer_Even,2006,10
11/30/2006,1,101.346229,1441.6052,Summer_Even,2006,11
12/31/2006,1,141.2912733,1780.3793,Summer_Even,2006,12
1/31/2007,1,150.7571208,1056.9672,Summer_Even,2007,1
2/28/2007,3,57.65047075,588.57465,Summer_Even,2007,2
3/31/2007,3,63.40812625,457.82855,Summer_Even,2007,3
4/30/2007,4,38.504983,245.33778,Summer_Even,2007,4
5/31/2007,4,33.8669044,268.14536,Summer_Even,2007,5
6/30/2007,4,32.1866755,338.10947,Summer_Even,2007,6
7/31/2007,4,31.7188195,449.08664,Summer_Even,2007,7
8/31/2007,4,72.1606216,1393.9944,Summer_Even,2007,8
9/30/2007,4,138.8655385,1579.7611,Summer_Even,2007,9
10/31/2007,4,140.5783714,1758.7622,Summer_Even,2007,10
11/30/2007,4,162.9160615,1730.1622,Summer_Even,2007,11
12/31/2007,4,167.883127,1759.0807,Summer_Even,2007,12
1/31/2008,4,178.776283,1527.6832,Summer_Even,2008,1
2/29/2008,4,106.9294816,589.87976,Summer_Even,2008,2
3/31/2008,4,43.7135632,256.12854,Summer_Even,2008,3
4/30/2008,4,44.3743471,245.12752,Summer_Even,2008,4
5/31/2008,5,38.52181795,267.25256,Summer_Even,2008,5
6/30/2008,5,31.6996504,371.30728,Summer_Even,2008,6
7/31/2008,5,41.8208098,548.8877,Summer_Even,2008,7
8/31/2008,5,58.8789661,1006.57336,Summer_Even,2008,8
9/30/2008,5,110.706028,1449.2689,Summer_Even,2008,9
10/31/2008,5,164.130361,1953.8713,Summer_Even,2008,10
11/30/2008,5,223.199347,2247.97,Summer_Even,2008,11
12/31/2008,5,224.2955995,1698.7358,Summer_Even,2008,12
1/31/2009,5,196.1967655,1822.4347,Summer_Even,2009,1
2/28/2009,5,201.1028809,1124.5079,Summer_Even,2009,2
3/31/2009,5,83.3821831,379.01492,Summer_Even,2009,3
4/30/2009,4,31.3125748,250.44981,Summer_Even,2009,4
5/31/2009,5,37.3089349,253.40169,Summer_Even,2009,5
6/30/2009,5,35.0835124,318.06262,Summer_Even,2009,6
7/31/2009,5,28.2357105,335.7863,Summer_Even,2009,7
8/31/2009,5,28.342758,531.5845,Summer_Even,2009,8
9/30/2009,5,72.5681545,1170.434,Summer_Even,2009,9
10/31/2009,5,165.1042915,2175.9863,Summer_Even,2009,10
11/30/2009,5,210.518101,2032.0142,Summer_Even,2009,11
12/31/2009,5,159.905236,1968.2709,Summer_Even,2009,12
1/31/2010,5,209.2314685,1671.7814,Summer_Even,2010,1
2/28/2010,4,92.8302352,465.11917,Summer_Even,2010,2
3/31/2010,4,40.33321525,243.76009,Summer_Even,2010,3
4/30/2010,4,28.599495,241.92674,Summer_Even,2010,4
5/31/2010,3,28.434531,237.34488,Summer_Even,2010,5
6/30/2010,3,27.648765,226.00154,Summer_Even,2010,6
7/31/2010,3,25.7271075,245.43282,Summer_Even,2010,7
8/31/2010,3,30.1191195,601.3603,Summer_Even,2010,8
9/30/2010,3,86.63999245,1339.4246,Summer_Even,2010,9
10/31/2010,3,125.6525253,1737.7714,Summer_Even,2010,10
11/30/2010,3,126.4712875,1447.7654,Summer_Even,2010,11
12/31/2010,3,114.7026115,1323.0006,Summer_Even,2010,12
1/31/2011,3,60.41698,379.91068,Summer_Even,2011,1
2/28/2011,2,24.81906,188.32954,Summer_Even,2011,2
3/31/2011,2,27.410262,208.16714,Summer_Even,2011,3
4/30/2011,1,18.169491,216.40965,Summer_Even,2011,4
5/31/2011,1,16.54899,192.38933,Summer_Even,2011,5
6/30/2011,1,16.581993,188.4131,Summer_Even,2011,6
7/31/2011,1,19.1521815,186.6141,Summer_Even,2011,7
8/31/2011,1,18.430245,215.57378,Summer_Even,2011,8
9/30/2011,1,19.1665125,297.76175,Summer_Even,2011,9
10/31/2011,1,22.162479,396.78235,Summer_Even,2011,10
11/30/2011,1,43.622614,704.2287,Summer_Even,2011,11
12/31/2011,1,90.420241,1230.069,Summer_Even,2011,12
1/31/2012,1,216.8151589,1741.1752,Summer_Even,2012,1
2/29/2012,4,174.3950065,1370.8324,Summer_Even,2012,2
3/31/2012,4,81.33769,430.50696,Summer_Even,2012,3
4/30/2012,4,39.52786795,272.82468,Summer_Even,2012,4
5/31/2012,3,28.298745,224.89859,Summer_Even,2012,5
6/30/2012,3,26.48409,242.38701,Summer_Even,2012,6
7/31/2012,3,25.528746,351.093,Summer_Even,2012,7
8/31/2012,3,34.2354436,750.6989,Summer_Even,2012,8
9/30/2012,3,81.43854295,1302.1157,Summer_Even,2012,9
10/31/2012,3,161.602468,1716.6205,Summer_Even,2012,10
11/30/2012,3,155.4695245,1714.5746,Summer_Even,2012,11
12/31/2012,3,174.714121,1741.4282,Summer_Even,2012,12
1/31/2013,3,96.65779375,508.79398,Summer_Even,2013,1
2/28/2013,3,23.465199,228.78938,Summer_Even,2013,2
3/31/2013,3,26.4633675,249.14604,Summer_Even,2013,3
4/30/2013,4,25.215195,260.98883,Summer_Even,2013,4
5/31/2013,4,31.0135984,293.44876,Summer_Even,2013,5
6/30/2013,4,39.1100494,322.0422,Summer_Even,2013,6
7/31/2013,4,32.50997095,388.38507,Summer_Even,2013,7
8/31/2013,4,41.1940777,737.3383,Summer_Even,2013,8
9/30/2013,4,75.2500615,1097.0096,Summer_Even,2013,9
10/31/2013,4,150.0838111,1807.3859,Summer_Even,2013,10
11/30/2013,4,171.4580644,1636.1835,Summer_Even,2013,11
12/31/2013,4,190.7467675,1929.4905,Summer_Even,2013,12
1/31/2014,4,223.6690413,1985.8468,Summer_Even,2014,1
2/28/2014,5,179.693242,955.9822,Summer_Even,2014,2
3/31/2014,5,68.2252675,396.83206,Summer_Even,2014,3
4/30/2014,5,34.47717205,323.83136,Summer_Even,2014,4
5/31/2014,5,35.4224344,297.27628,Summer_Even,2014,5
6/30/2014,5,46.9597645,589.1757,Summer_Even,2014,6
7/31/2014,5,105.4077469,1195.6685,Summer_Even,2014,7
8/31/2014,5,168.6745834,1545.1577,Summer_Even,2014,8
9/30/2014,5,174.1288593,1433.2361,Summer_Even,2014,9
10/31/2014,5,173.54317,1583.48,Summer_Even,2014,10
11/30/2014,5,221.7287185,1842.5477,Summer_Even,2014,11
12/31/2014,5,224.3869705,1876.6908,Summer_Even,2014,12
1/31/2015,5,104.029333,608.9075,Summer_Even,2015,1
2/28/2015,5,32.4693613,271.1912,Summer_Even,2015,2
3/31/2015,5,35.9045461,350.27142,Summer_Even,2015,3
4/30/2015,5,39.9082033,305.53455,Summer_Even,2015,4
5/31/2015,5,54.07862845,437.7654,Summer_Even,2015,5
6/30/2015,5,68.88432145,978.9297,Summer_Even,2015,6
7/31/2015,5,155.8697956,1715.2625,Summer_Even,2015,7
8/31/2015,5,176.809746,1622.4642,Summer_Even,2015,8
9/30/2015,5,150.8397109,1458.906,Summer_Even,2015,9
10/31/2015,5,175.632904,1644.5894,Summer_Even,2015,10
11/30/2015,5,184.8149485,2092.5945,Summer_Even,2015,11
12/31/2015,5,225.2497083,1870.4113,Summer_Even,2015,12
1/31/2016,5,207.9492649,1849.5154,Summer_Even,2016,1
2/29/2016,3,103.243132,583.01587,Summer_Even,2016,2
3/31/2016,4,32.01688105,245.4735,Summer_Even,2016,3
4/30/2016,3,28.8232995,246.87206,Summer_Even,2016,4
5/31/2016,3,28.893075,239.14452,Summer_Even,2016,5
6/30/2016,3,27.761046,250.2418,Summer_Even,2016,6
7/31/2016,3,25.1383665,384.5538,Summer_Even,2016,7
8/31/2016,3,39.6330643,761.1738,Summer_Even,2016,8
9/30/2016,3,69.997426,1018.4798,Summer_Even,2016,9
10/31/2016,3,143.0993104,1787.267,Summer_Even,2016,10
11/30/2016,3,174.679693,1683.4374,Summer_Even,2016,11
12/31/2016,3,158.7537676,1832.76,Summer_Even,2016,12
1/31/2017,3,116.002639,663.623,Summer_Even,2017,1
2/28/2017,1,32.2647883,218.8178,Summer_Even,2017,2
3/31/2017,1,16.237131,199.88622,Summer_Even,2017,3
4/30/2017,1,16.8886395,171.78189,Summer_Even,2017,4
5/31/2017,1,15.141456,175.87251,Summer_Even,2017,5
6/30/2017,1,15.229665,194.66635,Summer_Even,2017,6
7/31/2017,1,18.563652,226.89941,Summer_Even,2017,7
8/31/2017,1,23.5612215,242.23833,Summer_Even,2017,8
9/30/2017,1,23.6166615,354.0969,Summer_Even,2017,9
10/31/2017,1,31.08419575,732.68085,Summer_Even,2017,10
11/30/2017,1,98.6886781,1445.4053,Summer_Even,2017,11
12/31/2017,1,90.436771,1040.5443,Summer_Even,2017,12
1/31/2018,1,147.289825,1452.1238,Summer_Even,2018,1
2/28/2018,3,187.488505,1109.4534,Summer_Even,2018,2
3/31/2018,4,59.2762618,316.8177,Summer_Even,2018,3
4/30/2018,3,37.9817116,254.22119,Summer_Even,2018,4
5/31/2018,3,29.558331,233.45802,Summer_Even,2018,5
6/30/2018,3,27.502212,229.48969,Summer_Even,2018,6
7/31/2018,3,25.04292,353.32224,Summer_Even,2018,7
8/31/2018,3,37.3817239,729.4211,Summer_Even,2018,8
9/30/2018,3,74.9217415,1220.5012,Summer_Even,2018,9
10/31/2018,3,159.436468,1704.477,Summer_Even,2018,10
11/30/2018,3,151.6997725,1712.8729,Summer_Even,2018,11
12/31/2018,3,179.861355,1748.5458,Summer_Even,2018,12
1/31/2019,3,222.0342556,1346.0543,Summer_Even,2019,1
2/28/2019,3,86.4394522,497.4787,Summer_Even,2019,2
3/31/2019,2,37.5698695,239.3019,Summer_Even,2019,3
4/30/2019,1,26.929785,222.02596,Summer_Even,2019,4
5/31/2019,1,23.243568,193.36496,Summer_Even,2019,5
6/30/2019,1,19.3103025,193.77364,Summer_Even,2019,6
7/31/2019,1,18.5655855,185.58736,Summer_Even,2019,7
8/31/2019,1,21.5323905,225.12679,Summer_Even,2019,8
9/30/2019,1,22.934043,359.09595,Summer_Even,2019,9
10/31/2019,1,32.9145655,685.38666,Summer_Even,2019,10
11/30/2019,1,93.38195245,1405.3331,Summer_Even,2019,11
12/31/2019,1,133.5396181,1770.845,Summer_Even,2019,12
1/31/2020,1,157.2050719,956.5795,Summer_Even,2020,1
2/29/2020,3,49.2472657,561.89484,Summer_Even,2020,2
3/31/2020,4,55.7145598,583.4582,Summer_Even,2020,3
4/30/2020,4,47.5345183,408.53772,Summer_Even,2020,4
5/31/2020,4,47.87185855,320.09827,Summer_Even,2020,5
6/30/2020,4,39.5175538,332.06912,Summer_Even,2020,6
7/31/2020,4,31.5079309,415.2252,Summer_Even,2020,7
8/31/2020,4,46.9215745,821.3788,Summer_Even,2020,8
9/30/2020,4,80.7780355,1119.5109,Summer_Even,2020,9
10/31/2020,4,132.9086395,1825.0515,Summer_Even,2020,10
11/30/2020,4,183.1012293,1825.8898,Summer_Even,2020,11
12/31/2020,4,171.4770768,1798.1384,Summer_Even,2020,12
1/31/2021,4,224.096755,1770.7766,Summer_Even,2021,1
2/28/2021,5,203.813097,1066.94,Summer_Even,2021,2
3/31/2021,5,121.928986,833.5983,Summer_Even,2021,3
4/30/2021,5,112.419961,771.4473,Summer_Even,2021,4
5/31/2021,5,87.45146155,877.2811,Summer_Even,2021,5
6/30/2021,5,114.5969449,940.9206,Summer_Even,2021,6
7/31/2021,5,132.6235426,1339.534,Summer_Even,2021,7
8/31/2021,5,175.1626626,1716.2151,Summer_Even,2021,8
9/30/2021,5,165.447745,1590.6774,Summer_Even,2021,9
11/30/1920,NA,NA,NA,Summer_Even_AltSMSCG,1920,11
12/31/1920,NA,NA,NA,Summer_Even_AltSMSCG,1920,12
1/31/1921,NA,NA,NA,Summer_Even_AltSMSCG,1921,1
2/28/1921,NA,NA,NA,Summer_Even_AltSMSCG,1921,2
3/31/1921,5,NA,NA,Summer_Even_AltSMSCG,1921,3
4/30/1921,5,NA,NA,Summer_Even_AltSMSCG,1921,4
5/31/1921,2,NA,NA,Summer_Even_AltSMSCG,1921,5
6/30/1921,2,NA,NA,Summer_Even_AltSMSCG,1921,6
7/31/1921,2,NA,NA,Summer_Even_AltSMSCG,1921,7
8/31/1921,2,NA,NA,Summer_Even_AltSMSCG,1921,8
9/30/1921,2,NA,NA,Summer_Even_AltSMSCG,1921,9
10/31/1921,2,NA,NA,Summer_Even_AltSMSCG,1921,10
11/30/1921,2,26.9596395,488.73898,Summer_Even_AltSMSCG,1921,11
12/31/1921,2,142.231189,1512.7394,Summer_Even_AltSMSCG,1921,12
1/31/1922,2,176.3999701,917.75336,Summer_Even_AltSMSCG,1922,1
2/28/1922,3,42.5835724,290.5309,Summer_Even_AltSMSCG,1922,2
3/31/1922,3,50.52393175,265.88388,Summer_Even_AltSMSCG,1922,3
4/30/1922,2,31.917892,236.8404,Summer_Even_AltSMSCG,1922,4
5/31/1922,2,27.3087,218.32187,Summer_Even_AltSMSCG,1922,5
6/30/1922,2,21.550536,217.75302,Summer_Even_AltSMSCG,1922,6
7/31/1922,2,21.8085135,224.17569,Summer_Even_AltSMSCG,1922,7
8/31/1922,2,24.243549,340.33026,Summer_Even_AltSMSCG,1922,8
9/30/1922,2,24.2659245,519.00104,Summer_Even_AltSMSCG,1922,9
10/31/1922,2,49.6336174,1011.5905,Summer_Even_AltSMSCG,1922,10
11/30/1922,2,147.127261,1694.7278,Summer_Even_AltSMSCG,1922,11
12/31/1922,2,146.998213,1750.0015,Summer_Even_AltSMSCG,1922,12
1/31/1923,2,85.7333647,599.0288,Summer_Even_AltSMSCG,1923,1
2/28/1923,3,32.39775505,218.0141,Summer_Even_AltSMSCG,1923,2
3/31/1923,3,33.60473575,230.14926,Summer_Even_AltSMSCG,1923,3
4/30/1923,4,38.6979166,245.58797,Summer_Even_AltSMSCG,1923,4
5/31/1923,3,36.79433605,243.18121,Summer_Even_AltSMSCG,1923,5
6/30/1923,3,28.6246395,225.49141,Summer_Even_AltSMSCG,1923,6
7/31/1923,3,27.923115,305.17792,Summer_Even_AltSMSCG,1923,7
8/31/1923,3,30.3513097,723.36456,Summer_Even_AltSMSCG,1923,8
9/30/1923,3,72.6016021,1192.1362,Summer_Even_AltSMSCG,1923,9
10/31/1923,3,137.6967535,1659.1968,Summer_Even_AltSMSCG,1923,10
11/30/1923,3,137.8844944,1717.9778,Summer_Even_AltSMSCG,1923,11
12/31/1923,3,176.293306,1754.4929,Summer_Even_AltSMSCG,1923,12
1/31/1924,3,203.771296,1436.2935,Summer_Even_AltSMSCG,1924,1
2/29/1924,5,161.9621665,1397.0427,Summer_Even_AltSMSCG,1924,2
3/31/1924,5,102.689035,721.0129,Summer_Even_AltSMSCG,1924,3
4/30/1924,5,73.4579758,350.57657,Summer_Even_AltSMSCG,1924,4
5/31/1924,5,71.05761175,475.83377,Summer_Even_AltSMSCG,1924,5
6/30/1924,5,75.8211331,900.0962,Summer_Even_AltSMSCG,1924,6
7/31/1924,5,155.5397941,1564.0355,Summer_Even_AltSMSCG,1924,7
8/31/1924,5,212.2988209,1516.8705,Summer_Even_AltSMSCG,1924,8
9/30/1924,5,169.510534,1348.5814,Summer_Even_AltSMSCG,1924,9
10/31/1924,5,166.9748605,1390.1786,Summer_Even_AltSMSCG,1924,10
11/30/1924,5,182.9561215,2104.6367,Summer_Even_AltSMSCG,1924,11
12/31/1924,5,216.351595,2269.0159,Summer_Even_AltSMSCG,1924,12
1/31/1925,5,204.9543481,1493.0874,Summer_Even_AltSMSCG,1925,1
2/28/1925,5,112.9347109,862.49963,Summer_Even_AltSMSCG,1925,2
3/31/1925,4,62.63163805,386.0145,Summer_Even_AltSMSCG,1925,3
4/30/1925,4,29.276193,245.3472,Summer_Even_AltSMSCG,1925,4
5/31/1925,4,29.231385,245.27684,Summer_Even_AltSMSCG,1925,5
6/30/1925,4,33.0266446,240.67363,Summer_Even_AltSMSCG,1925,6
7/31/1925,4,27.65871,295.90656,Summer_Even_AltSMSCG,1925,7
8/31/1925,4,37.11818155,710.5834,Summer_Even_AltSMSCG,1925,8
9/30/1925,4,80.867611,1168.7377,Summer_Even_AltSMSCG,1925,9
10/31/1925,4,136.8864415,1756.9457,Summer_Even_AltSMSCG,1925,10
11/30/1925,4,175.8862263,1628.8771,Summer_Even_AltSMSCG,1925,11
12/31/1925,4,172.551028,1745.1086,Summer_Even_AltSMSCG,1925,12
1/31/1926,4,185.369359,1513.6929,Summer_Even_AltSMSCG,1926,1
2/28/1926,5,126.513667,910.0964,Summer_Even_AltSMSCG,1926,2
3/31/1926,4,57.3761155,315.26953,Summer_Even_AltSMSCG,1926,3
4/30/1926,5,55.1263483,244.9703,Summer_Even_AltSMSCG,1926,4
5/31/1926,4,40.32577105,246.13771,Summer_Even_AltSMSCG,1926,5
6/30/1926,4,25.88079,250.18716,Summer_Even_AltSMSCG,1926,6
7/31/1926,4,24.7163655,347.02332,Summer_Even_AltSMSCG,1926,7
8/31/1926,4,36.1190542,674.2819,Summer_Even_AltSMSCG,1926,8
9/30/1926,4,77.1133573,1036.1167,Summer_Even_AltSMSCG,1926,9
10/31/1926,4,127.1549313,1745.0853,Summer_Even_AltSMSCG,1926,10
11/30/1926,4,169.496532,1782.6714,Summer_Even_AltSMSCG,1926,11
12/31/1926,4,131.862547,1010.93024,Summer_Even_AltSMSCG,1926,12
1/31/1927,4,53.98890475,463.17203,Summer_Even_AltSMSCG,1927,1
2/28/1927,3,32.6887999,335.93478,Summer_Even_AltSMSCG,1927,2
3/31/1927,2,27.315651,238.88135,Summer_Even_AltSMSCG,1927,3
4/30/1927,2,26.731677,228.28163,Summer_Even_AltSMSCG,1927,4
5/31/1927,1,36.7290625,219.26247,Summer_Even_AltSMSCG,1927,5
6/30/1927,1,25.843335,223.313,Summer_Even_AltSMSCG,1927,6
7/31/1927,1,23.6968065,231.34479,Summer_Even_AltSMSCG,1927,7
8/31/1927,1,23.6596485,386.79095,Summer_Even_AltSMSCG,1927,8
9/30/1927,1,26.436435,404.99915,Summer_Even_AltSMSCG,1927,9
10/31/1927,1,36.85989175,718.8059,Summer_Even_AltSMSCG,1927,10
11/30/1927,1,128.0892183,1753.3568,Summer_Even_AltSMSCG,1927,11
12/31/1927,1,178.0773775,1834.5804,Summer_Even_AltSMSCG,1927,12
1/31/1928,1,159.6982833,1198.2146,Summer_Even_AltSMSCG,1928,1
2/29/1928,3,90.75694855,565.75116,Summer_Even_AltSMSCG,1928,2
3/31/1928,3,33.889978,273.44943,Summer_Even_AltSMSCG,1928,3
4/30/1928,2,25.631103,239.32895,Summer_Even_AltSMSCG,1928,4
5/31/1928,2,26.763561,227.24368,Summer_Even_AltSMSCG,1928,5
6/30/1928,2,26.463762,236.14383,Summer_Even_AltSMSCG,1928,6
7/31/1928,2,23.412636,274.55533,Summer_Even_AltSMSCG,1928,7
8/31/1928,2,24.81552,448.5323,Summer_Even_AltSMSCG,1928,8
9/30/1928,2,29.5017975,558.7144,Summer_Even_AltSMSCG,1928,9
10/31/1928,2,46.4409505,752.36884,Summer_Even_AltSMSCG,1928,10
11/30/1928,2,111.9643486,1565.9857,Summer_Even_AltSMSCG,1928,11
12/31/1928,2,156.5571244,1745.1849,Summer_Even_AltSMSCG,1928,12
1/31/1929,2,211.5278845,1424.6028,Summer_Even_AltSMSCG,1929,1
2/28/1929,4,162.092725,1183.2678,Summer_Even_AltSMSCG,1929,2
3/31/1929,4,99.0863101,504.14435,Summer_Even_AltSMSCG,1929,3
4/30/1929,5,45.4510999,292.04626,Summer_Even_AltSMSCG,1929,4
5/31/1929,5,52.4915518,327.8513,Summer_Even_AltSMSCG,1929,5
6/30/1929,5,56.40792775,583.61865,Summer_Even_AltSMSCG,1929,6
7/31/1929,5,111.880342,1240.8531,Summer_Even_AltSMSCG,1929,7
8/31/1929,5,189.4779646,1740.4901,Summer_Even_AltSMSCG,1929,8
9/30/1929,5,196.204167,1690.1211,Summer_Even_AltSMSCG,1929,9
10/31/1929,5,195.6154311,1832.2749,Summer_Even_AltSMSCG,1929,10
11/30/1929,5,222.7148014,2130.7893,Summer_Even_AltSMSCG,1929,11
12/31/1929,5,218.884675,1945.5785,Summer_Even_AltSMSCG,1929,12
1/31/1930,5,166.9776991,995.35547,Summer_Even_AltSMSCG,1930,1
2/28/1930,4,50.461645,333.98737,Summer_Even_AltSMSCG,1930,2
3/31/1930,4,40.97347345,241.04942,Summer_Even_AltSMSCG,1930,3
4/30/1930,4,32.2277782,236.28368,Summer_Even_AltSMSCG,1930,4
5/31/1930,4,30.938575,243.76213,Summer_Even_AltSMSCG,1930,5
6/30/1930,4,30.071466,282.33432,Summer_Even_AltSMSCG,1930,6
7/31/1930,4,29.133114,450.03223,Summer_Even_AltSMSCG,1930,7
8/31/1930,4,54.89995,986.69336,Summer_Even_AltSMSCG,1930,8
9/30/1930,4,97.5629965,1380.4532,Summer_Even_AltSMSCG,1930,9
10/31/1930,4,143.6138551,1754.6489,Summer_Even_AltSMSCG,1930,10
11/30/1930,4,188.5226845,1825.6284,Summer_Even_AltSMSCG,1930,11
12/31/1930,4,196.0037635,1874.247,Summer_Even_AltSMSCG,1930,12
1/31/1931,4,222.5144806,1939.3033,Summer_Even_AltSMSCG,1931,1
2/28/1931,5,169.9271185,912.2014,Summer_Even_AltSMSCG,1931,2
3/31/1931,5,70.12024675,452.127,Summer_Even_AltSMSCG,1931,3
4/30/1931,5,63.8301628,493.91144,Summer_Even_AltSMSCG,1931,4
5/31/1931,5,77.65419325,777.22125,Summer_Even_AltSMSCG,1931,5
6/30/1931,5,101.4122179,1299.902,Summer_Even_AltSMSCG,1931,6
7/31/1931,5,155.7935011,1411.0894,Summer_Even_AltSMSCG,1931,7
8/31/1931,5,141.8888613,1503.5459,Summer_Even_AltSMSCG,1931,8
9/30/1931,5,174.6752185,1732.4586,Summer_Even_AltSMSCG,1931,9
10/31/1931,5,204.00853,1628.8394,Summer_Even_AltSMSCG,1931,10
11/30/1931,5,219.7926565,1997.966,Summer_Even_AltSMSCG,1931,11
12/31/1931,5,225.0233185,1657.8177,Summer_Even_AltSMSCG,1931,12
1/31/1932,5,111.8806954,623.4715,Summer_Even_AltSMSCG,1932,1
2/29/1932,4,38.1912835,264.9282,Summer_Even_AltSMSCG,1932,2
3/31/1932,4,40.65096175,246.3847,Summer_Even_AltSMSCG,1932,3
4/30/1932,5,32.8770994,247.21904,Summer_Even_AltSMSCG,1932,4
5/31/1932,5,36.9277645,282.65067,Summer_Even_AltSMSCG,1932,5
6/30/1932,5,31.3752805,277.06604,Summer_Even_AltSMSCG,1932,6
7/31/1932,5,43.1097223,400.20258,Summer_Even_AltSMSCG,1932,7
8/31/1932,5,65.0406775,939.6542,Summer_Even_AltSMSCG,1932,8
9/30/1932,5,128.8578861,1412.7736,Summer_Even_AltSMSCG,1932,9
10/31/1932,5,190.133818,2140.7693,Summer_Even_AltSMSCG,1932,10
11/30/1932,5,226.1001169,2137.616,Summer_Even_AltSMSCG,1932,11
12/31/1932,5,214.466206,2244.4597,Summer_Even_AltSMSCG,1932,12
1/31/1933,5,207.7793365,1530.052,Summer_Even_AltSMSCG,1933,1
2/28/1933,5,116.5193554,792.58344,Summer_Even_AltSMSCG,1933,2
3/31/1933,5,71.670946,460.08575,Summer_Even_AltSMSCG,1933,3
4/30/1933,5,55.3641124,358.36093,Summer_Even_AltSMSCG,1933,4
5/31/1933,5,66.68645275,402.72272,Summer_Even_AltSMSCG,1933,5
6/30/1933,5,67.11655195,693.2302,Summer_Even_AltSMSCG,1933,6
7/31/1933,5,111.559546,1273.8165,Summer_Even_AltSMSCG,1933,7
8/31/1933,5,176.017198,1701.0779,Summer_Even_AltSMSCG,1933,8
9/30/1933,5,174.2532475,1731.0925,Summer_Even_AltSMSCG,1933,9
10/31/1933,5,194.842873,1719.2426,Summer_Even_AltSMSCG,1933,10
11/30/1933,5,205.7268093,2158.6033,Summer_Even_AltSMSCG,1933,11
12/31/1933,5,225.0962329,1956.8591,Summer_Even_AltSMSCG,1933,12
1/31/1934,5,222.4748371,1406.203,Summer_Even_AltSMSCG,1934,1
2/28/1934,5,95.7464578,539.3156,Summer_Even_AltSMSCG,1934,2
3/31/1934,5,41.3173915,288.8539,Summer_Even_AltSMSCG,1934,3
4/30/1934,5,28.876593,268.94595,Summer_Even_AltSMSCG,1934,4
5/31/1934,5,46.8136849,380.4786,Summer_Even_AltSMSCG,1934,5
6/30/1934,5,57.0329641,917.5293,Summer_Even_AltSMSCG,1934,6
7/31/1934,5,131.1140373,1455.629,Summer_Even_AltSMSCG,1934,7
8/31/1934,5,154.9044265,1588.7306,Summer_Even_AltSMSCG,1934,8
9/30/1934,5,166.061521,1687.5518,Summer_Even_AltSMSCG,1934,9
10/31/1934,5,193.253086,1947.2812,Summer_Even_AltSMSCG,1934,10
11/30/1934,5,226.8470763,2162.4216,Summer_Even_AltSMSCG,1934,11
12/31/1934,5,225.9759681,1827.3318,Summer_Even_AltSMSCG,1934,12
1/31/1935,5,208.4738131,1609.3724,Summer_Even_AltSMSCG,1935,1
2/28/1935,4,120.272338,606.7902,Summer_Even_AltSMSCG,1935,2
3/31/1935,4,41.3400661,248.95872,Summer_Even_AltSMSCG,1935,3
4/30/1935,4,29.2781895,252.06883,Summer_Even_AltSMSCG,1935,4
5/31/1935,3,27.002265,236.06029,Summer_Even_AltSMSCG,1935,5
6/30/1935,3,32.0765515,229.51291,Summer_Even_AltSMSCG,1935,6
7/31/1935,3,25.187373,291.1501,Summer_Even_AltSMSCG,1935,7
8/31/1935,3,31.2278272,726.25287,Summer_Even_AltSMSCG,1935,8
9/30/1935,3,81.02586295,1250.9922,Summer_Even_AltSMSCG,1935,9
10/31/1935,3,150.9655555,1743.8678,Summer_Even_AltSMSCG,1935,10
11/30/1935,3,153.4476775,1661.2175,Summer_Even_AltSMSCG,1935,11
12/31/1935,3,156.3204775,1776.6836,Summer_Even_AltSMSCG,1935,12
1/31/1936,3,172.7338669,1479.599,Summer_Even_AltSMSCG,1936,1
2/29/1936,3,92.397001,522.0098,Summer_Even_AltSMSCG,1936,2
3/31/1936,2,42.604423,228.49335,Summer_Even_AltSMSCG,1936,3
4/30/1936,3,28.8705045,228.31596,Summer_Even_AltSMSCG,1936,4
5/31/1936,3,29.1221745,206.71883,Summer_Even_AltSMSCG,1936,5
6/30/1936,3,25.899405,238.47737,Summer_Even_AltSMSCG,1936,6
7/31/1936,3,28.143681,382.8061,Summer_Even_AltSMSCG,1936,7
8/31/1936,3,35.04706945,737.8648,Summer_Even_AltSMSCG,1936,8
9/30/1936,3,80.50435855,1293.6311,Summer_Even_AltSMSCG,1936,9
10/31/1936,3,162.4221679,1721.027,Summer_Even_AltSMSCG,1936,10
11/30/1936,3,148.1753856,1738.816,Summer_Even_AltSMSCG,1936,11
12/31/1936,3,165.3983688,1760.8041,Summer_Even_AltSMSCG,1936,12
1/31/1937,3,209.434417,1423.8225,Summer_Even_AltSMSCG,1937,1
2/28/1937,4,131.9307874,903.7662,Summer_Even_AltSMSCG,1937,2
3/31/1937,4,71.939416,323.59814,Summer_Even_AltSMSCG,1937,3
4/30/1937,4,45.4222237,242.26418,Summer_Even_AltSMSCG,1937,4
5/31/1937,3,32.8631059,220.87486,Summer_Even_AltSMSCG,1937,5
6/30/1937,3,25.3786155,236.92404,Summer_Even_AltSMSCG,1937,6
7/31/1937,3,25.0859115,298.05566,Summer_Even_AltSMSCG,1937,7
8/31/1937,3,30.6109561,698.81384,Summer_Even_AltSMSCG,1937,8
9/30/1937,3,79.4148406,1185.0571,Summer_Even_AltSMSCG,1937,9
10/31/1937,3,142.0952868,1734.1434,Summer_Even_AltSMSCG,1937,10
11/30/1937,3,161.6916303,1687.7761,Summer_Even_AltSMSCG,1937,11
12/31/1937,3,142.499944,1237.8124,Summer_Even_AltSMSCG,1937,12
1/31/1938,3,47.5413469,299.5258,Summer_Even_AltSMSCG,1938,1
2/28/1938,2,26.5325505,209.72484,Summer_Even_AltSMSCG,1938,2
3/31/1938,1,24.260442,213.94727,Summer_Even_AltSMSCG,1938,3
4/30/1938,1,15.140886,184.103,Summer_Even_AltSMSCG,1938,4
5/31/1938,1,15.967395,173.55594,Summer_Even_AltSMSCG,1938,5
6/30/1938,1,14.0805315,176.17552,Summer_Even_AltSMSCG,1938,6
7/31/1938,1,20.450235,211.49184,Summer_Even_AltSMSCG,1938,7
8/31/1938,1,25.190826,291.56174,Summer_Even_AltSMSCG,1938,8
9/30/1938,1,21.7825425,356.89548,Summer_Even_AltSMSCG,1938,9
10/31/1938,1,33.08754625,802.21063,Summer_Even_AltSMSCG,1938,10
11/30/1938,1,120.900592,1677.035,Summer_Even_AltSMSCG,1938,11
12/31/1938,1,142.378021,1754.8153,Summer_Even_AltSMSCG,1938,12
1/31/1939,1,218.4254175,1749.5205,Summer_Even_AltSMSCG,1939,1
2/28/1939,4,163.638964,1371.927,Summer_Even_AltSMSCG,1939,2
3/31/1939,4,131.9948013,932.71375,Summer_Even_AltSMSCG,1939,3
4/30/1939,4,97.28037625,519.343,Summer_Even_AltSMSCG,1939,4
5/31/1939,4,63.8845066,380.19537,Summer_Even_AltSMSCG,1939,5
6/30/1939,4,43.18657255,333.53088,Summer_Even_AltSMSCG,1939,6
7/31/1939,4,40.089583,496.3409,Summer_Even_AltSMSCG,1939,7
8/31/1939,4,58.4970433,809.20374,Summer_Even_AltSMSCG,1939,8
9/30/1939,4,79.535407,1089.7493,Summer_Even_AltSMSCG,1939,9
10/31/1939,4,135.700129,1868.8744,Summer_Even_AltSMSCG,1939,10
11/30/1939,4,199.4882419,2024.3091,Summer_Even_AltSMSCG,1939,11
12/31/1939,4,221.0419939,2018.5544,Summer_Even_AltSMSCG,1939,12
1/31/1940,4,221.2544899,1823.0007,Summer_Even_AltSMSCG,1940,1
2/29/1940,4,125.3360185,545.2521,Summer_Even_AltSMSCG,1940,2
3/31/1940,2,53.4503716,233.95894,Summer_Even_AltSMSCG,1940,3
4/30/1940,2,35.67255895,223.66484,Summer_Even_AltSMSCG,1940,4
5/31/1940,2,32.42429995,215.46503,Summer_Even_AltSMSCG,1940,5
6/30/1940,2,25.2743205,219.83307,Summer_Even_AltSMSCG,1940,6
7/31/1940,2,23.3798055,258.8524,Summer_Even_AltSMSCG,1940,7
8/31/1940,2,23.3927145,457.3078,Summer_Even_AltSMSCG,1940,8
9/30/1940,2,28.0267455,546.92334,Summer_Even_AltSMSCG,1940,9
10/31/1940,2,49.491562,744.838,Summer_Even_AltSMSCG,1940,10
11/30/1940,2,123.9100495,1764.8317,Summer_Even_AltSMSCG,1940,11
12/31/1940,2,187.6303495,1759.1777,Summer_Even_AltSMSCG,1940,12
1/31/1941,2,116.5803768,590.7226,Summer_Even_AltSMSCG,1941,1
2/28/1941,1,41.6561425,219.56445,Summer_Even_AltSMSCG,1941,2
3/31/1941,1,31.46574805,202.15097,Summer_Even_AltSMSCG,1941,3
4/30/1941,1,27.962595,210.43468,Summer_Even_AltSMSCG,1941,4
5/31/1941,1,26.4111,184.41718,Summer_Even_AltSMSCG,1941,5
6/30/1941,1,19.0768065,188.21608,Summer_Even_AltSMSCG,1941,6
7/31/1941,1,18.896574,197.8055,Summer_Even_AltSMSCG,1941,7
8/31/1941,1,22.4854935,293.0974,Summer_Even_AltSMSCG,1941,8
9/30/1941,1,21.2490585,332.4015,Summer_Even_AltSMSCG,1941,9
10/31/1941,1,31.69360555,750.4495,Summer_Even_AltSMSCG,1941,10
11/30/1941,1,128.7742585,1706.771,Summer_Even_AltSMSCG,1941,11
12/31/1941,1,156.021826,1716.0756,Summer_Even_AltSMSCG,1941,12
1/31/1942,1,78.0578986,481.1194,Summer_Even_AltSMSCG,1942,1
2/28/1942,1,27.175725,204.47708,Summer_Even_AltSMSCG,1942,2
3/31/1942,1,26.3834475,206.02759,Summer_Even_AltSMSCG,1942,3
4/30/1942,1,28.615563,208.47815,Summer_Even_AltSMSCG,1942,4
5/31/1942,1,28.936629,215.2053,Summer_Even_AltSMSCG,1942,5
6/30/1942,1,23.266218,201.1917,Summer_Even_AltSMSCG,1942,6
7/31/1942,1,19.9695855,205.35649,Summer_Even_AltSMSCG,1942,7
8/31/1942,1,22.7897775,357.92838,Summer_Even_AltSMSCG,1942,8
9/30/1942,1,23.753373,396.6789,Summer_Even_AltSMSCG,1942,9
10/31/1942,1,42.25621,853.6918,Summer_Even_AltSMSCG,1942,10
11/30/1942,1,110.0675995,1219.9572,Summer_Even_AltSMSCG,1942,11
12/31/1942,1,134.498341,1738.9976,Summer_Even_AltSMSCG,1942,12
1/31/1943,1,128.4031315,742.72327,Summer_Even_AltSMSCG,1943,1
2/28/1943,1,34.90710025,214.03375,Summer_Even_AltSMSCG,1943,2
3/31/1943,1,24.4150245,211.65953,Summer_Even_AltSMSCG,1943,3
4/30/1943,1,22.4767755,196.13028,Summer_Even_AltSMSCG,1943,4
5/31/1943,1,20.2188885,206.60213,Summer_Even_AltSMSCG,1943,5
6/30/1943,1,21.3278625,220.00998,Summer_Even_AltSMSCG,1943,6
7/31/1943,1,23.9088915,274.99237,Summer_Even_AltSMSCG,1943,7
8/31/1943,1,22.04838,384.43262,Summer_Even_AltSMSCG,1943,8
9/30/1943,1,25.963152,398.18246,Summer_Even_AltSMSCG,1943,9
10/31/1943,1,38.53183,763.6223,Summer_Even_AltSMSCG,1943,10
11/30/1943,1,131.5812349,1686.134,Summer_Even_AltSMSCG,1943,11
12/31/1943,1,162.8558695,1741.2638,Summer_Even_AltSMSCG,1943,12
1/31/1944,1,173.5099789,1434.1882,Summer_Even_AltSMSCG,1944,1
2/29/1944,4,151.0749955,1417.1199,Summer_Even_AltSMSCG,1944,2
3/31/1944,4,100.8421638,568.56683,Summer_Even_AltSMSCG,1944,3
4/30/1944,4,41.0818105,247.91016,Summer_Even_AltSMSCG,1944,4
5/31/1944,4,35.8161505,251.36841,Summer_Even_AltSMSCG,1944,5
6/30/1944,4,48.61050445,295.14926,Summer_Even_AltSMSCG,1944,6
7/31/1944,4,35.048389,392.34518,Summer_Even_AltSMSCG,1944,7
8/31/1944,4,43.7334505,784.9592,Summer_Even_AltSMSCG,1944,8
9/30/1944,4,88.667776,1228.5397,Summer_Even_AltSMSCG,1944,9
10/31/1944,4,141.29827,1837.2408,Summer_Even_AltSMSCG,1944,10
11/30/1944,4,181.4416885,1825.5079,Summer_Even_AltSMSCG,1944,11
12/31/1944,4,156.602941,1731.1449,Summer_Even_AltSMSCG,1944,12
1/31/1945,4,143.4948049,999.91876,Summer_Even_AltSMSCG,1945,1
2/28/1945,4,67.48305625,610.3086,Summer_Even_AltSMSCG,1945,2
3/31/1945,4,50.52034645,319.44608,Summer_Even_AltSMSCG,1945,3
4/30/1945,3,39.7359664,243.07448,Summer_Even_AltSMSCG,1945,4
5/31/1945,4,30.4064686,240.23917,Summer_Even_AltSMSCG,1945,5
6/30/1945,4,28.314885,272.63858,Summer_Even_AltSMSCG,1945,6
7/31/1945,4,30.0514755,430.69815,Summer_Even_AltSMSCG,1945,7
8/31/1945,4,66.38589175,1087.6614,Summer_Even_AltSMSCG,1945,8
9/30/1945,4,119.0335969,1637.9486,Summer_Even_AltSMSCG,1945,9
10/31/1945,4,135.4161265,1717.6774,Summer_Even_AltSMSCG,1945,10
11/30/1945,4,145.8127954,1681.1405,Summer_Even_AltSMSCG,1945,11
12/31/1945,4,143.28871,1792.0935,Summer_Even_AltSMSCG,1945,12
1/31/1946,4,74.5221601,435.04004,Summer_Even_AltSMSCG,1946,1
2/28/1946,2,24.2571855,194.69138,Summer_Even_AltSMSCG,1946,2
3/31/1946,2,26.315181,218.29129,Summer_Even_AltSMSCG,1946,3
4/30/1946,2,28.983384,236.28056,Summer_Even_AltSMSCG,1946,4
5/31/1946,3,28.91727,236.14066,Summer_Even_AltSMSCG,1946,5
6/30/1946,3,27.1044,255.06229,Summer_Even_AltSMSCG,1946,6
7/31/1946,3,28.51626,375.05066,Summer_Even_AltSMSCG,1946,7
8/31/1946,3,41.95853605,768.7111,Summer_Even_AltSMSCG,1946,8
9/30/1946,3,88.7323855,1331.3916,Summer_Even_AltSMSCG,1946,9
10/31/1946,3,150.6365031,1705.6562,Summer_Even_AltSMSCG,1946,10
11/30/1946,3,142.3034194,1727.2307,Summer_Even_AltSMSCG,1946,11
12/31/1946,3,157.5162691,1730.3364,Summer_Even_AltSMSCG,1946,12
1/31/1947,3,215.1093655,1517.9135,Summer_Even_AltSMSCG,1947,1
2/28/1947,4,162.791659,1298.1593,Summer_Even_AltSMSCG,1947,2
3/31/1947,4,139.8680659,661.9777,Summer_Even_AltSMSCG,1947,3
4/30/1947,5,46.23932725,269.3987,Summer_Even_AltSMSCG,1947,4
5/31/1947,5,34.9362016,277.20987,Summer_Even_AltSMSCG,1947,5
6/30/1947,5,35.7659164,413.64246,Summer_Even_AltSMSCG,1947,6
7/31/1947,5,47.861134,467.54388,Summer_Even_AltSMSCG,1947,7
8/31/1947,5,48.976909,693.3894,Summer_Even_AltSMSCG,1947,8
9/30/1947,5,83.2948705,1127.1464,Summer_Even_AltSMSCG,1947,9
10/31/1947,5,141.194473,1845.0195,Summer_Even_AltSMSCG,1947,10
11/30/1947,5,193.8568015,2154.753,Summer_Even_AltSMSCG,1947,11
12/31/1947,5,193.048057,2214.1716,Summer_Even_AltSMSCG,1947,12
1/31/1948,5,225.1665025,1618.2557,Summer_Even_AltSMSCG,1948,1
2/29/1948,5,144.121822,1179.2822,Summer_Even_AltSMSCG,1948,2
3/31/1948,5,90.98558125,626.6291,Summer_Even_AltSMSCG,1948,3
4/30/1948,5,52.78483105,374.41098,Summer_Even_AltSMSCG,1948,4
5/31/1948,3,31.4463595,244.40553,Summer_Even_AltSMSCG,1948,5
6/30/1948,3,26.70678,222.28177,Summer_Even_AltSMSCG,1948,6
7/31/1948,3,22.0127085,242.96724,Summer_Even_AltSMSCG,1948,7
8/31/1948,3,32.01163705,757.43524,Summer_Even_AltSMSCG,1948,8
9/30/1948,3,100.1497021,1271.1412,Summer_Even_AltSMSCG,1948,9
10/31/1948,3,151.3169605,1676.7421,Summer_Even_AltSMSCG,1948,10
11/30/1948,3,165.646162,1716.6818,Summer_Even_AltSMSCG,1948,11
12/31/1948,3,171.0001435,1764.3068,Summer_Even_AltSMSCG,1948,12
1/31/1949,3,200.600956,1364.0264,Summer_Even_AltSMSCG,1949,1
2/28/1949,5,144.443986,1157.1962,Summer_Even_AltSMSCG,1949,2
3/31/1949,5,130.1683075,727.06775,Summer_Even_AltSMSCG,1949,3
4/30/1949,4,45.0069274,271.7795,Summer_Even_AltSMSCG,1949,4
5/31/1949,4,27.042156,241.71382,Summer_Even_AltSMSCG,1949,5
6/30/1949,4,27.7004745,273.19507,Summer_Even_AltSMSCG,1949,6
7/31/1949,4,25.39155,400.8596,Summer_Even_AltSMSCG,1949,7
8/31/1949,4,35.14106245,639.7486,Summer_Even_AltSMSCG,1949,8
9/30/1949,4,66.0482038,1004.27716,Summer_Even_AltSMSCG,1949,9
10/31/1949,4,133.389178,1878.0149,Summer_Even_AltSMSCG,1949,10
11/30/1949,4,179.39935,1817.0675,Summer_Even_AltSMSCG,1949,11
12/31/1949,4,170.647114,1795.0282,Summer_Even_AltSMSCG,1949,12
1/31/1950,4,195.6313654,1695.3491,Summer_Even_AltSMSCG,1950,1
2/28/1950,4,115.6443085,642.99054,Summer_Even_AltSMSCG,1950,2
3/31/1950,4,39.9484624,258.62772,Summer_Even_AltSMSCG,1950,3
4/30/1950,4,26.941455,242.7176,Summer_Even_AltSMSCG,1950,4
5/31/1950,4,28.0425705,244.79709,Summer_Even_AltSMSCG,1950,5
6/30/1950,4,26.194794,260.1574,Summer_Even_AltSMSCG,1950,6
7/31/1950,4,25.4711655,333.82986,Summer_Even_AltSMSCG,1950,7
8/31/1950,4,49.4324188,957.7548,Summer_Even_AltSMSCG,1950,8
9/30/1950,4,111.446002,1424.9656,Summer_Even_AltSMSCG,1950,9
10/31/1950,4,142.628499,1770.1847,Summer_Even_AltSMSCG,1950,10
11/30/1950,4,162.1009045,1717.1825,Summer_Even_AltSMSCG,1950,11
12/31/1950,4,54.188191,506.00046,Summer_Even_AltSMSCG,1950,12
1/31/1951,4,28.233129,187.22267,Summer_Even_AltSMSCG,1951,1
2/28/1951,1,24.7745865,192.88799,Summer_Even_AltSMSCG,1951,2
3/31/1951,1,25.131072,199.39665,Summer_Even_AltSMSCG,1951,3
4/30/1951,1,23.856564,222.02003,Summer_Even_AltSMSCG,1951,4
5/31/1951,1,26.869395,242.41476,Summer_Even_AltSMSCG,1951,5
6/30/1951,1,28.0365825,266.11987,Summer_Even_AltSMSCG,1951,6
7/31/1951,1,27.723405,303.29352,Summer_Even_AltSMSCG,1951,7
8/31/1951,1,24.898197,391.54236,Summer_Even_AltSMSCG,1951,8
9/30/1951,1,26.779065,451.96558,Summer_Even_AltSMSCG,1951,9
10/31/1951,1,31.9603855,621.2643,Summer_Even_AltSMSCG,1951,10
11/30/1951,1,118.5423025,1746.612,Summer_Even_AltSMSCG,1951,11
12/31/1951,1,170.200633,1740.7301,Summer_Even_AltSMSCG,1951,12
1/31/1952,1,107.3637304,519.7114,Summer_Even_AltSMSCG,1952,1
2/29/1952,1,32.5031965,221.50214,Summer_Even_AltSMSCG,1952,2
3/31/1952,1,28.8216795,227.44562,Summer_Even_AltSMSCG,1952,3
4/30/1952,1,33.073909,215.30644,Summer_Even_AltSMSCG,1952,4
5/31/1952,1,25.77312,202.2309,Summer_Even_AltSMSCG,1952,5
6/30/1952,1,18.548406,178.80214,Summer_Even_AltSMSCG,1952,6
7/31/1952,1,16.891575,176.75975,Summer_Even_AltSMSCG,1952,7
8/31/1952,1,21.2244285,247.71585,Summer_Even_AltSMSCG,1952,8
9/30/1952,1,21.9805485,351.92105,Summer_Even_AltSMSCG,1952,9
10/31/1952,1,33.5848342,758.96497,Summer_Even_AltSMSCG,1952,10
11/30/1952,1,122.434576,1730.6184,Summer_Even_AltSMSCG,1952,11
12/31/1952,1,137.0247805,1716.1265,Summer_Even_AltSMSCG,1952,12
1/31/1953,1,84.8326051,509.58966,Summer_Even_AltSMSCG,1953,1
2/28/1953,1,23.3952435,207.51701,Summer_Even_AltSMSCG,1953,2
3/31/1953,2,24.4938165,218.57304,Summer_Even_AltSMSCG,1953,3
4/30/1953,2,28.07229,242.05447,Summer_Even_AltSMSCG,1953,4
5/31/1953,2,29.97123,239.82848,Summer_Even_AltSMSCG,1953,5
6/30/1953,2,27.386106,222.34235,Summer_Even_AltSMSCG,1953,6
7/31/1953,2,23.945475,227.37633,Summer_Even_AltSMSCG,1953,7
8/31/1953,2,23.093007,397.33737,Summer_Even_AltSMSCG,1953,8
9/30/1953,2,29.300415,574.4924,Summer_Even_AltSMSCG,1953,9
10/31/1953,2,63.18437275,1134.4417,Summer_Even_AltSMSCG,1953,10
11/30/1953,2,164.4392241,1696.3834,Summer_Even_AltSMSCG,1953,11
12/31/1953,2,170.9010918,1741.8622,Summer_Even_AltSMSCG,1953,12
1/31/1954,2,180.421588,1565.7297,Summer_Even_AltSMSCG,1954,1
2/28/1954,3,98.3712565,631.0317,Summer_Even_AltSMSCG,1954,2
3/31/1954,3,29.763126,255.71573,Summer_Even_AltSMSCG,1954,3
4/30/1954,2,24.584205,240.77272,Summer_Even_AltSMSCG,1954,4
5/31/1954,2,27.818445,229.027,Summer_Even_AltSMSCG,1954,5
6/30/1954,2,26.2923345,232.21306,Summer_Even_AltSMSCG,1954,6
7/31/1954,2,23.8484415,284.54315,Summer_Even_AltSMSCG,1954,7
8/31/1954,2,24.200622,448.54697,Summer_Even_AltSMSCG,1954,8
9/30/1954,2,27.209106,528.71985,Summer_Even_AltSMSCG,1954,9
10/31/1954,2,51.392398,840.33716,Summer_Even_AltSMSCG,1954,10
11/30/1954,2,121.1934153,1458.6631,Summer_Even_AltSMSCG,1954,11
12/31/1954,2,167.511772,1749.8528,Summer_Even_AltSMSCG,1954,12
1/31/1955,2,175.4981959,988.6714,Summer_Even_AltSMSCG,1955,1
2/28/1955,3,52.8309013,386.24084,Summer_Even_AltSMSCG,1955,2
3/31/1955,4,37.8019621,293.3719,Summer_Even_AltSMSCG,1955,3
4/30/1955,4,35.2058686,300.60406,Summer_Even_AltSMSCG,1955,4
5/31/1955,4,46.9978405,297.23404,Summer_Even_AltSMSCG,1955,5
6/30/1955,4,39.9361561,308.94003,Summer_Even_AltSMSCG,1955,6
7/31/1955,4,32.726494,372.08932,Summer_Even_AltSMSCG,1955,7
8/31/1955,4,34.3451515,670.7491,Summer_Even_AltSMSCG,1955,8
9/30/1955,4,75.86553325,1144.562,Summer_Even_AltSMSCG,1955,9
10/31/1955,4,140.7741721,1787.6156,Summer_Even_AltSMSCG,1955,10
11/30/1955,4,172.388521,1672.8226,Summer_Even_AltSMSCG,1955,11
12/31/1955,4,164.321425,1794.0487,Summer_Even_AltSMSCG,1955,12
1/31/1956,4,80.66880355,452.6611,Summer_Even_AltSMSCG,1956,1
2/29/1956,1,26.5462695,190.51262,Summer_Even_AltSMSCG,1956,2
3/31/1956,1,25.690629,183.15848,Summer_Even_AltSMSCG,1956,3
4/30/1956,1,19.99488,201.73964,Summer_Even_AltSMSCG,1956,4
5/31/1956,1,22.421355,232.91895,Summer_Even_AltSMSCG,1956,5
6/30/1956,1,22.964505,232.0217,Summer_Even_AltSMSCG,1956,6
7/31/1956,1,22.192995,210.48122,Summer_Even_AltSMSCG,1956,7
8/31/1956,1,23.7862125,310.196,Summer_Even_AltSMSCG,1956,8
9/30/1956,1,23.17323,363.9945,Summer_Even_AltSMSCG,1956,9
10/31/1956,1,32.7932467,789.01245,Summer_Even_AltSMSCG,1956,10
11/30/1956,1,128.8474836,1753.9454,Summer_Even_AltSMSCG,1956,11
12/31/1956,1,157.368186,1750.1953,Summer_Even_AltSMSCG,1956,12
1/31/1957,1,221.339665,1746.534,Summer_Even_AltSMSCG,1957,1
2/28/1957,3,197.0215926,1680.832,Summer_Even_AltSMSCG,1957,2
3/31/1957,3,148.619977,813.76697,Summer_Even_AltSMSCG,1957,3
4/30/1957,3,50.3595124,262.72455,Summer_Even_AltSMSCG,1957,4
5/31/1957,3,31.7659414,240.97617,Summer_Even_AltSMSCG,1957,5
6/30/1957,3,28.709592,241.90044,Summer_Even_AltSMSCG,1957,6
7/31/1957,3,24.6940125,279.5323,Summer_Even_AltSMSCG,1957,7
8/31/1957,3,39.41169625,771.3823,Summer_Even_AltSMSCG,1957,8
9/30/1957,3,87.5896039,1295.3656,Summer_Even_AltSMSCG,1957,9
10/31/1957,3,141.352249,1659.1456,Summer_Even_AltSMSCG,1957,10
11/30/1957,3,202.1226138,1660.158,Summer_Even_AltSMSCG,1957,11
12/31/1957,3,194.0807403,1420.5645,Summer_Even_AltSMSCG,1957,12
1/31/1958,3,165.533188,848.7039,Summer_Even_AltSMSCG,1958,1
2/28/1958,2,31.7445379,236.9687,Summer_Even_AltSMSCG,1958,2
3/31/1958,1,33.38989705,237.15598,Summer_Even_AltSMSCG,1958,3
4/30/1958,1,28.96452,207.1641,Summer_Even_AltSMSCG,1958,4
5/31/1958,1,34.6487221,189.2794,Summer_Even_AltSMSCG,1958,5
6/30/1958,1,22.0383825,179.231,Summer_Even_AltSMSCG,1958,6
7/31/1958,1,19.997289,177.19893,Summer_Even_AltSMSCG,1958,7
8/31/1958,1,22.4405205,312.74216,Summer_Even_AltSMSCG,1958,8
9/30/1958,1,21.762954,357.98093,Summer_Even_AltSMSCG,1958,9
10/31/1958,1,34.93921975,735.6123,Summer_Even_AltSMSCG,1958,10
11/30/1958,1,120.6682771,1699.5094,Summer_Even_AltSMSCG,1958,11
12/31/1958,1,164.27155,1775.4467,Summer_Even_AltSMSCG,1958,12
1/31/1959,1,182.217088,1554.8969,Summer_Even_AltSMSCG,1959,1
2/28/1959,3,105.8294785,617.0808,Summer_Even_AltSMSCG,1959,2
3/31/1959,3,38.9447779,247.60971,Summer_Even_AltSMSCG,1959,3
4/30/1959,3,30.26080225,240.07103,Summer_Even_AltSMSCG,1959,4
5/31/1959,3,29.372049,253.58769,Summer_Even_AltSMSCG,1959,5
6/30/1959,3,28.140339,321.2149,Summer_Even_AltSMSCG,1959,6
7/31/1959,3,29.4670905,412.0883,Summer_Even_AltSMSCG,1959,7
8/31/1959,3,42.9850234,747.35223,Summer_Even_AltSMSCG,1959,8
9/30/1959,3,83.4427171,1289.1945,Summer_Even_AltSMSCG,1959,9
10/31/1959,3,140.0496166,1697.3887,Summer_Even_AltSMSCG,1959,10
11/30/1959,3,109.086772,1070.2665,Summer_Even_AltSMSCG,1959,11
12/31/1959,3,120.6810451,1375.5806,Summer_Even_AltSMSCG,1959,12
1/31/1960,3,186.5701096,1705.0316,Summer_Even_AltSMSCG,1960,1
2/29/1960,5,171.7266769,1313.289,Summer_Even_AltSMSCG,1960,2
3/31/1960,4,92.5187074,464.46854,Summer_Even_AltSMSCG,1960,3
4/30/1960,4,34.4156548,244.22607,Summer_Even_AltSMSCG,1960,4
5/31/1960,4,28.2729675,247.05215,Summer_Even_AltSMSCG,1960,5
6/30/1960,4,28.4861295,298.11792,Summer_Even_AltSMSCG,1960,6
7/31/1960,4,30.0898995,496.2367,Summer_Even_AltSMSCG,1960,7
8/31/1960,4,88.6372525,1478.7352,Summer_Even_AltSMSCG,1960,8
9/30/1960,4,149.7335005,1615.5038,Summer_Even_AltSMSCG,1960,9
10/31/1960,4,159.3767605,1779.1589,Summer_Even_AltSMSCG,1960,10
11/30/1960,4,163.422535,1688.6519,Summer_Even_AltSMSCG,1960,11
12/31/1960,4,165.6838675,1694.1656,Summer_Even_AltSMSCG,1960,12
1/31/1961,4,175.697143,1200.946,Summer_Even_AltSMSCG,1961,1
2/28/1961,4,84.7792987,732.418,Summer_Even_AltSMSCG,1961,2
3/31/1961,4,53.159854,410.4228,Summer_Even_AltSMSCG,1961,3
4/30/1961,4,27.682416,243.30217,Summer_Even_AltSMSCG,1961,4
5/31/1961,4,28.0246395,261.87018,Summer_Even_AltSMSCG,1961,5
6/30/1961,4,30.7281538,318.71597,Summer_Even_AltSMSCG,1961,6
7/31/1961,4,29.942514,440.23007,Summer_Even_AltSMSCG,1961,7
8/31/1961,4,54.7873294,915.69574,Summer_Even_AltSMSCG,1961,8
9/30/1961,4,95.1708319,1266.4806,Summer_Even_AltSMSCG,1961,9
10/31/1961,4,146.0514145,1860.1462,Summer_Even_AltSMSCG,1961,10
11/30/1961,4,195.8235979,1811.4932,Summer_Even_AltSMSCG,1961,11
12/31/1961,4,178.5170841,1783.1522,Summer_Even_AltSMSCG,1961,12
1/31/1962,4,195.8902395,1326.0576,Summer_Even_AltSMSCG,1962,1
2/28/1962,4,106.2601705,997.5493,Summer_Even_AltSMSCG,1962,2
3/31/1962,3,94.029424,447.74432,Summer_Even_AltSMSCG,1962,3
4/30/1962,3,44.49623305,241.55006,Summer_Even_AltSMSCG,1962,4
5/31/1962,3,28.978515,242.61671,Summer_Even_AltSMSCG,1962,5
6/30/1962,3,26.508183,272.5855,Summer_Even_AltSMSCG,1962,6
7/31/1962,3,27.1385925,368.1784,Summer_Even_AltSMSCG,1962,7
8/31/1962,3,40.9977355,771.16974,Summer_Even_AltSMSCG,1962,8
9/30/1962,3,89.7408181,1297.0753,Summer_Even_AltSMSCG,1962,9
10/31/1962,3,169.729414,1728.5436,Summer_Even_AltSMSCG,1962,10
11/30/1962,3,89.5213111,736.50085,Summer_Even_AltSMSCG,1962,11
12/31/1962,3,18.9002355,383.96494,Summer_Even_AltSMSCG,1962,12
1/31/1963,3,40.1797114,469.39978,Summer_Even_AltSMSCG,1963,1
2/28/1963,2,24.503055,274.80573,Summer_Even_AltSMSCG,1963,2
3/31/1963,3,29.542287,256.35516,Summer_Even_AltSMSCG,1963,3
4/30/1963,2,27.607731,239.86089,Summer_Even_AltSMSCG,1963,4
5/31/1963,1,28.201992,219.82603,Summer_Even_AltSMSCG,1963,5
6/30/1963,1,25.644999,214.27608,Summer_Even_AltSMSCG,1963,6
7/31/1963,1,22.034466,225.93867,Summer_Even_AltSMSCG,1963,7
8/31/1963,1,23.085327,369.15823,Summer_Even_AltSMSCG,1963,8
9/30/1963,1,25.6294965,431.23355,Summer_Even_AltSMSCG,1963,9
10/31/1963,1,45.6566875,823.7825,Summer_Even_AltSMSCG,1963,10
11/30/1963,1,141.279118,1656.5447,Summer_Even_AltSMSCG,1963,11
12/31/1963,1,140.546326,1280.5924,Summer_Even_AltSMSCG,1963,12
1/31/1964,1,160.71646,1114.4677,Summer_Even_AltSMSCG,1964,1
2/29/1964,3,131.138533,831.73065,Summer_Even_AltSMSCG,1964,2
3/31/1964,3,39.982081,319.09897,Summer_Even_AltSMSCG,1964,3
4/30/1964,4,34.581559,328.27115,Summer_Even_AltSMSCG,1964,4
5/31/1964,4,38.71993855,326.30978,Summer_Even_AltSMSCG,1964,5
6/30/1964,4,37.103923,323.22894,Summer_Even_AltSMSCG,1964,6
7/31/1964,4,31.6733905,380.32385,Summer_Even_AltSMSCG,1964,7
8/31/1964,4,67.2703237,1271.4811,Summer_Even_AltSMSCG,1964,8
9/30/1964,4,137.814544,1567.6876,Summer_Even_AltSMSCG,1964,9
10/31/1964,4,143.1254734,1756.6263,Summer_Even_AltSMSCG,1964,10
11/30/1964,4,172.160578,1724.9683,Summer_Even_AltSMSCG,1964,11
12/31/1964,4,168.9147415,1703.1011,Summer_Even_AltSMSCG,1964,12
1/31/1965,4,62.2866256,362.6737,Summer_Even_AltSMSCG,1965,1
2/28/1965,1,21.583515,203.29271,Summer_Even_AltSMSCG,1965,2
3/31/1965,1,26.0315145,217.12877,Summer_Even_AltSMSCG,1965,3
4/30/1965,1,28.1742,223.6297,Summer_Even_AltSMSCG,1965,4
5/31/1965,1,27.819576,220.02655,Summer_Even_AltSMSCG,1965,5
6/30/1965,1,23.138232,215.37172,Summer_Even_AltSMSCG,1965,6
7/31/1965,1,23.8318755,249.92973,Summer_Even_AltSMSCG,1965,7
8/31/1965,1,24.1979505,384.27704,Summer_Even_AltSMSCG,1965,8
9/30/1965,1,26.4822975,424.80194,Summer_Even_AltSMSCG,1965,9
10/31/1965,1,42.208615,810.50903,Summer_Even_AltSMSCG,1965,10
11/30/1965,1,109.1406855,1353.4114,Summer_Even_AltSMSCG,1965,11
12/31/1965,1,87.65449555,988.7546,Summer_Even_AltSMSCG,1965,12
1/31/1966,1,98.564002,1004.7897,Summer_Even_AltSMSCG,1966,1
2/28/1966,2,87.99891805,716.15405,Summer_Even_AltSMSCG,1966,2
3/31/1966,3,37.032559,250.36731,Summer_Even_AltSMSCG,1966,3
4/30/1966,3,28.81158,239.52907,Summer_Even_AltSMSCG,1966,4
5/31/1966,3,29.773302,250.87831,Summer_Even_AltSMSCG,1966,5
6/30/1966,3,28.8894105,301.31998,Summer_Even_AltSMSCG,1966,6
7/31/1966,3,29.0153955,397.51437,Summer_Even_AltSMSCG,1966,7
8/31/1966,3,42.0087217,747.5411,Summer_Even_AltSMSCG,1966,8
9/30/1966,3,84.2388019,1282.6249,Summer_Even_AltSMSCG,1966,9
10/31/1966,3,150.000916,1723.3267,Summer_Even_AltSMSCG,1966,10
11/30/1966,3,162.7806295,1694.3824,Summer_Even_AltSMSCG,1966,11
12/31/1966,3,157.800283,1729.4681,Summer_Even_AltSMSCG,1966,12
1/31/1967,3,95.39099155,525.0678,Summer_Even_AltSMSCG,1967,1
2/28/1967,2,29.659635,219.33168,Summer_Even_AltSMSCG,1967,2
3/31/1967,2,27.2799405,234.11507,Summer_Even_AltSMSCG,1967,3
4/30/1967,2,30.3871342,229.35342,Summer_Even_AltSMSCG,1967,4
5/31/1967,1,27.5097525,215.79362,Summer_Even_AltSMSCG,1967,5
6/30/1967,1,20.3398455,198.88893,Summer_Even_AltSMSCG,1967,6
7/31/1967,1,17.2910565,176.49512,Summer_Even_AltSMSCG,1967,7
8/31/1967,1,20.026485,228.28679,Summer_Even_AltSMSCG,1967,8
9/30/1967,1,22.55691,344.84833,Summer_Even_AltSMSCG,1967,9
10/31/1967,1,30.5612578,712.21576,Summer_Even_AltSMSCG,1967,10
11/30/1967,1,97.26376645,1471.4283,Summer_Even_AltSMSCG,1967,11
12/31/1967,1,127.4180148,1729.6101,Summer_Even_AltSMSCG,1967,12
1/31/1968,1,216.0441769,1714.8793,Summer_Even_AltSMSCG,1968,1
2/29/1968,3,122.417818,771.39703,Summer_Even_AltSMSCG,1968,2
3/31/1968,3,37.2942745,264.61862,Summer_Even_AltSMSCG,1968,3
4/30/1968,3,27.11334,238.42372,Summer_Even_AltSMSCG,1968,4
5/31/1968,3,28.64307,243.50325,Summer_Even_AltSMSCG,1968,5
6/30/1968,3,28.655772,295.59198,Summer_Even_AltSMSCG,1968,6
7/31/1968,3,27.598284,452.26935,Summer_Even_AltSMSCG,1968,7
8/31/1968,3,37.8553369,747.1907,Summer_Even_AltSMSCG,1968,8
9/30/1968,3,76.8688273,1206.8738,Summer_Even_AltSMSCG,1968,9
10/31/1968,3,132.986245,1609.814,Summer_Even_AltSMSCG,1968,10
11/30/1968,3,148.391712,1654.6545,Summer_Even_AltSMSCG,1968,11
12/31/1968,3,158.5603866,1725.7722,Summer_Even_AltSMSCG,1968,12
1/31/1969,3,141.3693063,871.96466,Summer_Even_AltSMSCG,1969,1
2/28/1969,1,38.3358925,247.17566,Summer_Even_AltSMSCG,1969,2
3/31/1969,1,16.1695155,189.02654,Summer_Even_AltSMSCG,1969,3
4/30/1969,1,18.2986035,184.92494,Summer_Even_AltSMSCG,1969,4
5/31/1969,1,17.3034915,179.5769,Summer_Even_AltSMSCG,1969,5
6/30/1969,1,14.0896755,181.25313,Summer_Even_AltSMSCG,1969,6
7/31/1969,1,19.5328875,214.143,Summer_Even_AltSMSCG,1969,7
8/31/1969,1,25.24506,254.9784,Summer_Even_AltSMSCG,1969,8
9/30/1969,1,21.719439,340.00708,Summer_Even_AltSMSCG,1969,9
10/31/1969,1,28.1076,672.19244,Summer_Even_AltSMSCG,1969,10
11/30/1969,1,85.9861255,1214.1301,Summer_Even_AltSMSCG,1969,11
12/31/1969,1,124.3687855,1781.4818,Summer_Even_AltSMSCG,1969,12
1/31/1970,1,80.75599645,510.94406,Summer_Even_AltSMSCG,1970,1
2/28/1970,1,19.523238,192.66974,Summer_Even_AltSMSCG,1970,2
3/31/1970,1,16.288236,185.61453,Summer_Even_AltSMSCG,1970,3
4/30/1970,1,21.653631,197.96776,Summer_Even_AltSMSCG,1970,4
5/31/1970,1,24.2724405,231.662,Summer_Even_AltSMSCG,1970,5
6/30/1970,1,26.643924,273.94592,Summer_Even_AltSMSCG,1970,6
7/31/1970,1,25.7978025,306.7567,Summer_Even_AltSMSCG,1970,7
8/31/1970,1,24.257499,386.15408,Summer_Even_AltSMSCG,1970,8
9/30/1970,1,27.533583,431.74136,Summer_Even_AltSMSCG,1970,9
10/31/1970,1,34.42795255,655.48706,Summer_Even_AltSMSCG,1970,10
11/30/1970,1,117.1052043,1737.2052,Summer_Even_AltSMSCG,1970,11
12/31/1970,1,117.0744841,1147.6117,Summer_Even_AltSMSCG,1970,12
1/31/1971,1,49.9914007,303.50095,Summer_Even_AltSMSCG,1971,1
2/28/1971,1,22.4585925,204.09222,Summer_Even_AltSMSCG,1971,2
3/31/1971,1,23.313306,226.72595,Summer_Even_AltSMSCG,1971,3
4/30/1971,1,23.4442605,236.50786,Summer_Even_AltSMSCG,1971,4
5/31/1971,1,25.405092,231.93474,Summer_Even_AltSMSCG,1971,5
6/30/1971,1,26.075385,231.9448,Summer_Even_AltSMSCG,1971,6
7/31/1971,1,23.4327285,244.41292,Summer_Even_AltSMSCG,1971,7
8/31/1971,1,23.9190675,380.76157,Summer_Even_AltSMSCG,1971,8
9/30/1971,1,27.63519,475.22058,Summer_Even_AltSMSCG,1971,9
10/31/1971,1,52.85224495,935.9511,Summer_Even_AltSMSCG,1971,10
11/30/1971,1,136.100839,1439.8915,Summer_Even_AltSMSCG,1971,11
12/31/1971,1,153.4513996,1755.995,Summer_Even_AltSMSCG,1971,12
1/31/1972,1,185.2870339,1091.184,Summer_Even_AltSMSCG,1972,1
2/29/1972,3,55.5319033,507.10022,Summer_Even_AltSMSCG,1972,2
3/31/1972,3,39.8780389,383.7537,Summer_Even_AltSMSCG,1972,3
4/30/1972,3,32.0268475,255.40599,Summer_Even_AltSMSCG,1972,4
5/31/1972,3,27.8933805,243.49754,Summer_Even_AltSMSCG,1972,5
6/30/1972,3,29.543586,315.96082,Summer_Even_AltSMSCG,1972,6
7/31/1972,3,29.749065,488.33963,Summer_Even_AltSMSCG,1972,7
8/31/1972,3,34.95423925,756.93634,Summer_Even_AltSMSCG,1972,8
9/30/1972,3,75.1874584,1174.792,Summer_Even_AltSMSCG,1972,9
10/31/1972,3,143.496646,1676.1685,Summer_Even_AltSMSCG,1972,10
11/30/1972,3,156.9576093,1672.8779,Summer_Even_AltSMSCG,1972,11
12/31/1972,3,120.948301,1216.5388,Summer_Even_AltSMSCG,1972,12
1/31/1973,3,63.3181489,469.6888,Summer_Even_AltSMSCG,1973,1
2/28/1973,2,31.86665755,242.68495,Summer_Even_AltSMSCG,1973,2
3/31/1973,2,24.276918,239.53061,Summer_Even_AltSMSCG,1973,3
4/30/1973,2,31.8576145,231.2015,Summer_Even_AltSMSCG,1973,4
5/31/1973,2,29.091801,232.30782,Summer_Even_AltSMSCG,1973,5
6/30/1973,2,27.3677895,252.41628,Summer_Even_AltSMSCG,1973,6
7/31/1973,2,25.9366335,309.85904,Summer_Even_AltSMSCG,1973,7
8/31/1973,2,26.52111,452.57742,Summer_Even_AltSMSCG,1973,8
9/30/1973,2,27.804918,512.5628,Summer_Even_AltSMSCG,1973,9
10/31/1973,2,54.2240782,912.6164,Summer_Even_AltSMSCG,1973,10
11/30/1973,2,136.3244044,1692.8903,Summer_Even_AltSMSCG,1973,11
12/31/1973,2,45.6346342,488.3841,Summer_Even_AltSMSCG,1973,12
1/31/1974,2,25.213527,184.45366,Summer_Even_AltSMSCG,1974,1
2/28/1974,1,21.085053,189.8634,Summer_Even_AltSMSCG,1974,2
3/31/1974,1,21.468567,199.01283,Summer_Even_AltSMSCG,1974,3
4/30/1974,1,24.983553,201.03043,Summer_Even_AltSMSCG,1974,4
5/31/1974,1,22.2469065,186.86197,Summer_Even_AltSMSCG,1974,5
6/30/1974,1,20.6823,202.89948,Summer_Even_AltSMSCG,1974,6
7/31/1974,1,21.4857675,241.95255,Summer_Even_AltSMSCG,1974,7
8/31/1974,1,23.35764,379.91788,Summer_Even_AltSMSCG,1974,8
9/30/1974,1,26.608443,414.11002,Summer_Even_AltSMSCG,1974,9
10/31/1974,1,48.7105195,910.39166,Summer_Even_AltSMSCG,1974,10
11/30/1974,1,143.9083285,1680.6914,Summer_Even_AltSMSCG,1974,11
12/31/1974,1,153.2033755,1738.8427,Summer_Even_AltSMSCG,1974,12
1/31/1975,1,219.4536775,1668.1539,Summer_Even_AltSMSCG,1975,1
2/28/1975,3,172.597768,1467.4471,Summer_Even_AltSMSCG,1975,2
3/31/1975,3,98.6702785,576.4214,Summer_Even_AltSMSCG,1975,3
4/30/1975,2,31.2018637,231.32866,Summer_Even_AltSMSCG,1975,4
5/31/1975,2,25.815429,215.23941,Summer_Even_AltSMSCG,1975,5
6/30/1975,2,23.8003005,216.30203,Summer_Even_AltSMSCG,1975,6
7/31/1975,2,22.5674925,240.19489,Summer_Even_AltSMSCG,1975,7
8/31/1975,2,23.530659,416.44208,Summer_Even_AltSMSCG,1975,8
9/30/1975,2,27.723948,570.11176,Summer_Even_AltSMSCG,1975,9
10/31/1975,2,69.9589852,1213.4305,Summer_Even_AltSMSCG,1975,10
11/30/1975,2,160.589256,1756.1659,Summer_Even_AltSMSCG,1975,11
12/31/1975,2,155.075398,1749.3691,Summer_Even_AltSMSCG,1975,12
1/31/1976,2,187.6938105,1473.2831,Summer_Even_AltSMSCG,1976,1
2/29/1976,4,153.6644485,1801.2518,Summer_Even_AltSMSCG,1976,2
3/31/1976,4,194.0671714,1479.6422,Summer_Even_AltSMSCG,1976,3
4/30/1976,5,133.6729525,734.21326,Summer_Even_AltSMSCG,1976,4
5/31/1976,5,80.0138194,528.34546,Summer_Even_AltSMSCG,1976,5
6/30/1976,5,72.9976267,773.1519,Summer_Even_AltSMSCG,1976,6
7/31/1976,5,121.9244944,1537.3047,Summer_Even_AltSMSCG,1976,7
8/31/1976,5,142.5260215,1821.3488,Summer_Even_AltSMSCG,1976,8
9/30/1976,5,122.5634644,1500.2958,Summer_Even_AltSMSCG,1976,9
10/31/1976,5,161.384956,2083.3884,Summer_Even_AltSMSCG,1976,10
11/30/1976,5,220.1036485,2035.6182,Summer_Even_AltSMSCG,1976,11
12/31/1976,5,218.0773555,2188.6538,Summer_Even_AltSMSCG,1976,12
1/31/1977,5,226.817992,1411.4698,Summer_Even_AltSMSCG,1977,1
2/28/1977,5,147.1999075,1667.8594,Summer_Even_AltSMSCG,1977,2
3/31/1977,5,216.4321645,1355.2294,Summer_Even_AltSMSCG,1977,3
4/30/1977,5,137.8139455,574.91046,Summer_Even_AltSMSCG,1977,4
5/31/1977,5,86.80024225,527.0715,Summer_Even_AltSMSCG,1977,5
6/30/1977,5,84.3520438,1068.7485,Summer_Even_AltSMSCG,1977,6
7/31/1977,5,157.7015875,1622.6622,Summer_Even_AltSMSCG,1977,7
8/31/1977,5,174.3955965,1639.2147,Summer_Even_AltSMSCG,1977,8
9/30/1977,5,137.844583,1462.083,Summer_Even_AltSMSCG,1977,9
10/31/1977,5,169.9101895,1627.7094,Summer_Even_AltSMSCG,1977,10
11/30/1977,5,201.7383055,1961.8975,Summer_Even_AltSMSCG,1977,11
12/31/1977,5,224.573617,1910.0973,Summer_Even_AltSMSCG,1977,12
1/31/1978,5,223.9700269,1538.9617,Summer_Even_AltSMSCG,1978,1
2/28/1978,3,76.6523983,391.9537,Summer_Even_AltSMSCG,1978,2
3/31/1978,3,39.8665591,233.29051,Summer_Even_AltSMSCG,1978,3
4/30/1978,2,38.1893056,228.48502,Summer_Even_AltSMSCG,1978,4
5/31/1978,2,27.36342,214.02888,Summer_Even_AltSMSCG,1978,5
6/30/1978,2,22.186203,218.01628,Summer_Even_AltSMSCG,1978,6
7/31/1978,2,23.181234,248.88332,Summer_Even_AltSMSCG,1978,7
8/31/1978,2,24.3852405,398.98065,Summer_Even_AltSMSCG,1978,8
9/30/1978,2,25.6807545,493.81204,Summer_Even_AltSMSCG,1978,9
10/31/1978,2,55.5151282,1006.7305,Summer_Even_AltSMSCG,1978,10
11/30/1978,2,149.7384025,1818.5986,Summer_Even_AltSMSCG,1978,11
12/31/1978,2,176.5016809,1825.4225,Summer_Even_AltSMSCG,1978,12
1/31/1979,2,207.990322,1609.728,Summer_Even_AltSMSCG,1979,1
2/28/1979,4,128.863606,686.49286,Summer_Even_AltSMSCG,1979,2
3/31/1979,4,48.1994347,265.0931,Summer_Even_AltSMSCG,1979,3
4/30/1979,4,40.7378839,235.68741,Summer_Even_AltSMSCG,1979,4
5/31/1979,4,30.08544,235.22467,Summer_Even_AltSMSCG,1979,5
6/30/1979,4,27.237414,255.37498,Summer_Even_AltSMSCG,1979,6
7/31/1979,4,25.94043,279.97598,Summer_Even_AltSMSCG,1979,7
8/31/1979,4,53.43461395,1160.635,Summer_Even_AltSMSCG,1979,8
9/30/1979,4,135.9671626,1604.7073,Summer_Even_AltSMSCG,1979,9
10/31/1979,4,142.2341245,1758.8816,Summer_Even_AltSMSCG,1979,10
11/30/1979,4,156.373915,1702.9015,Summer_Even_AltSMSCG,1979,11
12/31/1979,4,169.1436393,1759.2196,Summer_Even_AltSMSCG,1979,12
1/31/1980,4,156.772516,992.023,Summer_Even_AltSMSCG,1980,1
2/29/1980,2,41.5584445,256.08502,Summer_Even_AltSMSCG,1980,2
3/31/1980,1,19.834206,191.59708,Summer_Even_AltSMSCG,1980,3
4/30/1980,1,20.627739,191.31186,Summer_Even_AltSMSCG,1980,4
5/31/1980,2,22.1727705,201.53462,Summer_Even_AltSMSCG,1980,5
6/30/1980,2,23.462538,243.97893,Summer_Even_AltSMSCG,1980,6
7/31/1980,2,25.797267,254.30235,Summer_Even_AltSMSCG,1980,7
8/31/1980,2,27.194541,316.80447,Summer_Even_AltSMSCG,1980,8
9/30/1980,2,24.52017,453.3627,Summer_Even_AltSMSCG,1980,9
10/31/1980,2,40.4456563,905.91815,Summer_Even_AltSMSCG,1980,10
11/30/1980,2,136.8328786,1727.9678,Summer_Even_AltSMSCG,1980,11
12/31/1980,2,160.996843,1769.8616,Summer_Even_AltSMSCG,1980,12
1/31/1981,2,224.4756055,1778.4889,Summer_Even_AltSMSCG,1981,1
2/28/1981,3,130.7854294,792.40686,Summer_Even_AltSMSCG,1981,2
3/31/1981,4,36.4594297,252.27782,Summer_Even_AltSMSCG,1981,3
4/30/1981,4,27.53964,233.61824,Summer_Even_AltSMSCG,1981,4
5/31/1981,4,27.734514,251.89005,Summer_Even_AltSMSCG,1981,5
6/30/1981,4,28.911429,317.54092,Summer_Even_AltSMSCG,1981,6
7/31/1981,4,29.427012,414.3514,Summer_Even_AltSMSCG,1981,7
8/31/1981,4,67.127476,1207.6741,Summer_Even_AltSMSCG,1981,8
9/30/1981,4,122.7499285,1476.7633,Summer_Even_AltSMSCG,1981,9
10/31/1981,4,141.5151978,1804.598,Summer_Even_AltSMSCG,1981,10
11/30/1981,4,175.328068,1752.7749,Summer_Even_AltSMSCG,1981,11
12/31/1981,4,96.31676275,808.60394,Summer_Even_AltSMSCG,1981,12
1/31/1982,4,23.990319,200.91798,Summer_Even_AltSMSCG,1982,1
2/28/1982,1,25.865655,203.05621,Summer_Even_AltSMSCG,1982,2
3/31/1982,1,24.5985165,197.04387,Summer_Even_AltSMSCG,1982,3
4/30/1982,1,23.8635675,178.17018,Summer_Even_AltSMSCG,1982,4
5/31/1982,1,17.008797,173.12816,Summer_Even_AltSMSCG,1982,5
6/30/1982,1,15.074568,180.10901,Summer_Even_AltSMSCG,1982,6
7/31/1982,1,18.765321,197.71284,Summer_Even_AltSMSCG,1982,7
8/31/1982,1,23.4343185,321.2015,Summer_Even_AltSMSCG,1982,8
9/30/1982,1,20.991003,331.70554,Summer_Even_AltSMSCG,1982,9
10/31/1982,1,23.9373525,438.32468,Summer_Even_AltSMSCG,1982,10
11/30/1982,1,26.3159745,296.64343,Summer_Even_AltSMSCG,1982,11
12/31/1982,1,24.33729,199.54562,Summer_Even_AltSMSCG,1982,12
1/31/1983,1,21.603357,172.4528,Summer_Even_AltSMSCG,1983,1
2/28/1983,1,14.7024885,180.06133,Summer_Even_AltSMSCG,1983,2
3/31/1983,1,7.9087995,192.14803,Summer_Even_AltSMSCG,1983,3
4/30/1983,1,7.069176,190.39407,Summer_Even_AltSMSCG,1983,4
5/31/1983,1,3.34579575,172.86491,Summer_Even_AltSMSCG,1983,5
6/30/1983,1,6.755286,168.9832,Summer_Even_AltSMSCG,1983,6
7/31/1983,1,17.492997,181.82782,Summer_Even_AltSMSCG,1983,7
8/31/1983,1,24.115938,217.01596,Summer_Even_AltSMSCG,1983,8
9/30/1983,1,21.832599,287.7336,Summer_Even_AltSMSCG,1983,9
10/31/1983,1,18.209319,277.98465,Summer_Even_AltSMSCG,1983,10
11/30/1983,1,18.087126,281.68768,Summer_Even_AltSMSCG,1983,11
12/31/1983,1,23.689554,203.35991,Summer_Even_AltSMSCG,1983,12
1/31/1984,1,12.620553,197.82701,Summer_Even_AltSMSCG,1984,1
2/29/1984,1,15.5695635,176.9087,Summer_Even_AltSMSCG,1984,2
3/31/1984,1,18.3681225,195.70818,Summer_Even_AltSMSCG,1984,3
4/30/1984,1,22.81326,214.57784,Summer_Even_AltSMSCG,1984,4
5/31/1984,1,24.7602555,236.49232,Summer_Even_AltSMSCG,1984,5
6/30/1984,1,24.8583135,264.8224,Summer_Even_AltSMSCG,1984,6
7/31/1984,1,26.1609495,295.40588,Summer_Even_AltSMSCG,1984,7
8/31/1984,1,24.767406,410.16193,Summer_Even_AltSMSCG,1984,8
9/30/1984,1,28.29465,440.9248,Summer_Even_AltSMSCG,1984,9
10/31/1984,1,45.6167533,832.38995,Summer_Even_AltSMSCG,1984,10
11/30/1984,1,132.799855,1680.5696,Summer_Even_AltSMSCG,1984,11
12/31/1984,1,127.2190335,1087.388,Summer_Even_AltSMSCG,1984,12
1/31/1985,1,50.16945445,356.3538,Summer_Even_AltSMSCG,1985,1
2/28/1985,3,27.7442505,346.15817,Summer_Even_AltSMSCG,1985,2
3/31/1985,3,35.4280375,456.18686,Summer_Even_AltSMSCG,1985,3
4/30/1985,3,38.65589905,308.83142,Summer_Even_AltSMSCG,1985,4
5/31/1985,4,40.44001045,286.96634,Summer_Even_AltSMSCG,1985,5
6/30/1985,4,37.0528795,334.83557,Summer_Even_AltSMSCG,1985,6
7/31/1985,4,30.72198925,406.8653,Summer_Even_AltSMSCG,1985,7
8/31/1985,4,77.4682735,1390.9482,Summer_Even_AltSMSCG,1985,8
9/30/1985,4,137.4430066,1590.1149,Summer_Even_AltSMSCG,1985,9
10/31/1985,4,137.3276215,1722.8357,Summer_Even_AltSMSCG,1985,10
11/30/1985,4,157.287511,1717.0743,Summer_Even_AltSMSCG,1985,11
12/31/1985,4,166.137103,1723.8802,Summer_Even_AltSMSCG,1985,12
1/31/1986,4,220.5781023,1689.4961,Summer_Even_AltSMSCG,1986,1
2/28/1986,4,116.2601536,629.02124,Summer_Even_AltSMSCG,1986,2
3/31/1986,1,38.957449,236.97475,Summer_Even_AltSMSCG,1986,3
4/30/1986,1,15.1093845,186.35559,Summer_Even_AltSMSCG,1986,4
5/31/1986,1,17.5489335,178.90898,Summer_Even_AltSMSCG,1986,5
6/30/1986,1,22.512003,208.79022,Summer_Even_AltSMSCG,1986,6
7/31/1986,1,25.2115125,258.76297,Summer_Even_AltSMSCG,1986,7
8/31/1986,1,22.5043695,348.38675,Summer_Even_AltSMSCG,1986,8
9/30/1986,1,23.25519,365.23178,Summer_Even_AltSMSCG,1986,9
10/31/1986,1,31.21526725,715.6582,Summer_Even_AltSMSCG,1986,10
11/30/1986,1,106.0742223,1436.6414,Summer_Even_AltSMSCG,1986,11
12/31/1986,1,153.420061,1771.8003,Summer_Even_AltSMSCG,1986,12
1/31/1987,1,193.492714,1585.5321,Summer_Even_AltSMSCG,1987,1
2/28/1987,4,146.2675015,1369.2202,Summer_Even_AltSMSCG,1987,2
3/31/1987,4,110.4096679,682.67236,Summer_Even_AltSMSCG,1987,3
4/30/1987,4,45.0845785,272.13223,Summer_Even_AltSMSCG,1987,4
5/31/1987,4,31.28891695,249.52827,Summer_Even_AltSMSCG,1987,5
6/30/1987,4,30.2052,318.98804,Summer_Even_AltSMSCG,1987,6
7/31/1987,4,36.35820055,458.5687,Summer_Even_AltSMSCG,1987,7
8/31/1987,4,48.5829763,835.10614,Summer_Even_AltSMSCG,1987,8
9/30/1987,4,86.527768,1169.5343,Summer_Even_AltSMSCG,1987,9
10/31/1987,4,132.5307295,1651.8041,Summer_Even_AltSMSCG,1987,10
11/30/1987,4,187.1129206,1978.6796,Summer_Even_AltSMSCG,1987,11
12/31/1987,4,202.9023595,1885.528,Summer_Even_AltSMSCG,1987,12
1/31/1988,4,186.6639145,1240.6345,Summer_Even_AltSMSCG,1988,1
2/29/1988,4,66.457726,369.2731,Summer_Even_AltSMSCG,1988,2
3/31/1988,5,41.18148355,253.64258,Summer_Even_AltSMSCG,1988,3
4/30/1988,5,48.3656695,292.9837,Summer_Even_AltSMSCG,1988,4
5/31/1988,5,49.460326,380.0209,Summer_Even_AltSMSCG,1988,5
6/30/1988,5,55.61773105,629.721,Summer_Even_AltSMSCG,1988,6
7/31/1988,5,72.84789055,731.83124,Summer_Even_AltSMSCG,1988,7
8/31/1988,5,63.368896,954.101,Summer_Even_AltSMSCG,1988,8
9/30/1988,5,113.5830745,1432.0988,Summer_Even_AltSMSCG,1988,9
10/31/1988,5,174.7728025,1939.435,Summer_Even_AltSMSCG,1988,10
11/30/1988,5,224.1860455,2180.674,Summer_Even_AltSMSCG,1988,11
12/31/1988,5,226.1042665,2226.5017,Summer_Even_AltSMSCG,1988,12
1/31/1989,5,215.6104326,1671.9701,Summer_Even_AltSMSCG,1989,1
2/28/1989,4,175.6960116,1481.5967,Summer_Even_AltSMSCG,1989,2
3/31/1989,5,148.134223,759.91504,Summer_Even_AltSMSCG,1989,3
4/30/1989,4,45.4603282,285.9236,Summer_Even_AltSMSCG,1989,4
5/31/1989,4,24.891345,237.84572,Summer_Even_AltSMSCG,1989,5
6/30/1989,4,25.905936,253.99689,Summer_Even_AltSMSCG,1989,6
7/31/1989,4,24.5246475,336.37112,Summer_Even_AltSMSCG,1989,7
8/31/1989,4,37.66240045,761.3626,Summer_Even_AltSMSCG,1989,8
9/30/1989,4,88.882609,1247.8213,Summer_Even_AltSMSCG,1989,9
10/31/1989,4,145.140013,1719.0894,Summer_Even_AltSMSCG,1989,10
11/30/1989,4,161.7598735,1701.4165,Summer_Even_AltSMSCG,1989,11
12/31/1989,4,158.2085911,1745.9908,Summer_Even_AltSMSCG,1989,12
1/31/1990,4,185.8836415,1682.3435,Summer_Even_AltSMSCG,1990,1
2/28/1990,4,124.5674305,818.3603,Summer_Even_AltSMSCG,1990,2
3/31/1990,5,48.6740566,365.03366,Summer_Even_AltSMSCG,1990,3
4/30/1990,5,37.0174882,371.9534,Summer_Even_AltSMSCG,1990,4
5/31/1990,5,49.80060175,337.05832,Summer_Even_AltSMSCG,1990,5
6/30/1990,5,48.25407205,378.43338,Summer_Even_AltSMSCG,1990,6
7/31/1990,5,57.8057473,688.2357,Summer_Even_AltSMSCG,1990,7
8/31/1990,5,89.11498945,1170.0568,Summer_Even_AltSMSCG,1990,8
9/30/1990,5,115.788433,1373.1788,Summer_Even_AltSMSCG,1990,9
10/31/1990,5,165.1577433,1821.7811,Summer_Even_AltSMSCG,1990,10
11/30/1990,5,214.0100635,2143.9778,Summer_Even_AltSMSCG,1990,11
12/31/1990,5,225.945664,1847.9327,Summer_Even_AltSMSCG,1990,12
1/31/1991,5,222.7979815,2105.702,Summer_Even_AltSMSCG,1991,1
2/28/1991,5,275.432095,2036.8278,Summer_Even_AltSMSCG,1991,2
3/31/1991,5,225.8040361,1349.24,Summer_Even_AltSMSCG,1991,3
4/30/1991,5,110.780812,492.8733,Summer_Even_AltSMSCG,1991,4
5/31/1991,5,45.9863698,254.4622,Summer_Even_AltSMSCG,1991,5
6/30/1991,5,43.42195405,418.27524,Summer_Even_AltSMSCG,1991,6
7/31/1991,5,72.5880475,886.77576,Summer_Even_AltSMSCG,1991,7
8/31/1991,5,160.877314,1623.3694,Summer_Even_AltSMSCG,1991,8
9/30/1991,5,188.3875945,1748.2543,Summer_Even_AltSMSCG,1991,9
10/31/1991,5,198.105781,1720.5592,Summer_Even_AltSMSCG,1991,10
11/30/1991,5,225.771814,2212.1382,Summer_Even_AltSMSCG,1991,11
12/31/1991,5,225.2413236,1853.8116,Summer_Even_AltSMSCG,1991,12
1/31/1992,5,197.192299,1962.0853,Summer_Even_AltSMSCG,1992,1
2/29/1992,5,242.275081,1553.8389,Summer_Even_AltSMSCG,1992,2
3/31/1992,5,104.2623034,433.22305,Summer_Even_AltSMSCG,1992,3
4/30/1992,5,39.720964,246.72989,Summer_Even_AltSMSCG,1992,4
5/31/1992,5,43.6278922,264.72235,Summer_Even_AltSMSCG,1992,5
6/30/1992,5,44.0193226,407.83188,Summer_Even_AltSMSCG,1992,6
7/31/1992,5,53.29181755,446.67575,Summer_Even_AltSMSCG,1992,7
8/31/1992,5,45.4599235,663.12976,Summer_Even_AltSMSCG,1992,8
9/30/1992,5,83.4863449,1194.3615,Summer_Even_AltSMSCG,1992,9
10/31/1992,5,161.454211,1987.3424,Summer_Even_AltSMSCG,1992,10
11/30/1992,5,224.8411009,2264.086,Summer_Even_AltSMSCG,1992,11
12/31/1992,5,222.915507,1704.713,Summer_Even_AltSMSCG,1992,12
1/31/1993,5,164.27497,1094.649,Summer_Even_AltSMSCG,1993,1
2/28/1993,3,63.3397633,340.85858,Summer_Even_AltSMSCG,1993,2
3/31/1993,2,41.998342,237.6443,Summer_Even_AltSMSCG,1993,3
4/30/1993,2,34.3143202,235.39989,Summer_Even_AltSMSCG,1993,4
5/31/1993,2,27.060765,228.3532,Summer_Even_AltSMSCG,1993,5
6/30/1993,2,25.4309625,228.37006,Summer_Even_AltSMSCG,1993,6
7/31/1993,2,23.7025905,223.70293,Summer_Even_AltSMSCG,1993,7
8/31/1993,2,22.59063,327.39923,Summer_Even_AltSMSCG,1993,8
9/30/1993,2,24.459654,486.1996,Summer_Even_AltSMSCG,1993,9
10/31/1993,2,59.9946841,1165.0997,Summer_Even_AltSMSCG,1993,10
11/30/1993,2,165.2643931,1770.1061,Summer_Even_AltSMSCG,1993,11
12/31/1993,2,162.9537955,1804.0192,Summer_Even_AltSMSCG,1993,12
1/31/1994,2,217.7547526,1723.458,Summer_Even_AltSMSCG,1994,1
2/28/1994,4,183.8954673,1458.6473,Summer_Even_AltSMSCG,1994,2
3/31/1994,4,127.388788,729.4979,Summer_Even_AltSMSCG,1994,3
4/30/1994,5,61.3390576,278.18137,Summer_Even_AltSMSCG,1994,4
5/31/1994,5,46.1785054,321.555,Summer_Even_AltSMSCG,1994,5
6/30/1994,5,47.39141695,517.5935,Summer_Even_AltSMSCG,1994,6
7/31/1994,5,79.53348325,988.6065,Summer_Even_AltSMSCG,1994,7
8/31/1994,5,106.9824175,1397.3071,Summer_Even_AltSMSCG,1994,8
9/30/1994,5,122.5084623,1543.4336,Summer_Even_AltSMSCG,1994,9
10/31/1994,5,172.7069031,1888.037,Summer_Even_AltSMSCG,1994,10
11/30/1994,5,223.2806005,2301.904,Summer_Even_AltSMSCG,1994,11
12/31/1994,5,222.7910959,1808.4315,Summer_Even_AltSMSCG,1994,12
1/31/1995,5,224.8048375,1838.3224,Summer_Even_AltSMSCG,1995,1
2/28/1995,1,78.6164188,369.13043,Summer_Even_AltSMSCG,1995,2
3/31/1995,2,27.175287,233.46878,Summer_Even_AltSMSCG,1995,3
4/30/1995,1,27.7467,214.20064,Summer_Even_AltSMSCG,1995,4
5/31/1995,1,23.580453,175.57518,Summer_Even_AltSMSCG,1995,5
6/30/1995,1,16.9119,169.5162,Summer_Even_AltSMSCG,1995,6
7/31/1995,1,15.362712,166.45775,Summer_Even_AltSMSCG,1995,7
8/31/1995,1,20.258754,199.00586,Summer_Even_AltSMSCG,1995,8
9/30/1995,1,20.715804,315.92926,Summer_Even_AltSMSCG,1995,9
10/31/1995,1,27.5404995,764.23175,Summer_Even_AltSMSCG,1995,10
11/30/1995,1,129.457717,1840.705,Summer_Even_AltSMSCG,1995,11
12/31/1995,1,192.7335025,1823.0962,Summer_Even_AltSMSCG,1995,12
1/31/1996,1,125.7238608,723.38367,Summer_Even_AltSMSCG,1996,1
2/29/1996,2,29.40201,229.12775,Summer_Even_AltSMSCG,1996,2
3/31/1996,1,31.461721,215.27496,Summer_Even_AltSMSCG,1996,3
4/30/1996,1,27.035205,213.61934,Summer_Even_AltSMSCG,1996,4
5/31/1996,1,24.0488955,207.76056,Summer_Even_AltSMSCG,1996,5
6/30/1996,1,21.65271,194.85295,Summer_Even_AltSMSCG,1996,6
7/31/1996,1,19.6063365,205.57088,Summer_Even_AltSMSCG,1996,7
8/31/1996,1,21.6166605,351.40927,Summer_Even_AltSMSCG,1996,8
9/30/1996,1,26.9181,470.6042,Summer_Even_AltSMSCG,1996,9
10/31/1996,1,51.8665468,927.1326,Summer_Even_AltSMSCG,1996,10
11/30/1996,1,150.8130235,1761.2157,Summer_Even_AltSMSCG,1996,11
12/31/1996,1,150.4631974,1535.032,Summer_Even_AltSMSCG,1996,12
1/31/1997,1,66.3014035,349.851,Summer_Even_AltSMSCG,1997,1
2/28/1997,1,7.1746875,185.12823,Summer_Even_AltSMSCG,1997,2
3/31/1997,1,15.940473,169.95348,Summer_Even_AltSMSCG,1997,3
4/30/1997,1,23.9725575,202.06194,Summer_Even_AltSMSCG,1997,4
5/31/1997,1,26.123136,268.2745,Summer_Even_AltSMSCG,1997,5
6/30/1997,1,29.096205,279.15616,Summer_Even_AltSMSCG,1997,6
7/31/1997,1,28.521255,285.34158,Summer_Even_AltSMSCG,1997,7
8/31/1997,1,24.1164615,337.9863,Summer_Even_AltSMSCG,1997,8
9/30/1997,1,25.607517,398.08478,Summer_Even_AltSMSCG,1997,9
10/31/1997,1,36.6907414,691.09094,Summer_Even_AltSMSCG,1997,10
11/30/1997,1,119.6469796,1681.3096,Summer_Even_AltSMSCG,1997,11
12/31/1997,1,155.018626,1752.14,Summer_Even_AltSMSCG,1997,12
1/31/1998,1,136.7575218,832.4489,Summer_Even_AltSMSCG,1998,1
2/28/1998,1,43.492882,257.4089,Summer_Even_AltSMSCG,1998,2
3/31/1998,1,44.0640733,222.98668,Summer_Even_AltSMSCG,1998,3
4/30/1998,1,23.7226815,183.01874,Summer_Even_AltSMSCG,1998,4
5/31/1998,1,17.90139,176.35788,Summer_Even_AltSMSCG,1998,5
6/30/1998,1,17.1174405,163.21153,Summer_Even_AltSMSCG,1998,6
7/31/1998,1,14.814723,163.03812,Summer_Even_AltSMSCG,1998,7
8/31/1998,1,16.265643,184.86203,Summer_Even_AltSMSCG,1998,8
9/30/1998,1,20.102268,278.93814,Summer_Even_AltSMSCG,1998,9
10/31/1998,1,19.068786,270.3261,Summer_Even_AltSMSCG,1998,10
11/30/1998,1,17.968989,298.20392,Summer_Even_AltSMSCG,1998,11
12/31/1998,1,24.616503,291.20084,Summer_Even_AltSMSCG,1998,12
1/31/1999,1,23.144391,205.64262,Summer_Even_AltSMSCG,1999,1
2/28/1999,2,24.732561,210.08386,Summer_Even_AltSMSCG,1999,2
3/31/1999,1,27.40125,211.01039,Summer_Even_AltSMSCG,1999,3
4/30/1999,1,25.291932,211.03519,Summer_Even_AltSMSCG,1999,4
5/31/1999,1,24.589902,215.48969,Summer_Even_AltSMSCG,1999,5
6/30/1999,1,23.9323245,239.86768,Summer_Even_AltSMSCG,1999,6
7/31/1999,1,23.7548385,256.454,Summer_Even_AltSMSCG,1999,7
8/31/1999,1,24.2973,377.62094,Summer_Even_AltSMSCG,1999,8
9/30/1999,1,25.9927665,403.12106,Summer_Even_AltSMSCG,1999,9
10/31/1999,1,42.698929,855.38947,Summer_Even_AltSMSCG,1999,10
11/30/1999,1,146.5869865,1714.9788,Summer_Even_AltSMSCG,1999,11
12/31/1999,1,167.3174875,1741.856,Summer_Even_AltSMSCG,1999,12
1/31/2000,1,201.8507665,1601.2941,Summer_Even_AltSMSCG,2000,1
2/29/2000,3,115.2101196,670.7281,Summer_Even_AltSMSCG,2000,2
3/31/2000,2,39.7618045,239.21991,Summer_Even_AltSMSCG,2000,3
4/30/2000,2,25.1169045,212.94617,Summer_Even_AltSMSCG,2000,4
5/31/2000,2,23.300322,207.18156,Summer_Even_AltSMSCG,2000,5
6/30/2000,2,24.20211,244.20294,Summer_Even_AltSMSCG,2000,6
7/31/2000,2,24.3923745,270.05585,Summer_Even_AltSMSCG,2000,7
8/31/2000,2,25.218471,456.50806,Summer_Even_AltSMSCG,2000,8
9/30/2000,2,29.129415,546.3473,Summer_Even_AltSMSCG,2000,9
10/31/2000,2,50.034031,821.8227,Summer_Even_AltSMSCG,2000,10
11/30/2000,2,125.8344835,1673.4729,Summer_Even_AltSMSCG,2000,11
12/31/2000,2,172.8898474,1752.3551,Summer_Even_AltSMSCG,2000,12
1/31/2001,2,196.227859,1653.329,Summer_Even_AltSMSCG,2001,1
2/28/2001,4,162.9036811,1200.0259,Summer_Even_AltSMSCG,2001,2
3/31/2001,4,73.683046,402.102,Summer_Even_AltSMSCG,2001,3
4/30/2001,4,32.74452595,246.50443,Summer_Even_AltSMSCG,2001,4
5/31/2001,4,32.4891232,246.66312,Summer_Even_AltSMSCG,2001,5
6/30/2001,4,27.91914,312.5361,Summer_Even_AltSMSCG,2001,6
7/31/2001,4,29.1710955,488.4158,Summer_Even_AltSMSCG,2001,7
8/31/2001,4,56.8295026,1038.2976,Summer_Even_AltSMSCG,2001,8
9/30/2001,4,105.9793144,1382.9539,Summer_Even_AltSMSCG,2001,9
10/31/2001,4,152.128632,1856.8668,Summer_Even_AltSMSCG,2001,10
11/30/2001,4,201.9375775,1836.3625,Summer_Even_AltSMSCG,2001,11
12/31/2001,4,169.6155138,1730.6241,Summer_Even_AltSMSCG,2001,12
1/31/2002,4,119.3749015,784.6734,Summer_Even_AltSMSCG,2002,1
2/28/2002,3,29.9713575,232.75337,Summer_Even_AltSMSCG,2002,2
3/31/2002,3,29.0137395,233.97006,Summer_Even_AltSMSCG,2002,3
4/30/2002,3,27.161175,245.80226,Summer_Even_AltSMSCG,2002,4
5/31/2002,4,28.602159,256.41364,Summer_Even_AltSMSCG,2002,5
6/30/2002,4,29.56815,313.62967,Summer_Even_AltSMSCG,2002,6
7/31/2002,4,29.854425,429.1001,Summer_Even_AltSMSCG,2002,7
8/31/2002,4,55.36953025,975.989,Summer_Even_AltSMSCG,2002,8
9/30/2002,4,108.530224,1550.0205,Summer_Even_AltSMSCG,2002,9
10/31/2002,4,154.6392055,1818.4564,Summer_Even_AltSMSCG,2002,10
11/30/2002,4,166.3415791,1664.9865,Summer_Even_AltSMSCG,2002,11
12/31/2002,4,157.6298416,1737.7688,Summer_Even_AltSMSCG,2002,12
1/31/2003,4,101.821401,634.9911,Summer_Even_AltSMSCG,2003,1
2/28/2003,2,27.998685,214.09442,Summer_Even_AltSMSCG,2003,2
3/31/2003,3,26.0705685,230.22346,Summer_Even_AltSMSCG,2003,3
4/30/2003,3,26.3091225,245.1202,Summer_Even_AltSMSCG,2003,4
5/31/2003,2,27.9013095,234.94182,Summer_Even_AltSMSCG,2003,5
6/30/2003,2,23.992644,219.03677,Summer_Even_AltSMSCG,2003,6
7/31/2003,2,20.843868,230.55577,Summer_Even_AltSMSCG,2003,7
8/31/2003,2,22.958295,449.84253,Summer_Even_AltSMSCG,2003,8
9/30/2003,2,30.196536,619.9316,Summer_Even_AltSMSCG,2003,9
10/31/2003,2,68.22648445,1118.7152,Summer_Even_AltSMSCG,2003,10
11/30/2003,2,157.001599,1618.9131,Summer_Even_AltSMSCG,2003,11
12/31/2003,2,171.608362,1747.106,Summer_Even_AltSMSCG,2003,12
1/31/2004,2,151.390234,776.02844,Summer_Even_AltSMSCG,2004,1
2/29/2004,2,30.3163288,263.6232,Summer_Even_AltSMSCG,2004,2
3/31/2004,2,28.572105,238.54344,Summer_Even_AltSMSCG,2004,3
4/30/2004,2,25.0352025,236.74202,Summer_Even_AltSMSCG,2004,4
5/31/2004,3,26.591043,242.78798,Summer_Even_AltSMSCG,2004,5
6/30/2004,3,28.3431105,275.05927,Summer_Even_AltSMSCG,2004,6
7/31/2004,3,28.186035,388.5636,Summer_Even_AltSMSCG,2004,7
8/31/2004,3,43.1172007,761.9789,Summer_Even_AltSMSCG,2004,8
9/30/2004,3,88.6981969,1320.5785,Summer_Even_AltSMSCG,2004,9
10/31/2004,3,157.325929,1693.3258,Summer_Even_AltSMSCG,2004,10
11/30/2004,3,149.2983055,1684.8119,Summer_Even_AltSMSCG,2004,11
12/31/2004,3,151.9322926,1745.6459,Summer_Even_AltSMSCG,2004,12
1/31/2005,3,163.9569841,934.88727,Summer_Even_AltSMSCG,2005,1
2/28/2005,3,48.5840479,310.75003,Summer_Even_AltSMSCG,2005,2
3/31/2005,3,40.7038492,241.37431,Summer_Even_AltSMSCG,2005,3
4/30/2005,3,37.3346191,231.08873,Summer_Even_AltSMSCG,2005,4
5/31/2005,3,27.1732905,227.7422,Summer_Even_AltSMSCG,2005,5
6/30/2005,3,20.5756455,207.34175,Summer_Even_AltSMSCG,2005,6
7/31/2005,3,17.1429,197.18544,Summer_Even_AltSMSCG,2005,7
8/31/2005,3,21.8315985,274.84558,Summer_Even_AltSMSCG,2005,8
9/30/2005,3,70.82707525,1012.96924,Summer_Even_AltSMSCG,2005,9
10/31/2005,3,139.555951,1745.7421,Summer_Even_AltSMSCG,2005,10
11/30/2005,3,114.1594015,1507.2427,Summer_Even_AltSMSCG,2005,11
12/31/2005,3,148.432561,1761.264,Summer_Even_AltSMSCG,2005,12
1/31/2006,3,76.99961095,465.18124,Summer_Even_AltSMSCG,2006,1
2/28/2006,1,24.5446635,192.69772,Summer_Even_AltSMSCG,2006,2
3/31/2006,1,21.932886,194.70424,Summer_Even_AltSMSCG,2006,3
4/30/2006,1,25.1375355,188.7409,Summer_Even_AltSMSCG,2006,4
5/31/2006,1,14.94294,178.83725,Summer_Even_AltSMSCG,2006,5
6/30/2006,1,13.080009,169.89247,Summer_Even_AltSMSCG,2006,6
7/31/2006,1,19.1570955,179.54366,Summer_Even_AltSMSCG,2006,7
8/31/2006,1,25.82247,260.3063,Summer_Even_AltSMSCG,2006,8
9/30/2006,1,21.3828435,335.2123,Summer_Even_AltSMSCG,2006,9
10/31/2006,1,28.863876,666.2649,Summer_Even_AltSMSCG,2006,10
11/30/2006,1,101.346229,1441.6052,Summer_Even_AltSMSCG,2006,11
12/31/2006,1,141.2912733,1780.3793,Summer_Even_AltSMSCG,2006,12
1/31/2007,1,150.7571208,1056.9672,Summer_Even_AltSMSCG,2007,1
2/28/2007,3,57.65047075,588.57465,Summer_Even_AltSMSCG,2007,2
3/31/2007,3,63.40812625,457.82855,Summer_Even_AltSMSCG,2007,3
4/30/2007,4,38.504983,245.33778,Summer_Even_AltSMSCG,2007,4
5/31/2007,4,33.8669044,268.14536,Summer_Even_AltSMSCG,2007,5
6/30/2007,4,32.1866755,338.10947,Summer_Even_AltSMSCG,2007,6
7/31/2007,4,31.7188195,449.08664,Summer_Even_AltSMSCG,2007,7
8/31/2007,4,72.1606216,1393.9944,Summer_Even_AltSMSCG,2007,8
9/30/2007,4,138.8655385,1579.7611,Summer_Even_AltSMSCG,2007,9
10/31/2007,4,140.5783714,1758.7622,Summer_Even_AltSMSCG,2007,10
11/30/2007,4,162.9160615,1730.1622,Summer_Even_AltSMSCG,2007,11
12/31/2007,4,167.883127,1759.0807,Summer_Even_AltSMSCG,2007,12
1/31/2008,4,178.776283,1527.6832,Summer_Even_AltSMSCG,2008,1
2/29/2008,4,106.9294816,589.87976,Summer_Even_AltSMSCG,2008,2
3/31/2008,4,43.7135632,256.12854,Summer_Even_AltSMSCG,2008,3
4/30/2008,4,44.3743471,245.12752,Summer_Even_AltSMSCG,2008,4
5/31/2008,5,38.52181795,267.25256,Summer_Even_AltSMSCG,2008,5
6/30/2008,5,31.6996504,371.30728,Summer_Even_AltSMSCG,2008,6
7/31/2008,5,41.8208098,548.8877,Summer_Even_AltSMSCG,2008,7
8/31/2008,5,58.8789661,1006.57336,Summer_Even_AltSMSCG,2008,8
9/30/2008,5,110.706028,1449.2689,Summer_Even_AltSMSCG,2008,9
10/31/2008,5,164.130361,1953.8713,Summer_Even_AltSMSCG,2008,10
11/30/2008,5,223.199347,2247.97,Summer_Even_AltSMSCG,2008,11
12/31/2008,5,224.2955995,1698.7358,Summer_Even_AltSMSCG,2008,12
1/31/2009,5,196.1967655,1822.4347,Summer_Even_AltSMSCG,2009,1
2/28/2009,5,201.1028809,1124.5079,Summer_Even_AltSMSCG,2009,2
3/31/2009,5,83.3821831,379.01492,Summer_Even_AltSMSCG,2009,3
4/30/2009,4,31.3125748,250.44981,Summer_Even_AltSMSCG,2009,4
5/31/2009,5,37.3089349,253.40169,Summer_Even_AltSMSCG,2009,5
6/30/2009,5,35.0835124,318.06262,Summer_Even_AltSMSCG,2009,6
7/31/2009,5,28.2357105,335.7863,Summer_Even_AltSMSCG,2009,7
8/31/2009,5,28.342758,531.5845,Summer_Even_AltSMSCG,2009,8
9/30/2009,5,72.5681545,1170.434,Summer_Even_AltSMSCG,2009,9
10/31/2009,5,165.1042915,2175.9863,Summer_Even_AltSMSCG,2009,10
11/30/2009,5,210.518101,2032.0142,Summer_Even_AltSMSCG,2009,11
12/31/2009,5,159.905236,1968.2709,Summer_Even_AltSMSCG,2009,12
1/31/2010,5,209.2314685,1671.7814,Summer_Even_AltSMSCG,2010,1
2/28/2010,4,92.8302352,465.11917,Summer_Even_AltSMSCG,2010,2
3/31/2010,4,40.33321525,243.76009,Summer_Even_AltSMSCG,2010,3
4/30/2010,4,28.599495,241.92674,Summer_Even_AltSMSCG,2010,4
5/31/2010,3,28.434531,237.34488,Summer_Even_AltSMSCG,2010,5
6/30/2010,3,27.648765,226.00154,Summer_Even_AltSMSCG,2010,6
7/31/2010,3,25.7271075,245.43282,Summer_Even_AltSMSCG,2010,7
8/31/2010,3,30.1191195,601.3603,Summer_Even_AltSMSCG,2010,8
9/30/2010,3,86.63999245,1339.4246,Summer_Even_AltSMSCG,2010,9
10/31/2010,3,125.6525253,1737.7714,Summer_Even_AltSMSCG,2010,10
11/30/2010,3,126.4712875,1447.7654,Summer_Even_AltSMSCG,2010,11
12/31/2010,3,114.7026115,1323.0006,Summer_Even_AltSMSCG,2010,12
1/31/2011,3,60.41698,379.91068,Summer_Even_AltSMSCG,2011,1
2/28/2011,2,24.81906,188.32954,Summer_Even_AltSMSCG,2011,2
3/31/2011,2,27.410262,208.16714,Summer_Even_AltSMSCG,2011,3
4/30/2011,1,18.169491,216.40965,Summer_Even_AltSMSCG,2011,4
5/31/2011,1,16.54899,192.38933,Summer_Even_AltSMSCG,2011,5
6/30/2011,1,16.581993,188.4131,Summer_Even_AltSMSCG,2011,6
7/31/2011,1,19.1521815,186.6141,Summer_Even_AltSMSCG,2011,7
8/31/2011,1,18.430245,215.57378,Summer_Even_AltSMSCG,2011,8
9/30/2011,1,19.1665125,297.76175,Summer_Even_AltSMSCG,2011,9
10/31/2011,1,22.162479,396.78235,Summer_Even_AltSMSCG,2011,10
11/30/2011,1,43.622614,704.2287,Summer_Even_AltSMSCG,2011,11
12/31/2011,1,90.420241,1230.069,Summer_Even_AltSMSCG,2011,12
1/31/2012,1,216.8151589,1741.1752,Summer_Even_AltSMSCG,2012,1
2/29/2012,4,174.3950065,1370.8324,Summer_Even_AltSMSCG,2012,2
3/31/2012,4,81.33769,430.50696,Summer_Even_AltSMSCG,2012,3
4/30/2012,4,39.52786795,272.82468,Summer_Even_AltSMSCG,2012,4
5/31/2012,3,28.298745,224.89859,Summer_Even_AltSMSCG,2012,5
6/30/2012,3,26.48409,242.38701,Summer_Even_AltSMSCG,2012,6
7/31/2012,3,25.528746,351.093,Summer_Even_AltSMSCG,2012,7
8/31/2012,3,34.2354436,750.6989,Summer_Even_AltSMSCG,2012,8
9/30/2012,3,81.43854295,1302.1157,Summer_Even_AltSMSCG,2012,9
10/31/2012,3,161.602468,1716.6205,Summer_Even_AltSMSCG,2012,10
11/30/2012,3,155.4695245,1714.5746,Summer_Even_AltSMSCG,2012,11
12/31/2012,3,174.714121,1741.4282,Summer_Even_AltSMSCG,2012,12
1/31/2013,3,96.65779375,508.79398,Summer_Even_AltSMSCG,2013,1
2/28/2013,3,23.465199,228.78938,Summer_Even_AltSMSCG,2013,2
3/31/2013,3,26.4633675,249.14604,Summer_Even_AltSMSCG,2013,3
4/30/2013,4,25.215195,260.98883,Summer_Even_AltSMSCG,2013,4
5/31/2013,4,31.0135984,293.44876,Summer_Even_AltSMSCG,2013,5
6/30/2013,4,39.1100494,322.0422,Summer_Even_AltSMSCG,2013,6
7/31/2013,4,32.50997095,388.38507,Summer_Even_AltSMSCG,2013,7
8/31/2013,4,41.1940777,737.3383,Summer_Even_AltSMSCG,2013,8
9/30/2013,4,75.2500615,1097.0096,Summer_Even_AltSMSCG,2013,9
10/31/2013,4,150.0838111,1807.3859,Summer_Even_AltSMSCG,2013,10
11/30/2013,4,171.4580644,1636.1835,Summer_Even_AltSMSCG,2013,11
12/31/2013,4,190.7467675,1929.4905,Summer_Even_AltSMSCG,2013,12
1/31/2014,4,223.6690413,1985.8468,Summer_Even_AltSMSCG,2014,1
2/28/2014,5,179.693242,955.9822,Summer_Even_AltSMSCG,2014,2
3/31/2014,5,68.2252675,396.83206,Summer_Even_AltSMSCG,2014,3
4/30/2014,5,34.47717205,323.83136,Summer_Even_AltSMSCG,2014,4
5/31/2014,5,35.4224344,297.27628,Summer_Even_AltSMSCG,2014,5
6/30/2014,5,46.9597645,589.1757,Summer_Even_AltSMSCG,2014,6
7/31/2014,5,105.4077469,1195.6685,Summer_Even_AltSMSCG,2014,7
8/31/2014,5,168.6745834,1545.1577,Summer_Even_AltSMSCG,2014,8
9/30/2014,5,174.1288593,1433.2361,Summer_Even_AltSMSCG,2014,9
10/31/2014,5,173.54317,1583.48,Summer_Even_AltSMSCG,2014,10
11/30/2014,5,221.7287185,1842.5477,Summer_Even_AltSMSCG,2014,11
12/31/2014,5,224.3869705,1876.6908,Summer_Even_AltSMSCG,2014,12
1/31/2015,5,104.029333,608.9075,Summer_Even_AltSMSCG,2015,1
2/28/2015,5,32.4693613,271.1912,Summer_Even_AltSMSCG,2015,2
3/31/2015,5,35.9045461,350.27142,Summer_Even_AltSMSCG,2015,3
4/30/2015,5,39.9082033,305.53455,Summer_Even_AltSMSCG,2015,4
5/31/2015,5,54.07862845,437.7654,Summer_Even_AltSMSCG,2015,5
6/30/2015,5,68.88432145,978.9297,Summer_Even_AltSMSCG,2015,6
7/31/2015,5,155.8697956,1715.2625,Summer_Even_AltSMSCG,2015,7
8/31/2015,5,176.809746,1622.4642,Summer_Even_AltSMSCG,2015,8
9/30/2015,5,150.8397109,1458.906,Summer_Even_AltSMSCG,2015,9
10/31/2015,5,175.632904,1644.5894,Summer_Even_AltSMSCG,2015,10
11/30/2015,5,184.8149485,2092.5945,Summer_Even_AltSMSCG,2015,11
12/31/2015,5,225.2497083,1870.4113,Summer_Even_AltSMSCG,2015,12
1/31/2016,5,207.9492649,1849.5154,Summer_Even_AltSMSCG,2016,1
2/29/2016,3,103.243132,583.01587,Summer_Even_AltSMSCG,2016,2
3/31/2016,4,32.01688105,245.4735,Summer_Even_AltSMSCG,2016,3
4/30/2016,3,28.8232995,246.87206,Summer_Even_AltSMSCG,2016,4
5/31/2016,3,28.893075,239.14452,Summer_Even_AltSMSCG,2016,5
6/30/2016,3,27.761046,250.2418,Summer_Even_AltSMSCG,2016,6
7/31/2016,3,25.1383665,384.5538,Summer_Even_AltSMSCG,2016,7
8/31/2016,3,39.6330643,761.1738,Summer_Even_AltSMSCG,2016,8
9/30/2016,3,69.997426,1018.4798,Summer_Even_AltSMSCG,2016,9
10/31/2016,3,143.0993104,1787.267,Summer_Even_AltSMSCG,2016,10
11/30/2016,3,174.679693,1683.4374,Summer_Even_AltSMSCG,2016,11
12/31/2016,3,158.7537676,1832.76,Summer_Even_AltSMSCG,2016,12
1/31/2017,3,116.002639,663.623,Summer_Even_AltSMSCG,2017,1
2/28/2017,1,32.2647883,218.8178,Summer_Even_AltSMSCG,2017,2
3/31/2017,1,16.237131,199.88622,Summer_Even_AltSMSCG,2017,3
4/30/2017,1,16.8886395,171.78189,Summer_Even_AltSMSCG,2017,4
5/31/2017,1,15.141456,175.87251,Summer_Even_AltSMSCG,2017,5
6/30/2017,1,15.229665,194.66635,Summer_Even_AltSMSCG,2017,6
7/31/2017,1,18.563652,226.89941,Summer_Even_AltSMSCG,2017,7
8/31/2017,1,23.5612215,242.23833,Summer_Even_AltSMSCG,2017,8
9/30/2017,1,23.6166615,354.0969,Summer_Even_AltSMSCG,2017,9
10/31/2017,1,31.08419575,732.68085,Summer_Even_AltSMSCG,2017,10
11/30/2017,1,98.6886781,1445.4053,Summer_Even_AltSMSCG,2017,11
12/31/2017,1,90.436771,1040.5443,Summer_Even_AltSMSCG,2017,12
1/31/2018,1,147.289825,1452.1238,Summer_Even_AltSMSCG,2018,1
2/28/2018,3,187.488505,1109.4534,Summer_Even_AltSMSCG,2018,2
3/31/2018,4,59.2762618,316.8177,Summer_Even_AltSMSCG,2018,3
4/30/2018,3,37.9817116,254.22119,Summer_Even_AltSMSCG,2018,4
5/31/2018,3,29.558331,233.45802,Summer_Even_AltSMSCG,2018,5
6/30/2018,3,27.502212,229.48969,Summer_Even_AltSMSCG,2018,6
7/31/2018,3,25.04292,353.32224,Summer_Even_AltSMSCG,2018,7
8/31/2018,3,37.3817239,729.4211,Summer_Even_AltSMSCG,2018,8
9/30/2018,3,74.9217415,1220.5012,Summer_Even_AltSMSCG,2018,9
10/31/2018,3,159.436468,1704.477,Summer_Even_AltSMSCG,2018,10
11/30/2018,3,151.6997725,1712.8729,Summer_Even_AltSMSCG,2018,11
12/31/2018,3,179.861355,1748.5458,Summer_Even_AltSMSCG,2018,12
1/31/2019,3,222.0342556,1346.0543,Summer_Even_AltSMSCG,2019,1
2/28/2019,3,86.4394522,497.4787,Summer_Even_AltSMSCG,2019,2
3/31/2019,2,37.5698695,239.3019,Summer_Even_AltSMSCG,2019,3
4/30/2019,1,26.929785,222.02596,Summer_Even_AltSMSCG,2019,4
5/31/2019,1,23.243568,193.36496,Summer_Even_AltSMSCG,2019,5
6/30/2019,1,19.3103025,193.77364,Summer_Even_AltSMSCG,2019,6
7/31/2019,1,18.5655855,185.58736,Summer_Even_AltSMSCG,2019,7
8/31/2019,1,21.5323905,225.12679,Summer_Even_AltSMSCG,2019,8
9/30/2019,1,22.934043,359.09595,Summer_Even_AltSMSCG,2019,9
10/31/2019,1,32.9145655,685.38666,Summer_Even_AltSMSCG,2019,10
11/30/2019,1,93.38195245,1405.3331,Summer_Even_AltSMSCG,2019,11
12/31/2019,1,133.5396181,1770.845,Summer_Even_AltSMSCG,2019,12
1/31/2020,1,157.2050719,956.5795,Summer_Even_AltSMSCG,2020,1
2/29/2020,3,49.2472657,561.89484,Summer_Even_AltSMSCG,2020,2
3/31/2020,4,55.7145598,583.4582,Summer_Even_AltSMSCG,2020,3
4/30/2020,4,47.5345183,408.53772,Summer_Even_AltSMSCG,2020,4
5/31/2020,4,47.87185855,320.09827,Summer_Even_AltSMSCG,2020,5
6/30/2020,4,39.5175538,332.06912,Summer_Even_AltSMSCG,2020,6
7/31/2020,4,31.5079309,415.2252,Summer_Even_AltSMSCG,2020,7
8/31/2020,4,46.9215745,821.3788,Summer_Even_AltSMSCG,2020,8
9/30/2020,4,80.7780355,1119.5109,Summer_Even_AltSMSCG,2020,9
10/31/2020,4,132.9086395,1825.0515,Summer_Even_AltSMSCG,2020,10
11/30/2020,4,183.1012293,1825.8898,Summer_Even_AltSMSCG,2020,11
12/31/2020,4,171.4770768,1798.1384,Summer_Even_AltSMSCG,2020,12
1/31/2021,4,224.096755,1770.7766,Summer_Even_AltSMSCG,2021,1
2/28/2021,5,203.813097,1066.94,Summer_Even_AltSMSCG,2021,2
3/31/2021,5,121.928986,833.5983,Summer_Even_AltSMSCG,2021,3
4/30/2021,5,112.419961,771.4473,Summer_Even_AltSMSCG,2021,4
5/31/2021,5,87.45146155,877.2811,Summer_Even_AltSMSCG,2021,5
6/30/2021,5,114.5969449,940.9206,Summer_Even_AltSMSCG,2021,6
7/31/2021,5,132.6235426,1339.534,Summer_Even_AltSMSCG,2021,7
8/31/2021,5,175.1626626,1716.2151,Summer_Even_AltSMSCG,2021,8
9/30/2021,5,165.447745,1590.6774,Summer_Even_AltSMSCG,2021,9
11/30/1920,NA,NA,NA,Summer_Hist,1920,11
12/31/1920,NA,NA,NA,Summer_Hist,1920,12
1/31/1921,NA,NA,NA,Summer_Hist,1921,1
2/28/1921,NA,NA,NA,Summer_Hist,1921,2
3/31/1921,5,NA,NA,Summer_Hist,1921,3
4/30/1921,5,NA,NA,Summer_Hist,1921,4
5/31/1921,2,NA,NA,Summer_Hist,1921,5
6/30/1921,2,NA,NA,Summer_Hist,1921,6
7/31/1921,2,NA,NA,Summer_Hist,1921,7
8/31/1921,2,NA,NA,Summer_Hist,1921,8
9/30/1921,2,NA,NA,Summer_Hist,1921,9
10/31/1921,2,NA,NA,Summer_Hist,1921,10
11/30/1921,2,26.9589255,488.70517,Summer_Hist,1921,11
12/31/1921,2,142.1877436,1512.4395,Summer_Hist,1921,12
1/31/1922,2,176.3566216,917.7313,Summer_Hist,1922,1
2/28/1922,3,42.5841595,290.54105,Summer_Hist,1922,2
3/31/1922,3,50.5267846,265.89096,Summer_Hist,1922,3
4/30/1922,2,31.91719945,236.84013,Summer_Hist,1922,4
5/31/1922,2,27.3084225,218.3221,Summer_Hist,1922,5
6/30/1922,2,21.550569,217.75186,Summer_Hist,1922,6
7/31/1922,2,21.7297605,211.99358,Summer_Hist,1922,7
8/31/1922,2,23.1317535,299.6373,Summer_Hist,1922,8
9/30/1922,2,35.72505595,758.6486,Summer_Hist,1922,9
10/31/1922,2,92.3212765,1498.1957,Summer_Hist,1922,10
11/30/1922,2,159.1235865,1696.6123,Summer_Hist,1922,11
12/31/1922,2,140.2019035,1768.9309,Summer_Hist,1922,12
1/31/1923,2,89.07144145,631.6156,Summer_Hist,1923,1
2/28/1923,3,33.1349047,220.21664,Summer_Hist,1923,2
3/31/1923,3,33.8414881,230.89151,Summer_Hist,1923,3
4/30/1923,4,38.5685095,245.57568,Summer_Hist,1923,4
5/31/1923,3,36.7418647,243.15714,Summer_Hist,1923,5
6/30/1923,3,28.624242,225.5019,Summer_Hist,1923,6
7/31/1923,3,27.9228105,305.10785,Summer_Hist,1923,7
8/31/1923,3,30.31130995,723.44617,Summer_Hist,1923,8
9/30/1923,3,72.20929105,1185.2224,Summer_Hist,1923,9
10/31/1923,3,137.4087753,1659.2633,Summer_Hist,1923,10
11/30/1923,3,138.0480445,1718.2928,Summer_Hist,1923,11
12/31/1923,3,177.71101,1753.8763,Summer_Hist,1923,12
1/31/1924,3,192.984331,1350.263,Summer_Hist,1924,1
2/29/1924,5,142.0470705,1267.5468,Summer_Hist,1924,2
3/31/1924,5,94.836715,628.5693,Summer_Hist,1924,3
4/30/1924,5,67.92517675,346.2949,Summer_Hist,1924,4
5/31/1924,5,68.4033241,464.06134,Summer_Hist,1924,5
6/30/1924,5,74.0856085,883.0935,Summer_Hist,1924,6
7/31/1924,5,154.9792561,1651.1805,Summer_Hist,1924,7
8/31/1924,5,210.676048,1720.6305,Summer_Hist,1924,8
9/30/1924,5,181.1779666,1470.9359,Summer_Hist,1924,9
10/31/1924,5,189.2286751,1492.1681,Summer_Hist,1924,10
11/30/1924,5,201.52903,2128.8613,Summer_Hist,1924,11
12/31/1924,5,218.3526085,2284.6492,Summer_Hist,1924,12
1/31/1925,5,202.9238485,1525.6398,Summer_Hist,1925,1
2/28/1925,5,113.2020381,867.70844,Summer_Hist,1925,2
3/31/1925,4,62.95575145,385.65616,Summer_Hist,1925,3
4/30/1925,4,29.3226105,245.3176,Summer_Hist,1925,4
5/31/1925,4,29.24559,245.22458,Summer_Hist,1925,5
6/30/1925,4,32.9948044,240.6734,Summer_Hist,1925,6
7/31/1925,4,27.6464955,295.98785,Summer_Hist,1925,7
8/31/1925,4,37.28830375,714.5707,Summer_Hist,1925,8
9/30/1925,4,81.4541695,1178.4001,Summer_Hist,1925,9
10/31/1925,4,137.184258,1756.442,Summer_Hist,1925,10
11/30/1925,4,175.6042188,1624.9467,Summer_Hist,1925,11
12/31/1925,4,172.389376,1744.9708,Summer_Hist,1925,12
1/31/1926,4,185.4472068,1514.1145,Summer_Hist,1926,1
2/28/1926,5,126.5641804,910.14496,Summer_Hist,1926,2
3/31/1926,4,57.36976,315.2609,Summer_Hist,1926,3
4/30/1926,5,55.1057257,244.97113,Summer_Hist,1926,4
5/31/1926,4,40.332289,246.13951,Summer_Hist,1926,5
6/30/1926,4,25.88589,250.18288,Summer_Hist,1926,6
7/31/1926,4,24.7187775,346.94907,Summer_Hist,1926,7
8/31/1926,4,36.6495475,686.38605,Summer_Hist,1926,8
9/30/1926,4,77.867587,1039.9436,Summer_Hist,1926,9
10/31/1926,4,127.1802079,1745.7526,Summer_Hist,1926,10
11/30/1926,4,169.534531,1781.0323,Summer_Hist,1926,11
12/31/1926,4,131.482756,1011.31836,Summer_Hist,1926,12
1/31/1927,4,53.7688591,460.98166,Summer_Hist,1927,1
2/28/1927,3,32.49679255,334.30402,Summer_Hist,1927,2
3/31/1927,2,27.31095,238.87949,Summer_Hist,1927,3
4/30/1927,2,26.735532,228.2643,Summer_Hist,1927,4
5/31/1927,1,36.761182,219.26923,Summer_Hist,1927,5
6/30/1927,1,25.854993,223.31805,Summer_Hist,1927,6
7/31/1927,1,23.0544795,206.49767,Summer_Hist,1927,7
8/31/1927,1,20.6297955,299.4441,Summer_Hist,1927,8
9/30/1927,1,39.835363,649.4479,Summer_Hist,1927,9
10/31/1927,1,75.03487795,1086.0144,Summer_Hist,1927,10
11/30/1927,1,137.136472,1785.0205,Summer_Hist,1927,11
12/31/1927,1,159.076114,1835.738,Summer_Hist,1927,12
1/31/1928,1,223.0627893,1515.4913,Summer_Hist,1928,1
2/29/1928,3,137.7338035,811.2785,Summer_Hist,1928,2
3/31/1928,3,46.38470005,303.96497,Summer_Hist,1928,3
4/30/1928,2,26.2989045,239.25119,Summer_Hist,1928,4
5/31/1928,2,26.460036,221.98732,Summer_Hist,1928,5
6/30/1928,2,25.9746915,231.0791,Summer_Hist,1928,6
7/31/1928,2,25.4590125,238.91249,Summer_Hist,1928,7
8/31/1928,2,22.066857,347.305,Summer_Hist,1928,8
9/30/1928,2,51.6522838,829.6552,Summer_Hist,1928,9
10/31/1928,2,91.42482325,1165.288,Summer_Hist,1928,10
11/30/1928,2,137.4308314,1681.3815,Summer_Hist,1928,11
12/31/1928,2,155.7382795,1753.4468,Summer_Hist,1928,12
1/31/1929,2,212.994922,1466.6501,Summer_Hist,1929,1
2/28/1929,4,169.3508314,1348.8143,Summer_Hist,1929,2
3/31/1929,4,108.0805795,613.5933,Summer_Hist,1929,3
4/30/1929,5,49.9798753,300.96896,Summer_Hist,1929,4
5/31/1929,5,55.753126,338.10593,Summer_Hist,1929,5
6/30/1929,5,57.5121802,595.1513,Summer_Hist,1929,6
7/31/1929,5,103.9942638,1055.9589,Summer_Hist,1929,7
8/31/1929,5,127.0491535,1255.843,Summer_Hist,1929,8
9/30/1929,5,124.5837753,1248.3793,Summer_Hist,1929,9
10/31/1929,5,154.9581063,1784.1703,Summer_Hist,1929,10
11/30/1929,5,199.246807,2092.3994,Summer_Hist,1929,11
12/31/1929,5,221.751205,1975.4257,Summer_Hist,1929,12
1/31/1930,5,170.0768575,970.8192,Summer_Hist,1930,1
2/28/1930,4,51.045952,331.04272,Summer_Hist,1930,2
3/31/1930,4,42.8123191,247.26411,Summer_Hist,1930,3
4/30/1930,4,33.9005116,238.20038,Summer_Hist,1930,4
5/31/1930,4,30.90615055,243.84668,Summer_Hist,1930,5
6/30/1930,4,29.99475,282.46213,Summer_Hist,1930,6
7/31/1930,4,29.148537,450.52094,Summer_Hist,1930,7
8/31/1930,4,54.081658,971.24713,Summer_Hist,1930,8
9/30/1930,4,90.00849295,1209.7184,Summer_Hist,1930,9
10/31/1930,4,135.5756125,1711.9978,Summer_Hist,1930,10
11/30/1930,4,187.2643098,1834.9023,Summer_Hist,1930,11
12/31/1930,4,197.819983,1880.2671,Summer_Hist,1930,12
1/31/1931,4,223.8504865,1944.6123,Summer_Hist,1931,1
2/28/1931,5,170.1451036,927.28644,Summer_Hist,1931,2
3/31/1931,5,72.08387395,467.904,Summer_Hist,1931,3
4/30/1931,5,65.4436903,497.73425,Summer_Hist,1931,4
5/31/1931,5,78.0680275,781.5509,Summer_Hist,1931,5
6/30/1931,5,101.7979683,1300.1412,Summer_Hist,1931,6
7/31/1931,5,155.8328311,1410.6606,Summer_Hist,1931,7
8/31/1931,5,142.2641635,1506.8016,Summer_Hist,1931,8
9/30/1931,5,174.888142,1734.4536,Summer_Hist,1931,9
10/31/1931,5,204.488869,1631.6448,Summer_Hist,1931,10
11/30/1931,5,220.2435949,2013.336,Summer_Hist,1931,11
12/31/1931,5,224.916891,1650.4982,Summer_Hist,1931,12
1/31/1932,5,111.2126583,619.8652,Summer_Hist,1932,1
2/29/1932,4,38.1116545,264.83337,Summer_Hist,1932,2
3/31/1932,4,40.6460284,246.41261,Summer_Hist,1932,3
4/30/1932,5,32.8813915,247.23064,Summer_Hist,1932,4
5/31/1932,5,36.9483016,282.63895,Summer_Hist,1932,5
6/30/1932,5,31.4375758,276.88846,Summer_Hist,1932,6
7/31/1932,5,43.21085455,399.1003,Summer_Hist,1932,7
8/31/1932,5,63.979081,911.71576,Summer_Hist,1932,8
9/30/1932,5,122.302108,1349.0228,Summer_Hist,1932,9
10/31/1932,5,179.6088991,2038.3267,Summer_Hist,1932,10
11/30/1932,5,224.0940361,2319.7192,Summer_Hist,1932,11
12/31/1932,5,224.116363,2265.3386,Summer_Hist,1932,12
1/31/1933,5,204.2243491,1516.2662,Summer_Hist,1933,1
2/28/1933,5,120.981532,817.33563,Summer_Hist,1933,2
3/31/1933,5,72.7142797,463.20493,Summer_Hist,1933,3
4/30/1933,5,55.54013125,357.9889,Summer_Hist,1933,4
5/31/1933,5,66.705961,402.34927,Summer_Hist,1933,5
6/30/1933,5,67.1021851,693.2593,Summer_Hist,1933,6
7/31/1933,5,111.697315,1276.1766,Summer_Hist,1933,7
8/31/1933,5,176.0139576,1696.3527,Summer_Hist,1933,8
9/30/1933,5,170.0805625,1675.0022,Summer_Hist,1933,9
10/31/1933,5,185.7198805,1648.3666,Summer_Hist,1933,10
11/30/1933,5,200.5933294,2110.848,Summer_Hist,1933,11
12/31/1933,5,225.2611368,1923.2308,Summer_Hist,1933,12
1/31/1934,5,222.7885908,1427.1763,Summer_Hist,1934,1
2/28/1934,5,98.4808675,546.3251,Summer_Hist,1934,2
3/31/1934,5,41.6475925,289.3789,Summer_Hist,1934,3
4/30/1934,5,28.9286175,269.34644,Summer_Hist,1934,4
5/31/1934,5,46.8492985,380.59537,Summer_Hist,1934,5
6/30/1934,5,57.0400264,919.2267,Summer_Hist,1934,6
7/31/1934,5,131.1099333,1454.8242,Summer_Hist,1934,7
8/31/1934,5,154.3381315,1582.0414,Summer_Hist,1934,8
9/30/1934,5,165.48109,1684.3744,Summer_Hist,1934,9
10/31/1934,5,193.2040461,1948.6356,Summer_Hist,1934,10
11/30/1934,5,226.8092254,2161.655,Summer_Hist,1934,11
12/31/1934,5,226.114042,1824.6139,Summer_Hist,1934,12
1/31/1935,5,208.1137356,1610.3176,Summer_Hist,1935,1
2/28/1935,4,120.4503861,606.98773,Summer_Hist,1935,2
3/31/1935,4,41.3510158,248.96805,Summer_Hist,1935,3
4/30/1935,4,29.286891,252.07814,Summer_Hist,1935,4
5/31/1935,3,27.0290355,236.08835,Summer_Hist,1935,5
6/30/1935,3,32.12201755,229.5153,Summer_Hist,1935,6
7/31/1935,3,25.2040875,291.48697,Summer_Hist,1935,7
8/31/1935,3,31.23564475,725.7189,Summer_Hist,1935,8
9/30/1935,3,79.3332565,1227.225,Summer_Hist,1935,9
10/31/1935,3,148.6862395,1745.4043,Summer_Hist,1935,10
11/30/1935,3,155.4728761,1669.2861,Summer_Hist,1935,11
12/31/1935,3,156.8518486,1776.1481,Summer_Hist,1935,12
1/31/1936,3,210.0706225,1534.8503,Summer_Hist,1936,1
2/29/1936,3,104.23117,585.03204,Summer_Hist,1936,2
3/31/1936,2,42.0667591,231.88187,Summer_Hist,1936,3
4/30/1936,3,28.123545,226.99596,Summer_Hist,1936,4
5/31/1936,3,29.004345,206.47252,Summer_Hist,1936,5
6/30/1936,3,25.994439,238.4694,Summer_Hist,1936,6
7/31/1936,3,28.2051495,382.77423,Summer_Hist,1936,7
8/31/1936,3,35.0836321,736.54694,Summer_Hist,1936,8
9/30/1936,3,81.5268559,1312.8619,Summer_Hist,1936,9
10/31/1936,3,164.6315905,1736.1288,Summer_Hist,1936,10
11/30/1936,3,150.4363561,1741.8386,Summer_Hist,1936,11
12/31/1936,3,164.9311911,1763.8782,Summer_Hist,1936,12
1/31/1937,3,209.3402245,1413.3997,Summer_Hist,1937,1
2/28/1937,4,130.9252675,894.08704,Summer_Hist,1937,2
3/31/1937,4,71.8271146,323.03622,Summer_Hist,1937,3
4/30/1937,4,45.434074,242.26031,Summer_Hist,1937,4
5/31/1937,3,32.8679338,220.88142,Summer_Hist,1937,5
6/30/1937,3,25.2772635,236.81927,Summer_Hist,1937,6
7/31/1937,3,24.9903675,298.62088,Summer_Hist,1937,7
8/31/1937,3,31.6566496,726.0975,Summer_Hist,1937,8
9/30/1937,3,83.76154375,1229.1168,Summer_Hist,1937,9
10/31/1937,3,144.3487675,1732.0658,Summer_Hist,1937,10
11/30/1937,3,159.7194445,1683.6635,Summer_Hist,1937,11
12/31/1937,3,142.57906,1246.3488,Summer_Hist,1937,12
1/31/1938,3,48.1311772,300.81732,Summer_Hist,1938,1
2/28/1938,2,26.508255,209.6255,Summer_Hist,1938,2
3/31/1938,1,24.2394465,213.85939,Summer_Hist,1938,3
4/30/1938,1,15.4048275,183.58769,Summer_Hist,1938,4
5/31/1938,1,15.9361905,173.41669,Summer_Hist,1938,5
6/30/1938,1,14.0791905,176.03462,Summer_Hist,1938,6
7/31/1938,1,19.474809,195.16045,Summer_Hist,1938,7
8/31/1938,1,23.403507,271.74966,Summer_Hist,1938,8
9/30/1938,1,27.3131145,533.2247,Summer_Hist,1938,9
10/31/1938,1,67.61081605,1314.3118,Summer_Hist,1938,10
11/30/1938,1,139.674796,1767.7069,Summer_Hist,1938,11
12/31/1938,1,135.8117635,1767.4368,Summer_Hist,1938,12
1/31/1939,1,221.4678409,1750.4775,Summer_Hist,1939,1
2/28/1939,4,162.200113,1370.1815,Summer_Hist,1939,2
3/31/1939,4,131.5769884,931.60254,Summer_Hist,1939,3
4/30/1939,4,97.421266,519.42175,Summer_Hist,1939,4
5/31/1939,4,61.78584925,383.28534,Summer_Hist,1939,5
6/30/1939,4,43.2351565,333.17096,Summer_Hist,1939,6
7/31/1939,4,44.31289825,463.35794,Summer_Hist,1939,7
8/31/1939,4,56.38609675,778.71014,Summer_Hist,1939,8
9/30/1939,4,79.832719,1113.2489,Summer_Hist,1939,9
10/31/1939,4,137.6456929,1883.8302,Summer_Hist,1939,10
11/30/1939,4,199.776394,2024.9053,Summer_Hist,1939,11
12/31/1939,4,218.6085385,2022.6362,Summer_Hist,1939,12
1/31/1940,4,221.371186,1834.191,Summer_Hist,1940,1
2/29/1940,4,125.8098453,545.3703,Summer_Hist,1940,2
3/31/1940,2,53.4818926,233.94054,Summer_Hist,1940,3
4/30/1940,2,35.8059361,223.40134,Summer_Hist,1940,4
5/31/1940,2,32.2078111,215.42937,Summer_Hist,1940,5
6/30/1940,2,25.231281,219.56467,Summer_Hist,1940,6
7/31/1940,2,23.439645,225.57147,Summer_Hist,1940,7
8/31/1940,2,20.3528505,349.19244,Summer_Hist,1940,8
9/30/1940,2,48.644143,856.7066,Summer_Hist,1940,9
10/31/1940,2,101.1370276,1217.151,Summer_Hist,1940,10
11/30/1940,2,143.3712745,1757.9066,Summer_Hist,1940,11
12/31/1940,2,175.6400176,1757.5458,Summer_Hist,1940,12
1/31/1941,2,115.5879925,597.491,Summer_Hist,1941,1
2/28/1941,1,42.70361725,219.534,Summer_Hist,1941,2
3/31/1941,1,31.7205409,203.8397,Summer_Hist,1941,3
4/30/1941,1,27.978507,210.21503,Summer_Hist,1941,4
5/31/1941,1,26.448642,184.10915,Summer_Hist,1941,5
6/30/1941,1,19.060065,188.1095,Summer_Hist,1941,6
7/31/1941,1,18.3074115,183.90813,Summer_Hist,1941,7
8/31/1941,1,20.8584315,262.58994,Summer_Hist,1941,8
9/30/1941,1,26.717679,472.55508,Summer_Hist,1941,9
10/31/1941,1,63.61971025,1190.058,Summer_Hist,1941,10
11/30/1941,1,142.8621648,1744.973,Summer_Hist,1941,11
12/31/1941,1,144.923641,1755.4187,Summer_Hist,1941,12
1/31/1942,1,83.6839867,524.39886,Summer_Hist,1942,1
2/28/1942,1,28.1150295,203.74059,Summer_Hist,1942,2
3/31/1942,1,25.844805,207.22365,Summer_Hist,1942,3
4/30/1942,1,28.31019,207.81894,Summer_Hist,1942,4
5/31/1942,1,28.933932,215.25075,Summer_Hist,1942,5
6/30/1942,1,23.2674495,201.18935,Summer_Hist,1942,6
7/31/1942,1,19.6548975,189.9199,Summer_Hist,1942,7
8/31/1942,1,21.381249,312.15466,Summer_Hist,1942,8
9/30/1942,1,34.229299,592.977,Summer_Hist,1942,9
10/31/1942,1,84.4896475,1403.6238,Summer_Hist,1942,10
11/30/1942,1,145.4174605,1522.6105,Summer_Hist,1942,11
12/31/1942,1,140.5351825,1770.5061,Summer_Hist,1942,12
1/31/1943,1,117.0583759,724.4153,Summer_Hist,1943,1
2/28/1943,1,34.33419325,213.36754,Summer_Hist,1943,2
3/31/1943,1,24.77163,211.567,Summer_Hist,1943,3
4/30/1943,1,22.5823935,195.87889,Summer_Hist,1943,4
5/31/1943,1,20.0116125,206.67459,Summer_Hist,1943,5
6/30/1943,1,21.3286635,219.90137,Summer_Hist,1943,6
7/31/1943,1,22.808958,231.91579,Summer_Hist,1943,7
8/31/1943,1,19.053486,308.05344,Summer_Hist,1943,8
9/30/1943,1,38.3894269,615.3411,Summer_Hist,1943,9
10/31/1943,1,80.7490909,1252.3503,Summer_Hist,1943,10
11/30/1943,1,150.9992254,1693.5776,Summer_Hist,1943,11
12/31/1943,1,153.858562,1747.1934,Summer_Hist,1943,12
1/31/1944,1,170.9152534,1412.9907,Summer_Hist,1944,1
2/29/1944,4,148.5811771,1360.9471,Summer_Hist,1944,2
3/31/1944,4,98.9581855,560.6128,Summer_Hist,1944,3
4/30/1944,4,40.9935289,247.70886,Summer_Hist,1944,4
5/31/1944,4,36.3222022,251.44333,Summer_Hist,1944,5
6/30/1944,4,48.91995175,295.1932,Summer_Hist,1944,6
7/31/1944,4,35.0504182,392.1675,Summer_Hist,1944,7
8/31/1944,4,42.8857864,753.4284,Summer_Hist,1944,8
9/30/1944,4,85.96641205,1183.5267,Summer_Hist,1944,9
10/31/1944,4,141.675097,1847.391,Summer_Hist,1944,10
11/30/1944,4,188.248771,1855.3077,Summer_Hist,1944,11
12/31/1944,4,162.2097061,1731.6215,Summer_Hist,1944,12
1/31/1945,4,144.4216135,994.653,Summer_Hist,1945,1
2/28/1945,4,67.2861925,609.91125,Summer_Hist,1945,2
3/31/1945,4,50.6541226,319.4273,Summer_Hist,1945,3
4/30/1945,3,39.80904325,243.0949,Summer_Hist,1945,4
5/31/1945,4,30.4083211,240.24452,Summer_Hist,1945,5
6/30/1945,4,28.3175175,272.64056,Summer_Hist,1945,6
7/31/1945,4,30.054849,430.7465,Summer_Hist,1945,7
8/31/1945,4,65.87927005,1079.0906,Summer_Hist,1945,8
9/30/1945,4,118.5750205,1637.794,Summer_Hist,1945,9
10/31/1945,4,135.877171,1716.8502,Summer_Hist,1945,10
11/30/1945,4,144.512101,1680.3408,Summer_Hist,1945,11
12/31/1945,4,143.9013603,1788.616,Summer_Hist,1945,12
1/31/1946,4,73.7927995,431.16974,Summer_Hist,1946,1
2/28/1946,2,24.1957335,194.67267,Summer_Hist,1946,2
3/31/1946,2,26.323149,218.31699,Summer_Hist,1946,3
4/30/1946,2,28.9989525,236.27654,Summer_Hist,1946,4
5/31/1946,3,28.918245,236.10954,Summer_Hist,1946,5
6/30/1946,3,27.104685,255.06433,Summer_Hist,1946,6
7/31/1946,3,28.515372,375.05743,Summer_Hist,1946,7
8/31/1946,3,41.9558998,768.7426,Summer_Hist,1946,8
9/30/1946,3,88.74610255,1331.6206,Summer_Hist,1946,9
10/31/1946,3,150.672946,1705.6609,Summer_Hist,1946,10
11/30/1946,3,142.1993089,1727.1519,Summer_Hist,1946,11
12/31/1946,3,157.3730965,1729.8811,Summer_Hist,1946,12
1/31/1947,3,214.9779663,1514.8328,Summer_Hist,1947,1
2/28/1947,4,162.0338241,1295.2025,Summer_Hist,1947,2
3/31/1947,4,139.5048505,668.80304,Summer_Hist,1947,3
4/30/1947,5,46.1602768,270.40564,Summer_Hist,1947,4
5/31/1947,5,35.00345875,277.28156,Summer_Hist,1947,5
6/30/1947,5,35.86555525,413.33035,Summer_Hist,1947,6
7/31/1947,5,47.8743808,467.358,Summer_Hist,1947,7
8/31/1947,5,48.895399,694.89954,Summer_Hist,1947,8
9/30/1947,5,83.3105683,1128.331,Summer_Hist,1947,9
10/31/1947,5,141.2533341,1845.1774,Summer_Hist,1947,10
11/30/1947,5,193.839046,2154.72,Summer_Hist,1947,11
12/31/1947,5,193.0309,2214.2156,Summer_Hist,1947,12
1/31/1948,5,225.15781,1618.99,Summer_Hist,1948,1
2/29/1948,5,144.2808805,1180.1313,Summer_Hist,1948,2
3/31/1948,5,90.7529671,630.4101,Summer_Hist,1948,3
4/30/1948,5,52.8186976,375.32443,Summer_Hist,1948,4
5/31/1948,3,31.5059473,244.36374,Summer_Hist,1948,5
6/30/1948,3,26.73972,222.19244,Summer_Hist,1948,6
7/31/1948,3,22.013232,242.94968,Summer_Hist,1948,7
8/31/1948,3,31.97821225,757.24554,Summer_Hist,1948,8
9/30/1948,3,100.1320834,1271.1495,Summer_Hist,1948,9
10/31/1948,3,151.6435876,1676.8472,Summer_Hist,1948,10
11/30/1948,3,165.9484188,1716.001,Summer_Hist,1948,11
12/31/1948,3,170.5351546,1763.5414,Summer_Hist,1948,12
1/31/1949,3,202.1621005,1376.955,Summer_Hist,1949,1
2/28/1949,5,146.610043,1169.4946,Summer_Hist,1949,2
3/31/1949,5,130.8732835,712.4975,Summer_Hist,1949,3
4/30/1949,4,44.7282829,268.6749,Summer_Hist,1949,4
5/31/1949,4,27.0131055,241.81064,Summer_Hist,1949,5
6/30/1949,4,27.6439995,273.26657,Summer_Hist,1949,6
7/31/1949,4,25.403286,401.08936,Summer_Hist,1949,7
8/31/1949,4,35.1253903,639.3649,Summer_Hist,1949,8
9/30/1949,4,65.9828419,1003.0497,Summer_Hist,1949,9
10/31/1949,4,133.1739175,1877.0955,Summer_Hist,1949,10
11/30/1949,4,178.8139116,1814.5446,Summer_Hist,1949,11
12/31/1949,4,170.2680526,1800.0364,Summer_Hist,1949,12
1/31/1950,4,196.906159,1719.9775,Summer_Hist,1950,1
2/28/1950,4,117.3901615,645.50476,Summer_Hist,1950,2
3/31/1950,4,39.594367,258.2121,Summer_Hist,1950,3
4/30/1950,4,26.95812,242.73865,Summer_Hist,1950,4
5/31/1950,4,28.072911,244.6999,Summer_Hist,1950,5
6/30/1950,4,26.211516,259.9826,Summer_Hist,1950,6
7/31/1950,4,25.474836,333.63397,Summer_Hist,1950,7
8/31/1950,4,49.3988458,956.5444,Summer_Hist,1950,8
9/30/1950,4,111.8139085,1432.22,Summer_Hist,1950,9
10/31/1950,4,142.735867,1768.8732,Summer_Hist,1950,10
11/30/1950,4,161.3300365,1716.8043,Summer_Hist,1950,11
12/31/1950,4,54.55440745,508.62775,Summer_Hist,1950,12
1/31/1951,4,28.20294,187.33607,Summer_Hist,1951,1
2/28/1951,1,24.8058105,192.9778,Summer_Hist,1951,2
3/31/1951,1,25.140267,199.59181,Summer_Hist,1951,3
4/30/1951,1,23.8579725,222.0138,Summer_Hist,1951,4
5/31/1951,1,26.87007,242.41006,Summer_Hist,1951,5
6/30/1951,1,28.039068,266.15378,Summer_Hist,1951,6
7/31/1951,1,27.9419445,225.8471,Summer_Hist,1951,7
8/31/1951,1,21.3884925,299.6212,Summer_Hist,1951,8
9/30/1951,1,43.67688655,732.3927,Summer_Hist,1951,9
10/31/1951,1,72.5054773,1021.6885,Summer_Hist,1951,10
11/30/1951,1,139.7720266,1756.1638,Summer_Hist,1951,11
12/31/1951,1,155.6266735,1758.0193,Summer_Hist,1951,12
1/31/1952,1,134.3387781,563.282,Summer_Hist,1952,1
2/29/1952,1,38.8948345,217.41711,Summer_Hist,1952,2
3/31/1952,1,28.155849,228.27551,Summer_Hist,1952,3
4/30/1952,1,32.3131984,212.25061,Summer_Hist,1952,4
5/31/1952,1,25.519833,201.82297,Summer_Hist,1952,5
6/30/1952,1,18.5586795,178.62556,Summer_Hist,1952,6
7/31/1952,1,16.854375,175.81952,Summer_Hist,1952,7
8/31/1952,1,21.482259,260.13757,Summer_Hist,1952,8
9/30/1952,1,29.7180405,522.24133,Summer_Hist,1952,9
10/31/1952,1,63.5313175,1119.4164,Summer_Hist,1952,10
11/30/1952,1,127.5806215,1780.6123,Summer_Hist,1952,11
12/31/1952,1,132.0318085,1765.9747,Summer_Hist,1952,12
1/31/1953,1,82.67170945,511.53543,Summer_Hist,1953,1
2/28/1953,1,23.9431155,205.05093,Summer_Hist,1953,2
3/31/1953,2,24.425265,217.09769,Summer_Hist,1953,3
4/30/1953,2,27.85854,241.66582,Summer_Hist,1953,4
5/31/1953,2,30.1240725,240.66245,Summer_Hist,1953,5
6/30/1953,2,27.4346505,222.02768,Summer_Hist,1953,6
7/31/1953,2,23.504928,210.53452,Summer_Hist,1953,7
8/31/1953,2,21.901353,371.58698,Summer_Hist,1953,8
9/30/1953,2,55.6967131,872.2714,Summer_Hist,1953,9
10/31/1953,2,118.2779764,1779.7283,Summer_Hist,1953,10
11/30/1953,2,182.7301735,1727.9767,Summer_Hist,1953,11
12/31/1953,2,167.2014355,1743.9253,Summer_Hist,1953,12
1/31/1954,2,199.4786916,1726.5469,Summer_Hist,1954,1
2/28/1954,3,117.149422,727.5485,Summer_Hist,1954,2
3/31/1954,3,30.48900745,256.58426,Summer_Hist,1954,3
4/30/1954,2,24.919785,239.86453,Summer_Hist,1954,4
5/31/1954,2,27.941661,228.38263,Summer_Hist,1954,5
6/30/1954,2,26.306658,232.18747,Summer_Hist,1954,6
7/31/1954,2,23.199786,238.5279,Summer_Hist,1954,7
8/31/1954,2,21.949665,402.35898,Summer_Hist,1954,8
9/30/1954,2,57.38040475,889.1663,Summer_Hist,1954,9
10/31/1954,2,104.1828426,1373.1096,Summer_Hist,1954,10
11/30/1954,2,154.9411459,1663.066,Summer_Hist,1954,11
12/31/1954,2,172.5401553,1754.6158,Summer_Hist,1954,12
1/31/1955,2,171.3888664,970.0347,Summer_Hist,1955,1
2/28/1955,3,52.2322645,385.5189,Summer_Hist,1955,2
3/31/1955,4,38.4880198,292.59155,Summer_Hist,1955,3
4/30/1955,4,35.598211,299.11588,Summer_Hist,1955,4
5/31/1955,4,46.8665752,297.02957,Summer_Hist,1955,5
6/30/1955,4,39.86746255,309.24277,Summer_Hist,1955,6
7/31/1955,4,32.816212,371.0777,Summer_Hist,1955,7
8/31/1955,4,33.62995825,650.46454,Summer_Hist,1955,8
9/30/1955,4,72.62936395,1104.0461,Summer_Hist,1955,9
10/31/1955,4,138.6934128,1787.8354,Summer_Hist,1955,10
11/30/1955,4,174.172051,1686.874,Summer_Hist,1955,11
12/31/1955,4,164.674768,1795.0634,Summer_Hist,1955,12
1/31/1956,4,80.3780893,451.43317,Summer_Hist,1956,1
2/29/1956,1,26.555772,190.46823,Summer_Hist,1956,2
3/31/1956,1,25.6929,183.19435,Summer_Hist,1956,3
4/30/1956,1,19.9926675,201.72653,Summer_Hist,1956,4
5/31/1956,1,22.421754,232.92303,Summer_Hist,1956,5
6/30/1956,1,22.964847,232.02626,Summer_Hist,1956,6
7/31/1956,1,21.38535,183.02156,Summer_Hist,1956,7
8/31/1956,1,21.3174045,269.3783,Summer_Hist,1956,8
9/30/1956,1,29.219295,535.30597,Summer_Hist,1956,9
10/31/1956,1,66.5609815,1279.8007,Summer_Hist,1956,10
11/30/1956,1,141.6559735,1728.8259,Summer_Hist,1956,11
12/31/1956,1,145.424329,1768.2358,Summer_Hist,1956,12
1/31/1957,1,223.1223856,1745.3545,Summer_Hist,1957,1
2/28/1957,3,185.840122,1571.1875,Summer_Hist,1957,2
3/31/1957,3,139.8427465,788.06726,Summer_Hist,1957,3
4/30/1957,3,49.6839769,261.96246,Summer_Hist,1957,4
5/31/1957,3,31.67973175,240.86037,Summer_Hist,1957,5
6/30/1957,3,28.713936,241.83702,Summer_Hist,1957,6
7/31/1957,3,24.684606,279.08597,Summer_Hist,1957,7
8/31/1957,3,39.3688465,771.2719,Summer_Hist,1957,8
9/30/1957,3,87.81310375,1281.7869,Summer_Hist,1957,9
10/31/1957,3,141.3251056,1656.3374,Summer_Hist,1957,10
11/30/1957,3,202.484692,1675.4504,Summer_Hist,1957,11
12/31/1957,3,187.730584,1418.8944,Summer_Hist,1957,12
1/31/1958,3,162.463567,856.0638,Summer_Hist,1958,1
2/28/1958,2,31.26279955,236.96829,Summer_Hist,1958,2
3/31/1958,1,34.53677695,237.32039,Summer_Hist,1958,3
4/30/1958,1,29.593053,208.53928,Summer_Hist,1958,4
5/31/1958,1,35.2730032,189.49294,Summer_Hist,1958,5
6/30/1958,1,22.0310115,179.30244,Summer_Hist,1958,6
7/31/1958,1,19.5606105,173.64127,Summer_Hist,1958,7
8/31/1958,1,21.7010805,286.6234,Summer_Hist,1958,8
9/30/1958,1,27.73641,498.01,Summer_Hist,1958,9
10/31/1958,1,53.83942225,922.4047,Summer_Hist,1958,10
11/30/1958,1,99.6383095,1477.2148,Summer_Hist,1958,11
12/31/1958,1,159.1314895,1770.4857,Summer_Hist,1958,12
1/31/1959,1,182.786461,1556.6313,Summer_Hist,1959,1
2/28/1959,3,105.6399706,615.759,Summer_Hist,1959,2
3/31/1959,3,38.8581265,247.21062,Summer_Hist,1959,3
4/30/1959,3,30.38041105,240.13365,Summer_Hist,1959,4
5/31/1959,3,29.51289,254.30807,Summer_Hist,1959,5
6/30/1959,3,28.1934855,323.17886,Summer_Hist,1959,6
7/31/1959,3,29.488995,411.54382,Summer_Hist,1959,7
8/31/1959,3,43.01486575,749.3427,Summer_Hist,1959,8
9/30/1959,3,83.470459,1291.0646,Summer_Hist,1959,9
10/31/1959,3,141.012301,1695.6083,Summer_Hist,1959,10
11/30/1959,3,108.455383,1065.1365,Summer_Hist,1959,11
12/31/1959,3,120.426694,1372.1869,Summer_Hist,1959,12
1/31/1960,3,186.359335,1703.8864,Summer_Hist,1960,1
2/29/1960,5,171.781528,1312.2906,Summer_Hist,1960,2
3/31/1960,4,92.41861825,464.01276,Summer_Hist,1960,3
4/30/1960,4,34.4226715,244.23924,Summer_Hist,1960,4
5/31/1960,4,28.271658,247.04527,Summer_Hist,1960,5
6/30/1960,4,28.487013,298.11115,Summer_Hist,1960,6
7/31/1960,4,30.091605,496.21457,Summer_Hist,1960,7
8/31/1960,4,88.35081895,1476.4652,Summer_Hist,1960,8
9/30/1960,4,149.47435,1616.2341,Summer_Hist,1960,9
10/31/1960,4,158.945148,1779.2946,Summer_Hist,1960,10
11/30/1960,4,163.8036655,1690.2238,Summer_Hist,1960,11
12/31/1960,4,165.5955945,1700.5425,Summer_Hist,1960,12
1/31/1961,4,173.1337675,1239.2948,Summer_Hist,1961,1
2/28/1961,4,90.8744341,798.1782,Summer_Hist,1961,2
3/31/1961,4,57.743224,447.03058,Summer_Hist,1961,3
4/30/1961,4,28.2976095,244.02617,Summer_Hist,1961,4
5/31/1961,4,28.283007,261.00717,Summer_Hist,1961,5
6/30/1961,4,30.72791155,318.699,Summer_Hist,1961,6
7/31/1961,4,29.9441295,440.2523,Summer_Hist,1961,7
8/31/1961,4,54.8449849,915.7481,Summer_Hist,1961,8
9/30/1961,4,95.15615725,1272.064,Summer_Hist,1961,9
10/31/1961,4,146.4014943,1859.9454,Summer_Hist,1961,10
11/30/1961,4,195.391441,1807.457,Summer_Hist,1961,11
12/31/1961,4,178.347643,1782.5232,Summer_Hist,1961,12
1/31/1962,4,196.0325656,1325.7921,Summer_Hist,1962,1
2/28/1962,4,106.3013986,997.9591,Summer_Hist,1962,2
3/31/1962,3,94.0781191,448.12067,Summer_Hist,1962,3
4/30/1962,3,44.5058575,241.55487,Summer_Hist,1962,4
5/31/1962,3,28.9795125,242.6114,Summer_Hist,1962,5
6/30/1962,3,26.507529,272.57608,Summer_Hist,1962,6
7/31/1962,3,27.137352,368.192,Summer_Hist,1962,7
8/31/1962,3,40.994401,771.18475,Summer_Hist,1962,8
9/30/1962,3,89.74090645,1297.0952,Summer_Hist,1962,9
10/31/1962,3,169.822381,1729.3336,Summer_Hist,1962,10
11/30/1962,3,89.6821195,736.86694,Summer_Hist,1962,11
12/31/1962,3,18.908022,383.74545,Summer_Hist,1962,12
1/31/1963,3,39.471931,464.5623,Summer_Hist,1963,1
2/28/1963,2,24.203895,269.1424,Summer_Hist,1963,2
3/31/1963,3,29.490339,255.91243,Summer_Hist,1963,3
4/30/1963,2,27.6382095,239.75314,Summer_Hist,1963,4
5/31/1963,1,28.209018,219.77928,Summer_Hist,1963,5
6/30/1963,1,25.6412295,214.28207,Summer_Hist,1963,6
7/31/1963,1,21.739533,216.18254,Summer_Hist,1963,7
8/31/1963,1,21.161985,312.11057,Summer_Hist,1963,8
9/30/1963,1,39.711046,642.11676,Summer_Hist,1963,9
10/31/1963,1,90.23391655,1350.4869,Summer_Hist,1963,10
11/30/1963,1,160.7447491,1686.4553,Summer_Hist,1963,11
12/31/1963,1,129.9323845,1414.1626,Summer_Hist,1963,12
1/31/1964,1,159.3877045,1209.9802,Summer_Hist,1964,1
2/29/1964,3,133.0718476,897.10455,Summer_Hist,1964,2
3/31/1964,3,41.191393,320.23535,Summer_Hist,1964,3
4/30/1964,4,34.66014205,329.40176,Summer_Hist,1964,4
5/31/1964,4,38.64855175,326.4433,Summer_Hist,1964,5
6/30/1964,4,37.081693,323.20392,Summer_Hist,1964,6
7/31/1964,4,31.6822198,380.47473,Summer_Hist,1964,7
8/31/1964,4,65.6770255,1242.1588,Summer_Hist,1964,8
9/30/1964,4,136.1427483,1568.6029,Summer_Hist,1964,9
10/31/1964,4,144.4420765,1761.1722,Summer_Hist,1964,10
11/30/1964,4,171.654475,1725.5771,Summer_Hist,1964,11
12/31/1964,4,169.0429231,1703.3148,Summer_Hist,1964,12
1/31/1965,4,62.863876,363.59143,Summer_Hist,1965,1
2/28/1965,1,21.622497,203.4351,Summer_Hist,1965,2
3/31/1965,1,25.961496,216.93774,Summer_Hist,1965,3
4/30/1965,1,28.199094,223.71768,Summer_Hist,1965,4
5/31/1965,1,27.84279,220.18234,Summer_Hist,1965,5
6/30/1965,1,23.128899,215.26686,Summer_Hist,1965,6
7/31/1965,1,23.1359985,219.48093,Summer_Hist,1965,7
8/31/1965,1,21.646848,315.02643,Summer_Hist,1965,8
9/30/1965,1,41.441623,652.8237,Summer_Hist,1965,9
10/31/1965,1,85.0538278,1333.9023,Summer_Hist,1965,10
11/30/1965,1,141.8134075,1588.1923,Summer_Hist,1965,11
12/31/1965,1,93.392449,1026.447,Summer_Hist,1965,12
1/31/1966,1,99.784372,1004.2057,Summer_Hist,1966,1
2/28/1966,2,88.64678575,719.42535,Summer_Hist,1966,2
3/31/1966,3,37.2199921,251.13077,Summer_Hist,1966,3
4/30/1966,3,28.8229755,239.489,Summer_Hist,1966,4
5/31/1966,3,29.770638,250.87596,Summer_Hist,1966,5
6/30/1966,3,28.893786,301.81512,Summer_Hist,1966,6
7/31/1966,3,29.03445,397.80328,Summer_Hist,1966,7
8/31/1966,3,41.99684005,747.5815,Summer_Hist,1966,8
9/30/1966,3,84.2650846,1282.2888,Summer_Hist,1966,9
10/31/1966,3,149.915359,1723.4783,Summer_Hist,1966,10
11/30/1966,3,162.7886095,1694.3716,Summer_Hist,1966,11
12/31/1966,3,157.8320605,1729.3085,Summer_Hist,1966,12
1/31/1967,3,95.680315,526.2605,Summer_Hist,1967,1
2/28/1967,2,29.687175,219.41957,Summer_Hist,1967,2
3/31/1967,2,27.27933,234.10826,Summer_Hist,1967,3
4/30/1967,2,30.36960955,229.40674,Summer_Hist,1967,4
5/31/1967,1,27.509844,215.8226,Summer_Hist,1967,5
6/30/1967,1,20.3410725,198.8993,Summer_Hist,1967,6
7/31/1967,1,17.291322,176.49728,Summer_Hist,1967,7
8/31/1967,1,20.449479,237.84917,Summer_Hist,1967,8
9/30/1967,1,29.884167,510.5026,Summer_Hist,1967,9
10/31/1967,1,63.35098375,1129.887,Summer_Hist,1967,10
11/30/1967,1,120.113935,1778.4075,Summer_Hist,1967,11
12/31/1967,1,139.1655666,1729.2834,Summer_Hist,1967,12
1/31/1968,1,196.5095815,1738.2352,Summer_Hist,1968,1
2/29/1968,3,130.1851795,833.9824,Summer_Hist,1968,2
3/31/1968,3,37.1351134,255.40822,Summer_Hist,1968,3
4/30/1968,3,27.019917,237.99034,Summer_Hist,1968,4
5/31/1968,3,28.613475,243.51768,Summer_Hist,1968,5
6/30/1968,3,28.664007,295.0283,Summer_Hist,1968,6
7/31/1968,3,27.597927,451.60593,Summer_Hist,1968,7
8/31/1968,3,37.8875362,747.46735,Summer_Hist,1968,8
9/30/1968,3,70.60012405,1080.335,Summer_Hist,1968,9
10/31/1968,3,120.2782375,1545.6803,Summer_Hist,1968,10
11/30/1968,3,149.6226184,1720.3751,Summer_Hist,1968,11
12/31/1968,3,160.476148,1723.824,Summer_Hist,1968,12
1/31/1969,3,139.9985959,872.8876,Summer_Hist,1969,1
2/28/1969,1,37.7131333,246.96667,Summer_Hist,1969,2
3/31/1969,1,16.7413515,187.63602,Summer_Hist,1969,3
4/30/1969,1,18.1399125,184.08118,Summer_Hist,1969,4
5/31/1969,1,17.245191,178.7291,Summer_Hist,1969,5
6/30/1969,1,14.027826,179.91324,Summer_Hist,1969,6
7/31/1969,1,19.0292445,207.96129,Summer_Hist,1969,7
8/31/1969,1,24.6943245,260.5429,Summer_Hist,1969,8
9/30/1969,1,27.03372,531.8295,Summer_Hist,1969,9
10/31/1969,1,57.6940957,1100.6948,Summer_Hist,1969,10
11/30/1969,1,110.6477541,1502.6523,Summer_Hist,1969,11
12/31/1969,1,121.016416,1768.567,Summer_Hist,1969,12
1/31/1970,1,66.32019925,487.6417,Summer_Hist,1970,1
2/28/1970,1,18.460932,193.05893,Summer_Hist,1970,2
3/31/1970,1,16.634655,184.663,Summer_Hist,1970,3
4/30/1970,1,21.501714,197.86943,Summer_Hist,1970,4
5/31/1970,1,24.279123,231.66037,Summer_Hist,1970,5
6/30/1970,1,26.681925,273.76743,Summer_Hist,1970,6
7/31/1970,1,26.729754,237.30794,Summer_Hist,1970,7
8/31/1970,1,21.8965605,325.79852,Summer_Hist,1970,8
9/30/1970,1,49.8143017,712.03674,Summer_Hist,1970,9
10/31/1970,1,72.7707268,1058.8096,Summer_Hist,1970,10
11/30/1970,1,132.921436,1717.2771,Summer_Hist,1970,11
12/31/1970,1,106.979653,1080.0319,Summer_Hist,1970,12
1/31/1971,1,49.64419375,306.5985,Summer_Hist,1971,1
2/28/1971,1,22.4944125,204.97844,Summer_Hist,1971,2
3/31/1971,1,23.325867,226.93509,Summer_Hist,1971,3
4/30/1971,1,23.390913,235.87979,Summer_Hist,1971,4
5/31/1971,1,25.3850745,232.01389,Summer_Hist,1971,5
6/30/1971,1,26.091678,231.93158,Summer_Hist,1971,6
7/31/1971,1,22.86555,214.48514,Summer_Hist,1971,7
8/31/1971,1,21.046725,313.52847,Summer_Hist,1971,8
9/30/1971,1,45.8334673,735.1291,Summer_Hist,1971,9
10/31/1971,1,105.748909,1530.2566,Summer_Hist,1971,10
11/30/1971,1,174.338662,1708.3383,Summer_Hist,1971,11
12/31/1971,1,162.6028864,1764.9636,Summer_Hist,1971,12
1/31/1972,1,177.6831655,1047.3385,Summer_Hist,1972,1
2/29/1972,3,53.9582131,503.02914,Summer_Hist,1972,2
3/31/1972,3,39.57566245,383.44476,Summer_Hist,1972,3
4/30/1972,3,31.9529755,255.13963,Summer_Hist,1972,4
5/31/1972,3,27.904245,243.83003,Summer_Hist,1972,5
6/30/1972,3,29.536485,317.11905,Summer_Hist,1972,6
7/31/1972,3,29.7566805,487.86725,Summer_Hist,1972,7
8/31/1972,3,34.97322595,756.87787,Summer_Hist,1972,8
9/30/1972,3,74.6079622,1166.1025,Summer_Hist,1972,9
10/31/1972,3,143.118508,1675.8256,Summer_Hist,1972,10
11/30/1972,3,157.007584,1672.2699,Summer_Hist,1972,11
12/31/1972,3,120.4145359,1213.1459,Summer_Hist,1972,12
1/31/1973,3,63.57060475,471.70386,Summer_Hist,1973,1
2/28/1973,2,31.9351915,243.20755,Summer_Hist,1973,2
3/31/1973,2,24.27141,239.52438,Summer_Hist,1973,3
4/30/1973,2,31.8369406,231.26375,Summer_Hist,1973,4
5/31/1973,2,29.078307,232.34131,Summer_Hist,1973,5
6/30/1973,2,27.370134,252.44592,Summer_Hist,1973,6
7/31/1973,2,24.4902885,236.79935,Summer_Hist,1973,7
8/31/1973,2,22.664205,372.79852,Summer_Hist,1973,8
9/30/1973,2,51.3395476,823.83734,Summer_Hist,1973,9
10/31/1973,2,104.272267,1496.2029,Summer_Hist,1973,10
11/30/1973,2,155.4451143,1702.8063,Summer_Hist,1973,11
12/31/1973,2,40.7234629,440.55728,Summer_Hist,1973,12
1/31/1974,2,24.991983,185.36235,Summer_Hist,1974,1
2/28/1974,1,21.257175,189.65279,Summer_Hist,1974,2
3/31/1974,1,21.5331735,199.34729,Summer_Hist,1974,3
4/30/1974,1,24.97941,201.0243,Summer_Hist,1974,4
5/31/1974,1,22.246044,186.85826,Summer_Hist,1974,5
6/30/1974,1,20.681484,202.89986,Summer_Hist,1974,6
7/31/1974,1,20.9595975,214.01254,Summer_Hist,1974,7
8/31/1974,1,20.46258,315.97592,Summer_Hist,1974,8
9/30/1974,1,43.662571,667.51917,Summer_Hist,1974,9
10/31/1974,1,98.893633,1492.0282,Summer_Hist,1974,10
11/30/1974,1,165.4981615,1700.346,Summer_Hist,1974,11
12/31/1974,1,144.0600198,1744.2479,Summer_Hist,1974,12
1/31/1975,1,220.0945285,1655.5516,Summer_Hist,1975,1
2/28/1975,3,168.7169515,1431.0791,Summer_Hist,1975,2
3/31/1975,3,97.9743655,570.99927,Summer_Hist,1975,3
4/30/1975,2,31.30601695,231.20622,Summer_Hist,1975,4
5/31/1975,2,25.8017145,215.2143,Summer_Hist,1975,5
6/30/1975,2,23.8001685,216.37332,Summer_Hist,1975,6
7/31/1975,2,21.9291705,210.64069,Summer_Hist,1975,7
8/31/1975,2,20.90337,338.30365,Summer_Hist,1975,8
9/30/1975,2,47.78166745,870.3305,Summer_Hist,1975,9
10/31/1975,2,121.2702655,1789.0371,Summer_Hist,1975,10
11/30/1975,2,163.8089523,1761.1731,Summer_Hist,1975,11
12/31/1975,2,148.7790811,1718.941,Summer_Hist,1975,12
1/31/1976,2,209.3220814,1769.2601,Summer_Hist,1976,1
2/29/1976,4,186.281131,1798.6432,Summer_Hist,1976,2
3/31/1976,4,217.4805085,1522.0083,Summer_Hist,1976,3
4/30/1976,5,137.188627,692.40845,Summer_Hist,1976,4
5/31/1976,5,73.428085,470.79373,Summer_Hist,1976,5
6/30/1976,5,67.2078403,748.4374,Summer_Hist,1976,6
7/31/1976,5,119.5146228,1539.1537,Summer_Hist,1976,7
8/31/1976,5,143.8926535,1817.1606,Summer_Hist,1976,8
9/30/1976,5,120.745723,1452.7758,Summer_Hist,1976,9
10/31/1976,5,159.141835,2065.348,Summer_Hist,1976,10
11/30/1976,5,220.777987,2091.3147,Summer_Hist,1976,11
12/31/1976,5,219.8520505,2148.494,Summer_Hist,1976,12
1/31/1977,5,227.1442173,1451.7379,Summer_Hist,1977,1
2/28/1977,5,160.7274753,1763.8488,Summer_Hist,1977,2
3/31/1977,5,228.3497815,1382.9231,Summer_Hist,1977,3
4/30/1977,5,137.7747295,543.854,Summer_Hist,1977,4
5/31/1977,5,84.201028,482.71045,Summer_Hist,1977,5
6/30/1977,5,77.42762395,1034.1903,Summer_Hist,1977,6
7/31/1977,5,158.061628,1668.9388,Summer_Hist,1977,7
8/31/1977,5,194.5457434,1879.9385,Summer_Hist,1977,8
9/30/1977,5,159.9365005,1633.8505,Summer_Hist,1977,9
10/31/1977,5,183.8565904,1686.928,Summer_Hist,1977,10
11/30/1977,5,205.912501,1975.3401,Summer_Hist,1977,11
12/31/1977,5,224.491651,1899.4196,Summer_Hist,1977,12
1/31/1978,5,223.883119,1543.5125,Summer_Hist,1978,1
2/28/1978,3,76.88820445,394.16287,Summer_Hist,1978,2
3/31/1978,3,39.8908525,233.24449,Summer_Hist,1978,3
4/30/1978,2,38.18089525,228.53595,Summer_Hist,1978,4
5/31/1978,2,27.37149,213.99564,Summer_Hist,1978,5
6/30/1978,2,22.1888235,218.0388,Summer_Hist,1978,6
7/31/1978,2,22.3552485,215.4338,Summer_Hist,1978,7
8/31/1978,2,21.736347,322.201,Summer_Hist,1978,8
9/30/1978,2,40.3461571,741.4771,Summer_Hist,1978,9
10/31/1978,2,103.3631541,1607.5671,Summer_Hist,1978,10
11/30/1978,2,162.6266155,1801.3605,Summer_Hist,1978,11
12/31/1978,2,150.2725638,1803.0734,Summer_Hist,1978,12
1/31/1979,2,196.1667151,1712.7913,Summer_Hist,1979,1
2/28/1979,4,145.8937525,834.87933,Summer_Hist,1979,2
3/31/1979,4,51.6121615,271.0489,Summer_Hist,1979,3
4/30/1979,4,39.9244255,234.88887,Summer_Hist,1979,4
5/31/1979,4,30.197475,235.09746,Summer_Hist,1979,5
6/30/1979,4,27.29862,255.17476,Summer_Hist,1979,6
7/31/1979,4,25.81746,278.86755,Summer_Hist,1979,7
8/31/1979,4,52.9433965,1149.8317,Summer_Hist,1979,8
9/30/1979,4,135.363316,1605.0266,Summer_Hist,1979,9
10/31/1979,4,143.914057,1761.1664,Summer_Hist,1979,10
11/30/1979,4,156.1091785,1703.5227,Summer_Hist,1979,11
12/31/1979,4,169.3108744,1760.4473,Summer_Hist,1979,12
1/31/1980,4,154.6840645,975.5781,Summer_Hist,1980,1
2/29/1980,2,40.99469455,253.17377,Summer_Hist,1980,2
3/31/1980,1,19.835253,191.46327,Summer_Hist,1980,3
4/30/1980,1,21.0471525,193.19101,Summer_Hist,1980,4
5/31/1980,2,23.685273,203.89511,Summer_Hist,1980,5
6/30/1980,2,23.550702,244.49567,Summer_Hist,1980,6
7/31/1980,2,24.515319,231.42305,Summer_Hist,1980,7
8/31/1980,2,24.563232,282.82834,Summer_Hist,1980,8
9/30/1980,2,31.76822995,655.12305,Summer_Hist,1980,9
10/31/1980,2,78.47761525,1475.6666,Summer_Hist,1980,10
11/30/1980,2,155.1551695,1717.7467,Summer_Hist,1980,11
12/31/1980,2,152.718619,1783.9501,Summer_Hist,1980,12
1/31/1981,2,224.8082005,1779.2767,Summer_Hist,1981,1
2/28/1981,3,129.511069,786.43365,Summer_Hist,1981,2
3/31/1981,4,36.3186055,252.69748,Summer_Hist,1981,3
4/30/1981,4,27.527961,233.65427,Summer_Hist,1981,4
5/31/1981,4,27.736716,251.8493,Summer_Hist,1981,5
6/30/1981,4,28.9196505,317.49536,Summer_Hist,1981,6
7/31/1981,4,29.428185,414.14032,Summer_Hist,1981,7
8/31/1981,4,70.48812475,1268.316,Summer_Hist,1981,8
9/30/1981,4,129.7088676,1527.2101,Summer_Hist,1981,9
10/31/1981,4,143.58454,1806.222,Summer_Hist,1981,10
11/30/1981,4,175.3717585,1750.3362,Summer_Hist,1981,11
12/31/1981,4,96.4069795,814.17993,Summer_Hist,1981,12
1/31/1982,4,24.0479925,200.73836,Summer_Hist,1982,1
2/28/1982,1,25.8736245,203.13217,Summer_Hist,1982,2
3/31/1982,1,24.5961405,197.00465,Summer_Hist,1982,3
4/30/1982,1,23.8932585,178.40329,Summer_Hist,1982,4
5/31/1982,1,17.077206,173.5253,Summer_Hist,1982,5
6/30/1982,1,15.0619245,180.1832,Summer_Hist,1982,6
7/31/1982,1,18.230319,190.69463,Summer_Hist,1982,7
8/31/1982,1,22.5228375,285.30902,Summer_Hist,1982,8
9/30/1982,1,26.18658,462.84363,Summer_Hist,1982,9
10/31/1982,1,30.62492395,579.1874,Summer_Hist,1982,10
11/30/1982,1,25.678494,279.7741,Summer_Hist,1982,11
12/31/1982,1,24.3708225,200.05545,Summer_Hist,1982,12
1/31/1983,1,21.714381,173.55618,Summer_Hist,1983,1
2/28/1983,1,15.3430395,179.67142,Summer_Hist,1983,2
3/31/1983,1,7.989162,191.25146,Summer_Hist,1983,3
4/30/1983,1,6.7818435,190.20215,Summer_Hist,1983,4
5/31/1983,1,3.3188235,172.95357,Summer_Hist,1983,5
6/30/1983,1,6.7983,168.9382,Summer_Hist,1983,6
7/31/1983,1,17.434872,181.7902,Summer_Hist,1983,7
8/31/1983,1,24.150018,217.74158,Summer_Hist,1983,8
9/30/1983,1,23.0582205,326.77838,Summer_Hist,1983,9
10/31/1983,1,21.984705,397.628,Summer_Hist,1983,10
11/30/1983,1,21.8851065,312.54486,Summer_Hist,1983,11
12/31/1983,1,23.746095,215.42906,Summer_Hist,1983,12
1/31/1984,1,12.0619875,199.06653,Summer_Hist,1984,1
2/29/1984,1,16.173045,175.39545,Summer_Hist,1984,2
3/31/1984,1,18.3650205,195.70366,Summer_Hist,1984,3
4/30/1984,1,22.8121785,214.5614,Summer_Hist,1984,4
5/31/1984,1,24.7589745,236.48509,Summer_Hist,1984,5
6/30/1984,1,24.856851,264.80032,Summer_Hist,1984,6
7/31/1984,1,24.604692,228.97643,Summer_Hist,1984,7
8/31/1984,1,20.8394805,318.02277,Summer_Hist,1984,8
9/30/1984,1,45.9449878,689.78674,Summer_Hist,1984,9
10/31/1984,1,89.61532405,1351.6597,Summer_Hist,1984,10
11/30/1984,1,154.0713145,1692.957,Summer_Hist,1984,11
12/31/1984,1,113.8145344,975.3352,Summer_Hist,1984,12
1/31/1985,1,48.6307195,356.24197,Summer_Hist,1985,1
2/28/1985,3,27.7714695,347.3494,Summer_Hist,1985,2
3/31/1985,3,35.27757745,454.6662,Summer_Hist,1985,3
4/30/1985,3,38.66342305,308.84225,Summer_Hist,1985,4
5/31/1985,4,40.4404636,286.96927,Summer_Hist,1985,5
6/30/1985,4,37.05257455,334.84955,Summer_Hist,1985,6
7/31/1985,4,30.71998855,406.91837,Summer_Hist,1985,7
8/31/1985,4,77.45255005,1390.9124,Summer_Hist,1985,8
9/30/1985,4,137.4913255,1590.472,Summer_Hist,1985,9
10/31/1985,4,137.472963,1722.9448,Summer_Hist,1985,10
11/30/1985,4,157.1972601,1717.0513,Summer_Hist,1985,11
12/31/1985,4,166.2106615,1723.866,Summer_Hist,1985,12
1/31/1986,4,220.611718,1690.1221,Summer_Hist,1986,1
2/28/1986,4,116.603134,630.74695,Summer_Hist,1986,2
3/31/1986,1,38.903014,237.06487,Summer_Hist,1986,3
4/30/1986,1,15.1173225,186.41132,Summer_Hist,1986,4
5/31/1986,1,17.547396,178.89268,Summer_Hist,1986,5
6/30/1986,1,22.513611,208.66263,Summer_Hist,1986,6
7/31/1986,1,23.906529,223.10722,Summer_Hist,1986,7
8/31/1986,1,20.0298915,297.67554,Summer_Hist,1986,8
9/30/1986,1,29.502489,536.4584,Summer_Hist,1986,9
10/31/1986,1,62.61833995,1152.5406,Summer_Hist,1986,10
11/30/1986,1,128.724925,1687.071,Summer_Hist,1986,11
12/31/1986,1,155.3097535,1775.264,Summer_Hist,1986,12
1/31/1987,1,183.307954,1538.1211,Summer_Hist,1987,1
2/28/1987,4,152.452258,1289.535,Summer_Hist,1987,2
3/31/1987,4,104.4296611,651.7712,Summer_Hist,1987,3
4/30/1987,4,43.66450045,269.2316,Summer_Hist,1987,4
5/31/1987,4,31.202428,251.22537,Summer_Hist,1987,5
6/30/1987,4,30.9104797,319.23572,Summer_Hist,1987,6
7/31/1987,4,36.92851405,454.75845,Summer_Hist,1987,7
8/31/1987,4,48.5054734,829.1127,Summer_Hist,1987,8
9/30/1987,4,86.3231152,1170.576,Summer_Hist,1987,9
10/31/1987,4,132.3704626,1639.9554,Summer_Hist,1987,10
11/30/1987,4,186.557581,1974.8138,Summer_Hist,1987,11
12/31/1987,4,202.8246229,1886.1521,Summer_Hist,1987,12
1/31/1988,4,186.7977391,1239.8778,Summer_Hist,1988,1
2/29/1988,4,66.38175355,368.8362,Summer_Hist,1988,2
3/31/1988,5,41.1760372,253.56158,Summer_Hist,1988,3
4/30/1988,5,51.4270882,292.0898,Summer_Hist,1988,4
5/31/1988,5,50.8830175,380.0074,Summer_Hist,1988,5
6/30/1988,5,55.9767997,625.457,Summer_Hist,1988,6
7/31/1988,5,72.2583025,732.719,Summer_Hist,1988,7
8/31/1988,5,63.4929451,962.7303,Summer_Hist,1988,8
9/30/1988,5,114.4059123,1450.3545,Summer_Hist,1988,9
10/31/1988,5,175.0183585,1939.8328,Summer_Hist,1988,10
11/30/1988,5,224.062042,2185.0122,Summer_Hist,1988,11
12/31/1988,5,226.6035124,2226.909,Summer_Hist,1988,12
1/31/1989,5,215.3888365,1671.3152,Summer_Hist,1989,1
2/28/1989,4,175.8331906,1481.0637,Summer_Hist,1989,2
3/31/1989,5,150.657955,737.506,Summer_Hist,1989,3
4/30/1989,4,46.185619,280.5533,Summer_Hist,1989,4
5/31/1989,4,24.7768065,238.1302,Summer_Hist,1989,5
6/30/1989,4,25.753881,254.19875,Summer_Hist,1989,6
7/31/1989,4,24.558282,336.5736,Summer_Hist,1989,7
8/31/1989,4,35.9587645,732.00415,Summer_Hist,1989,8
9/30/1989,4,85.7394523,1233.5846,Summer_Hist,1989,9
10/31/1989,4,145.2158515,1720.784,Summer_Hist,1989,10
11/30/1989,4,161.8911445,1700.3616,Summer_Hist,1989,11
12/31/1989,4,157.9996234,1745.6152,Summer_Hist,1989,12
1/31/1990,4,186.0438571,1683.8008,Summer_Hist,1990,1
2/28/1990,4,124.4603845,818.02374,Summer_Hist,1990,2
3/31/1990,5,48.65276425,365.05435,Summer_Hist,1990,3
4/30/1990,5,37.01043445,372.05423,Summer_Hist,1990,4
5/31/1990,5,49.8348274,337.0759,Summer_Hist,1990,5
6/30/1990,5,48.27135445,378.47174,Summer_Hist,1990,6
7/31/1990,5,57.8237593,688.2254,Summer_Hist,1990,7
8/31/1990,5,89.133181,1169.7843,Summer_Hist,1990,8
9/30/1990,5,115.8275065,1372.7178,Summer_Hist,1990,9
10/31/1990,5,165.160371,1821.5659,Summer_Hist,1990,10
11/30/1990,5,214.0061419,2144.0598,Summer_Hist,1990,11
12/31/1990,5,225.950224,1848.1697,Summer_Hist,1990,12
1/31/1991,5,222.8077428,2105.109,Summer_Hist,1991,1
2/28/1991,5,275.559091,2040.1196,Summer_Hist,1991,2
3/31/1991,5,226.8621385,1354.0995,Summer_Hist,1991,3
4/30/1991,5,111.2409588,493.91412,Summer_Hist,1991,4
5/31/1991,5,45.9793075,254.42683,Summer_Hist,1991,5
6/30/1991,5,43.412911,418.31915,Summer_Hist,1991,6
7/31/1991,5,72.65378845,888.0308,Summer_Hist,1991,7
8/31/1991,5,161.3039989,1627.7157,Summer_Hist,1991,8
9/30/1991,5,188.8897531,1753.941,Summer_Hist,1991,9
10/31/1991,5,198.3390393,1723.2404,Summer_Hist,1991,10
11/30/1991,5,226.0816774,2210.4365,Summer_Hist,1991,11
12/31/1991,5,225.23476,1850.6948,Summer_Hist,1991,12
1/31/1992,5,197.0348821,1959.9565,Summer_Hist,1992,1
2/29/1992,5,242.2372615,1564.7496,Summer_Hist,1992,2
3/31/1992,5,104.9838664,437.27948,Summer_Hist,1992,3
4/30/1992,5,39.7907605,246.73984,Summer_Hist,1992,4
5/31/1992,5,43.77339325,264.80582,Summer_Hist,1992,5
6/30/1992,5,43.0658095,409.32565,Summer_Hist,1992,6
7/31/1992,5,52.94713,447.30307,Summer_Hist,1992,7
8/31/1992,5,45.427747,663.7154,Summer_Hist,1992,8
9/30/1992,5,83.467495,1193.6919,Summer_Hist,1992,9
10/31/1992,5,160.9187245,1981.6042,Summer_Hist,1992,10
11/30/1992,5,224.7062703,2262.0225,Summer_Hist,1992,11
12/31/1992,5,222.9371641,1707.4835,Summer_Hist,1992,12
1/31/1993,5,164.7865735,1096.8376,Summer_Hist,1993,1
2/28/1993,3,63.4191358,341.01776,Summer_Hist,1993,2
3/31/1993,2,42.00028,237.64772,Summer_Hist,1993,3
4/30/1993,2,34.32173875,235.38724,Summer_Hist,1993,4
5/31/1993,2,27.064329,228.33556,Summer_Hist,1993,5
6/30/1993,2,25.43211,228.37285,Summer_Hist,1993,6
7/31/1993,2,23.4318585,213.39574,Summer_Hist,1993,7
8/31/1993,2,22.1198175,327.42444,Summer_Hist,1993,8
9/30/1993,2,39.87133,750.2953,Summer_Hist,1993,9
10/31/1993,2,116.1307351,1853.8668,Summer_Hist,1993,10
11/30/1993,2,181.1630583,1784.6868,Summer_Hist,1993,11
12/31/1993,2,154.8000196,1818.5319,Summer_Hist,1993,12
1/31/1994,2,220.5778429,1780.5721,Summer_Hist,1994,1
2/28/1994,4,184.5667135,1412.3818,Summer_Hist,1994,2
3/31/1994,4,127.517551,700.12604,Summer_Hist,1994,3
4/30/1994,5,60.6965992,272.64005,Summer_Hist,1994,4
5/31/1994,5,45.39007855,322.94327,Summer_Hist,1994,5
6/30/1994,5,47.87228605,525.63837,Summer_Hist,1994,6
7/31/1994,5,77.8221865,1031.601,Summer_Hist,1994,7
8/31/1994,5,108.191929,1527.2968,Summer_Hist,1994,8
9/30/1994,5,124.1943513,1604.686,Summer_Hist,1994,9
10/31/1994,5,174.0349375,1914.5751,Summer_Hist,1994,10
11/30/1994,5,219.4767711,2241.0164,Summer_Hist,1994,11
12/31/1994,5,220.1334681,1835.8853,Summer_Hist,1994,12
1/31/1995,5,219.5460033,1811.3181,Summer_Hist,1995,1
2/28/1995,1,77.56564375,361.5868,Summer_Hist,1995,2
3/31/1995,2,27.072927,233.7744,Summer_Hist,1995,3
4/30/1995,1,27.87915,214.62917,Summer_Hist,1995,4
5/31/1995,1,23.405619,175.58226,Summer_Hist,1995,5
6/30/1995,1,16.7191935,169.3126,Summer_Hist,1995,6
7/31/1995,1,15.3569295,166.17197,Summer_Hist,1995,7
8/31/1995,1,20.507508,203.71008,Summer_Hist,1995,8
9/30/1995,1,25.1858805,425.9063,Summer_Hist,1995,9
10/31/1995,1,44.26878595,1002.7186,Summer_Hist,1995,10
11/30/1995,1,119.3238295,1715.8209,Summer_Hist,1995,11
12/31/1995,1,194.002807,1834.997,Summer_Hist,1995,12
1/31/1996,1,138.1129675,710.6739,Summer_Hist,1996,1
2/29/1996,2,29.135079,231.69466,Summer_Hist,1996,2
3/31/1996,1,30.114294,211.5989,Summer_Hist,1996,3
4/30/1996,1,26.97249,213.53426,Summer_Hist,1996,4
5/31/1996,1,24.122616,206.91405,Summer_Hist,1996,5
6/30/1996,1,21.661875,193.9843,Summer_Hist,1996,6
7/31/1996,1,19.0424265,192.80731,Summer_Hist,1996,7
8/31/1996,1,19.7400855,308.9359,Summer_Hist,1996,8
9/30/1996,1,43.551991,701.16284,Summer_Hist,1996,9
10/31/1996,1,103.123432,1535.3672,Summer_Hist,1996,10
11/30/1996,1,167.5823836,1695.8174,Summer_Hist,1996,11
12/31/1996,1,145.505098,1680.7675,Summer_Hist,1996,12
1/31/1997,1,64.30225675,330.88586,Summer_Hist,1997,1
2/28/1997,1,7.334088,185.62434,Summer_Hist,1997,2
3/31/1997,1,16.4004645,169.80478,Summer_Hist,1997,3
4/30/1997,1,23.1560745,200.59578,Summer_Hist,1997,4
5/31/1997,1,26.3825475,266.49564,Summer_Hist,1997,5
6/30/1997,1,29.3767005,279.2892,Summer_Hist,1997,6
7/31/1997,1,26.23173,225.67235,Summer_Hist,1997,7
8/31/1997,1,20.8794555,272.54507,Summer_Hist,1997,8
9/30/1997,1,37.20960955,614.79486,Summer_Hist,1997,9
10/31/1997,1,76.2329182,1146.5728,Summer_Hist,1997,10
11/30/1997,1,138.6809725,1681.2661,Summer_Hist,1997,11
12/31/1997,1,145.785937,1789.5173,Summer_Hist,1997,12
1/31/1998,1,138.3632403,827.2984,Summer_Hist,1998,1
2/28/1998,1,44.80244845,258.68964,Summer_Hist,1998,2
3/31/1998,1,44.231659,223.42842,Summer_Hist,1998,3
4/30/1998,1,23.752263,182.18755,Summer_Hist,1998,4
5/31/1998,1,17.72631,176.2158,Summer_Hist,1998,5
6/30/1998,1,17.145513,163.23763,Summer_Hist,1998,6
7/31/1998,1,14.780679,162.25145,Summer_Hist,1998,7
8/31/1998,1,16.228887,184.5947,Summer_Hist,1998,8
9/30/1998,1,20.415411,287.0606,Summer_Hist,1998,9
10/31/1998,1,19.7311245,278.63416,Summer_Hist,1998,10
11/30/1998,1,17.3899905,286.93555,Summer_Hist,1998,11
12/31/1998,1,24.216786,288.8903,Summer_Hist,1998,12
1/31/1999,1,23.14272,205.72528,Summer_Hist,1999,1
2/28/1999,2,24.726792,209.93759,Summer_Hist,1999,2
3/31/1999,1,27.39981,211.00706,Summer_Hist,1999,3
4/30/1999,1,25.289823,211.01974,Summer_Hist,1999,4
5/31/1999,1,24.5881305,215.4815,Summer_Hist,1999,5
6/30/1999,1,23.929956,239.8565,Summer_Hist,1999,6
7/31/1999,1,22.85004,214.1484,Summer_Hist,1999,7
8/31/1999,1,20.969574,307.25613,Summer_Hist,1999,8
9/30/1999,1,38.38005895,614.579,Summer_Hist,1999,9
10/31/1999,1,84.68015575,1397.6765,Summer_Hist,1999,10
11/30/1999,1,163.9535556,1706.6404,Summer_Hist,1999,11
12/31/1999,1,163.3506096,1730.648,Summer_Hist,1999,12
1/31/2000,1,184.8163251,1560.0737,Summer_Hist,2000,1
2/29/2000,3,121.6788586,731.9642,Summer_Hist,2000,2
3/31/2000,2,41.0314168,246.00996,Summer_Hist,2000,3
4/30/2000,2,24.8289255,212.4316,Summer_Hist,2000,4
5/31/2000,2,23.215533,207.1579,Summer_Hist,2000,5
6/30/2000,2,24.1952205,244.29176,Summer_Hist,2000,6
7/31/2000,2,23.194869,221.38234,Summer_Hist,2000,7
8/31/2000,2,21.1773645,351.52234,Summer_Hist,2000,8
9/30/2000,2,46.1691061,772.134,Summer_Hist,2000,9
10/31/2000,2,89.91726445,1255.6716,Summer_Hist,2000,10
11/30/2000,2,141.3384265,1682.3431,Summer_Hist,2000,11
12/31/2000,2,163.3424215,1759.556,Summer_Hist,2000,12
1/31/2001,2,199.7995788,1709.5674,Summer_Hist,2001,1
2/28/2001,4,169.336533,1216.2372,Summer_Hist,2001,2
3/31/2001,4,74.0340463,399.46442,Summer_Hist,2001,3
4/30/2001,4,32.7386179,246.34901,Summer_Hist,2001,4
5/31/2001,4,32.3692351,246.67787,Summer_Hist,2001,5
6/30/2001,4,27.898245,312.54092,Summer_Hist,2001,6
7/31/2001,4,29.167602,488.4644,Summer_Hist,2001,7
8/31/2001,4,57.092341,1044.6039,Summer_Hist,2001,8
9/30/2001,4,105.8985483,1371.9956,Summer_Hist,2001,9
10/31/2001,4,150.614464,1844.9298,Summer_Hist,2001,10
11/30/2001,4,201.3604326,1835.5638,Summer_Hist,2001,11
12/31/2001,4,169.615528,1730.2772,Summer_Hist,2001,12
1/31/2002,4,118.9752888,782.8279,Summer_Hist,2002,1
2/28/2002,3,30.042078,232.67345,Summer_Hist,2002,2
3/31/2002,3,28.801461,233.8601,Summer_Hist,2002,3
4/30/2002,3,26.9729505,245.75992,Summer_Hist,2002,4
5/31/2002,4,28.44093,256.3598,Summer_Hist,2002,5
6/30/2002,4,29.493741,313.5801,Summer_Hist,2002,6
7/31/2002,4,29.848467,429.4648,Summer_Hist,2002,7
8/31/2002,4,55.2207688,973.5376,Summer_Hist,2002,8
9/30/2002,4,109.497514,1573.3568,Summer_Hist,2002,9
10/31/2002,4,155.5381525,1818.3646,Summer_Hist,2002,10
11/30/2002,4,163.994416,1631.7656,Summer_Hist,2002,11
12/31/2002,4,154.556698,1733.4503,Summer_Hist,2002,12
1/31/2003,4,103.382098,643.4532,Summer_Hist,2003,1
2/28/2003,2,28.035429,213.98892,Summer_Hist,2003,2
3/31/2003,3,26.073255,230.16911,Summer_Hist,2003,3
4/30/2003,3,26.311947,245.12863,Summer_Hist,2003,4
5/31/2003,2,27.9075255,234.95769,Summer_Hist,2003,5
6/30/2003,2,23.992653,219.02596,Summer_Hist,2003,6
7/31/2003,2,20.5008315,216.89334,Summer_Hist,2003,7
8/31/2003,2,21.0610725,376.2287,Summer_Hist,2003,8
9/30/2003,2,56.801413,890.7131,Summer_Hist,2003,9
10/31/2003,2,124.397086,1714.2671,Summer_Hist,2003,10
11/30/2003,2,177.3807805,1723.7874,Summer_Hist,2003,11
12/31/2003,2,172.9816345,1752.4799,Summer_Hist,2003,12
1/31/2004,2,148.2093063,771.33936,Summer_Hist,2004,1
2/29/2004,2,30.2817925,264.90897,Summer_Hist,2004,2
3/31/2004,2,28.6092825,238.78737,Summer_Hist,2004,3
4/30/2004,2,25.02672,236.82399,Summer_Hist,2004,4
5/31/2004,3,26.585106,242.80135,Summer_Hist,2004,5
6/30/2004,3,28.345569,275.11404,Summer_Hist,2004,6
7/31/2004,3,28.187169,388.6904,Summer_Hist,2004,7
8/31/2004,3,43.09923145,761.97797,Summer_Hist,2004,8
9/30/2004,3,88.69883245,1320.5468,Summer_Hist,2004,9
10/31/2004,3,157.3527475,1693.3862,Summer_Hist,2004,10
11/30/2004,3,149.4940863,1684.6632,Summer_Hist,2004,11
12/31/2004,3,152.0473956,1745.9104,Summer_Hist,2004,12
1/31/2005,3,163.6076055,932.96375,Summer_Hist,2005,1
2/28/2005,3,48.53551525,310.5431,Summer_Hist,2005,2
3/31/2005,3,40.7266549,241.3817,Summer_Hist,2005,3
4/30/2005,3,37.3153018,231.06715,Summer_Hist,2005,4
5/31/2005,3,27.164676,227.68044,Summer_Hist,2005,5
6/30/2005,3,20.564493,207.33371,Summer_Hist,2005,6
7/31/2005,3,17.1414825,197.18698,Summer_Hist,2005,7
8/31/2005,3,21.8301315,274.8305,Summer_Hist,2005,8
9/30/2005,3,70.7585641,1012.57086,Summer_Hist,2005,9
10/31/2005,3,139.5263395,1745.5944,Summer_Hist,2005,10
11/30/2005,3,114.2614116,1508.5168,Summer_Hist,2005,11
12/31/2005,3,148.3816743,1761.0089,Summer_Hist,2005,12
1/31/2006,3,77.023018,465.32556,Summer_Hist,2006,1
2/28/2006,1,24.5383965,192.71368,Summer_Hist,2006,2
3/31/2006,1,21.939411,194.70529,Summer_Hist,2006,3
4/30/2006,1,25.139697,188.75789,Summer_Hist,2006,4
5/31/2006,1,14.947266,178.8351,Summer_Hist,2006,5
6/30/2006,1,13.0814535,169.89655,Summer_Hist,2006,6
7/31/2006,1,18.6616425,173.50624,Summer_Hist,2006,7
8/31/2006,1,24.9157335,249.22644,Summer_Hist,2006,8
9/30/2006,1,26.90142,466.32355,Summer_Hist,2006,9
10/31/2006,1,48.151378,930.4255,Summer_Hist,2006,10
11/30/2006,1,103.7742865,1482.7301,Summer_Hist,2006,11
12/31/2006,1,140.5940635,1779.9641,Summer_Hist,2006,12
1/31/2007,1,147.701821,1024.0616,Summer_Hist,2007,1
2/28/2007,3,54.713104,574.45154,Summer_Hist,2007,2
3/31/2007,3,61.9269385,455.34564,Summer_Hist,2007,3
4/30/2007,4,38.431567,245.3814,Summer_Hist,2007,4
5/31/2007,4,33.862219,268.09024,Summer_Hist,2007,5
6/30/2007,4,32.1718897,338.11267,Summer_Hist,2007,6
7/31/2007,4,31.75747975,450.4966,Summer_Hist,2007,7
8/31/2007,4,72.25594555,1394.0765,Summer_Hist,2007,8
9/30/2007,4,139.8867135,1589.3159,Summer_Hist,2007,9
10/31/2007,4,143.6473056,1767.3894,Summer_Hist,2007,10
11/30/2007,4,159.997425,1711.2991,Summer_Hist,2007,11
12/31/2007,4,168.0140931,1764.5526,Summer_Hist,2007,12
1/31/2008,4,179.5122385,1533.9706,Summer_Hist,2008,1
2/29/2008,4,106.5780595,586.2349,Summer_Hist,2008,2
3/31/2008,4,43.6477738,256.11206,Summer_Hist,2008,3
4/30/2008,4,48.2436781,245.4312,Summer_Hist,2008,4
5/31/2008,5,39.2506285,267.66055,Summer_Hist,2008,5
6/30/2008,5,33.7669948,367.41382,Summer_Hist,2008,6
7/31/2008,5,43.60302595,541.75464,Summer_Hist,2008,7
8/31/2008,5,58.87520125,1027.1881,Summer_Hist,2008,8
9/30/2008,5,112.513498,1533.1832,Summer_Hist,2008,9
10/31/2008,5,172.288087,2030.5409,Summer_Hist,2008,10
11/30/2008,5,224.3873125,2181.5347,Summer_Hist,2008,11
12/31/2008,5,223.0237728,1886.1658,Summer_Hist,2008,12
1/31/2009,5,218.1926095,1914.3387,Summer_Hist,2009,1
2/28/2009,5,200.0948815,1052.0155,Summer_Hist,2009,2
3/31/2009,5,79.2349657,363.1035,Summer_Hist,2009,3
4/30/2009,4,31.0652347,250.77577,Summer_Hist,2009,4
5/31/2009,5,37.3971709,253.51651,Summer_Hist,2009,5
6/30/2009,5,35.1011767,318.05392,Summer_Hist,2009,6
7/31/2009,5,28.235907,335.9682,Summer_Hist,2009,7
8/31/2009,5,28.236195,522.5253,Summer_Hist,2009,8
9/30/2009,5,70.2795418,1133.6201,Summer_Hist,2009,9
10/31/2009,5,160.747582,2132.8503,Summer_Hist,2009,10
11/30/2009,5,208.872739,2032.3934,Summer_Hist,2009,11
12/31/2009,5,160.6488295,1973.9937,Summer_Hist,2009,12
1/31/2010,5,209.656623,1673.6722,Summer_Hist,2010,1
2/28/2010,4,92.4470926,463.0514,Summer_Hist,2010,2
3/31/2010,4,40.2891001,243.69685,Summer_Hist,2010,3
4/30/2010,4,28.595895,241.93318,Summer_Hist,2010,4
5/31/2010,3,28.438614,237.33789,Summer_Hist,2010,5
6/30/2010,3,27.648975,225.98325,Summer_Hist,2010,6
7/31/2010,3,25.726536,245.40977,Summer_Hist,2010,7
8/31/2010,3,30.114405,601.2557,Summer_Hist,2010,8
9/30/2010,3,86.77159405,1346.1583,Summer_Hist,2010,9
10/31/2010,3,125.7643165,1747.3032,Summer_Hist,2010,10
11/30/2010,3,117.5873815,1326.7874,Summer_Hist,2010,11
12/31/2010,3,104.9438581,1276.35,Summer_Hist,2010,12
1/31/2011,3,63.935647,393.486,Summer_Hist,2011,1
2/28/2011,2,24.8705955,187.90775,Summer_Hist,2011,2
3/31/2011,2,27.520011,208.69214,Summer_Hist,2011,3
4/30/2011,1,18.081072,215.84201,Summer_Hist,2011,4
5/31/2011,1,16.457799,192.38086,Summer_Hist,2011,5
6/30/2011,1,16.593324,188.18541,Summer_Hist,2011,6
7/31/2011,1,19.0335615,185.92381,Summer_Hist,2011,7
8/31/2011,1,18.619416,225.45853,Summer_Hist,2011,8
9/30/2011,1,22.51641,384.9401,Summer_Hist,2011,9
10/31/2011,1,30.119412,568.99493,Summer_Hist,2011,10
11/30/2011,1,51.3090355,778.5984,Summer_Hist,2011,11
12/31/2011,1,93.4741015,1258.7478,Summer_Hist,2011,12
1/31/2012,1,217.3977445,1742.2771,Summer_Hist,2012,1
2/29/2012,4,174.2751355,1373.9918,Summer_Hist,2012,2
3/31/2012,4,81.7040062,432.84937,Summer_Hist,2012,3
4/30/2012,4,37.9505725,267.56683,Summer_Hist,2012,4
5/31/2012,3,27.691104,227.13583,Summer_Hist,2012,5
6/30/2012,3,26.2630395,243.0986,Summer_Hist,2012,6
7/31/2012,3,25.4406675,352.83432,Summer_Hist,2012,7
8/31/2012,3,34.3235656,750.8449,Summer_Hist,2012,8
9/30/2012,3,81.74018125,1306.1116,Summer_Hist,2012,9
10/31/2012,3,161.7036145,1716.8293,Summer_Hist,2012,10
11/30/2012,3,155.3811175,1714.4794,Summer_Hist,2012,11
12/31/2012,3,174.594213,1741.2788,Summer_Hist,2012,12
1/31/2013,3,96.49627,508.18457,Summer_Hist,2013,1
2/28/2013,3,23.46333,228.73257,Summer_Hist,2013,2
3/31/2013,3,26.4662205,249.11134,Summer_Hist,2013,3
4/30/2013,4,25.219467,260.9485,Summer_Hist,2013,4
5/31/2013,4,31.02374725,293.36636,Summer_Hist,2013,5
6/30/2013,4,39.09586495,322.09946,Summer_Hist,2013,6
7/31/2013,4,32.507272,388.46432,Summer_Hist,2013,7
8/31/2013,4,41.5615738,746.7586,Summer_Hist,2013,8
9/30/2013,4,75.67172755,1093.9888,Summer_Hist,2013,9
10/31/2013,4,149.281519,1797.6333,Summer_Hist,2013,10
11/30/2013,4,170.7387415,1628.686,Summer_Hist,2013,11
12/31/2013,4,190.7598775,1927.4484,Summer_Hist,2013,12
1/31/2014,4,223.7138148,1964.0233,Summer_Hist,2014,1
2/28/2014,5,180.0864565,979.60046,Summer_Hist,2014,2
3/31/2014,5,71.5034458,416.77493,Summer_Hist,2014,3
4/30/2014,5,35.4730105,326.15286,Summer_Hist,2014,4
5/31/2014,5,35.5711987,297.3553,Summer_Hist,2014,5
6/30/2014,5,46.99348855,589.3852,Summer_Hist,2014,6
7/31/2014,5,105.4480174,1195.7422,Summer_Hist,2014,7
8/31/2014,5,169.3894945,1555.9642,Summer_Hist,2014,8
9/30/2014,5,175.857883,1444.5295,Summer_Hist,2014,9
10/31/2014,5,174.4672255,1587.2385,Summer_Hist,2014,10
11/30/2014,5,221.7162355,1839.7638,Summer_Hist,2014,11
12/31/2014,5,224.9143146,1903.8588,Summer_Hist,2014,12
1/31/2015,5,106.111486,618.48303,Summer_Hist,2015,1
2/28/2015,5,32.27999875,271.34293,Summer_Hist,2015,2
3/31/2015,5,35.80589905,350.48535,Summer_Hist,2015,3
4/30/2015,5,39.8945746,305.54996,Summer_Hist,2015,4
5/31/2015,5,54.1026853,437.7152,Summer_Hist,2015,5
6/30/2015,5,68.8795648,978.37195,Summer_Hist,2015,6
7/31/2015,5,155.8714885,1715.4393,Summer_Hist,2015,7
8/31/2015,5,176.8098856,1622.1711,Summer_Hist,2015,8
9/30/2015,5,150.761923,1458.1945,Summer_Hist,2015,9
10/31/2015,5,175.703014,1644.9203,Summer_Hist,2015,10
11/30/2015,5,185.0006545,2093.565,Summer_Hist,2015,11
12/31/2015,5,225.2387785,1870.8904,Summer_Hist,2015,12
1/31/2016,5,207.920839,1848.5171,Summer_Hist,2016,1
2/29/2016,3,103.1005066,582.7804,Summer_Hist,2016,2
3/31/2016,4,32.0453668,245.46223,Summer_Hist,2016,3
4/30/2016,3,28.82484,246.85995,Summer_Hist,2016,4
5/31/2016,3,28.892115,239.14592,Summer_Hist,2016,5
6/30/2016,3,27.742278,250.15862,Summer_Hist,2016,6
7/31/2016,3,25.119996,384.2389,Summer_Hist,2016,7
8/31/2016,3,39.651253,762.964,Summer_Hist,2016,8
9/30/2016,3,70.2106744,1023.4364,Summer_Hist,2016,9
10/31/2016,3,144.2450845,1784.4806,Summer_Hist,2016,10
11/30/2016,3,174.4431544,1682.7817,Summer_Hist,2016,11
12/31/2016,3,158.990463,1833.6532,Summer_Hist,2016,12
1/31/2017,3,115.1724625,659.6054,Summer_Hist,2017,1
2/28/2017,1,32.29119355,218.80785,Summer_Hist,2017,2
3/31/2017,1,16.19916,199.38315,Summer_Hist,2017,3
4/30/2017,1,16.850319,171.65567,Summer_Hist,2017,4
5/31/2017,1,15.1774155,175.80472,Summer_Hist,2017,5
6/30/2017,1,15.2053155,194.97137,Summer_Hist,2017,6
7/31/2017,1,18.158706,216.32718,Summer_Hist,2017,7
8/31/2017,1,23.0046255,246.78157,Summer_Hist,2017,8
9/30/2017,1,31.45769395,557.4821,Summer_Hist,2017,9
10/31/2017,1,53.2578541,990.18164,Summer_Hist,2017,10
11/30/2017,1,86.6225305,1298.6167,Summer_Hist,2017,11
12/31/2017,1,81.30695845,934.9322,Summer_Hist,2017,12
1/31/2018,1,121.0099465,1236.6566,Summer_Hist,2018,1
2/28/2018,3,172.6679065,1045.2126,Summer_Hist,2018,2
3/31/2018,4,58.736506,315.24338,Summer_Hist,2018,3
4/30/2018,3,38.2795081,252.68314,Summer_Hist,2018,4
5/31/2018,3,29.5930845,233.37141,Summer_Hist,2018,5
6/30/2018,3,27.583365,229.27197,Summer_Hist,2018,6
7/31/2018,3,25.073184,354.08823,Summer_Hist,2018,7
8/31/2018,3,37.3799398,730.71484,Summer_Hist,2018,8
9/30/2018,3,74.8188052,1217.8004,Summer_Hist,2018,9
10/31/2018,3,158.7038755,1698.63,Summer_Hist,2018,10
11/30/2018,3,150.8574721,1713.4636,Summer_Hist,2018,11
12/31/2018,3,180.578623,1747.55,Summer_Hist,2018,12
1/31/2019,3,222.8542576,1366.5837,Summer_Hist,2019,1
2/28/2019,3,89.2998205,510.4133,Summer_Hist,2019,2
3/31/2019,2,37.76226445,239.2646,Summer_Hist,2019,3
4/30/2019,1,26.870013,222.10019,Summer_Hist,2019,4
5/31/2019,1,23.216256,193.29362,Summer_Hist,2019,5
6/30/2019,1,19.311882,193.73589,Summer_Hist,2019,6
7/31/2019,1,18.3541605,179.52881,Summer_Hist,2019,7
8/31/2019,1,21.4834395,232.34564,Summer_Hist,2019,8
9/30/2019,1,34.02744205,554.0477,Summer_Hist,2019,9
10/31/2019,1,48.633883,787.9722,Summer_Hist,2019,10
11/30/2019,1,62.7158641,1048.036,Summer_Hist,2019,11
12/31/2019,1,130.264971,1775.5253,Summer_Hist,2019,12
1/31/2020,1,147.219792,892.82855,Summer_Hist,2020,1
2/29/2020,3,37.3082908,451.1121,Summer_Hist,2020,2
3/31/2020,4,38.9663752,409.31802,Summer_Hist,2020,3
4/30/2020,4,30.146835,282.1248,Summer_Hist,2020,4
5/31/2020,4,38.5791799,282.08447,Summer_Hist,2020,5
6/30/2020,4,36.19614955,330.03064,Summer_Hist,2020,6
7/31/2020,4,30.6273151,399.0225,Summer_Hist,2020,7
8/31/2020,4,44.95209625,782.30304,Summer_Hist,2020,8
9/30/2020,4,79.98068245,1161.1902,Summer_Hist,2020,9
10/31/2020,4,136.7585478,1831.9836,Summer_Hist,2020,10
11/30/2020,4,180.6228379,1820.6732,Summer_Hist,2020,11
12/31/2020,4,172.8403429,1801.4313,Summer_Hist,2020,12
1/31/2021,4,223.8988653,1765.3837,Summer_Hist,2021,1
2/28/2021,5,203.9006974,1062.2969,Summer_Hist,2021,2
3/31/2021,5,120.9955113,824.065,Summer_Hist,2021,3
4/30/2021,5,111.0995389,765.98096,Summer_Hist,2021,4
5/31/2021,5,87.1192684,873.75476,Summer_Hist,2021,5
6/30/2021,5,114.469909,945.714,Summer_Hist,2021,6
7/31/2021,5,132.6431991,1328.3367,Summer_Hist,2021,7
8/31/2021,5,175.2303814,1748.8486,Summer_Hist,2021,8
9/30/2021,5,173.300749,1652.4703,Summer_Hist,2021,9
11/30/1920,NA,NA,NA,SummerFall_Even,1920,11
12/31/1920,NA,NA,NA,SummerFall_Even,1920,12
1/31/1921,NA,NA,NA,SummerFall_Even,1921,1
2/28/1921,NA,NA,NA,SummerFall_Even,1921,2
3/31/1921,5,NA,NA,SummerFall_Even,1921,3
4/30/1921,5,NA,NA,SummerFall_Even,1921,4
5/31/1921,2,NA,NA,SummerFall_Even,1921,5
6/30/1921,2,NA,NA,SummerFall_Even,1921,6
7/31/1921,2,NA,NA,SummerFall_Even,1921,7
8/31/1921,2,NA,NA,SummerFall_Even,1921,8
9/30/1921,2,NA,NA,SummerFall_Even,1921,9
10/31/1921,2,NA,NA,SummerFall_Even,1921,10
11/30/1921,2,30.4763905,222.66362,SummerFall_Even,1921,11
12/31/1921,2,22.999992,522.97845,SummerFall_Even,1921,12
1/31/1922,2,73.63774525,669.4961,SummerFall_Even,1922,1
2/28/1922,3,39.2580955,269.47595,SummerFall_Even,1922,2
3/31/1922,3,50.69509705,252.44026,SummerFall_Even,1922,3
4/30/1922,2,32.327893,238.12509,SummerFall_Even,1922,4
5/31/1922,2,27.496578,219.80296,SummerFall_Even,1922,5
6/30/1922,2,21.578442,218.12187,SummerFall_Even,1922,6
7/31/1922,2,21.7991175,223.87807,SummerFall_Even,1922,7
8/31/1922,2,24.144447,338.0202,SummerFall_Even,1922,8
9/30/1922,2,22.971822,440.51837,SummerFall_Even,1922,9
10/31/1922,2,22.037178,344.0034,SummerFall_Even,1922,10
11/30/1922,2,22.159104,280.11316,SummerFall_Even,1922,11
12/31/1922,2,27.1437195,522.8545,SummerFall_Even,1922,12
1/31/1923,2,46.9303468,390.91425,SummerFall_Even,1923,1
2/28/1923,3,31.8895858,221.15956,SummerFall_Even,1923,2
3/31/1923,3,33.57090055,232.15498,SummerFall_Even,1923,3
4/30/1923,4,37.366978,246.48807,SummerFall_Even,1923,4
5/31/1923,3,36.3109219,243.27118,SummerFall_Even,1923,5
6/30/1923,3,28.6318275,225.35587,SummerFall_Even,1923,6
7/31/1923,3,27.8900475,305.33752,SummerFall_Even,1923,7
8/31/1923,3,30.214146,720.90985,SummerFall_Even,1923,8
9/30/1923,3,68.49315895,1117.3494,SummerFall_Even,1923,9
10/31/1923,3,133.563541,1662.5643,SummerFall_Even,1923,10
11/30/1923,3,135.4117375,1507.4479,SummerFall_Even,1923,11
12/31/1923,3,169.062628,1768.0255,SummerFall_Even,1923,12
1/31/1924,3,181.8724375,1511.4106,SummerFall_Even,1924,1
2/29/1924,5,153.6459235,1361.6007,SummerFall_Even,1924,2
3/31/1924,5,102.1377025,728.31604,SummerFall_Even,1924,3
4/30/1924,5,74.1957154,359.43,SummerFall_Even,1924,4
5/31/1924,5,72.29348575,478.90915,SummerFall_Even,1924,5
6/30/1924,5,76.0453198,906.18866,SummerFall_Even,1924,6
7/31/1924,5,154.9471623,1651.2191,SummerFall_Even,1924,7
8/31/1924,5,210.620302,1720.4977,SummerFall_Even,1924,8
9/30/1924,5,181.1526045,1470.9081,SummerFall_Even,1924,9
10/31/1924,5,189.3268405,1492.9672,SummerFall_Even,1924,10
11/30/1924,5,201.7408135,2129.03,SummerFall_Even,1924,11
12/31/1924,5,218.3997076,2284.6628,SummerFall_Even,1924,12
1/31/1925,5,203.9099343,1533.082,SummerFall_Even,1925,1
2/28/1925,5,114.9386884,876.7012,SummerFall_Even,1925,2
3/31/1925,4,63.31008625,386.28305,SummerFall_Even,1925,3
4/30/1925,4,29.309304,245.34457,SummerFall_Even,1925,4
5/31/1925,4,29.2349625,245.23927,SummerFall_Even,1925,5
6/30/1925,4,32.98793305,240.6684,SummerFall_Even,1925,6
7/31/1925,4,27.648555,295.97815,SummerFall_Even,1925,7
8/31/1925,4,37.02502075,708.748,SummerFall_Even,1925,8
9/30/1925,4,80.591503,1162.9333,SummerFall_Even,1925,9
10/31/1925,4,136.8253945,1757.1746,SummerFall_Even,1925,10
11/30/1925,4,175.9470738,1629.6743,SummerFall_Even,1925,11
12/31/1925,4,172.6320535,1745.2369,SummerFall_Even,1925,12
1/31/1926,4,185.384407,1514.0143,SummerFall_Even,1926,1
2/28/1926,5,126.5393911,910.22894,SummerFall_Even,1926,2
3/31/1926,4,57.3753403,315.2802,SummerFall_Even,1926,3
4/30/1926,5,55.0988629,244.97108,SummerFall_Even,1926,4
5/31/1926,4,40.3283788,246.13878,SummerFall_Even,1926,5
6/30/1926,4,25.879197,250.19383,SummerFall_Even,1926,6
7/31/1926,4,24.68226,347.42606,SummerFall_Even,1926,7
8/31/1926,4,33.9433471,616.2731,SummerFall_Even,1926,8
9/30/1926,4,73.14919825,974.912,SummerFall_Even,1926,9
10/31/1926,4,124.3292845,1715.8746,SummerFall_Even,1926,10
11/30/1926,4,169.3970841,1808.9792,SummerFall_Even,1926,11
12/31/1926,4,132.6690828,986.3047,SummerFall_Even,1926,12
1/31/1927,4,49.2037177,431.5273,SummerFall_Even,1927,1
2/28/1927,3,30.3370882,316.76028,SummerFall_Even,1927,2
3/31/1927,2,27.307287,238.87285,SummerFall_Even,1927,3
4/30/1927,2,26.788047,227.9684,SummerFall_Even,1927,4
5/31/1927,1,36.8971498,219.25894,SummerFall_Even,1927,5
6/30/1927,1,25.859361,223.31544,SummerFall_Even,1927,6
7/31/1927,1,23.6974575,231.32416,SummerFall_Even,1927,7
8/31/1927,1,23.671455,387.24805,SummerFall_Even,1927,8
9/30/1927,1,26.01474,390.33316,SummerFall_Even,1927,9
10/31/1927,1,22.8263235,301.08536,SummerFall_Even,1927,10
11/30/1927,1,20.6893455,282.5468,SummerFall_Even,1927,11
12/31/1927,1,34.4885065,726.27094,SummerFall_Even,1927,12
1/31/1928,1,214.902997,1393.4565,SummerFall_Even,1928,1
2/29/1928,3,162.177997,844.8544,SummerFall_Even,1928,2
3/31/1928,3,46.9097071,292.70776,SummerFall_Even,1928,3
4/30/1928,2,25.9712445,237.43825,SummerFall_Even,1928,4
5/31/1928,2,26.3873385,221.81924,SummerFall_Even,1928,5
6/30/1928,2,25.941714,231.04677,SummerFall_Even,1928,6
7/31/1928,2,23.2782,274.9266,SummerFall_Even,1928,7
8/31/1928,2,24.498516,449.09988,SummerFall_Even,1928,8
9/30/1928,2,28.74288,524.52515,SummerFall_Even,1928,9
10/31/1928,2,27.54183,360.9429,SummerFall_Even,1928,10
11/30/1928,2,23.405319,359.35098,SummerFall_Even,1928,11
12/31/1928,2,33.1160377,751.9421,SummerFall_Even,1928,12
1/31/1929,2,172.847713,1143.742,SummerFall_Even,1929,1
2/28/1929,4,196.0796704,1475.0493,SummerFall_Even,1929,2
3/31/1929,4,107.1332823,602.0101,SummerFall_Even,1929,3
4/30/1929,5,49.7631841,295.11285,SummerFall_Even,1929,4
5/31/1929,5,54.9050401,336.43503,SummerFall_Even,1929,5
6/30/1929,5,57.643246,588.7345,SummerFall_Even,1929,6
7/31/1929,5,111.8780506,1241.2971,SummerFall_Even,1929,7
8/31/1929,5,188.4249865,1723.5234,SummerFall_Even,1929,8
9/30/1929,5,193.4891686,1672.3204,SummerFall_Even,1929,9
10/31/1929,5,194.622853,1830.1691,SummerFall_Even,1929,10
11/30/1929,5,222.6157525,2130.2595,SummerFall_Even,1929,11
12/31/1929,5,219.020392,1949.059,SummerFall_Even,1929,12
1/31/1930,5,166.275613,985.76416,SummerFall_Even,1930,1
2/28/1930,4,49.6025695,330.35117,SummerFall_Even,1930,2
3/31/1930,4,40.912036,241.07874,SummerFall_Even,1930,3
4/30/1930,4,32.22841375,236.27255,SummerFall_Even,1930,4
5/31/1930,4,32.8101643,246.61226,SummerFall_Even,1930,5
6/30/1930,4,42.4549975,288.50168,SummerFall_Even,1930,6
7/31/1930,4,31.246831,394.14084,SummerFall_Even,1930,7
8/31/1930,4,51.7124815,936.2424,SummerFall_Even,1930,8
9/30/1930,4,107.990377,1598.6443,SummerFall_Even,1930,9
10/31/1930,4,156.1531255,1746.1434,SummerFall_Even,1930,10
11/30/1930,4,173.6650075,1720.179,SummerFall_Even,1930,11
12/31/1930,4,188.4431125,1858.2069,SummerFall_Even,1930,12
1/31/1931,4,204.0974215,1506.3297,SummerFall_Even,1931,1
2/28/1931,5,165.599365,1189.2231,SummerFall_Even,1931,2
3/31/1931,5,97.8787651,715.20496,SummerFall_Even,1931,3
4/30/1931,5,92.2957918,632.1357,SummerFall_Even,1931,4
5/31/1931,5,88.07347975,770.5395,SummerFall_Even,1931,5
6/30/1931,5,104.9962354,1289.6484,SummerFall_Even,1931,6
7/31/1931,5,154.995541,1310.8374,SummerFall_Even,1931,7
8/31/1931,5,122.721514,1340.7382,SummerFall_Even,1931,8
9/30/1931,5,162.801292,1660.9414,SummerFall_Even,1931,9
10/31/1931,5,198.553174,1604.6079,SummerFall_Even,1931,10
11/30/1931,5,218.4168931,1967.1376,SummerFall_Even,1931,11
12/31/1931,5,224.6445364,1654.9769,SummerFall_Even,1931,12
1/31/1932,5,112.877292,628.5782,SummerFall_Even,1932,1
2/29/1932,4,38.41214425,265.7804,SummerFall_Even,1932,2
3/31/1932,4,40.61684155,246.24245,SummerFall_Even,1932,3
4/30/1932,5,32.81844355,247.0554,SummerFall_Even,1932,4
5/31/1932,5,36.855175,282.38196,SummerFall_Even,1932,5
6/30/1932,5,31.7608114,280.49207,SummerFall_Even,1932,6
7/31/1932,5,44.29052005,412.30423,SummerFall_Even,1932,7
8/31/1932,5,67.2928786,959.99744,SummerFall_Even,1932,8
9/30/1932,5,130.7972911,1425.3859,SummerFall_Even,1932,9
10/31/1932,5,190.5771925,2146.4163,SummerFall_Even,1932,10
11/30/1932,5,226.160326,2141.9016,SummerFall_Even,1932,11
12/31/1932,5,214.6362655,2244.636,SummerFall_Even,1932,12
1/31/1933,5,207.8405118,1530.6226,SummerFall_Even,1933,1
2/28/1933,5,116.6557735,793.4692,SummerFall_Even,1933,2
3/31/1933,5,71.70581005,460.22903,SummerFall_Even,1933,3
4/30/1933,5,55.3635196,358.4726,SummerFall_Even,1933,4
5/31/1933,5,66.6246049,402.375,SummerFall_Even,1933,5
6/30/1933,5,66.9963475,692.6462,SummerFall_Even,1933,6
7/31/1933,5,111.4576585,1274.3562,SummerFall_Even,1933,7
8/31/1933,5,176.0196633,1700.4391,SummerFall_Even,1933,8
9/30/1933,5,171.9502395,1733.0869,SummerFall_Even,1933,9
10/31/1933,5,191.2803445,1713.5804,SummerFall_Even,1933,10
11/30/1933,5,206.328373,2207.001,SummerFall_Even,1933,11
12/31/1933,5,225.2421586,1924.9526,SummerFall_Even,1933,12
1/31/1934,5,223.4315935,1415.9915,SummerFall_Even,1934,1
2/28/1934,5,100.3271688,558.1086,SummerFall_Even,1934,2
3/31/1934,5,41.6862955,289.4324,SummerFall_Even,1934,3
4/30/1934,5,28.928091,268.7627,SummerFall_Even,1934,4
5/31/1934,5,46.8066682,380.56503,SummerFall_Even,1934,5
6/30/1934,5,57.0700255,918.33264,SummerFall_Even,1934,6
7/31/1934,5,131.1131965,1455.2289,SummerFall_Even,1934,7
8/31/1934,5,154.937857,1591.7104,SummerFall_Even,1934,8
9/30/1934,5,166.606042,1692.2545,SummerFall_Even,1934,9
10/31/1934,5,193.7123065,1947.8469,SummerFall_Even,1934,10
11/30/1934,5,226.8036565,2158.677,SummerFall_Even,1934,11
12/31/1934,5,225.9875191,1829.0798,SummerFall_Even,1934,12
1/31/1935,5,182.4931105,1609.5392,SummerFall_Even,1935,1
2/28/1935,4,113.744527,605.8052,SummerFall_Even,1935,2
3/31/1935,4,39.8253937,248.71974,SummerFall_Even,1935,3
4/30/1935,4,29.16933,255.45369,SummerFall_Even,1935,4
5/31/1935,3,27.045699,236.21465,SummerFall_Even,1935,5
6/30/1935,3,32.0607625,229.51407,SummerFall_Even,1935,6
7/31/1935,3,25.180977,291.1737,SummerFall_Even,1935,7
8/31/1935,3,31.24675975,726.6697,SummerFall_Even,1935,8
9/30/1935,3,78.7520275,1218.2194,SummerFall_Even,1935,9
10/31/1935,3,147.8159065,1734.494,SummerFall_Even,1935,10
11/30/1935,3,152.554459,1660.5276,SummerFall_Even,1935,11
12/31/1935,3,156.3154615,1774.8357,SummerFall_Even,1935,12
1/31/1936,3,209.3969481,1545.3556,SummerFall_Even,1936,1
2/29/1936,3,102.7099369,576.4393,SummerFall_Even,1936,2
3/31/1936,2,42.2703403,232.15771,SummerFall_Even,1936,3
4/30/1936,3,28.27743,227.2616,SummerFall_Even,1936,4
5/31/1936,3,29.07681,206.47841,SummerFall_Even,1936,5
6/30/1936,3,27.074385,238.94463,SummerFall_Even,1936,6
7/31/1936,3,28.97697,383.58154,SummerFall_Even,1936,7
8/31/1936,3,35.39755105,733.2394,SummerFall_Even,1936,8
9/30/1936,3,80.8899037,1296.7257,SummerFall_Even,1936,9
10/31/1936,3,160.4737255,1745.1804,SummerFall_Even,1936,10
11/30/1936,3,153.1642735,1748.4945,SummerFall_Even,1936,11
12/31/1936,3,163.5883195,1761.142,SummerFall_Even,1936,12
1/31/1937,3,209.5573375,1435.5029,SummerFall_Even,1937,1
2/28/1937,4,133.443556,908.002,SummerFall_Even,1937,2
3/31/1937,4,72.1724605,322.8167,SummerFall_Even,1937,3
4/30/1937,4,45.098743,242.17967,SummerFall_Even,1937,4
5/31/1937,3,32.81925295,220.84337,SummerFall_Even,1937,5
6/30/1937,3,25.2635055,236.4073,SummerFall_Even,1937,6
7/31/1937,3,24.9284805,296.36768,SummerFall_Even,1937,7
8/31/1937,3,32.6900425,751.5515,SummerFall_Even,1937,8
9/30/1937,3,88.9665415,1308.8705,SummerFall_Even,1937,9
10/31/1937,3,147.1726615,1723.1896,SummerFall_Even,1937,10
11/30/1937,3,160.350406,1677.6813,SummerFall_Even,1937,11
12/31/1937,3,145.4574745,1293.5466,SummerFall_Even,1937,12
1/31/1938,3,50.95311895,310.34442,SummerFall_Even,1938,1
2/28/1938,2,26.559915,209.76775,SummerFall_Even,1938,2
3/31/1938,1,24.1882995,213.82175,SummerFall_Even,1938,3
4/30/1938,1,16.180998,182.27849,SummerFall_Even,1938,4
5/31/1938,1,15.853242,173.08551,SummerFall_Even,1938,5
6/30/1938,1,14.0811465,175.68013,SummerFall_Even,1938,6
7/31/1938,1,20.0819325,210.80894,SummerFall_Even,1938,7
8/31/1938,1,24.976833,292.6668,SummerFall_Even,1938,8
9/30/1938,1,20.6420385,303.20657,SummerFall_Even,1938,9
10/31/1938,1,20.411559,426.98444,SummerFall_Even,1938,10
11/30/1938,1,25.8582615,298.9945,SummerFall_Even,1938,11
12/31/1938,1,37.2990055,804.37775,SummerFall_Even,1938,12
1/31/1939,1,218.0432125,1772.897,SummerFall_Even,1939,1
2/28/1939,4,186.6797491,1413.15,SummerFall_Even,1939,2
3/31/1939,4,129.986962,836.34753,SummerFall_Even,1939,3
4/30/1939,4,96.6267145,510.3366,SummerFall_Even,1939,4
5/31/1939,4,58.63745425,390.11972,SummerFall_Even,1939,5
6/30/1939,4,41.3739754,336.6504,SummerFall_Even,1939,6
7/31/1939,4,38.9031793,506.44104,SummerFall_Even,1939,7
8/31/1939,4,61.14841825,898.347,SummerFall_Even,1939,8
9/30/1939,4,89.7005761,1282.6233,SummerFall_Even,1939,9
10/31/1939,4,149.9306835,1908.2777,SummerFall_Even,1939,10
11/30/1939,4,194.920336,1935.0369,SummerFall_Even,1939,11
12/31/1939,4,212.4568563,1987.7318,SummerFall_Even,1939,12
1/31/1940,4,218.9496265,1816.7664,SummerFall_Even,1940,1
2/29/1940,4,125.0097961,543.60376,SummerFall_Even,1940,2
3/31/1940,2,53.54777605,234.12192,SummerFall_Even,1940,3
4/30/1940,2,36.139312,223.76917,SummerFall_Even,1940,4
5/31/1940,2,31.952377,216.2435,SummerFall_Even,1940,5
6/30/1940,2,25.2435885,219.93216,SummerFall_Even,1940,6
7/31/1940,2,23.584785,259.81284,SummerFall_Even,1940,7
8/31/1940,2,23.36076,457.84943,SummerFall_Even,1940,8
9/30/1940,2,28.007217,539.9617,SummerFall_Even,1940,9
10/31/1940,2,29.310978,363.48843,SummerFall_Even,1940,10
11/30/1940,2,23.314176,256.75006,SummerFall_Even,1940,11
12/31/1940,2,32.606281,739.7346,SummerFall_Even,1940,12
1/31/1941,2,88.04317855,486.39212,SummerFall_Even,1941,1
2/28/1941,1,39.6753868,226.03995,SummerFall_Even,1941,2
3/31/1941,1,34.2328786,213.99623,SummerFall_Even,1941,3
4/30/1941,1,28.34877,211.66164,SummerFall_Even,1941,4
5/31/1941,1,26.3671305,185.15182,SummerFall_Even,1941,5
6/30/1941,1,19.0940625,188.37505,SummerFall_Even,1941,6
7/31/1941,1,18.8975895,197.84651,SummerFall_Even,1941,7
8/31/1941,1,22.4850135,293.1609,SummerFall_Even,1941,8
9/30/1941,1,21.256155,332.6836,SummerFall_Even,1941,9
10/31/1941,1,21.5233755,388.30707,SummerFall_Even,1941,10
11/30/1941,1,22.7692995,283.76404,SummerFall_Even,1941,11
12/31/1941,1,35.1232414,762.50555,SummerFall_Even,1941,12
1/31/1942,1,62.334289,422.79553,SummerFall_Even,1942,1
2/28/1942,1,30.3856978,208.58986,SummerFall_Even,1942,2
3/31/1942,1,26.090772,216.00171,SummerFall_Even,1942,3
4/30/1942,1,28.0452255,207.18814,SummerFall_Even,1942,4
5/31/1942,1,28.928952,215.64307,SummerFall_Even,1942,5
6/30/1942,1,23.2958775,201.37962,SummerFall_Even,1942,6
7/31/1942,1,19.9715445,205.38419,SummerFall_Even,1942,7
8/31/1942,1,23.066238,372.0914,SummerFall_Even,1942,8
9/30/1942,1,24.3923925,404.25607,SummerFall_Even,1942,9
10/31/1942,1,23.1205035,347.72668,SummerFall_Even,1942,10
11/30/1942,1,21.195795,264.3926,SummerFall_Even,1942,11
12/31/1942,1,28.324026,596.3306,SummerFall_Even,1942,12
1/31/1943,1,71.408518,502.9792,SummerFall_Even,1943,1
2/28/1943,1,37.5699265,210.92415,SummerFall_Even,1943,2
3/31/1943,1,25.492665,215.25993,SummerFall_Even,1943,3
4/30/1943,1,22.906494,193.01132,SummerFall_Even,1943,4
5/31/1943,1,18.630357,206.99467,SummerFall_Even,1943,5
6/30/1943,1,21.3108375,218.48265,SummerFall_Even,1943,6
7/31/1943,1,23.5458045,267.16907,SummerFall_Even,1943,7
8/31/1943,1,21.910512,382.30066,SummerFall_Even,1943,8
9/30/1943,1,25.7682975,390.4529,SummerFall_Even,1943,9
10/31/1943,1,23.270457,355.9886,SummerFall_Even,1943,10
11/30/1943,1,21.129936,285.77728,SummerFall_Even,1943,11
12/31/1943,1,29.7654645,757.9853,SummerFall_Even,1943,12
1/31/1944,1,200.5528765,1739.1885,SummerFall_Even,1944,1
2/29/1944,4,157.654249,1172.3306,SummerFall_Even,1944,2
3/31/1944,4,69.0665248,367.01556,SummerFall_Even,1944,3
4/30/1944,4,35.23404655,242.10873,SummerFall_Even,1944,4
5/31/1944,4,38.1913747,255.0684,SummerFall_Even,1944,5
6/30/1944,4,50.999611,296.6861,SummerFall_Even,1944,6
7/31/1944,4,35.0804401,390.13,SummerFall_Even,1944,7
8/31/1944,4,42.17567755,720.38556,SummerFall_Even,1944,8
9/30/1944,4,80.10912625,1063.8193,SummerFall_Even,1944,9
10/31/1944,4,133.0073806,1834.5549,SummerFall_Even,1944,10
11/30/1944,4,189.0781923,1627.8898,SummerFall_Even,1944,11
12/31/1944,4,155.1019885,1752.33,SummerFall_Even,1944,12
1/31/1945,4,175.7665833,1099.3398,SummerFall_Even,1945,1
2/28/1945,4,70.0652161,556.6414,SummerFall_Even,1945,2
3/31/1945,4,44.9467924,290.94672,SummerFall_Even,1945,3
4/30/1945,3,39.4361179,242.75362,SummerFall_Even,1945,4
5/31/1945,4,30.6353692,240.32742,SummerFall_Even,1945,5
6/30/1945,4,28.856607,273.8257,SummerFall_Even,1945,6
7/31/1945,4,30.6273265,434.6099,SummerFall_Even,1945,7
8/31/1945,4,66.15657505,1085.2264,SummerFall_Even,1945,8
9/30/1945,4,117.8934715,1637.9844,SummerFall_Even,1945,9
10/31/1945,4,135.727432,1719.4222,SummerFall_Even,1945,10
11/30/1945,4,146.1729243,1679.1962,SummerFall_Even,1945,11
12/31/1945,4,143.0596555,1789.2299,SummerFall_Even,1945,12
1/31/1946,4,75.58987555,438.54785,SummerFall_Even,1946,1
2/28/1946,2,24.26982,194.77974,SummerFall_Even,1946,2
3/31/1946,2,26.352576,218.37141,SummerFall_Even,1946,3
4/30/1946,2,29.008305,236.42192,SummerFall_Even,1946,4
5/31/1946,3,28.92336,236.19707,SummerFall_Even,1946,5
6/30/1946,3,27.1092045,255.10454,SummerFall_Even,1946,6
7/31/1946,3,28.5151845,375.14804,SummerFall_Even,1946,7
8/31/1946,3,41.94545455,768.9639,SummerFall_Even,1946,8
9/30/1946,3,88.8223714,1332.9006,SummerFall_Even,1946,9
10/31/1946,3,150.934234,1705.7574,SummerFall_Even,1946,10
11/30/1946,3,142.3289554,1727.137,SummerFall_Even,1946,11
12/31/1946,3,157.546519,1729.4884,SummerFall_Even,1946,12
1/31/1947,3,214.905676,1513.4874,SummerFall_Even,1947,1
2/28/1947,4,161.93626,1295.1624,SummerFall_Even,1947,2
3/31/1947,4,139.4949411,668.67975,SummerFall_Even,1947,3
4/30/1947,5,46.16006875,270.39746,SummerFall_Even,1947,4
5/31/1947,5,35.031061,277.3086,SummerFall_Even,1947,5
6/30/1947,5,35.8726717,413.36868,SummerFall_Even,1947,6
7/31/1947,5,47.835655,467.56866,SummerFall_Even,1947,7
8/31/1947,5,49.0622437,691.6148,SummerFall_Even,1947,8
9/30/1947,5,83.3112865,1127.3235,SummerFall_Even,1947,9
10/31/1947,5,141.3403075,1845.9885,SummerFall_Even,1947,10
11/30/1947,5,194.1654708,2154.8606,SummerFall_Even,1947,11
12/31/1947,5,193.1973514,2214.4011,SummerFall_Even,1947,12
1/31/1948,5,225.1748815,1618.663,SummerFall_Even,1948,1
2/29/1948,5,144.0854275,1179.5764,SummerFall_Even,1948,2
3/31/1948,5,92.3805907,611.5938,SummerFall_Even,1948,3
4/30/1948,5,52.7848567,370.62653,SummerFall_Even,1948,4
5/31/1948,3,31.2454915,244.62192,SummerFall_Even,1948,5
6/30/1948,3,26.581023,222.60359,SummerFall_Even,1948,6
7/31/1948,3,22.013472,243.0444,SummerFall_Even,1948,7
8/31/1948,3,32.0058202,757.4838,SummerFall_Even,1948,8
9/30/1948,3,100.186051,1271.0815,SummerFall_Even,1948,9
10/31/1948,3,151.3286341,1676.8792,SummerFall_Even,1948,10
11/30/1948,3,165.9586645,1716.7861,SummerFall_Even,1948,11
12/31/1948,3,171.7132705,1765.3042,SummerFall_Even,1948,12
1/31/1949,3,200.0102479,1357.5023,SummerFall_Even,1949,1
2/28/1949,5,142.9159015,1149.3046,SummerFall_Even,1949,2
3/31/1949,5,129.7467213,737.89984,SummerFall_Even,1949,3
4/30/1949,4,45.2343574,274.31857,SummerFall_Even,1949,4
5/31/1949,4,27.064677,241.6473,SummerFall_Even,1949,5
6/30/1949,4,27.74415,273.161,SummerFall_Even,1949,6
7/31/1949,4,25.38081,400.6631,SummerFall_Even,1949,7
8/31/1949,4,35.145175,639.99115,SummerFall_Even,1949,8
9/30/1949,4,66.0805741,1004.85077,SummerFall_Even,1949,9
10/31/1949,4,133.470916,1878.0465,SummerFall_Even,1949,10
11/30/1949,4,179.649466,1819.2074,SummerFall_Even,1949,11
12/31/1949,4,171.2283145,1795.8226,SummerFall_Even,1949,12
1/31/1950,4,195.866878,1695.9302,SummerFall_Even,1950,1
2/28/1950,4,115.850107,643.82733,SummerFall_Even,1950,2
3/31/1950,4,40.0020481,258.75256,SummerFall_Even,1950,3
4/30/1950,4,26.9461395,242.71797,SummerFall_Even,1950,4
5/31/1950,4,28.0296705,244.73524,SummerFall_Even,1950,5
6/30/1950,4,26.1720105,259.9871,SummerFall_Even,1950,6
7/31/1950,4,25.4555445,333.6097,SummerFall_Even,1950,7
8/31/1950,4,49.38046045,955.009,SummerFall_Even,1950,8
9/30/1950,4,111.5078755,1427.4698,SummerFall_Even,1950,9
10/31/1950,4,142.6543998,1768.256,SummerFall_Even,1950,10
11/30/1950,4,162.8012749,1715.1964,SummerFall_Even,1950,11
12/31/1950,4,55.1756533,508.411,SummerFall_Even,1950,12
1/31/1951,4,28.285299,187.36066,SummerFall_Even,1951,1
2/28/1951,1,24.8423085,192.92616,SummerFall_Even,1951,2
3/31/1951,1,25.1550675,199.47165,SummerFall_Even,1951,3
4/30/1951,1,23.8629915,222.04675,SummerFall_Even,1951,4
5/31/1951,1,26.8698345,242.41641,SummerFall_Even,1951,5
6/30/1951,1,28.0389675,266.15158,SummerFall_Even,1951,6
7/31/1951,1,27.7246995,303.34637,SummerFall_Even,1951,7
8/31/1951,1,24.8945805,391.46368,SummerFall_Even,1951,8
9/30/1951,1,26.78289,452.2126,SummerFall_Even,1951,9
10/31/1951,1,24.4579215,346.44147,SummerFall_Even,1951,10
11/30/1951,1,20.4717735,285.06213,SummerFall_Even,1951,11
12/31/1951,1,31.9268011,760.1189,SummerFall_Even,1951,12
1/31/1952,1,84.4101496,463.4735,SummerFall_Even,1952,1
2/29/1952,1,38.62070155,223.80255,SummerFall_Even,1952,2
3/31/1952,1,28.6822725,233.09036,SummerFall_Even,1952,3
4/30/1952,1,32.14631095,214.45245,SummerFall_Even,1952,4
5/31/1952,1,25.79289,202.48386,SummerFall_Even,1952,5
6/30/1952,1,18.5595825,178.88284,SummerFall_Even,1952,6
7/31/1952,1,16.89756,176.774,SummerFall_Even,1952,7
8/31/1952,1,21.2053485,247.20053,SummerFall_Even,1952,8
9/30/1952,1,20.458926,307.6373,SummerFall_Even,1952,9
10/31/1952,1,20.4118605,346.2987,SummerFall_Even,1952,10
11/30/1952,1,23.1048135,268.4155,SummerFall_Even,1952,11
12/31/1952,1,31.9295257,709.5445,SummerFall_Even,1952,12
1/31/1953,1,64.83965845,456.36798,SummerFall_Even,1953,1
2/28/1953,1,25.0588875,213.03355,SummerFall_Even,1953,2
3/31/1953,2,24.04821,224.18962,SummerFall_Even,1953,3
4/30/1953,2,27.8454705,242.46135,SummerFall_Even,1953,4
5/31/1953,2,29.966181,239.81113,SummerFall_Even,1953,5
6/30/1953,2,27.370899,222.41733,SummerFall_Even,1953,6
7/31/1953,2,23.8845975,227.5783,SummerFall_Even,1953,7
8/31/1953,2,23.053215,400.43,SummerFall_Even,1953,8
9/30/1953,2,28.9561425,555.2075,SummerFall_Even,1953,9
10/31/1953,2,29.612178,600.2451,SummerFall_Even,1953,10
11/30/1953,2,29.5073955,321.43292,SummerFall_Even,1953,11
12/31/1953,2,29.69559,703.89624,SummerFall_Even,1953,12
1/31/1954,2,160.8038239,1736.4636,SummerFall_Even,1954,1
2/28/1954,3,145.227394,875.7841,SummerFall_Even,1954,2
3/31/1954,3,29.593479,248.7275,SummerFall_Even,1954,3
4/30/1954,2,24.1912995,240.39221,SummerFall_Even,1954,4
5/31/1954,2,27.7393155,229.72676,SummerFall_Even,1954,5
6/30/1954,2,26.326602,232.30537,SummerFall_Even,1954,6
7/31/1954,2,23.837235,284.25537,SummerFall_Even,1954,7
8/31/1954,2,24.1966455,448.48578,SummerFall_Even,1954,8
9/30/1954,2,27.195135,530.14655,SummerFall_Even,1954,9
10/31/1954,2,28.0529025,375.8722,SummerFall_Even,1954,10
11/30/1954,2,21.8277105,269.96243,SummerFall_Even,1954,11
12/31/1954,2,34.1449618,743.7132,SummerFall_Even,1954,12
1/31/1955,2,117.5677735,717.12976,SummerFall_Even,1955,1
2/28/1955,3,35.7557077,309.29083,SummerFall_Even,1955,2
3/31/1955,4,31.95823375,269.1117,SummerFall_Even,1955,3
4/30/1955,4,32.0230057,295.63605,SummerFall_Even,1955,4
5/31/1955,4,46.0422925,296.6351,SummerFall_Even,1955,5
6/30/1955,4,39.93499045,308.79175,SummerFall_Even,1955,6
7/31/1955,4,32.2259713,374.3824,SummerFall_Even,1955,7
8/31/1955,4,33.40264795,641.2389,SummerFall_Even,1955,8
9/30/1955,4,70.89364555,1077.6906,SummerFall_Even,1955,9
10/31/1955,4,137.9613105,1809.7145,SummerFall_Even,1955,10
11/30/1955,4,184.891186,1832.9426,SummerFall_Even,1955,11
12/31/1955,4,170.053687,1786.7532,SummerFall_Even,1955,12
1/31/1956,4,82.135405,442.91635,SummerFall_Even,1956,1
2/29/1956,1,26.808321,190.7036,SummerFall_Even,1956,2
3/31/1956,1,25.538655,182.90608,SummerFall_Even,1956,3
4/30/1956,1,19.9688775,202.52829,SummerFall_Even,1956,4
5/31/1956,1,22.410669,233.1087,SummerFall_Even,1956,5
6/30/1956,1,22.974765,232.08408,SummerFall_Even,1956,6
7/31/1956,1,22.198347,210.456,SummerFall_Even,1956,7
8/31/1956,1,23.7821985,310.0864,SummerFall_Even,1956,8
9/30/1956,1,22.66737,340.72153,SummerFall_Even,1956,9
10/31/1956,1,21.5403675,399.91467,SummerFall_Even,1956,10
11/30/1956,1,24.152106,273.5674,SummerFall_Even,1956,11
12/31/1956,1,36.153277,809.6618,SummerFall_Even,1956,12
1/31/1957,1,219.443332,1759.8138,SummerFall_Even,1957,1
2/28/1957,3,157.420378,1326.5708,SummerFall_Even,1957,2
3/31/1957,3,97.8595276,546.88696,SummerFall_Even,1957,3
4/30/1957,3,43.5169303,249.44379,SummerFall_Even,1957,4
5/31/1957,3,30.8708191,240.19742,SummerFall_Even,1957,5
6/30/1957,3,28.728213,242.71207,SummerFall_Even,1957,6
7/31/1957,3,24.645582,279.88864,SummerFall_Even,1957,7
8/31/1957,3,39.2075308,769.1626,SummerFall_Even,1957,8
9/30/1957,3,78.3953614,1059.2269,SummerFall_Even,1957,9
10/31/1957,3,132.0481105,1662.198,SummerFall_Even,1957,10
11/30/1957,3,201.9844885,1769.7407,SummerFall_Even,1957,11
12/31/1957,3,187.2252049,1412.9497,SummerFall_Even,1957,12
1/31/1958,3,173.9193415,930.0196,SummerFall_Even,1958,1
2/28/1958,2,37.08427795,264.29938,SummerFall_Even,1958,2
3/31/1958,1,32.76427645,237.35718,SummerFall_Even,1958,3
4/30/1958,1,35.0014324,208.8391,SummerFall_Even,1958,4
5/31/1958,1,40.4661478,191.12627,SummerFall_Even,1958,5
6/30/1958,1,22.0694145,179.62053,SummerFall_Even,1958,6
7/31/1958,1,20.521602,179.75974,SummerFall_Even,1958,7
8/31/1958,1,22.7259435,313.5933,SummerFall_Even,1958,8
9/30/1958,1,20.745816,325.36795,SummerFall_Even,1958,9
10/31/1958,1,22.4116035,410.1659,SummerFall_Even,1958,10
11/30/1958,1,24.5346885,314.46646,SummerFall_Even,1958,11
12/31/1958,1,37.121194,837.79144,SummerFall_Even,1958,12
1/31/1959,1,203.2842595,1768.6791,SummerFall_Even,1959,1
2/28/1959,3,144.4577515,877.5202,SummerFall_Even,1959,2
3/31/1959,3,43.3594621,255.6342,SummerFall_Even,1959,3
4/30/1959,3,30.0517545,238.33038,SummerFall_Even,1959,4
5/31/1959,3,29.164065,255.16655,SummerFall_Even,1959,5
6/30/1959,3,28.168098,323.30417,SummerFall_Even,1959,6
7/31/1959,3,29.488572,411.60297,SummerFall_Even,1959,7
8/31/1959,3,43.0121953,748.42175,SummerFall_Even,1959,8
9/30/1959,3,81.822076,1222.8969,SummerFall_Even,1959,9
10/31/1959,3,141.1589905,1661.1722,SummerFall_Even,1959,10
11/30/1959,3,119.5597098,1118.4872,SummerFall_Even,1959,11
12/31/1959,3,127.899508,1486.0011,SummerFall_Even,1959,12
1/31/1960,3,187.419877,1714.8401,SummerFall_Even,1960,1
2/29/1960,5,172.3799995,1312.0183,SummerFall_Even,1960,2
3/31/1960,4,93.1554145,465.5778,SummerFall_Even,1960,3
4/30/1960,4,34.4774485,244.27907,SummerFall_Even,1960,4
5/31/1960,4,28.2733845,247.03587,SummerFall_Even,1960,5
6/30/1960,4,28.4870955,298.10855,SummerFall_Even,1960,6
7/31/1960,4,30.0989595,496.18018,SummerFall_Even,1960,7
8/31/1960,4,88.5232639,1477.7627,SummerFall_Even,1960,8
9/30/1960,4,149.606191,1615.8821,SummerFall_Even,1960,9
10/31/1960,4,159.645259,1783.3212,SummerFall_Even,1960,10
11/30/1960,4,164.5544695,1690.4226,SummerFall_Even,1960,11
12/31/1960,4,165.2731255,1700.5946,SummerFall_Even,1960,12
1/31/1961,4,173.1581065,1247.1047,SummerFall_Even,1961,1
2/28/1961,4,91.9149178,806.33,SummerFall_Even,1961,2
3/31/1961,4,58.2091192,447.73102,SummerFall_Even,1961,3
4/30/1961,4,28.2930225,244.03716,SummerFall_Even,1961,4
5/31/1961,4,28.286883,261.04132,SummerFall_Even,1961,5
6/30/1961,4,30.7282735,318.7372,SummerFall_Even,1961,6
7/31/1961,4,29.9401425,440.45978,SummerFall_Even,1961,7
8/31/1961,4,52.668172,873.04987,SummerFall_Even,1961,8
9/30/1961,4,91.3564261,1243.2137,SummerFall_Even,1961,9
10/31/1961,4,145.780864,1863.8978,SummerFall_Even,1961,10
11/30/1961,4,196.5290356,1818.7706,SummerFall_Even,1961,11
12/31/1961,4,179.74192,1784.257,SummerFall_Even,1961,12
1/31/1962,4,195.68653,1323.8696,SummerFall_Even,1962,1
2/28/1962,4,106.184674,997.1646,SummerFall_Even,1962,2
3/31/1962,3,94.10008975,447.79565,SummerFall_Even,1962,3
4/30/1962,3,44.50241755,241.56818,SummerFall_Even,1962,4
5/31/1962,3,28.9779375,242.62311,SummerFall_Even,1962,5
6/30/1962,3,26.507757,272.59357,SummerFall_Even,1962,6
7/31/1962,3,27.1346145,368.26193,SummerFall_Even,1962,7
8/31/1962,3,40.99386805,771.4357,SummerFall_Even,1962,8
9/30/1962,3,89.76763375,1297.2649,SummerFall_Even,1962,9
10/31/1962,3,170.079927,1731.0787,SummerFall_Even,1962,10
11/30/1962,3,90.1591183,738.4919,SummerFall_Even,1962,11
12/31/1962,3,18.928521,386.04507,SummerFall_Even,1962,12
1/31/1963,3,40.4883436,467.63254,SummerFall_Even,1963,1
2/28/1963,2,24.292602,269.9122,SummerFall_Even,1963,2
3/31/1963,3,29.484261,256.08313,SummerFall_Even,1963,3
4/30/1963,2,27.6566805,239.7541,SummerFall_Even,1963,4
5/31/1963,1,28.1937555,219.76266,SummerFall_Even,1963,5
6/30/1963,1,25.6293345,214.33167,SummerFall_Even,1963,6
7/31/1963,1,22.034487,225.99896,SummerFall_Even,1963,7
8/31/1963,1,23.0889,369.60315,SummerFall_Even,1963,8
9/30/1963,1,25.24899,417.0357,SummerFall_Even,1963,9
10/31/1963,1,25.468728,429.06656,SummerFall_Even,1963,10
11/30/1963,1,25.319058,298.0589,SummerFall_Even,1963,11
12/31/1963,1,24.20286,372.72134,SummerFall_Even,1963,12
1/31/1964,1,75.0984586,797.7316,SummerFall_Even,1964,1
2/29/1964,3,115.7083195,783.7056,SummerFall_Even,1964,2
3/31/1964,3,38.86033525,307.5766,SummerFall_Even,1964,3
4/30/1964,4,34.7987974,325.15308,SummerFall_Even,1964,4
5/31/1964,4,39.2398156,326.85504,SummerFall_Even,1964,5
6/30/1964,4,37.1854558,323.3964,SummerFall_Even,1964,6
7/31/1964,4,31.78010875,385.5883,SummerFall_Even,1964,7
8/31/1964,4,64.7340175,1221.9895,SummerFall_Even,1964,8
9/30/1964,4,136.051192,1579.0483,SummerFall_Even,1964,9
10/31/1964,4,150.0652975,1788.7556,SummerFall_Even,1964,10
11/30/1964,4,167.9920825,1719.4327,SummerFall_Even,1964,11
12/31/1964,4,169.6666371,1702.9258,SummerFall_Even,1964,12
1/31/1965,4,63.3724927,361.22467,SummerFall_Even,1965,1
2/28/1965,1,21.53409,203.7703,SummerFall_Even,1965,2
3/31/1965,1,25.975179,216.71913,SummerFall_Even,1965,3
4/30/1965,1,28.22646,223.88373,SummerFall_Even,1965,4
5/31/1965,1,27.846066,220.38168,SummerFall_Even,1965,5
6/30/1965,1,23.1413265,215.4507,SummerFall_Even,1965,6
7/31/1965,1,23.8321905,249.98239,SummerFall_Even,1965,7
8/31/1965,1,24.2076615,384.3363,SummerFall_Even,1965,8
9/30/1965,1,26.4307395,422.7654,SummerFall_Even,1965,9
10/31/1965,1,23.8410945,355.21524,SummerFall_Even,1965,10
11/30/1965,1,21.409797,293.33868,SummerFall_Even,1965,11
12/31/1965,1,23.9726205,335.78464,SummerFall_Even,1965,12
1/31/1966,1,62.7273724,684.5073,SummerFall_Even,1966,1
2/28/1966,2,71.33381095,550.2062,SummerFall_Even,1966,2
3/31/1966,3,30.2427475,239.90437,SummerFall_Even,1966,3
4/30/1966,3,28.527795,234.16107,SummerFall_Even,1966,4
5/31/1966,3,28.98024,249.49335,SummerFall_Even,1966,5
6/30/1966,3,28.743714,303.04575,SummerFall_Even,1966,6
7/31/1966,3,28.772712,423.94046,SummerFall_Even,1966,7
8/31/1966,3,36.15288655,749.74255,SummerFall_Even,1966,8
9/30/1966,3,80.4626374,1273.8313,SummerFall_Even,1966,9
10/31/1966,3,158.0577064,1722.2003,SummerFall_Even,1966,10
11/30/1966,3,175.328638,1701.3419,SummerFall_Even,1966,11
12/31/1966,3,159.1223125,1731.2501,SummerFall_Even,1966,12
1/31/1967,3,98.5744615,527.1549,SummerFall_Even,1967,1
2/28/1967,2,30.0351795,220.63141,SummerFall_Even,1967,2
3/31/1967,2,27.393819,234.19872,SummerFall_Even,1967,3
4/30/1967,2,30.194472,229.83699,SummerFall_Even,1967,4
5/31/1967,1,27.606735,216.50436,SummerFall_Even,1967,5
6/30/1967,1,20.526657,199.2314,SummerFall_Even,1967,6
7/31/1967,1,17.29848,177.03275,SummerFall_Even,1967,7
8/31/1967,1,20.0833695,228.76292,SummerFall_Even,1967,8
9/30/1967,1,21.3439515,305.78055,SummerFall_Even,1967,9
10/31/1967,1,20.340528,313.23135,SummerFall_Even,1967,10
11/30/1967,1,21.8909385,294.2917,SummerFall_Even,1967,11
12/31/1967,1,34.2640234,871.3416,SummerFall_Even,1967,12
1/31/1968,1,212.435695,1779.74,SummerFall_Even,1968,1
2/29/1968,3,153.118588,829.3539,SummerFall_Even,1968,2
3/31/1968,3,35.6029135,242.1808,SummerFall_Even,1968,3
4/30/1968,3,26.447301,238.20052,SummerFall_Even,1968,4
5/31/1968,3,28.342485,245.30867,SummerFall_Even,1968,5
6/30/1968,3,28.632345,296.40384,SummerFall_Even,1968,6
7/31/1968,3,27.5629845,453.80585,SummerFall_Even,1968,7
8/31/1968,3,37.710175,746.0181,SummerFall_Even,1968,8
9/30/1968,3,78.1710265,1237.6223,SummerFall_Even,1968,9
10/31/1968,3,136.6151215,1630.15,SummerFall_Even,1968,10
11/30/1968,3,148.993156,1637.02,SummerFall_Even,1968,11
12/31/1968,3,157.9934133,1726.2598,SummerFall_Even,1968,12
1/31/1969,3,141.741274,874.2001,SummerFall_Even,1969,1
2/28/1969,1,38.5144735,247.29703,SummerFall_Even,1969,2
3/31/1969,1,15.717474,190.02357,SummerFall_Even,1969,3
4/30/1969,1,18.37389,185.2352,SummerFall_Even,1969,4
5/31/1969,1,17.25222,179.79018,SummerFall_Even,1969,5
6/30/1969,1,14.136642,181.98822,SummerFall_Even,1969,6
7/31/1969,1,19.605897,214.1776,SummerFall_Even,1969,7
8/31/1969,1,25.241007,255.06549,SummerFall_Even,1969,8
9/30/1969,1,20.672145,285.7319,SummerFall_Even,1969,9
10/31/1969,1,18.223032,302.8885,SummerFall_Even,1969,10
11/30/1969,1,21.92412,296.63516,SummerFall_Even,1969,11
12/31/1969,1,36.50356195,823.6828,SummerFall_Even,1969,12
1/31/1970,1,55.28901775,420.34747,SummerFall_Even,1970,1
2/28/1970,1,23.041503,197.70262,SummerFall_Even,1970,2
3/31/1970,1,17.058585,186.8672,SummerFall_Even,1970,3
4/30/1970,1,21.219003,196.4717,SummerFall_Even,1970,4
5/31/1970,1,24.1668735,231.46953,SummerFall_Even,1970,5
6/30/1970,1,26.42379,272.57703,SummerFall_Even,1970,6
7/31/1970,1,25.6976205,305.355,SummerFall_Even,1970,7
8/31/1970,1,24.2725575,386.4955,SummerFall_Even,1970,8
9/30/1970,1,27.6319695,435.34192,SummerFall_Even,1970,9
10/31/1970,1,25.138257,339.49832,SummerFall_Even,1970,10
11/30/1970,1,21.9678495,270.60773,SummerFall_Even,1970,11
12/31/1970,1,22.1699325,327.98398,SummerFall_Even,1970,12
1/31/1971,1,27.93096,250.4053,SummerFall_Even,1971,1
2/28/1971,1,21.3040305,213.5877,SummerFall_Even,1971,2
3/31/1971,1,22.1619615,232.37793,SummerFall_Even,1971,3
4/30/1971,1,23.121273,236.4503,SummerFall_Even,1971,4
5/31/1971,1,25.3626405,232.11987,SummerFall_Even,1971,5
6/30/1971,1,26.0806665,231.97072,SummerFall_Even,1971,6
7/31/1971,1,23.419173,244.3329,SummerFall_Even,1971,7
8/31/1971,1,23.908593,382.06985,SummerFall_Even,1971,8
9/30/1971,1,27.5380095,471.09616,SummerFall_Even,1971,9
10/31/1971,1,26.666217,439.99002,SummerFall_Even,1971,10
11/30/1971,1,24.353046,276.3016,SummerFall_Even,1971,11
12/31/1971,1,25.8189855,677.09174,SummerFall_Even,1971,12
1/31/1972,1,93.9637486,735.3556,SummerFall_Even,1972,1
2/29/1972,3,35.57061445,407.6676,SummerFall_Even,1972,2
3/31/1972,3,32.9429515,312.60947,SummerFall_Even,1972,3
4/30/1972,3,26.517321,238.97134,SummerFall_Even,1972,4
5/31/1972,3,26.4907695,239.81918,SummerFall_Even,1972,5
6/30/1972,3,28.417191,307.7446,SummerFall_Even,1972,6
7/31/1972,3,29.246484,472.94,SummerFall_Even,1972,7
8/31/1972,3,34.885198,756.9567,SummerFall_Even,1972,8
9/30/1972,3,54.5571919,762.5122,SummerFall_Even,1972,9
10/31/1972,3,100.859107,1526.6859,SummerFall_Even,1972,10
11/30/1972,3,158.0068225,1698.7603,SummerFall_Even,1972,11
12/31/1972,3,125.9072925,1259.9062,SummerFall_Even,1972,12
1/31/1973,3,63.13131145,480.2413,SummerFall_Even,1973,1
2/28/1973,2,31.90003105,242.23358,SummerFall_Even,1973,2
3/31/1973,2,24.298803,239.58421,SummerFall_Even,1973,3
4/30/1973,2,31.887454,231.02243,SummerFall_Even,1973,4
5/31/1973,2,29.137029,232.24506,SummerFall_Even,1973,5
6/30/1973,2,27.3835605,252.41891,SummerFall_Even,1973,6
7/31/1973,2,25.9223805,309.42523,SummerFall_Even,1973,7
8/31/1973,2,26.518341,452.66318,SummerFall_Even,1973,8
9/30/1973,2,27.044811,472.8401,SummerFall_Even,1973,9
10/31/1973,2,26.744205,350.45047,SummerFall_Even,1973,10
11/30/1973,2,23.052912,311.0622,SummerFall_Even,1973,11
12/31/1973,2,19.126545,230.70686,SummerFall_Even,1973,12
1/31/1974,2,23.976528,189.75722,SummerFall_Even,1974,1
2/28/1974,1,22.2995865,199.0123,SummerFall_Even,1974,2
3/31/1974,1,21.921996,203.0348,SummerFall_Even,1974,3
4/30/1974,1,25.169115,200.75134,SummerFall_Even,1974,4
5/31/1974,1,22.253829,186.88222,SummerFall_Even,1974,5
6/30/1974,1,20.6947605,202.9317,SummerFall_Even,1974,6
7/31/1974,1,21.4855755,241.98576,SummerFall_Even,1974,7
8/31/1974,1,23.395296,381.84802,SummerFall_Even,1974,8
9/30/1974,1,27.499827,442.8275,SummerFall_Even,1974,9
10/31/1974,1,27.7387575,446.3906,SummerFall_Even,1974,10
11/30/1974,1,24.6822675,307.15558,SummerFall_Even,1974,11
12/31/1974,1,36.43047655,820.8674,SummerFall_Even,1974,12
1/31/1975,1,215.4100234,1606.6764,SummerFall_Even,1975,1
2/28/1975,3,198.2646685,1626.5122,SummerFall_Even,1975,2
3/31/1975,3,102.9808465,548.90076,SummerFall_Even,1975,3
4/30/1975,2,31.2978688,230.71011,SummerFall_Even,1975,4
5/31/1975,2,25.7736285,216.02275,SummerFall_Even,1975,5
6/30/1975,2,23.8259475,216.92934,SummerFall_Even,1975,6
7/31/1975,2,22.6236,241.87173,SummerFall_Even,1975,7
8/31/1975,2,23.5708905,421.1316,SummerFall_Even,1975,8
9/30/1975,2,26.5330125,502.70157,SummerFall_Even,1975,9
10/31/1975,2,28.400262,487.30844,SummerFall_Even,1975,10
11/30/1975,2,30.246139,446.25208,SummerFall_Even,1975,11
12/31/1975,2,62.87477725,949.68695,SummerFall_Even,1975,12
1/31/1976,2,213.9812329,1615.417,SummerFall_Even,1976,1
2/29/1976,4,217.637116,1819.8876,SummerFall_Even,1976,2
3/31/1976,4,196.8471213,1511.0508,SummerFall_Even,1976,3
4/30/1976,5,133.7532085,733.8274,SummerFall_Even,1976,4
5/31/1976,5,78.0975592,521.4382,SummerFall_Even,1976,5
6/30/1976,5,73.3033861,778.5586,SummerFall_Even,1976,6
7/31/1976,5,121.6831536,1533.8218,SummerFall_Even,1976,7
8/31/1976,5,142.794255,1755.363,SummerFall_Even,1976,8
9/30/1976,5,122.5835028,1512.2506,SummerFall_Even,1976,9
10/31/1976,5,161.9063635,2089.1968,SummerFall_Even,1976,10
11/30/1976,5,220.096495,2033.2413,SummerFall_Even,1976,11
12/31/1976,5,219.4407813,2187.3306,SummerFall_Even,1976,12
1/31/1977,5,226.813432,1417.7131,SummerFall_Even,1977,1
2/28/1977,5,148.848547,1677.4045,SummerFall_Even,1977,2
3/31/1977,5,219.547756,1379.1154,SummerFall_Even,1977,3
4/30/1977,5,137.2896595,543.3138,SummerFall_Even,1977,4
5/31/1977,5,83.364553,462.83392,SummerFall_Even,1977,5
6/30/1977,5,74.0481367,1012.6384,SummerFall_Even,1977,6
7/31/1977,5,156.5322154,1666.0312,SummerFall_Even,1977,7
8/31/1977,5,193.375579,1865.0432,SummerFall_Even,1977,8
9/30/1977,5,154.9886155,1597.1617,SummerFall_Even,1977,9
10/31/1977,5,181.3854181,1652.6254,SummerFall_Even,1977,10
11/30/1977,5,204.5229835,1967.357,SummerFall_Even,1977,11
12/31/1977,5,224.335357,1892.6602,SummerFall_Even,1977,12
1/31/1978,5,223.5865879,1543.6202,SummerFall_Even,1978,1
2/28/1978,3,77.6100724,399.58606,SummerFall_Even,1978,2
3/31/1978,3,40.30149475,233.49736,SummerFall_Even,1978,3
4/30/1978,2,38.15014945,228.66486,SummerFall_Even,1978,4
5/31/1978,2,27.3322125,214.4583,SummerFall_Even,1978,5
6/30/1978,2,22.22487,218.35487,SummerFall_Even,1978,6
7/31/1978,2,23.1957795,249.08957,SummerFall_Even,1978,7
8/31/1978,2,24.395883,398.99332,SummerFall_Even,1978,8
9/30/1978,2,25.4896275,484.22925,SummerFall_Even,1978,9
10/31/1978,2,27.785403,365.434,SummerFall_Even,1978,10
11/30/1978,2,23.364276,281.4249,SummerFall_Even,1978,11
12/31/1978,2,39.247579,710.0291,SummerFall_Even,1978,12
1/31/1979,2,170.0900245,1581.5376,SummerFall_Even,1979,1
2/28/1979,4,155.0904175,944.87256,SummerFall_Even,1979,2
3/31/1979,4,52.7538145,265.5365,SummerFall_Even,1979,3
4/30/1979,4,36.6402337,232.39613,SummerFall_Even,1979,4
5/31/1979,4,29.693106,235.03714,SummerFall_Even,1979,5
6/30/1979,4,27.385647,255.51291,SummerFall_Even,1979,6
7/31/1979,4,25.908183,279.98575,SummerFall_Even,1979,7
8/31/1979,4,41.4749623,913.96454,SummerFall_Even,1979,8
9/30/1979,4,103.9148029,1249.7365,SummerFall_Even,1979,9
10/31/1979,4,134.8614481,1783.0464,SummerFall_Even,1979,10
11/30/1979,4,172.9588345,1716.7969,SummerFall_Even,1979,11
12/31/1979,4,162.8644366,1772.0721,SummerFall_Even,1979,12
1/31/1980,4,166.9384546,1025.5476,SummerFall_Even,1980,1
2/29/1980,2,41.67424855,251.00133,SummerFall_Even,1980,2
3/31/1980,1,17.5016325,196.3058,SummerFall_Even,1980,3
4/30/1980,1,22.0060275,194.60298,SummerFall_Even,1980,4
5/31/1980,2,24.010947,205.82768,SummerFall_Even,1980,5
6/30/1980,2,23.893605,246.67871,SummerFall_Even,1980,6
7/31/1980,2,26.819334,256.54132,SummerFall_Even,1980,7
8/31/1980,2,27.606372,319.5247,SummerFall_Even,1980,8
9/30/1980,2,23.988807,418.08356,SummerFall_Even,1980,9
10/31/1980,2,22.212966,345.79248,SummerFall_Even,1980,10
11/30/1980,2,22.098393,283.23456,SummerFall_Even,1980,11
12/31/1980,2,39.17462755,764.3742,SummerFall_Even,1980,12
1/31/1981,2,215.9812945,1627.573,SummerFall_Even,1981,1
2/28/1981,3,145.393891,879.91583,SummerFall_Even,1981,2
3/31/1981,4,42.81467605,271.87717,SummerFall_Even,1981,3
4/30/1981,4,28.21137,244.32158,SummerFall_Even,1981,4
5/31/1981,4,27.9524505,249.89421,SummerFall_Even,1981,5
6/30/1981,4,28.451994,310.7948,SummerFall_Even,1981,6
7/31/1981,4,29.982852,446.74188,SummerFall_Even,1981,7
8/31/1981,4,61.9903966,1108.251,SummerFall_Even,1981,8
9/30/1981,4,112.9507735,1447.9906,SummerFall_Even,1981,9
10/31/1981,4,142.83727,1819.641,SummerFall_Even,1981,10
11/30/1981,4,177.3921235,1759.7941,SummerFall_Even,1981,11
12/31/1981,4,96.328519,786.0367,SummerFall_Even,1981,12
1/31/1982,4,23.9105535,200.59993,SummerFall_Even,1982,1
2/28/1982,1,25.9205685,203.1798,SummerFall_Even,1982,2
3/31/1982,1,24.6412515,197.10085,SummerFall_Even,1982,3
4/30/1982,1,23.9495385,178.56116,SummerFall_Even,1982,4
5/31/1982,1,17.160468,173.96407,SummerFall_Even,1982,5
6/30/1982,1,15.0534465,180.28609,SummerFall_Even,1982,6
7/31/1982,1,18.904383,198.39658,SummerFall_Even,1982,7
8/31/1982,1,23.514984,321.5741,SummerFall_Even,1982,8
9/30/1982,1,20.6180325,319.08044,SummerFall_Even,1982,9
10/31/1982,1,22.8735105,413.84338,SummerFall_Even,1982,10
11/30/1982,1,25.1662785,286.5253,SummerFall_Even,1982,11
12/31/1982,1,24.453609,200.89003,SummerFall_Even,1982,12
1/31/1983,1,21.6852495,172.83875,SummerFall_Even,1983,1
2/28/1983,1,15.1090995,179.66809,SummerFall_Even,1983,2
3/31/1983,1,7.9757385,191.17543,SummerFall_Even,1983,3
4/30/1983,1,6.8238615,190.04048,SummerFall_Even,1983,4
5/31/1983,1,3.334308,172.93138,SummerFall_Even,1983,5
6/30/1983,1,6.7879605,168.99654,SummerFall_Even,1983,6
7/31/1983,1,17.461974,181.88669,SummerFall_Even,1983,7
8/31/1983,1,24.0995745,216.97717,SummerFall_Even,1983,8
9/30/1983,1,21.82212,287.87073,SummerFall_Even,1983,9
10/31/1983,1,18.2635785,279.7076,SummerFall_Even,1983,10
11/30/1983,1,18.2195415,282.87726,SummerFall_Even,1983,11
12/31/1983,1,23.6565285,203.01016,SummerFall_Even,1983,12
1/31/1984,1,12.6055665,197.57646,SummerFall_Even,1984,1
2/29/1984,1,15.59445,176.82414,SummerFall_Even,1984,2
3/31/1984,1,18.381459,195.67773,SummerFall_Even,1984,3
4/30/1984,1,22.7972175,214.54462,SummerFall_Even,1984,4
5/31/1984,1,24.748545,236.53508,SummerFall_Even,1984,5
6/30/1984,1,24.864873,264.90033,SummerFall_Even,1984,6
7/31/1984,1,26.164167,295.5461,SummerFall_Even,1984,7
8/31/1984,1,24.768489,410.54678,SummerFall_Even,1984,8
9/30/1984,1,27.745725,418.3502,SummerFall_Even,1984,9
10/31/1984,1,24.1926705,331.24365,SummerFall_Even,1984,10
11/30/1984,1,21.781032,297.8741,SummerFall_Even,1984,11
12/31/1984,1,22.39404,338.9266,SummerFall_Even,1984,12
1/31/1985,1,25.4209965,264.2778,SummerFall_Even,1985,1
2/28/1985,3,25.8714405,323.99936,SummerFall_Even,1985,2
3/31/1985,3,31.9467283,432.50317,SummerFall_Even,1985,3
4/30/1985,3,37.4648185,307.76892,SummerFall_Even,1985,4
5/31/1985,4,40.46092945,287.16132,SummerFall_Even,1985,5
6/30/1985,4,37.0301935,335.14578,SummerFall_Even,1985,6
7/31/1985,4,30.6737815,407.44348,SummerFall_Even,1985,7
8/31/1985,4,77.45534305,1394.8988,SummerFall_Even,1985,8
9/30/1985,4,138.770283,1596.2477,SummerFall_Even,1985,9
10/31/1985,4,140.3738155,1726.5754,SummerFall_Even,1985,10
11/30/1985,4,156.307111,1715.7312,SummerFall_Even,1985,11
12/31/1985,4,168.2801605,1726.8806,SummerFall_Even,1985,12
1/31/1986,4,220.3799845,1690.9719,SummerFall_Even,1986,1
2/28/1986,4,116.3338945,628.756,SummerFall_Even,1986,2
3/31/1986,1,39.1095193,236.98074,SummerFall_Even,1986,3
4/30/1986,1,15.170151,186.57152,SummerFall_Even,1986,4
5/31/1986,1,17.57691,179.12595,SummerFall_Even,1986,5
6/30/1986,1,22.734765,209.27701,SummerFall_Even,1986,6
7/31/1986,1,25.2386955,259.22693,SummerFall_Even,1986,7
8/31/1986,1,22.5284385,349.56052,SummerFall_Even,1986,8
9/30/1986,1,23.0703825,359.4688,SummerFall_Even,1986,9
10/31/1986,1,21.772824,346.36902,SummerFall_Even,1986,10
11/30/1986,1,22.693659,273.89523,SummerFall_Even,1986,11
12/31/1986,1,34.5877777,788.9941,SummerFall_Even,1986,12
1/31/1987,1,207.683491,1741.9675,SummerFall_Even,1987,1
2/28/1987,4,158.5052305,1176.8254,SummerFall_Even,1987,2
3/31/1987,4,73.58473525,423.52658,SummerFall_Even,1987,3
4/30/1987,4,38.06396545,258.72482,SummerFall_Even,1987,4
5/31/1987,4,29.970144,254.21552,SummerFall_Even,1987,5
6/30/1987,4,29.116383,323.07074,SummerFall_Even,1987,6
7/31/1987,4,32.6514364,482.73392,SummerFall_Even,1987,7
8/31/1987,4,48.89532205,851.299,SummerFall_Even,1987,8
9/30/1987,4,86.16502855,1154.7449,SummerFall_Even,1987,9
10/31/1987,4,132.304525,1677.5526,SummerFall_Even,1987,10
11/30/1987,4,188.201461,1867.447,SummerFall_Even,1987,11
12/31/1987,4,196.8678265,1947.6127,SummerFall_Even,1987,12
1/31/1988,4,165.4697584,1167.0973,SummerFall_Even,1988,1
2/29/1988,4,56.16408175,385.6573,SummerFall_Even,1988,2
3/31/1988,5,41.0605609,251.95512,SummerFall_Even,1988,3
4/30/1988,5,60.3036526,291.29413,SummerFall_Even,1988,4
5/31/1988,5,54.932383,380.33,SummerFall_Even,1988,5
6/30/1988,5,56.2921636,617.64636,SummerFall_Even,1988,6
7/31/1988,5,72.76737805,697.19135,SummerFall_Even,1988,7
8/31/1988,5,57.9111175,848.74634,SummerFall_Even,1988,8
9/30/1988,5,100.0089093,1284.3599,SummerFall_Even,1988,9
10/31/1988,5,155.915521,1783.8824,SummerFall_Even,1988,10
11/30/1988,5,216.4655209,2260.697,SummerFall_Even,1988,11
12/31/1988,5,228.915991,2149.9468,SummerFall_Even,1988,12
1/31/1989,5,207.4202821,1670.6858,SummerFall_Even,1989,1
2/28/1989,4,173.3113225,1352.2451,SummerFall_Even,1989,2
3/31/1989,5,128.832655,639.3639,SummerFall_Even,1989,3
4/30/1989,4,43.7840836,278.16785,SummerFall_Even,1989,4
5/31/1989,4,24.799869,238.05534,SummerFall_Even,1989,5
6/30/1989,4,25.7316465,254.12938,SummerFall_Even,1989,6
7/31/1989,4,24.5876745,339.0893,SummerFall_Even,1989,7
8/31/1989,4,42.8565625,851.14606,SummerFall_Even,1989,8
9/30/1989,4,98.33338,1291.6552,SummerFall_Even,1989,9
10/31/1989,4,146.102515,1712.4645,SummerFall_Even,1989,10
11/30/1989,4,160.8645831,1703.1954,SummerFall_Even,1989,11
12/31/1989,4,159.023731,1746.5845,SummerFall_Even,1989,12
1/31/1990,4,185.117191,1678.5511,SummerFall_Even,1990,1
2/28/1990,4,124.614826,818.15125,SummerFall_Even,1990,2
3/31/1990,5,48.48603355,364.1379,SummerFall_Even,1990,3
4/30/1990,5,36.87625075,371.54352,SummerFall_Even,1990,4
5/31/1990,5,49.60742305,337.20758,SummerFall_Even,1990,5
6/30/1990,5,48.19484905,378.49875,SummerFall_Even,1990,6
7/31/1990,5,57.8668855,688.2211,SummerFall_Even,1990,7
8/31/1990,5,89.11972045,1171.6715,SummerFall_Even,1990,8
9/30/1990,5,115.6985155,1376.6144,SummerFall_Even,1990,9
10/31/1990,5,165.4018486,1825.0508,SummerFall_Even,1990,10
11/30/1990,5,214.816471,2146.6309,SummerFall_Even,1990,11
12/31/1990,5,226.0151755,1834.6602,SummerFall_Even,1990,12
1/31/1991,5,222.5206908,2137.6282,SummerFall_Even,1991,1
2/28/1991,5,269.884399,1894.0221,SummerFall_Even,1991,2
3/31/1991,5,194.8169836,1184.5785,SummerFall_Even,1991,3
4/30/1991,5,100.6840315,482.12653,SummerFall_Even,1991,4
5/31/1991,5,45.8675704,254.64273,SummerFall_Even,1991,5
6/30/1991,5,43.4300851,418.7595,SummerFall_Even,1991,6
7/31/1991,5,72.76094845,890.0094,SummerFall_Even,1991,7
8/31/1991,5,162.029398,1637.0549,SummerFall_Even,1991,8
9/30/1991,5,190.165396,1764.2625,SummerFall_Even,1991,9
10/31/1991,5,199.2946015,1729.1525,SummerFall_Even,1991,10
11/30/1991,5,227.0144425,2216.0627,SummerFall_Even,1991,11
12/31/1991,5,225.2026975,1836.7263,SummerFall_Even,1991,12
1/31/1992,5,196.4154175,1991.5398,SummerFall_Even,1992,1
2/29/1992,5,241.946704,1472.8478,SummerFall_Even,1992,2
3/31/1992,5,99.0277426,405.53723,SummerFall_Even,1992,3
4/30/1992,5,39.5849905,246.91762,SummerFall_Even,1992,4
5/31/1992,5,43.6960813,265.07874,SummerFall_Even,1992,5
6/30/1992,5,43.1254315,410.65204,SummerFall_Even,1992,6
7/31/1992,5,53.109694,449.2784,SummerFall_Even,1992,7
8/31/1992,5,45.8881132,666.2558,SummerFall_Even,1992,8
9/30/1992,5,83.8955365,1195.5491,SummerFall_Even,1992,9
10/31/1992,5,159.1189495,1962.366,SummerFall_Even,1992,10
11/30/1992,5,224.4264031,2223.3252,SummerFall_Even,1992,11
12/31/1992,5,223.6096615,1783.6273,SummerFall_Even,1992,12
1/31/1993,5,178.3121178,1162.9878,SummerFall_Even,1993,1
2/28/1993,3,64.88423245,342.1742,SummerFall_Even,1993,2
3/31/1993,2,41.8282825,237.7291,SummerFall_Even,1993,3
4/30/1993,2,34.2939256,235.27359,SummerFall_Even,1993,4
5/31/1993,2,27.054465,228.3886,SummerFall_Even,1993,5
6/30/1993,2,25.432665,228.39061,SummerFall_Even,1993,6
7/31/1993,2,23.7050175,223.84113,SummerFall_Even,1993,7
8/31/1993,2,22.593279,327.59958,SummerFall_Even,1993,8
9/30/1993,2,24.1654305,472.20148,SummerFall_Even,1993,9
10/31/1993,2,27.943281,587.21295,SummerFall_Even,1993,10
11/30/1993,2,28.886004,351.11725,SummerFall_Even,1993,11
12/31/1993,2,40.0177744,746.89294,SummerFall_Even,1993,12
1/31/1994,2,206.8398454,1444.0813,SummerFall_Even,1994,1
2/28/1994,4,182.5625223,1164.652,SummerFall_Even,1994,2
3/31/1994,4,87.6776233,493.60788,SummerFall_Even,1994,3
4/30/1994,5,37.14095875,264.3591,SummerFall_Even,1994,4
5/31/1994,5,40.8481162,311.04416,SummerFall_Even,1994,5
6/30/1994,5,48.3992596,527.2018,SummerFall_Even,1994,6
7/31/1994,5,81.42756475,980.2089,SummerFall_Even,1994,7
8/31/1994,5,108.876385,1534.4425,SummerFall_Even,1994,8
9/30/1994,5,127.023247,1646.0552,SummerFall_Even,1994,9
10/31/1994,5,177.3962361,1932.8861,SummerFall_Even,1994,10
11/30/1994,5,220.313437,2247.8386,SummerFall_Even,1994,11
12/31/1994,5,222.1168486,1515.512,SummerFall_Even,1994,12
1/31/1995,5,226.7594046,1799.5862,SummerFall_Even,1995,1
2/28/1995,1,95.1812857,400.37347,SummerFall_Even,1995,2
3/31/1995,2,32.32129525,228.05995,SummerFall_Even,1995,3
4/30/1995,1,26.160825,221.35214,SummerFall_Even,1995,4
5/31/1995,1,22.455783,176.70215,SummerFall_Even,1995,5
6/30/1995,1,16.541895,169.81528,SummerFall_Even,1995,6
7/31/1995,1,15.475671,166.92928,SummerFall_Even,1995,7
8/31/1995,1,20.2095135,198.7729,SummerFall_Even,1995,8
9/30/1995,1,20.1507795,293.50638,SummerFall_Even,1995,9
10/31/1995,1,18.6445245,392.43912,SummerFall_Even,1995,10
11/30/1995,1,22.942284,321.3993,SummerFall_Even,1995,11
12/31/1995,1,38.846641,850.05164,SummerFall_Even,1995,12
1/31/1996,1,100.493053,611.3582,SummerFall_Even,1996,1
2/29/1996,2,28.69989,228.23471,SummerFall_Even,1996,2
3/31/1996,1,31.60050745,220.16096,SummerFall_Even,1996,3
4/30/1996,1,26.3930625,212.74744,SummerFall_Even,1996,4
5/31/1996,1,24.0957855,207.67307,SummerFall_Even,1996,5
6/30/1996,1,21.602565,194.35896,SummerFall_Even,1996,6
7/31/1996,1,19.5286305,205.18318,SummerFall_Even,1996,7
8/31/1996,1,21.61518,351.39536,SummerFall_Even,1996,8
9/30/1996,1,26.9206605,471.13254,SummerFall_Even,1996,9
10/31/1996,1,26.145588,409.7588,SummerFall_Even,1996,10
11/30/1996,1,22.7790435,279.16614,SummerFall_Even,1996,11
12/31/1996,1,28.42569,563.80426,SummerFall_Even,1996,12
1/31/1997,1,38.3161591,270.2367,SummerFall_Even,1997,1
2/28/1997,1,8.909136,185.3407,SummerFall_Even,1997,2
3/31/1997,1,17.5405725,170.22775,SummerFall_Even,1997,3
4/30/1997,1,22.1001705,200.09392,SummerFall_Even,1997,4
5/31/1997,1,26.1244035,266.73474,SummerFall_Even,1997,5
6/30/1997,1,29.736264,280.05286,SummerFall_Even,1997,6
7/31/1997,1,28.0644195,282.88736,SummerFall_Even,1997,7
8/31/1997,1,24.121131,338.5282,SummerFall_Even,1997,8
9/30/1997,1,25.5665055,397.15543,SummerFall_Even,1997,9
10/31/1997,1,25.23489,399.79788,SummerFall_Even,1997,10
11/30/1997,1,22.491195,277.22855,SummerFall_Even,1997,11
12/31/1997,1,26.364807,535.60065,SummerFall_Even,1997,12
1/31/1998,1,71.0184043,528.20306,SummerFall_Even,1998,1
2/28/1998,1,42.3215092,240.49176,SummerFall_Even,1998,2
3/31/1998,1,52.0304959,226.19495,SummerFall_Even,1998,3
4/30/1998,1,23.8081005,182.08356,SummerFall_Even,1998,4
5/31/1998,1,17.7932355,176.70534,SummerFall_Even,1998,5
6/30/1998,1,17.148021,163.49767,SummerFall_Even,1998,6
7/31/1998,1,14.7884355,162.76367,SummerFall_Even,1998,7
8/31/1998,1,16.2456435,184.82101,SummerFall_Even,1998,8
9/30/1998,1,20.103747,279.10495,SummerFall_Even,1998,9
10/31/1998,1,19.072725,270.51498,SummerFall_Even,1998,10
11/30/1998,1,17.990352,298.55188,SummerFall_Even,1998,11
12/31/1998,1,24.6414315,291.38687,SummerFall_Even,1998,12
1/31/1999,1,23.148228,205.66216,SummerFall_Even,1999,1
2/28/1999,2,24.731649,210.09163,SummerFall_Even,1999,2
3/31/1999,1,27.404379,211.02827,SummerFall_Even,1999,3
4/30/1999,1,25.2964995,211.04375,SummerFall_Even,1999,4
5/31/1999,1,24.594921,215.50597,SummerFall_Even,1999,5
6/30/1999,1,23.937081,239.88867,SummerFall_Even,1999,6
7/31/1999,1,23.7559275,256.4971,SummerFall_Even,1999,7
8/31/1999,1,24.298929,377.88608,SummerFall_Even,1999,8
9/30/1999,1,25.816485,395.2728,SummerFall_Even,1999,9
10/31/1999,1,22.576062,340.95654,SummerFall_Even,1999,10
11/30/1999,1,20.602146,293.96225,SummerFall_Even,1999,11
12/31/1999,1,38.79097195,812.68756,SummerFall_Even,1999,12
1/31/2000,1,192.4157275,1557.5565,SummerFall_Even,2000,1
2/29/2000,3,139.749808,875.51324,SummerFall_Even,2000,2
3/31/2000,2,40.1550817,239.72641,SummerFall_Even,2000,3
4/30/2000,2,24.6249255,211.41335,SummerFall_Even,2000,4
5/31/2000,2,23.1563625,207.69313,SummerFall_Even,2000,5
6/30/2000,2,24.2174445,244.66733,SummerFall_Even,2000,6
7/31/2000,2,24.4031115,270.3179,SummerFall_Even,2000,7
8/31/2000,2,25.0867035,450.88153,SummerFall_Even,2000,8
9/30/2000,2,27.455259,465.10828,SummerFall_Even,2000,9
10/31/2000,2,25.4008575,331.63123,SummerFall_Even,2000,10
11/30/2000,2,21.9034245,283.05035,SummerFall_Even,2000,11
12/31/2000,2,40.2576931,872.3822,SummerFall_Even,2000,12
1/31/2001,2,177.7154845,1461.6483,SummerFall_Even,2001,1
2/28/2001,4,154.6306954,1129.6034,SummerFall_Even,2001,2
3/31/2001,4,66.7133995,358.89313,SummerFall_Even,2001,3
4/30/2001,4,30.36066625,239.20499,SummerFall_Even,2001,4
5/31/2001,4,31.977001,248.50719,SummerFall_Even,2001,5
6/30/2001,4,28.39323,311.52246,SummerFall_Even,2001,6
7/31/2001,4,29.466453,427.86505,SummerFall_Even,2001,7
8/31/2001,4,51.4917376,898.2184,SummerFall_Even,2001,8
9/30/2001,4,96.1413595,1318.3434,SummerFall_Even,2001,9
10/31/2001,4,145.150159,1878.5901,SummerFall_Even,2001,10
11/30/2001,4,186.862417,1816.7257,SummerFall_Even,2001,11
12/31/2001,4,171.643095,1734.4939,SummerFall_Even,2001,12
1/31/2002,4,116.838943,784.4216,SummerFall_Even,2002,1
2/28/2002,3,30.213165,233.26698,SummerFall_Even,2002,2
3/31/2002,3,29.031798,233.8402,SummerFall_Even,2002,3
4/30/2002,3,27.123381,245.85054,SummerFall_Even,2002,4
5/31/2002,4,28.667304,256.54044,SummerFall_Even,2002,5
6/30/2002,4,29.6148975,313.64587,SummerFall_Even,2002,6
7/31/2002,4,29.8559745,428.89636,SummerFall_Even,2002,7
8/31/2002,4,54.532072,960.2136,SummerFall_Even,2002,8
9/30/2002,4,103.0059664,1453.9413,SummerFall_Even,2002,9
10/31/2002,4,149.9392249,1815.636,SummerFall_Even,2002,10
11/30/2002,4,170.688838,1718.8416,SummerFall_Even,2002,11
12/31/2002,4,160.0669735,1740.3381,SummerFall_Even,2002,12
1/31/2003,4,101.0151046,629.6168,SummerFall_Even,2003,1
2/28/2003,2,27.9873825,214.13934,SummerFall_Even,2003,2
3/31/2003,3,26.0679585,230.23645,SummerFall_Even,2003,3
4/30/2003,3,26.3107335,245.21957,SummerFall_Even,2003,4
5/31/2003,2,27.924477,235.02411,SummerFall_Even,2003,5
6/30/2003,2,23.985834,219.01692,SummerFall_Even,2003,6
7/31/2003,2,20.8355505,230.5659,SummerFall_Even,2003,7
8/31/2003,2,22.9404975,449.5989,SummerFall_Even,2003,8
9/30/2003,2,29.89116,606.6138,SummerFall_Even,2003,9
10/31/2003,2,30.472828,517.91,SummerFall_Even,2003,10
11/30/2003,2,25.407759,333.21805,SummerFall_Even,2003,11
12/31/2003,2,37.2562783,823.8928,SummerFall_Even,2003,12
1/31/2004,2,115.985425,694.9843,SummerFall_Even,2004,1
2/29/2004,2,29.0095275,254.92715,SummerFall_Even,2004,2
3/31/2004,2,27.280137,238.57405,SummerFall_Even,2004,3
4/30/2004,2,24.7014015,236.32301,SummerFall_Even,2004,4
5/31/2004,3,26.341221,243.05682,SummerFall_Even,2004,5
6/30/2004,3,28.30881,275.6977,SummerFall_Even,2004,6
7/31/2004,3,28.14876,390.7296,SummerFall_Even,2004,7
8/31/2004,3,42.9881185,762.08185,SummerFall_Even,2004,8
9/30/2004,3,88.6487665,1320.2067,SummerFall_Even,2004,9
10/31/2004,3,157.6135795,1693.4207,SummerFall_Even,2004,10
11/30/2004,3,149.8773514,1684.4127,SummerFall_Even,2004,11
12/31/2004,3,152.812917,1747.0067,SummerFall_Even,2004,12
1/31/2005,3,164.2830355,935.8173,SummerFall_Even,2005,1
2/28/2005,3,48.6630727,311.7101,SummerFall_Even,2005,2
3/31/2005,3,40.924006,241.53503,SummerFall_Even,2005,3
4/30/2005,3,37.4848597,231.11931,SummerFall_Even,2005,4
5/31/2005,3,27.180585,227.60573,SummerFall_Even,2005,5
6/30/2005,3,20.567217,207.31415,SummerFall_Even,2005,6
7/31/2005,3,17.144028,197.20042,SummerFall_Even,2005,7
8/31/2005,3,21.8334795,274.97562,SummerFall_Even,2005,8
9/30/2005,3,70.928065,1014.38995,SummerFall_Even,2005,9
10/31/2005,3,139.5998496,1747.1505,SummerFall_Even,2005,10
11/30/2005,3,113.9761009,1504.2634,SummerFall_Even,2005,11
12/31/2005,3,148.283164,1760.4865,SummerFall_Even,2005,12
1/31/2006,3,76.97711875,465.36884,SummerFall_Even,2006,1
2/28/2006,1,24.539136,192.70638,SummerFall_Even,2006,2
3/31/2006,1,21.94956,194.71764,SummerFall_Even,2006,3
4/30/2006,1,25.151481,188.78354,SummerFall_Even,2006,4
5/31/2006,1,14.95284,178.84059,SummerFall_Even,2006,5
6/30/2006,1,13.0853325,169.90225,SummerFall_Even,2006,6
7/31/2006,1,19.1544345,179.53604,SummerFall_Even,2006,7
8/31/2006,1,25.817604,260.4178,SummerFall_Even,2006,8
9/30/2006,1,19.994907,285.62924,SummerFall_Even,2006,9
10/31/2006,1,19.6206,383.60223,SummerFall_Even,2006,10
11/30/2006,1,24.880545,327.8312,SummerFall_Even,2006,11
12/31/2006,1,32.9331133,770.4231,SummerFall_Even,2006,12
1/31/2007,1,89.1581299,693.8878,SummerFall_Even,2007,1
2/28/2007,3,38.3998009,529.9836,SummerFall_Even,2007,2
3/31/2007,3,54.159691,424.75204,SummerFall_Even,2007,3
4/30/2007,4,37.26801175,245.70079,SummerFall_Even,2007,4
5/31/2007,4,33.8432722,268.03918,SummerFall_Even,2007,5
6/30/2007,4,32.134777,338.4541,SummerFall_Even,2007,6
7/31/2007,4,31.6819234,451.4157,SummerFall_Even,2007,7
8/31/2007,4,72.088186,1394.1536,SummerFall_Even,2007,8
9/30/2007,4,141.18313,1596.6106,SummerFall_Even,2007,9
10/31/2007,4,146.9263075,1776.3789,SummerFall_Even,2007,10
11/30/2007,4,157.8138091,1604.753,SummerFall_Even,2007,11
12/31/2007,4,165.894739,1782.9349,SummerFall_Even,2007,12
1/31/2008,4,186.5296225,1563.9851,SummerFall_Even,2008,1
2/29/2008,4,105.318901,575.2939,SummerFall_Even,2008,2
3/31/2008,4,43.4698825,256.08392,SummerFall_Even,2008,3
4/30/2008,4,48.5217355,245.61275,SummerFall_Even,2008,4
5/31/2008,5,39.31216,267.66614,SummerFall_Even,2008,5
6/30/2008,5,32.2543231,369.6192,SummerFall_Even,2008,6
7/31/2008,5,44.4292894,537.8369,SummerFall_Even,2008,7
8/31/2008,5,59.06093575,993.9113,SummerFall_Even,2008,8
9/30/2008,5,108.9677959,1435.4441,SummerFall_Even,2008,9
10/31/2008,5,162.0629425,1941.7352,SummerFall_Even,2008,10
11/30/2008,5,222.2353431,2248.796,SummerFall_Even,2008,11
12/31/2008,5,224.1214503,1738.1196,SummerFall_Even,2008,12
1/31/2009,5,200.6534131,1833.9392,SummerFall_Even,2009,1
2/28/2009,5,201.3441334,1118.672,SummerFall_Even,2009,2
3/31/2009,5,82.8522427,376.91522,SummerFall_Even,2009,3
4/30/2009,4,30.7255945,249.9001,SummerFall_Even,2009,4
5/31/2009,5,36.4716505,252.52289,SummerFall_Even,2009,5
6/30/2009,5,34.6555735,315.39093,SummerFall_Even,2009,6
7/31/2009,5,28.1052975,334.55545,SummerFall_Even,2009,7
8/31/2009,5,28.1471055,516.01337,SummerFall_Even,2009,8
9/30/2009,5,68.07480175,1092.0139,SummerFall_Even,2009,9
10/31/2009,5,160.8362655,2148.5542,SummerFall_Even,2009,10
11/30/2009,5,210.1341661,2037.421,SummerFall_Even,2009,11
12/31/2009,5,159.2407015,1964.9076,SummerFall_Even,2009,12
1/31/2010,5,209.6357838,1680.3292,SummerFall_Even,2010,1
2/28/2010,4,92.47915225,463.96994,SummerFall_Even,2010,2
3/31/2010,4,40.236016,243.6486,SummerFall_Even,2010,3
4/30/2010,4,28.580676,241.94429,SummerFall_Even,2010,4
5/31/2010,3,28.434906,237.34492,SummerFall_Even,2010,5
6/30/2010,3,27.650802,225.99281,SummerFall_Even,2010,6
7/31/2010,3,25.725048,245.5262,SummerFall_Even,2010,7
8/31/2010,3,30.1728795,603.9406,SummerFall_Even,2010,8
9/30/2010,3,86.7456049,1338.7699,SummerFall_Even,2010,9
10/31/2010,3,125.373781,1747.4761,SummerFall_Even,2010,10
11/30/2010,3,124.9810938,1410.3514,SummerFall_Even,2010,11
12/31/2010,3,112.170073,1284.4475,SummerFall_Even,2010,12
1/31/2011,3,59.6762251,379.67584,SummerFall_Even,2011,1
2/28/2011,2,24.8057535,188.21144,SummerFall_Even,2011,2
3/31/2011,2,27.3790605,207.93849,SummerFall_Even,2011,3
4/30/2011,1,18.105897,215.82898,SummerFall_Even,2011,4
5/31/2011,1,16.4694075,192.40552,SummerFall_Even,2011,5
6/30/2011,1,16.609305,188.26869,SummerFall_Even,2011,6
7/31/2011,1,18.9911655,186.08832,SummerFall_Even,2011,7
8/31/2011,1,18.3822285,214.98688,SummerFall_Even,2011,8
9/30/2011,1,19.159113,297.7142,SummerFall_Even,2011,9
10/31/2011,1,20.563161,332.28983,SummerFall_Even,2011,10
11/30/2011,1,24.118773,360.86838,SummerFall_Even,2011,11
12/31/2011,1,40.7452255,783.10077,SummerFall_Even,2011,12
1/31/2012,1,196.4299525,1756.5546,SummerFall_Even,2012,1
2/29/2012,4,191.1704485,1485.3168,SummerFall_Even,2012,2
3/31/2012,4,74.7772408,480.552,SummerFall_Even,2012,3
4/30/2012,4,38.01959095,275.15784,SummerFall_Even,2012,4
5/31/2012,3,28.31484,223.957,SummerFall_Even,2012,5
6/30/2012,3,26.801811,241.81882,SummerFall_Even,2012,6
7/31/2012,3,25.4193765,353.05157,SummerFall_Even,2012,7
8/31/2012,3,33.957238,703.93713,SummerFall_Even,2012,8
9/30/2012,3,72.5375455,1153.048,SummerFall_Even,2012,9
10/31/2012,3,139.6381023,1747.7483,SummerFall_Even,2012,10
11/30/2012,3,177.011563,1785.0698,SummerFall_Even,2012,11
12/31/2012,3,172.003657,1750.9685,SummerFall_Even,2012,12
1/31/2013,3,93.72793105,574.7922,SummerFall_Even,2013,1
2/28/2013,3,25.797876,236.14603,SummerFall_Even,2013,2
3/31/2013,3,29.411883,257.67145,SummerFall_Even,2013,3
4/30/2013,4,28.443627,266.17972,SummerFall_Even,2013,4
5/31/2013,4,32.003791,295.36176,SummerFall_Even,2013,5
6/30/2013,4,38.3356417,325.20734,SummerFall_Even,2013,6
7/31/2013,4,32.8569214,388.9292,SummerFall_Even,2013,7
8/31/2013,4,45.131005,832.6148,SummerFall_Even,2013,8
9/30/2013,4,85.8621733,1198.3578,SummerFall_Even,2013,9
10/31/2013,4,154.1219448,1802.3578,SummerFall_Even,2013,10
11/30/2013,4,167.0414508,1594.2601,SummerFall_Even,2013,11
12/31/2013,4,187.910248,1912.7368,SummerFall_Even,2013,12
1/31/2014,4,223.7634618,1907.5874,SummerFall_Even,2014,1
2/28/2014,5,181.1442625,1052.8202,SummerFall_Even,2014,2
3/31/2014,5,82.2475411,485.58148,SummerFall_Even,2014,3
4/30/2014,5,38.80560955,333.6376,SummerFall_Even,2014,4
5/31/2014,5,36.056662,297.9556,SummerFall_Even,2014,5
6/30/2014,5,47.1196039,591.3997,SummerFall_Even,2014,6
7/31/2014,5,105.636505,1197.8201,SummerFall_Even,2014,7
8/31/2014,5,167.489314,1528.2507,SummerFall_Even,2014,8
9/30/2014,5,157.767793,1447.8325,SummerFall_Even,2014,9
10/31/2014,5,160.6376148,1576.0469,SummerFall_Even,2014,10
11/30/2014,5,223.060267,1944.4733,SummerFall_Even,2014,11
12/31/2014,5,222.450082,1715.7465,SummerFall_Even,2014,12
1/31/2015,5,90.92949895,541.0326,SummerFall_Even,2015,1
2/28/2015,5,31.9199497,270.70154,SummerFall_Even,2015,2
3/31/2015,5,35.9686312,350.9897,SummerFall_Even,2015,3
4/30/2015,5,39.9210625,307.1613,SummerFall_Even,2015,4
5/31/2015,5,54.130336,439.32455,SummerFall_Even,2015,5
6/30/2015,5,69.029566,980.07416,SummerFall_Even,2015,6
7/31/2015,5,155.8351966,1714.1227,SummerFall_Even,2015,7
8/31/2015,5,176.805223,1624.43,SummerFall_Even,2015,8
9/30/2015,5,150.2401051,1470.8374,SummerFall_Even,2015,9
10/31/2015,5,175.387576,1653.983,SummerFall_Even,2015,10
11/30/2015,5,208.6300615,2117.979,SummerFall_Even,2015,11
12/31/2015,5,227.248969,2188.7144,SummerFall_Even,2015,12
1/31/2016,5,223.1476765,1573.8235,SummerFall_Even,2016,1
2/29/2016,3,88.2631558,529.2215,SummerFall_Even,2016,2
3/31/2016,4,32.96191825,243.53812,SummerFall_Even,2016,3
4/30/2016,3,28.402482,244.13565,SummerFall_Even,2016,4
5/31/2016,3,28.844019,239.29274,SummerFall_Even,2016,5
6/30/2016,3,27.7521195,250.27269,SummerFall_Even,2016,6
7/31/2016,3,25.126941,383.71893,SummerFall_Even,2016,7
8/31/2016,3,40.1577778,746.9244,SummerFall_Even,2016,8
9/30/2016,3,83.3157154,1238.6968,SummerFall_Even,2016,9
10/31/2016,3,151.123816,1844.0394,SummerFall_Even,2016,10
11/30/2016,3,173.3938671,1687.6558,SummerFall_Even,2016,11
12/31/2016,3,157.752688,1820.4476,SummerFall_Even,2016,12
1/31/2017,3,117.6812035,670.7475,SummerFall_Even,2017,1
2/28/2017,1,31.9033456,218.68933,SummerFall_Even,2017,2
3/31/2017,1,16.684005,201.76399,SummerFall_Even,2017,3
4/30/2017,1,17.0852505,172.18666,SummerFall_Even,2017,4
5/31/2017,1,15.084957,176.16154,SummerFall_Even,2017,5
6/30/2017,1,15.3726405,193.84378,SummerFall_Even,2017,6
7/31/2017,1,18.740004,226.53831,SummerFall_Even,2017,7
8/31/2017,1,23.66118,242.94371,SummerFall_Even,2017,8
9/30/2017,1,22.26627,289.08054,SummerFall_Even,2017,9
10/31/2017,1,19.7834925,305.96097,SummerFall_Even,2017,10
11/30/2017,1,22.645923,264.4761,SummerFall_Even,2017,11
12/31/2017,1,23.2317285,346.0094,SummerFall_Even,2017,12
1/31/2018,1,80.624905,989.9113,SummerFall_Even,2018,1
2/28/2018,3,146.1705075,928.2559,SummerFall_Even,2018,2
3/31/2018,4,54.116428,301.9463,SummerFall_Even,2018,3
4/30/2018,3,36.8762935,250.08917,SummerFall_Even,2018,4
5/31/2018,3,29.505153,233.07854,SummerFall_Even,2018,5
6/30/2018,3,27.6120345,228.82985,SummerFall_Even,2018,6
7/31/2018,3,24.983412,353.76804,SummerFall_Even,2018,7
8/31/2018,3,37.1395423,727.1905,SummerFall_Even,2018,8
9/30/2018,3,74.9386705,1227.4489,SummerFall_Even,2018,9
10/31/2018,3,160.7509735,1706.0894,SummerFall_Even,2018,10
11/30/2018,3,153.315124,1720.17,SummerFall_Even,2018,11
12/31/2018,3,185.3478415,1749.8856,SummerFall_Even,2018,12
1/31/2019,3,221.054551,1330.8687,SummerFall_Even,2019,1
2/28/2019,3,84.1938175,487.5638,SummerFall_Even,2019,2
3/31/2019,2,37.592698,239.15125,SummerFall_Even,2019,3
4/30/2019,1,26.991939,222.24265,SummerFall_Even,2019,4
5/31/2019,1,23.3166615,193.4155,SummerFall_Even,2019,5
6/30/2019,1,19.318935,193.63246,SummerFall_Even,2019,6
7/31/2019,1,18.5542095,185.51837,SummerFall_Even,2019,7
8/31/2019,1,21.5385795,225.44841,SummerFall_Even,2019,8
9/30/2019,1,21.9831165,321.73483,SummerFall_Even,2019,9
10/31/2019,1,22.6957095,368.2539,SummerFall_Even,2019,10
11/30/2019,1,24.1634955,280.45074,SummerFall_Even,2019,11
12/31/2019,1,32.79762145,777.1764,SummerFall_Even,2019,12
1/31/2020,1,113.9656101,746.4785,SummerFall_Even,2020,1
2/29/2020,3,43.8453301,527.62933,SummerFall_Even,2020,2
3/31/2020,4,50.196196,534.4634,SummerFall_Even,2020,3
4/30/2020,4,45.85343725,403.68942,SummerFall_Even,2020,4
5/31/2020,4,47.7379171,320.17218,SummerFall_Even,2020,5
6/30/2020,4,39.46601155,332.3109,SummerFall_Even,2020,6
7/31/2020,4,31.3290535,411.91504,SummerFall_Even,2020,7
8/31/2020,4,50.7320701,909.7198,SummerFall_Even,2020,8
9/30/2020,4,87.7498993,1113.6564,SummerFall_Even,2020,9
10/31/2020,4,128.4928353,1774.2863,SummerFall_Even,2020,10
11/30/2020,4,183.3752511,1822.4757,SummerFall_Even,2020,11
12/31/2020,4,175.7269939,1814.0005,SummerFall_Even,2020,12
1/31/2021,4,223.9846645,1777.6836,SummerFall_Even,2021,1
2/28/2021,5,203.6523655,1073.3423,SummerFall_Even,2021,2
3/31/2021,5,124.2910375,853.09094,SummerFall_Even,2021,3
4/30/2021,5,113.969392,773.579,SummerFall_Even,2021,4
5/31/2021,5,87.7366012,880.2147,SummerFall_Even,2021,5
6/30/2021,5,114.646381,936.93896,SummerFall_Even,2021,6
7/31/2021,5,132.60919,1347.8699,SummerFall_Even,2021,7
8/31/2021,5,175.12036,1693.0806,SummerFall_Even,2021,8
9/30/2021,5,159.7562665,1545.396,SummerFall_Even,2021,9
11/30/1920,NA,NA,NA,SummerFall_Hist,1920,11
12/31/1920,NA,NA,NA,SummerFall_Hist,1920,12
1/31/1921,NA,NA,NA,SummerFall_Hist,1921,1
2/28/1921,NA,NA,NA,SummerFall_Hist,1921,2
3/31/1921,5,NA,NA,SummerFall_Hist,1921,3
4/30/1921,5,NA,NA,SummerFall_Hist,1921,4
5/31/1921,2,NA,NA,SummerFall_Hist,1921,5
6/30/1921,2,NA,NA,SummerFall_Hist,1921,6
7/31/1921,2,NA,NA,SummerFall_Hist,1921,7
8/31/1921,2,NA,NA,SummerFall_Hist,1921,8
9/30/1921,2,NA,NA,SummerFall_Hist,1921,9
10/31/1921,2,NA,NA,SummerFall_Hist,1921,10
11/30/1921,2,30.4763905,222.66362,SummerFall_Hist,1921,11
12/31/1921,2,22.999992,522.97845,SummerFall_Hist,1921,12
1/31/1922,2,73.63774525,669.4961,SummerFall_Hist,1922,1
2/28/1922,3,39.2580955,269.47595,SummerFall_Hist,1922,2
3/31/1922,3,50.69506,252.44023,SummerFall_Hist,1922,3
4/30/1922,2,32.3263141,238.12276,SummerFall_Hist,1922,4
5/31/1922,2,27.4956255,219.80162,SummerFall_Hist,1922,5
6/30/1922,2,21.577782,218.11598,SummerFall_Hist,1922,6
7/31/1922,2,21.7995735,211.78764,SummerFall_Hist,1922,7
8/31/1922,2,23.1425445,299.5308,SummerFall_Hist,1922,8
9/30/1922,2,29.4892005,615.0899,SummerFall_Hist,1922,9
10/31/1922,2,28.713876,432.24988,SummerFall_Hist,1922,10
11/30/1922,2,21.886272,274.23553,SummerFall_Hist,1922,11
12/31/1922,2,29.48679,578.6734,SummerFall_Hist,1922,12
1/31/1923,2,49.8912574,398.92654,SummerFall_Hist,1923,1
2/28/1923,3,31.7205865,220.87935,SummerFall_Hist,1923,2
3/31/1923,3,33.4933378,231.8572,SummerFall_Hist,1923,3
4/30/1923,4,37.33427995,246.4728,SummerFall_Hist,1923,4
5/31/1923,3,36.3160006,243.30316,SummerFall_Hist,1923,5
6/30/1923,3,28.6353975,225.33447,SummerFall_Hist,1923,6
7/31/1923,3,27.8923455,305.2884,SummerFall_Hist,1923,7
8/31/1923,3,30.2332912,723.20374,SummerFall_Hist,1923,8
9/30/1923,3,56.9998186,894.2408,SummerFall_Hist,1923,9
10/31/1923,3,117.926389,1667.6986,SummerFall_Hist,1923,10
11/30/1923,3,150.8527525,1619.851,SummerFall_Hist,1923,11
12/31/1923,3,173.8498443,1771.33,SummerFall_Hist,1923,12
1/31/1924,3,178.3190005,1512.8041,SummerFall_Hist,1924,1
2/29/1924,5,151.441668,1354.665,SummerFall_Hist,1924,2
3/31/1924,5,101.5867234,727.1665,SummerFall_Hist,1924,3
4/30/1924,5,74.1117601,359.24054,SummerFall_Hist,1924,4
5/31/1924,5,72.28829305,478.8882,SummerFall_Hist,1924,5
6/30/1924,5,76.27384705,947.7983,SummerFall_Hist,1924,6
7/31/1924,5,155.3055526,1609.478,SummerFall_Hist,1924,7
8/31/1924,5,193.8531934,1591.6711,SummerFall_Hist,1924,8
9/30/1924,5,172.9137475,1431.5963,SummerFall_Hist,1924,9
10/31/1924,5,184.981759,1474.3013,SummerFall_Hist,1924,10
11/30/1924,5,200.417587,2118.9597,SummerFall_Hist,1924,11
12/31/1924,5,214.8060885,2278.8796,SummerFall_Hist,1924,12
1/31/1925,5,202.3581948,1523.4694,SummerFall_Hist,1925,1
2/28/1925,5,111.620707,860.3768,SummerFall_Hist,1925,2
3/31/1925,4,62.65201555,385.95508,SummerFall_Hist,1925,3
4/30/1925,4,29.330076,245.30136,SummerFall_Hist,1925,4
5/31/1925,4,29.2434405,245.20842,SummerFall_Hist,1925,5
6/30/1925,4,32.99013325,240.66602,SummerFall_Hist,1925,6
7/31/1925,4,27.652872,295.99744,SummerFall_Hist,1925,7
8/31/1925,4,37.17067855,711.2991,SummerFall_Hist,1925,8
9/30/1925,4,80.8908328,1167.149,SummerFall_Hist,1925,9
10/31/1925,4,136.857172,1756.9073,SummerFall_Hist,1925,10
11/30/1925,4,175.8615595,1629.5922,SummerFall_Hist,1925,11
12/31/1925,4,172.5433045,1745.1497,SummerFall_Hist,1925,12
1/31/1926,4,185.387143,1513.9271,SummerFall_Hist,1926,1
2/28/1926,5,126.5511445,910.2514,SummerFall_Hist,1926,2
3/31/1926,4,57.37911655,315.28345,SummerFall_Hist,1926,3
4/30/1926,5,55.1074015,244.97066,SummerFall_Hist,1926,4
5/31/1926,4,40.3322149,246.13847,SummerFall_Hist,1926,5
6/30/1926,4,25.880436,250.19246,SummerFall_Hist,1926,6
7/31/1926,4,24.68709,347.315,SummerFall_Hist,1926,7
8/31/1926,4,34.0962325,621.37274,SummerFall_Hist,1926,8
9/30/1926,4,73.368976,977.06195,SummerFall_Hist,1926,9
10/31/1926,4,124.3128685,1715.6409,SummerFall_Hist,1926,10
11/30/1926,4,169.2157585,1806.2401,SummerFall_Hist,1926,11
12/31/1926,4,132.554356,989.0153,SummerFall_Hist,1926,12
1/31/1927,4,49.6629382,435.03336,SummerFall_Hist,1927,1
2/28/1927,3,30.6102436,319.16293,SummerFall_Hist,1927,2
3/31/1927,2,27.3097875,238.87402,SummerFall_Hist,1927,3
4/30/1927,2,26.78148,228.0077,SummerFall_Hist,1927,4
5/31/1927,1,36.8860348,219.25954,SummerFall_Hist,1927,5
6/30/1927,1,25.8586485,223.3138,SummerFall_Hist,1927,6
7/31/1927,1,23.0541255,206.45303,SummerFall_Hist,1927,7
8/31/1927,1,20.6327355,299.48743,SummerFall_Hist,1927,8
9/30/1927,1,36.9069709,605.07874,SummerFall_Hist,1927,9
10/31/1927,1,32.1346459,391.87637,SummerFall_Hist,1927,10
11/30/1927,1,20.698065,286.36636,SummerFall_Hist,1927,11
12/31/1927,1,42.7555015,809.6845,SummerFall_Hist,1927,12
1/31/1928,1,218.557438,1425.1407,SummerFall_Hist,1928,1
2/29/1928,3,167.9254495,862.2387,SummerFall_Hist,1928,2
3/31/1928,3,47.3334679,293.13742,SummerFall_Hist,1928,3
4/30/1928,2,26.0413005,237.69427,SummerFall_Hist,1928,4
5/31/1928,2,26.4516855,222.0691,SummerFall_Hist,1928,5
6/30/1928,2,25.965825,231.07587,SummerFall_Hist,1928,6
7/31/1928,2,25.477689,239.01364,SummerFall_Hist,1928,7
8/31/1928,2,22.1780505,354.37048,SummerFall_Hist,1928,8
9/30/1928,2,52.8734005,838.1884,SummerFall_Hist,1928,9
10/31/1928,2,49.94182495,486.62277,SummerFall_Hist,1928,10
11/30/1928,2,24.5403465,354.3832,SummerFall_Hist,1928,11
12/31/1928,2,37.72400605,808.39166,SummerFall_Hist,1928,12
1/31/1929,2,179.6264523,1162.8076,SummerFall_Hist,1929,1
2/28/1929,4,203.071108,1478.1527,SummerFall_Hist,1929,2
3/31/1929,4,107.9226154,602.0001,SummerFall_Hist,1929,3
4/30/1929,5,49.7235349,295.09222,SummerFall_Hist,1929,4
5/31/1929,5,55.1811937,336.3265,SummerFall_Hist,1929,5
6/30/1929,5,57.7409155,588.7466,SummerFall_Hist,1929,6
7/31/1929,5,111.862729,1241.3492,SummerFall_Hist,1929,7
8/31/1929,5,188.4837706,1723.9331,SummerFall_Hist,1929,8
9/30/1929,5,193.5584065,1672.3364,SummerFall_Hist,1929,9
10/31/1929,5,194.55223,1829.9064,SummerFall_Hist,1929,10
11/30/1929,5,222.6414481,2130.8914,SummerFall_Hist,1929,11
12/31/1929,5,219.009334,1949.697,SummerFall_Hist,1929,12
1/31/1930,5,166.3170691,985.97205,SummerFall_Hist,1930,1
2/28/1930,4,49.61223955,330.35117,SummerFall_Hist,1930,2
3/31/1930,4,40.9075045,241.08092,SummerFall_Hist,1930,3
4/30/1930,4,32.22738775,236.27324,SummerFall_Hist,1930,4
5/31/1930,4,32.8107286,246.61285,SummerFall_Hist,1930,5
6/30/1930,4,42.4526491,288.5074,SummerFall_Hist,1930,6
7/31/1930,4,31.2441007,394.12793,SummerFall_Hist,1930,7
8/31/1930,4,51.76230805,937.15594,SummerFall_Hist,1930,8
9/30/1930,4,108.7196635,1610.0248,SummerFall_Hist,1930,9
10/31/1930,4,156.798166,1745.9105,SummerFall_Hist,1930,10
11/30/1930,4,173.1521643,1715.0183,SummerFall_Hist,1930,11
12/31/1930,4,188.2056049,1856.3217,SummerFall_Hist,1930,12
1/31/1931,4,204.6210948,1505.9491,SummerFall_Hist,1931,1
2/28/1931,5,165.764038,1189.3141,SummerFall_Hist,1931,2
3/31/1931,5,97.72890925,714.3914,SummerFall_Hist,1931,3
4/30/1931,5,92.223949,631.8726,SummerFall_Hist,1931,4
5/31/1931,5,88.0541368,770.419,SummerFall_Hist,1931,5
6/30/1931,5,104.995426,1289.6733,SummerFall_Hist,1931,6
7/31/1931,5,154.989157,1310.7631,SummerFall_Hist,1931,7
8/31/1931,5,122.691076,1340.6443,SummerFall_Hist,1931,8
9/30/1931,5,162.8330553,1660.6215,SummerFall_Hist,1931,9
10/31/1931,5,198.6114565,1605.2971,SummerFall_Hist,1931,10
11/30/1931,5,218.9808226,1981.3591,SummerFall_Hist,1931,11
12/31/1931,5,225.2329075,1670.3514,SummerFall_Hist,1931,12
1/31/1932,5,111.5867635,618.98016,SummerFall_Hist,1932,1
2/29/1932,4,37.8428311,262.92847,SummerFall_Hist,1932,2
3/31/1932,4,40.5221332,246.36105,SummerFall_Hist,1932,3
4/30/1932,5,32.864947,247.267,SummerFall_Hist,1932,4
5/31/1932,5,36.9414388,282.71066,SummerFall_Hist,1932,5
6/30/1932,5,31.3806328,277.09003,SummerFall_Hist,1932,6
7/31/1932,5,43.1376922,400.01144,SummerFall_Hist,1932,7
8/31/1932,5,64.9786045,938.97626,SummerFall_Hist,1932,8
9/30/1932,5,128.698933,1411.5956,SummerFall_Hist,1932,9
10/31/1932,5,189.9857776,2139.8413,SummerFall_Hist,1932,10
11/30/1932,5,226.1088664,2140.2886,SummerFall_Hist,1932,11
12/31/1932,5,214.6749799,2244.8489,SummerFall_Hist,1932,12
1/31/1933,5,207.7556245,1530.308,SummerFall_Hist,1933,1
2/28/1933,5,116.6466535,793.3663,SummerFall_Hist,1933,2
3/31/1933,5,71.72872975,460.3665,SummerFall_Hist,1933,3
4/30/1933,5,55.3921621,358.5567,SummerFall_Hist,1933,4
5/31/1933,5,66.6384502,402.56866,SummerFall_Hist,1933,5
6/30/1933,5,67.02287245,692.84155,SummerFall_Hist,1933,6
7/31/1933,5,111.4705405,1274.5233,SummerFall_Hist,1933,7
8/31/1933,5,176.0190904,1700.4597,SummerFall_Hist,1933,8
9/30/1933,5,173.9675208,1723.0319,SummerFall_Hist,1933,9
10/31/1933,5,192.939985,1710.8572,SummerFall_Hist,1933,10
11/30/1933,5,206.742307,2194.9792,SummerFall_Hist,1933,11
12/31/1933,5,225.2457895,1908.8893,SummerFall_Hist,1933,12
1/31/1934,5,223.2495355,1426.5442,SummerFall_Hist,1934,1
2/28/1934,5,103.6849789,562.0543,SummerFall_Hist,1934,2
3/31/1934,5,41.8031911,289.66238,SummerFall_Hist,1934,3
4/30/1934,5,28.964232,268.78046,SummerFall_Hist,1934,4
5/31/1934,5,46.8525019,380.73203,SummerFall_Hist,1934,5
6/30/1934,5,57.065779,918.68854,SummerFall_Hist,1934,6
7/31/1934,5,131.114536,1456.1798,SummerFall_Hist,1934,7
8/31/1934,5,156.518695,1619.6852,SummerFall_Hist,1934,8
9/30/1934,5,170.6166475,1723.6841,SummerFall_Hist,1934,9
10/31/1934,5,196.1427979,1959.28,SummerFall_Hist,1934,10
11/30/1934,5,226.8212125,2148.1687,SummerFall_Hist,1934,11
12/31/1934,5,225.7888684,1847.0206,SummerFall_Hist,1934,12
1/31/1935,5,185.0278834,1619.2123,SummerFall_Hist,1935,1
2/28/1935,4,113.7900244,602.8321,SummerFall_Hist,1935,2
3/31/1935,4,39.8114002,248.70737,SummerFall_Hist,1935,3
4/30/1935,4,29.166015,255.46103,SummerFall_Hist,1935,4
5/31/1935,3,27.0255525,236.20786,SummerFall_Hist,1935,5
6/30/1935,3,31.92439,229.51666,SummerFall_Hist,1935,6
7/31/1935,3,25.124742,290.95737,SummerFall_Hist,1935,7
8/31/1935,3,30.812206,718.73413,SummerFall_Hist,1935,8
9/30/1935,3,81.471298,1242.3232,SummerFall_Hist,1935,9
10/31/1935,3,145.6183285,1769.5402,SummerFall_Hist,1935,10
11/30/1935,3,154.6752979,1661.0208,SummerFall_Hist,1935,11
12/31/1935,3,153.2756943,1780.955,SummerFall_Hist,1935,12
1/31/1936,3,179.3630211,1533.1775,SummerFall_Hist,1936,1
2/29/1936,3,89.8201051,505.68228,SummerFall_Hist,1936,2
3/31/1936,2,42.47858695,228.24043,SummerFall_Hist,1936,3
4/30/1936,3,29.012118,228.38063,SummerFall_Hist,1936,4
5/31/1936,3,29.193132,206.17087,SummerFall_Hist,1936,5
6/30/1936,3,25.0702815,238.64903,SummerFall_Hist,1936,6
7/31/1936,3,27.567948,382.4796,SummerFall_Hist,1936,7
8/31/1936,3,34.9045438,746.01294,SummerFall_Hist,1936,8
9/30/1936,3,81.36198625,1301.421,SummerFall_Hist,1936,9
10/31/1936,3,167.316718,1724.989,SummerFall_Hist,1936,10
11/30/1936,3,146.142871,1735.8512,SummerFall_Hist,1936,11
12/31/1936,3,160.484983,1718.8235,SummerFall_Hist,1936,12
1/31/1937,3,175.5796375,1348.786,SummerFall_Hist,1937,1
2/28/1937,4,115.5611341,919.29,SummerFall_Hist,1937,2
3/31/1937,4,77.0624335,379.8504,SummerFall_Hist,1937,3
4/30/1937,4,44.32684045,243.6002,SummerFall_Hist,1937,4
5/31/1937,3,31.3832776,219.12166,SummerFall_Hist,1937,5
6/30/1937,3,26.110455,235.28067,SummerFall_Hist,1937,6
7/31/1937,3,25.878417,294.46066,SummerFall_Hist,1937,7
8/31/1937,3,30.1799055,681.0091,SummerFall_Hist,1937,8
9/30/1937,3,78.48444955,1189.7473,SummerFall_Hist,1937,9
10/31/1937,3,142.4562706,1734.901,SummerFall_Hist,1937,10
11/30/1937,3,161.2778815,1686.4846,SummerFall_Hist,1937,11
12/31/1937,3,146.0747275,1267.0492,SummerFall_Hist,1937,12
1/31/1938,3,49.0577749,306.2665,SummerFall_Hist,1938,1
2/28/1938,2,26.59266,209.95705,SummerFall_Hist,1938,2
3/31/1938,1,24.248895,213.85417,SummerFall_Hist,1938,3
4/30/1938,1,15.364995,183.76216,SummerFall_Hist,1938,4
5/31/1938,1,15.9396195,173.42847,SummerFall_Hist,1938,5
6/30/1938,1,14.0833785,176.05095,SummerFall_Hist,1938,6
7/31/1938,1,19.4799525,195.21567,SummerFall_Hist,1938,7
8/31/1938,1,23.41245,272.10214,SummerFall_Hist,1938,8
9/30/1938,1,24.7194255,427.63968,SummerFall_Hist,1938,9
10/31/1938,1,24.761904,434.18585,SummerFall_Hist,1938,10
11/30/1938,1,22.273989,276.57324,SummerFall_Hist,1938,11
12/31/1938,1,43.8500098,883.7521,SummerFall_Hist,1938,12
1/31/1939,1,216.6580128,1753.5314,SummerFall_Hist,1939,1
2/28/1939,4,187.1013696,1427.7458,SummerFall_Hist,1939,2
3/31/1939,4,130.0339015,834.8539,SummerFall_Hist,1939,3
4/30/1939,4,94.989076,506.78372,SummerFall_Hist,1939,4
5/31/1939,4,59.259709,387.72028,SummerFall_Hist,1939,5
6/30/1939,4,42.5415805,334.37927,SummerFall_Hist,1939,6
7/31/1939,4,39.67178725,499.183,SummerFall_Hist,1939,7
8/31/1939,4,60.1684429,875.73395,SummerFall_Hist,1939,8
9/30/1939,4,86.1435481,1219.091,SummerFall_Hist,1939,9
10/31/1939,4,145.2395065,1904.1171,SummerFall_Hist,1939,10
11/30/1939,4,197.685292,1970.0652,SummerFall_Hist,1939,11
12/31/1939,4,214.4327755,1996.4629,SummerFall_Hist,1939,12
1/31/1940,4,219.3505645,1822.607,SummerFall_Hist,1940,1
2/29/1940,4,125.220964,543.87866,SummerFall_Hist,1940,2
3/31/1940,2,53.5220491,234.00009,SummerFall_Hist,1940,3
4/30/1940,2,36.1418428,223.72229,SummerFall_Hist,1940,4
5/31/1940,2,32.09987305,216.15675,SummerFall_Hist,1940,5
6/30/1940,2,25.246602,219.80193,SummerFall_Hist,1940,6
7/31/1940,2,23.522415,226.18967,SummerFall_Hist,1940,7
8/31/1940,2,19.9756845,325.24734,SummerFall_Hist,1940,8
9/30/1940,2,44.602501,835.40186,SummerFall_Hist,1940,9
10/31/1940,2,53.67150595,468.01654,SummerFall_Hist,1940,10
11/30/1940,2,23.1961755,246.06488,SummerFall_Hist,1940,11
12/31/1940,2,38.64852325,803.1275,SummerFall_Hist,1940,12
1/31/1941,2,94.03782295,497.48016,SummerFall_Hist,1941,1
2/28/1941,1,39.424564,226.57722,SummerFall_Hist,1941,2
3/31/1941,1,34.21636,213.78139,SummerFall_Hist,1941,3
4/30/1941,1,28.363833,211.65533,SummerFall_Hist,1941,4
5/31/1941,1,26.375448,185.10295,SummerFall_Hist,1941,5
6/30/1941,1,19.093188,188.34283,SummerFall_Hist,1941,6
7/31/1941,1,18.3111255,183.94443,SummerFall_Hist,1941,7
8/31/1941,1,20.858016,262.6302,SummerFall_Hist,1941,8
9/30/1941,1,26.743749,473.44897,SummerFall_Hist,1941,9
10/31/1941,1,27.62208,480.21875,SummerFall_Hist,1941,10
11/30/1941,1,21.8057625,269.56268,SummerFall_Hist,1941,11
12/31/1941,1,40.7561239,829.8336,SummerFall_Hist,1941,12
1/31/1942,1,67.5354535,435.65796,SummerFall_Hist,1942,1
2/28/1942,1,30.19956,209.22044,SummerFall_Hist,1942,2
3/31/1942,1,26.092713,215.45883,SummerFall_Hist,1942,3
4/30/1942,1,28.0086495,207.45462,SummerFall_Hist,1942,4
5/31/1942,1,28.932339,215.90912,SummerFall_Hist,1942,5
6/30/1942,1,23.3170365,201.49272,SummerFall_Hist,1942,6
7/31/1942,1,19.4445255,188.33241,SummerFall_Hist,1942,7
8/31/1942,1,21.2309805,315.79523,SummerFall_Hist,1942,8
9/30/1942,1,35.9487382,613.219,SummerFall_Hist,1942,9
10/31/1942,1,32.65622725,411.71936,SummerFall_Hist,1942,10
11/30/1942,1,20.4781305,257.6119,SummerFall_Hist,1942,11
12/31/1942,1,31.9720648,659.20917,SummerFall_Hist,1942,12
1/31/1943,1,75.86008975,513.4313,SummerFall_Hist,1943,1
2/28/1943,1,36.9243445,210.71341,SummerFall_Hist,1943,2
3/31/1943,1,25.5007305,215.13786,SummerFall_Hist,1943,3
4/30/1943,1,22.960329,193.03673,SummerFall_Hist,1943,4
5/31/1943,1,18.628161,207.17264,SummerFall_Hist,1943,5
6/30/1943,1,21.314571,218.71635,SummerFall_Hist,1943,6
7/31/1943,1,22.4920605,226.00024,SummerFall_Hist,1943,7
8/31/1943,1,18.9306585,307.36435,SummerFall_Hist,1943,8
9/30/1943,1,37.549492,602.44006,SummerFall_Hist,1943,9
10/31/1943,1,33.3139417,451.638,SummerFall_Hist,1943,10
11/30/1943,1,20.906859,270.9279,SummerFall_Hist,1943,11
12/31/1943,1,34.1779705,823.0766,SummerFall_Hist,1943,12
1/31/1944,1,192.2584075,1707.0726,SummerFall_Hist,1944,1
2/29/1944,4,218.6967175,1729.6097,SummerFall_Hist,1944,2
3/31/1944,4,111.238921,521.3476,SummerFall_Hist,1944,3
4/30/1944,4,39.1879342,242.64789,SummerFall_Hist,1944,4
5/31/1944,4,39.242848,251.98946,SummerFall_Hist,1944,5
6/30/1944,4,50.85507895,295.63385,SummerFall_Hist,1944,6
7/31/1944,4,35.06339425,391.17386,SummerFall_Hist,1944,7
8/31/1944,4,42.44266555,731.3212,SummerFall_Hist,1944,8
9/30/1944,4,81.26380945,1087.9099,SummerFall_Hist,1944,9
10/31/1944,4,134.337658,1840.0885,SummerFall_Hist,1944,10
11/30/1944,4,190.0033735,1647.6165,SummerFall_Hist,1944,11
12/31/1944,4,157.7044375,1749.2904,SummerFall_Hist,1944,12
1/31/1945,4,174.9147496,1090.5658,SummerFall_Hist,1945,1
2/28/1945,4,71.088862,564.3568,SummerFall_Hist,1945,2
3/31/1945,4,45.30778195,291.46146,SummerFall_Hist,1945,3
4/30/1945,3,39.48516355,242.8015,SummerFall_Hist,1945,4
5/31/1945,4,30.7041055,240.35439,SummerFall_Hist,1945,5
6/30/1945,4,28.898886,273.91968,SummerFall_Hist,1945,6
7/31/1945,4,30.6371875,434.63098,SummerFall_Hist,1945,7
8/31/1945,4,65.374897,1072.4531,SummerFall_Hist,1945,8
9/30/1945,4,117.1144411,1637.6919,SummerFall_Hist,1945,9
10/31/1945,4,136.2586863,1718.4773,SummerFall_Hist,1945,10
11/30/1945,4,144.737023,1679.0955,SummerFall_Hist,1945,11
12/31/1945,4,142.8747076,1775.7538,SummerFall_Hist,1945,12
1/31/1946,4,72.4454563,434.8063,SummerFall_Hist,1946,1
2/28/1946,2,24.114759,194.89284,SummerFall_Hist,1946,2
3/31/1946,2,26.460705,218.6453,SummerFall_Hist,1946,3
4/30/1946,2,29.11953,236.88626,SummerFall_Hist,1946,4
5/31/1946,3,28.927167,236.25371,SummerFall_Hist,1946,5
6/30/1946,3,27.11286,255.16608,SummerFall_Hist,1946,6
7/31/1946,3,28.511733,375.3107,SummerFall_Hist,1946,7
8/31/1946,3,41.91103795,768.9096,SummerFall_Hist,1946,8
9/30/1946,3,88.93301125,1335.9778,SummerFall_Hist,1946,9
10/31/1946,3,151.3915735,1706.0215,SummerFall_Hist,1946,10
11/30/1946,3,144.2034175,1729.5115,SummerFall_Hist,1946,11
12/31/1946,3,158.8045774,1731.6854,SummerFall_Hist,1946,12
1/31/1947,3,217.9977835,1545.3723,SummerFall_Hist,1947,1
2/28/1947,4,176.611993,1353.8407,SummerFall_Hist,1947,2
3/31/1947,4,145.1904723,692.418,SummerFall_Hist,1947,3
4/30/1947,5,46.88403145,273.81158,SummerFall_Hist,1947,4
5/31/1947,5,35.271088,277.50137,SummerFall_Hist,1947,5
6/30/1947,5,36.2818633,412.5924,SummerFall_Hist,1947,6
7/31/1947,5,48.2744923,465.90234,SummerFall_Hist,1947,7
8/31/1947,5,48.8797981,696.2889,SummerFall_Hist,1947,8
9/30/1947,5,83.4068242,1127.223,SummerFall_Hist,1947,9
10/31/1947,5,141.4896276,1845.8253,SummerFall_Hist,1947,10
11/30/1947,5,193.835341,2155.5137,SummerFall_Hist,1947,11
12/31/1947,5,192.7992235,2214.4834,SummerFall_Hist,1947,12
1/31/1948,5,225.1712905,1619.5758,SummerFall_Hist,1948,1
2/29/1948,5,144.363901,1180.4794,SummerFall_Hist,1948,2
3/31/1948,5,90.76208995,631.0156,SummerFall_Hist,1948,3
4/30/1948,5,52.83043105,375.48065,SummerFall_Hist,1948,4
5/31/1948,3,31.58164045,244.42426,SummerFall_Hist,1948,5
6/30/1948,3,26.762718,222.09323,SummerFall_Hist,1948,6
7/31/1948,3,22.0184535,242.94762,SummerFall_Hist,1948,7
8/31/1948,3,31.9701154,757.1334,SummerFall_Hist,1948,8
9/30/1948,3,100.092648,1271.1831,SummerFall_Hist,1948,9
10/31/1948,3,151.6275535,1677.1421,SummerFall_Hist,1948,10
11/30/1948,3,165.680305,1715.2513,SummerFall_Hist,1948,11
12/31/1948,3,169.8758185,1762.2102,SummerFall_Hist,1948,12
1/31/1949,3,202.55448,1383.5115,SummerFall_Hist,1949,1
2/28/1949,5,148.152292,1176.8949,SummerFall_Hist,1949,2
3/31/1949,5,131.438581,700.0102,SummerFall_Hist,1949,3
4/30/1949,4,44.591956,266.18848,SummerFall_Hist,1949,4
5/31/1949,4,26.961639,241.88414,SummerFall_Hist,1949,5
6/30/1949,4,27.580902,273.33008,SummerFall_Hist,1949,6
7/31/1949,4,25.4067495,401.08438,SummerFall_Hist,1949,7
8/31/1949,4,34.8869308,633.728,SummerFall_Hist,1949,8
9/30/1949,4,65.5900093,1001.1173,SummerFall_Hist,1949,9
10/31/1949,4,132.9350191,1877.2742,SummerFall_Hist,1949,10
11/30/1949,4,179.339899,1824.0728,SummerFall_Hist,1949,11
12/31/1949,4,172.2847098,1802.3992,SummerFall_Hist,1949,12
1/31/1950,4,197.786638,1727.545,SummerFall_Hist,1950,1
2/28/1950,4,118.197196,647.9462,SummerFall_Hist,1950,2
3/31/1950,4,39.531325,258.19232,SummerFall_Hist,1950,3
4/30/1950,4,26.974146,242.73715,SummerFall_Hist,1950,4
5/31/1950,4,28.07547,244.6347,SummerFall_Hist,1950,5
6/30/1950,4,26.1994965,259.85406,SummerFall_Hist,1950,6
7/31/1950,4,25.4654235,333.51596,SummerFall_Hist,1950,7
8/31/1950,4,49.4370985,957.17944,SummerFall_Hist,1950,8
9/30/1950,4,112.3612339,1440.3401,SummerFall_Hist,1950,9
10/31/1950,4,142.7844453,1765.6764,SummerFall_Hist,1950,10
11/30/1950,4,159.865792,1716.6321,SummerFall_Hist,1950,11
12/31/1950,4,54.05362255,509.1873,SummerFall_Hist,1950,12
1/31/1951,4,28.1462355,187.28854,SummerFall_Hist,1951,1
2/28/1951,1,24.78438,193.01736,SummerFall_Hist,1951,2
3/31/1951,1,25.144482,199.59117,SummerFall_Hist,1951,3
4/30/1951,1,23.862486,222.03561,SummerFall_Hist,1951,4
5/31/1951,1,26.869908,242.42058,SummerFall_Hist,1951,5
6/30/1951,1,28.0401075,266.1864,SummerFall_Hist,1951,6
7/31/1951,1,27.9480975,225.8693,SummerFall_Hist,1951,7
8/31/1951,1,21.387732,299.62607,SummerFall_Hist,1951,8
9/30/1951,1,42.48120325,712.21204,SummerFall_Hist,1951,9
10/31/1951,1,37.7767909,444.4068,SummerFall_Hist,1951,10
11/30/1951,1,20.13429,282.32495,SummerFall_Hist,1951,11
12/31/1951,1,40.46425255,844.5971,SummerFall_Hist,1951,12
1/31/1952,1,91.2685378,469.41595,SummerFall_Hist,1952,1
2/29/1952,1,37.65963595,223.68904,SummerFall_Hist,1952,2
3/31/1952,1,28.5097095,232.45583,SummerFall_Hist,1952,3
4/30/1952,1,32.1234055,214.44246,SummerFall_Hist,1952,4
5/31/1952,1,25.7941335,202.74197,SummerFall_Hist,1952,5
6/30/1952,1,18.5829045,178.90965,SummerFall_Hist,1952,6
7/31/1952,1,16.8582915,175.86775,SummerFall_Hist,1952,7
8/31/1952,1,21.517131,261.75046,SummerFall_Hist,1952,8
9/30/1952,1,29.6054805,514.42725,SummerFall_Hist,1952,9
10/31/1952,1,30.028647,471.3849,SummerFall_Hist,1952,10
11/30/1952,1,23.385333,271.9411,SummerFall_Hist,1952,11
12/31/1952,1,36.18099895,766.1301,SummerFall_Hist,1952,12
1/31/1953,1,68.4307297,449.49225,SummerFall_Hist,1953,1
2/28/1953,1,24.8648325,212.77396,SummerFall_Hist,1953,2
3/31/1953,2,24.0705615,224.1306,SummerFall_Hist,1953,3
4/30/1953,2,27.835437,242.45416,SummerFall_Hist,1953,4
5/31/1953,2,29.979117,239.71918,SummerFall_Hist,1953,5
6/30/1953,2,27.373665,222.44124,SummerFall_Hist,1953,6
7/31/1953,2,23.4788085,211.21786,SummerFall_Hist,1953,7
8/31/1953,2,21.8623125,372.5192,SummerFall_Hist,1953,8
9/30/1953,2,52.6916104,818.9639,SummerFall_Hist,1953,9
10/31/1953,2,47.04023995,696.2933,SummerFall_Hist,1953,10
11/30/1953,2,26.409174,304.82428,SummerFall_Hist,1953,11
12/31/1953,2,39.42004675,825.2048,SummerFall_Hist,1953,12
1/31/1954,2,177.8912155,1740.1735,SummerFall_Hist,1954,1
2/28/1954,3,143.715868,829.5872,SummerFall_Hist,1954,2
3/31/1954,3,29.319402,247.2572,SummerFall_Hist,1954,3
4/30/1954,2,24.247776,240.14409,SummerFall_Hist,1954,4
5/31/1954,2,27.791226,229.70999,SummerFall_Hist,1954,5
6/30/1954,2,26.347602,232.18542,SummerFall_Hist,1954,6
7/31/1954,2,23.17173,238.08243,SummerFall_Hist,1954,7
8/31/1954,2,21.9179445,401.32635,SummerFall_Hist,1954,8
9/30/1954,2,55.6468153,860.3622,SummerFall_Hist,1954,9
10/31/1954,2,48.07125025,484.18274,SummerFall_Hist,1954,10
11/30/1954,2,22.872951,261.4168,SummerFall_Hist,1954,11
12/31/1954,2,38.7534004,813.40796,SummerFall_Hist,1954,12
1/31/1955,2,120.4461766,748.45667,SummerFall_Hist,1955,1
2/28/1955,3,36.1044166,309.98608,SummerFall_Hist,1955,2
3/31/1955,4,32.0097589,269.46866,SummerFall_Hist,1955,3
4/30/1955,4,32.0890915,295.73605,SummerFall_Hist,1955,4
5/31/1955,4,46.0634965,296.67752,SummerFall_Hist,1955,5
6/30/1955,4,39.9371992,308.8108,SummerFall_Hist,1955,6
7/31/1955,4,32.21241955,374.37744,SummerFall_Hist,1955,7
8/31/1955,4,33.3268066,639.3286,SummerFall_Hist,1955,8
9/30/1955,4,70.4936395,1071.5118,SummerFall_Hist,1955,9
10/31/1955,4,137.5100215,1809.556,SummerFall_Hist,1955,10
11/30/1955,4,184.985521,1833.2495,SummerFall_Hist,1955,11
12/31/1955,4,169.5599701,1783.1575,SummerFall_Hist,1955,12
1/31/1956,4,82.2937168,441.6619,SummerFall_Hist,1956,1
2/29/1956,1,26.81382,190.6241,SummerFall_Hist,1956,2
3/31/1956,1,25.4671305,182.92789,SummerFall_Hist,1956,3
4/30/1956,1,19.9395405,202.56181,SummerFall_Hist,1956,4
5/31/1956,1,22.407603,233.1765,SummerFall_Hist,1956,5
6/30/1956,1,22.981167,232.11438,SummerFall_Hist,1956,6
7/31/1956,1,21.3915045,183.02403,SummerFall_Hist,1956,7
8/31/1956,1,21.318705,269.3643,SummerFall_Hist,1956,8
9/30/1956,1,28.0440405,493.97348,SummerFall_Hist,1956,9
10/31/1956,1,26.938905,458.24677,SummerFall_Hist,1956,10
11/30/1956,1,21.930198,260.13013,SummerFall_Hist,1956,11
12/31/1956,1,41.6797462,876.47864,SummerFall_Hist,1956,12
1/31/1957,1,207.078721,1746.6943,SummerFall_Hist,1957,1
2/28/1957,3,161.621962,1354.8195,SummerFall_Hist,1957,2
3/31/1957,3,98.372653,538.57825,SummerFall_Hist,1957,3
4/30/1957,3,42.7902601,249.4073,SummerFall_Hist,1957,4
5/31/1957,3,30.92762245,240.68544,SummerFall_Hist,1957,5
6/30/1957,3,28.755963,242.72977,SummerFall_Hist,1957,6
7/31/1957,3,24.595095,277.99155,SummerFall_Hist,1957,7
8/31/1957,3,39.1328665,768.9851,SummerFall_Hist,1957,8
9/30/1957,3,79.0665535,1065.5345,SummerFall_Hist,1957,9
10/31/1957,3,132.5331406,1662.1238,SummerFall_Hist,1957,10
11/30/1957,3,202.4133565,1768.8064,SummerFall_Hist,1957,11
12/31/1957,3,179.294034,1402.2477,SummerFall_Hist,1957,12
1/31/1958,3,171.4787155,927.82135,SummerFall_Hist,1958,1
2/28/1958,2,36.8383828,263.43936,SummerFall_Hist,1958,2
3/31/1958,1,33.54192175,237.59793,SummerFall_Hist,1958,3
4/30/1958,1,35.2109986,209.22112,SummerFall_Hist,1958,4
5/31/1958,1,40.34906125,191.10205,SummerFall_Hist,1958,5
6/30/1958,1,22.0681155,179.62569,SummerFall_Hist,1958,6
7/31/1958,1,20.0012805,175.3394,SummerFall_Hist,1958,7
8/31/1958,1,21.937665,286.38977,SummerFall_Hist,1958,8
9/30/1958,1,26.2853325,457.7197,SummerFall_Hist,1958,9
10/31/1958,1,28.3556445,464.7144,SummerFall_Hist,1958,10
11/30/1958,1,22.602912,308.30237,SummerFall_Hist,1958,11
12/31/1958,1,46.39907545,923.38245,SummerFall_Hist,1958,12
1/31/1959,1,214.0855885,1774.2522,SummerFall_Hist,1959,1
2/28/1959,3,142.5380485,865.85455,SummerFall_Hist,1959,2
3/31/1959,3,42.571363,252.4902,SummerFall_Hist,1959,3
4/30/1959,3,30.019194,238.33879,SummerFall_Hist,1959,4
5/31/1959,3,29.162229,255.17412,SummerFall_Hist,1959,5
6/30/1959,3,28.1752995,323.23254,SummerFall_Hist,1959,6
7/31/1959,3,29.486934,411.5897,SummerFall_Hist,1959,7
8/31/1959,3,43.0085701,748.3002,SummerFall_Hist,1959,8
9/30/1959,3,76.06013125,1107.7952,SummerFall_Hist,1959,9
10/31/1959,3,133.2691759,1665.6896,SummerFall_Hist,1959,10
11/30/1959,3,126.4953301,1169.3411,SummerFall_Hist,1959,11
12/31/1959,3,131.0041555,1522.1958,SummerFall_Hist,1959,12
1/31/1960,3,189.2775213,1725.869,SummerFall_Hist,1960,1
2/29/1960,5,171.797089,1326.2969,SummerFall_Hist,1960,2
3/31/1960,4,94.3691155,472.05878,SummerFall_Hist,1960,3
4/30/1960,4,34.50419575,244.22565,SummerFall_Hist,1960,4
5/31/1960,4,28.3003605,247.04288,SummerFall_Hist,1960,5
6/30/1960,4,28.490025,298.06876,SummerFall_Hist,1960,6
7/31/1960,4,30.1027545,496.0082,SummerFall_Hist,1960,7
8/31/1960,4,88.5919831,1478.3252,SummerFall_Hist,1960,8
9/30/1960,4,149.6591811,1615.6931,SummerFall_Hist,1960,9
10/31/1960,4,160.1581735,1785.9791,SummerFall_Hist,1960,10
11/30/1960,4,164.904763,1690.067,SummerFall_Hist,1960,11
12/31/1960,4,164.8567234,1700.4446,SummerFall_Hist,1960,12
1/31/1961,4,172.3806436,1245.8156,SummerFall_Hist,1961,1
2/28/1961,4,91.6031563,805.8725,SummerFall_Hist,1961,2
3/31/1961,4,58.15656805,447.6137,SummerFall_Hist,1961,3
4/30/1961,4,28.290105,244.04507,SummerFall_Hist,1961,4
5/31/1961,4,28.671,260.96262,SummerFall_Hist,1961,5
6/30/1961,4,31.07076655,318.76114,SummerFall_Hist,1961,6
7/31/1961,4,29.937492,440.38483,SummerFall_Hist,1961,7
8/31/1961,4,51.73592845,854.0587,SummerFall_Hist,1961,8
9/30/1961,4,88.86506725,1204.764,SummerFall_Hist,1961,9
10/31/1961,4,144.6081546,1864.3165,SummerFall_Hist,1961,10
11/30/1961,4,196.0093495,1802.387,SummerFall_Hist,1961,11
12/31/1961,4,179.842582,1784.9818,SummerFall_Hist,1961,12
1/31/1962,4,195.583702,1328.6311,SummerFall_Hist,1962,1
2/28/1962,4,106.0058223,994.1374,SummerFall_Hist,1962,2
3/31/1962,3,94.03345675,446.41412,SummerFall_Hist,1962,3
4/30/1962,3,44.49640975,241.56683,SummerFall_Hist,1962,4
5/31/1962,3,28.97733,242.62822,SummerFall_Hist,1962,5
6/30/1962,3,26.50797,272.6005,SummerFall_Hist,1962,6
7/31/1962,3,27.136185,368.265,SummerFall_Hist,1962,7
8/31/1962,3,40.9948171,771.4263,SummerFall_Hist,1962,8
9/30/1962,3,89.76563305,1297.2554,SummerFall_Hist,1962,9
10/31/1962,3,170.077798,1731.1431,SummerFall_Hist,1962,10
11/30/1962,3,90.1209967,738.2765,SummerFall_Hist,1962,11
12/31/1962,3,18.9078825,388.54556,SummerFall_Hist,1962,12
1/31/1963,3,41.5956769,470.62924,SummerFall_Hist,1963,1
2/28/1963,2,24.3883875,270.4392,SummerFall_Hist,1963,2
3/31/1963,3,29.4508575,256.05942,SummerFall_Hist,1963,3
4/30/1963,2,27.66363,239.7027,SummerFall_Hist,1963,4
5/31/1963,1,28.20099,219.72942,SummerFall_Hist,1963,5
6/30/1963,1,25.6237725,214.31503,SummerFall_Hist,1963,6
7/31/1963,1,21.737133,216.2188,SummerFall_Hist,1963,7
8/31/1963,1,21.150675,312.13934,SummerFall_Hist,1963,8
9/30/1963,1,39.35971225,636.8445,SummerFall_Hist,1963,9
10/31/1963,1,38.6450377,529.08356,SummerFall_Hist,1963,10
11/30/1963,1,23.747775,284.8046,SummerFall_Hist,1963,11
12/31/1963,1,26.3948295,411.62488,SummerFall_Hist,1963,12
1/31/1964,1,83.4006625,831.80066,SummerFall_Hist,1964,1
2/29/1964,3,119.6076325,793.0545,SummerFall_Hist,1964,2
3/31/1964,3,39.2709262,308.90033,SummerFall_Hist,1964,3
4/30/1964,4,34.89637,325.67447,SummerFall_Hist,1964,4
5/31/1964,4,39.2425345,326.8976,SummerFall_Hist,1964,5
6/30/1964,4,37.1856724,323.37454,SummerFall_Hist,1964,6
7/31/1964,4,31.7839192,385.5734,SummerFall_Hist,1964,7
8/31/1964,4,59.4507445,1117.4617,SummerFall_Hist,1964,8
9/30/1964,4,128.734216,1576.3438,SummerFall_Hist,1964,9
10/31/1964,4,152.3081905,1794.1973,SummerFall_Hist,1964,10
11/30/1964,4,167.5426546,1722.5876,SummerFall_Hist,1964,11
12/31/1964,4,169.3252954,1703.8625,SummerFall_Hist,1964,12
1/31/1965,4,63.2523709,361.47363,SummerFall_Hist,1965,1
2/28/1965,1,21.58497,203.7867,SummerFall_Hist,1965,2
3/31/1965,1,25.9703685,216.76244,SummerFall_Hist,1965,3
4/30/1965,1,28.23225,223.92433,SummerFall_Hist,1965,4
5/31/1965,1,27.8510145,220.43622,SummerFall_Hist,1965,5
6/30/1965,1,23.140356,215.44151,SummerFall_Hist,1965,6
7/31/1965,1,23.138655,219.5189,SummerFall_Hist,1965,7
8/31/1965,1,21.6519675,315.11206,SummerFall_Hist,1965,8
9/30/1965,1,41.21730805,649.6375,SummerFall_Hist,1965,9
10/31/1965,1,34.2201106,444.8729,SummerFall_Hist,1965,10
11/30/1965,1,21.007059,286.34927,SummerFall_Hist,1965,11
12/31/1965,1,25.2897945,359.1531,SummerFall_Hist,1965,12
1/31/1966,1,64.92959875,694.2418,SummerFall_Hist,1966,1
2/28/1966,2,72.62246695,552.5344,SummerFall_Hist,1966,2
3/31/1966,3,30.61799275,240.66808,SummerFall_Hist,1966,3
4/30/1966,3,28.551864,234.03343,SummerFall_Hist,1966,4
5/31/1966,3,28.975269,249.46205,SummerFall_Hist,1966,5
6/30/1966,3,28.7454525,303.51608,SummerFall_Hist,1966,6
7/31/1966,3,28.796709,424.23892,SummerFall_Hist,1966,7
8/31/1966,3,36.43108645,701.42737,SummerFall_Hist,1966,8
9/30/1966,3,77.6941645,1269.9948,SummerFall_Hist,1966,9
10/31/1966,3,147.7849726,1720.6635,SummerFall_Hist,1966,10
11/30/1966,3,178.6635513,1715.6238,SummerFall_Hist,1966,11
12/31/1966,3,159.1986355,1723.8893,SummerFall_Hist,1966,12
1/31/1967,3,94.1736283,510.65613,SummerFall_Hist,1967,1
2/28/1967,2,29.82069,218.36958,SummerFall_Hist,1967,2
3/31/1967,2,27.315129,234.27559,SummerFall_Hist,1967,3
4/30/1967,2,30.349879,229.30255,SummerFall_Hist,1967,4
5/31/1967,1,27.488319,216.0225,SummerFall_Hist,1967,5
6/30/1967,1,20.3556375,199.0176,SummerFall_Hist,1967,6
7/31/1967,1,17.288646,176.53065,SummerFall_Hist,1967,7
8/31/1967,1,20.447865,237.66197,SummerFall_Hist,1967,8
9/30/1967,1,29.857455,510.4622,SummerFall_Hist,1967,9
10/31/1967,1,29.8615905,428.945,SummerFall_Hist,1967,10
11/30/1967,1,21.7755405,307.35968,SummerFall_Hist,1967,11
12/31/1967,1,40.81224895,931.19916,SummerFall_Hist,1967,12
1/31/1968,1,217.4323863,1736.0544,SummerFall_Hist,1968,1
2/29/1968,3,155.7610225,826.2305,SummerFall_Hist,1968,2
3/31/1968,3,35.70307675,241.82217,SummerFall_Hist,1968,3
4/30/1968,3,26.422884,238.26176,SummerFall_Hist,1968,4
5/31/1968,3,28.3403505,245.28326,SummerFall_Hist,1968,5
6/30/1968,3,28.65282,296.25406,SummerFall_Hist,1968,6
7/31/1968,3,27.6229845,452.7531,SummerFall_Hist,1968,7
8/31/1968,3,37.8915547,747.49133,SummerFall_Hist,1968,8
9/30/1968,3,71.379562,1094.7765,SummerFall_Hist,1968,9
10/31/1968,3,122.3888905,1561.9104,SummerFall_Hist,1968,10
11/30/1968,3,154.131022,1721.2201,SummerFall_Hist,1968,11
12/31/1968,3,170.1642214,1728.0985,SummerFall_Hist,1968,12
1/31/1969,3,145.6162651,873.26013,SummerFall_Hist,1969,1
2/28/1969,1,38.76154,247.6091,SummerFall_Hist,1969,2
3/31/1969,1,16.93089,187.77267,SummerFall_Hist,1969,3
4/30/1969,1,18.0748215,183.12646,SummerFall_Hist,1969,4
5/31/1969,1,16.9764705,177.69492,SummerFall_Hist,1969,5
6/30/1969,1,14.0262015,179.1878,SummerFall_Hist,1969,6
7/31/1969,1,18.8385435,207.0285,SummerFall_Hist,1969,7
8/31/1969,1,24.584958,260.58868,SummerFall_Hist,1969,8
9/30/1969,1,24.971283,440.86896,SummerFall_Hist,1969,9
10/31/1969,1,25.932042,348.8839,SummerFall_Hist,1969,10
11/30/1969,1,21.716499,312.20477,SummerFall_Hist,1969,11
12/31/1969,1,45.05711875,909.3926,SummerFall_Hist,1969,12
1/31/1970,1,62.2958539,424.9276,SummerFall_Hist,1970,1
2/28/1970,1,22.4072655,197.50485,SummerFall_Hist,1970,2
3/31/1970,1,17.014632,186.16167,SummerFall_Hist,1970,3
4/30/1970,1,21.2147115,196.47992,SummerFall_Hist,1970,4
5/31/1970,1,24.163932,231.45966,SummerFall_Hist,1970,5
6/30/1970,1,26.4238995,272.5586,SummerFall_Hist,1970,6
7/31/1970,1,26.638092,237.10284,SummerFall_Hist,1970,7
8/31/1970,1,21.8969655,325.95917,SummerFall_Hist,1970,8
9/30/1970,1,50.2289197,718.62476,SummerFall_Hist,1970,9
10/31/1970,1,40.183633,441.78665,SummerFall_Hist,1970,10
11/30/1970,1,21.5634795,259.8767,SummerFall_Hist,1970,11
12/31/1970,1,23.773854,350.0817,SummerFall_Hist,1970,12
1/31/1971,1,28.872318,251.0638,SummerFall_Hist,1971,1
2/28/1971,1,21.287415,213.33377,SummerFall_Hist,1971,2
3/31/1971,1,22.1851095,231.81909,SummerFall_Hist,1971,3
4/30/1971,1,23.101695,236.32375,SummerFall_Hist,1971,4
5/31/1971,1,25.3566945,232.174,SummerFall_Hist,1971,5
6/30/1971,1,26.0858235,231.95139,SummerFall_Hist,1971,6
7/31/1971,1,22.852737,214.4973,SummerFall_Hist,1971,7
8/31/1971,1,21.0297795,314.4075,SummerFall_Hist,1971,8
9/30/1971,1,45.4591882,728.3705,SummerFall_Hist,1971,9
10/31/1971,1,44.30308,576.69855,SummerFall_Hist,1971,10
11/30/1971,1,23.9515395,261.5932,SummerFall_Hist,1971,11
12/31/1971,1,27.397875,723.90607,SummerFall_Hist,1971,12
1/31/1972,1,97.3147159,751.0607,SummerFall_Hist,1972,1
2/29/1972,3,36.35193055,408.68228,SummerFall_Hist,1972,2
3/31/1972,3,33.15387145,313.2503,SummerFall_Hist,1972,3
4/30/1972,3,26.573223,239.11267,SummerFall_Hist,1972,4
5/31/1972,3,26.5427805,239.93631,SummerFall_Hist,1972,5
6/30/1972,3,28.4500125,308.392,SummerFall_Hist,1972,6
7/31/1972,3,29.299416,472.95312,SummerFall_Hist,1972,7
8/31/1972,3,34.90055095,756.9489,SummerFall_Hist,1972,8
9/30/1972,3,54.0553525,750.48157,SummerFall_Hist,1972,9
10/31/1972,3,99.1311805,1516.5774,SummerFall_Hist,1972,10
11/30/1972,3,157.5863193,1699.6749,SummerFall_Hist,1972,11
12/31/1972,3,126.4132786,1264.4785,SummerFall_Hist,1972,12
1/31/1973,3,63.547705,483.49313,SummerFall_Hist,1973,1
2/28/1973,2,32.0310598,243.13268,SummerFall_Hist,1973,2
3/31/1973,2,24.2973525,239.60152,SummerFall_Hist,1973,3
4/30/1973,2,31.8390439,231.11774,SummerFall_Hist,1973,4
5/31/1973,2,29.119281,232.28685,SummerFall_Hist,1973,5
6/30/1973,2,27.382494,252.45744,SummerFall_Hist,1973,6
7/31/1973,2,24.4789335,236.4592,SummerFall_Hist,1973,7
8/31/1973,2,22.667802,373.166,SummerFall_Hist,1973,8
9/30/1973,2,48.4608595,765.3067,SummerFall_Hist,1973,9
10/31/1973,2,43.3235065,430.20096,SummerFall_Hist,1973,10
11/30/1973,2,22.739445,311.17078,SummerFall_Hist,1973,11
12/31/1973,2,20.0844975,245.13518,SummerFall_Hist,1973,12
1/31/1974,2,24.352485,189.38943,SummerFall_Hist,1974,1
2/28/1974,1,22.114476,199.64218,SummerFall_Hist,1974,2
3/31/1974,1,21.861345,202.7402,SummerFall_Hist,1974,3
4/30/1974,1,25.153038,200.85756,SummerFall_Hist,1974,4
5/31/1974,1,22.2466965,186.898,SummerFall_Hist,1974,5
6/30/1974,1,20.701635,202.97527,SummerFall_Hist,1974,6
7/31/1974,1,20.9620635,214.12352,SummerFall_Hist,1974,7
8/31/1974,1,20.4530595,316.286,SummerFall_Hist,1974,8
9/30/1974,1,44.82886225,685.60065,SummerFall_Hist,1974,9
10/31/1974,1,43.85847145,554.90515,SummerFall_Hist,1974,10
11/30/1974,1,23.0952825,286.35156,SummerFall_Hist,1974,11
12/31/1974,1,41.9173792,891.3401,SummerFall_Hist,1974,12
1/31/1975,1,217.148988,1585.8328,SummerFall_Hist,1975,1
2/28/1975,3,191.0021674,1598.6283,SummerFall_Hist,1975,2
3/31/1975,3,102.2426196,551.75397,SummerFall_Hist,1975,3
4/30/1975,2,31.5458074,230.81067,SummerFall_Hist,1975,4
5/31/1975,2,25.8276165,216.27899,SummerFall_Hist,1975,5
6/30/1975,2,23.824686,216.99014,SummerFall_Hist,1975,6
7/31/1975,2,21.973398,212.22195,SummerFall_Hist,1975,7
8/31/1975,2,20.925384,340.40552,SummerFall_Hist,1975,8
9/30/1975,2,42.19646545,751.914,SummerFall_Hist,1975,9
10/31/1975,2,47.9954944,626.5719,SummerFall_Hist,1975,10
11/30/1975,2,27.8586,418.3743,SummerFall_Hist,1975,11
12/31/1975,2,71.3266432,1046.5803,SummerFall_Hist,1975,12
1/31/1976,2,214.690615,1605.941,SummerFall_Hist,1976,1
2/29/1976,4,213.5240245,1812.4562,SummerFall_Hist,1976,2
3/31/1976,4,205.9934125,1561.8152,SummerFall_Hist,1976,3
4/30/1976,5,133.5303385,730.5484,SummerFall_Hist,1976,4
5/31/1976,5,75.19692325,497.04086,SummerFall_Hist,1976,5
6/30/1976,5,70.63638175,764.7477,SummerFall_Hist,1976,6
7/31/1976,5,120.0256876,1520.5532,SummerFall_Hist,1976,7
8/31/1976,5,142.0716745,1747.3495,SummerFall_Hist,1976,8
9/30/1976,5,120.318451,1488.4614,SummerFall_Hist,1976,9
10/31/1976,5,160.165156,2072.5334,SummerFall_Hist,1976,10
11/30/1976,5,219.8654284,2037.117,SummerFall_Hist,1976,11
12/31/1976,5,219.77929,2159.65,SummerFall_Hist,1976,12
1/31/1977,5,227.3890009,1467.5142,SummerFall_Hist,1977,1
2/28/1977,5,161.8368948,1758.888,SummerFall_Hist,1977,2
3/31/1977,5,232.4952034,1429.8474,SummerFall_Hist,1977,3
4/30/1977,5,159.8552043,946.9525,SummerFall_Hist,1977,4
5/31/1977,5,108.6759588,1029.97,SummerFall_Hist,1977,5
6/30/1977,5,128.7164491,1168.3107,SummerFall_Hist,1977,6
7/31/1977,5,156.0028849,1358.5121,SummerFall_Hist,1977,7
8/31/1977,5,157.1181355,1637.9492,SummerFall_Hist,1977,8
9/30/1977,5,166.9074751,1668.8053,SummerFall_Hist,1977,9
10/31/1977,5,190.229863,1712.7542,SummerFall_Hist,1977,10
11/30/1977,5,210.549622,2007.7059,SummerFall_Hist,1977,11
12/31/1977,5,226.352131,1980.0817,SummerFall_Hist,1977,12
1/31/1978,5,221.178469,1494.0579,SummerFall_Hist,1978,1
2/28/1978,3,74.794831,378.5204,SummerFall_Hist,1978,2
3/31/1978,3,38.8535095,232.85371,SummerFall_Hist,1978,3
4/30/1978,2,38.0989891,228.57063,SummerFall_Hist,1978,4
5/31/1978,2,27.4694775,214.16788,SummerFall_Hist,1978,5
6/30/1978,2,22.2067515,218.12164,SummerFall_Hist,1978,6
7/31/1978,2,22.364835,215.513,SummerFall_Hist,1978,7
8/31/1978,2,21.7418295,322.15952,SummerFall_Hist,1978,8
9/30/1978,2,39.53161855,725.7769,SummerFall_Hist,1978,9
10/31/1978,2,44.66079205,472.0331,SummerFall_Hist,1978,10
11/30/1978,2,23.036133,277.44376,SummerFall_Hist,1978,11
12/31/1978,2,46.1369923,787.7383,SummerFall_Hist,1978,12
1/31/1979,2,163.5658729,1539.4373,SummerFall_Hist,1979,1
2/28/1979,4,150.2160055,912.16364,SummerFall_Hist,1979,2
3/31/1979,4,52.2099604,265.9846,SummerFall_Hist,1979,3
4/30/1979,4,37.4691847,233.01535,SummerFall_Hist,1979,4
5/31/1979,4,29.9789205,235.07114,SummerFall_Hist,1979,5
6/30/1979,4,27.36219,255.36798,SummerFall_Hist,1979,6
7/31/1979,4,25.861695,279.29193,SummerFall_Hist,1979,7
8/31/1979,4,41.79759655,920.04626,SummerFall_Hist,1979,8
9/30/1979,4,103.9443745,1231.794,SummerFall_Hist,1979,9
10/31/1979,4,133.654456,1781.1531,SummerFall_Hist,1979,10
11/30/1979,4,173.3523825,1717.8528,SummerFall_Hist,1979,11
12/31/1979,4,161.5672135,1767.1013,SummerFall_Hist,1979,12
1/31/1980,4,167.9100709,1040.9202,SummerFall_Hist,1980,1
2/29/1980,2,41.2530556,250.46474,SummerFall_Hist,1980,2
3/31/1980,1,17.3806845,196.6641,SummerFall_Hist,1980,3
4/30/1980,1,22.1180505,195.00456,SummerFall_Hist,1980,4
5/31/1980,2,23.99124,205.88403,SummerFall_Hist,1980,5
6/30/1980,2,23.9215185,246.82285,SummerFall_Hist,1980,6
7/31/1980,2,25.117155,233.56314,SummerFall_Hist,1980,7
8/31/1980,2,24.6331965,283.41678,SummerFall_Hist,1980,8
9/30/1980,2,30.737251,633.2486,SummerFall_Hist,1980,9
10/31/1980,2,29.58159,406.94916,SummerFall_Hist,1980,10
11/30/1980,2,21.7768185,274.76508,SummerFall_Hist,1980,11
12/31/1980,2,46.46008825,842.50354,SummerFall_Hist,1980,12
1/31/1981,2,218.3711335,1591.4224,SummerFall_Hist,1981,1
2/28/1981,3,139.2795381,836.57495,SummerFall_Hist,1981,2
3/31/1981,4,42.4355149,271.80582,SummerFall_Hist,1981,3
4/30/1981,4,28.20276,244.53096,SummerFall_Hist,1981,4
5/31/1981,4,27.957711,249.81654,SummerFall_Hist,1981,5
6/30/1981,4,28.446441,310.85858,SummerFall_Hist,1981,6
7/31/1981,4,29.97927,446.55264,SummerFall_Hist,1981,7
8/31/1981,4,61.3890865,1096.2574,SummerFall_Hist,1981,8
9/30/1981,4,110.678383,1418.4427,SummerFall_Hist,1981,9
10/31/1981,4,140.88901,1813.4761,SummerFall_Hist,1981,10
11/30/1981,4,177.0823941,1759.9552,SummerFall_Hist,1981,11
12/31/1981,4,100.1928055,810.2227,SummerFall_Hist,1981,12
1/31/1982,4,24.2425305,202.421,SummerFall_Hist,1982,1
2/28/1982,1,25.898343,203.06845,SummerFall_Hist,1982,2
3/31/1982,1,24.5797365,197.50578,SummerFall_Hist,1982,3
4/30/1982,1,24.028026,178.85982,SummerFall_Hist,1982,4
5/31/1982,1,17.239062,174.44131,SummerFall_Hist,1982,5
6/30/1982,1,15.0337845,180.38971,SummerFall_Hist,1982,6
7/31/1982,1,18.3839445,191.38203,SummerFall_Hist,1982,7
8/31/1982,1,22.6125555,285.40067,SummerFall_Hist,1982,8
9/30/1982,1,25.9731105,456.9841,SummerFall_Hist,1982,9
10/31/1982,1,30.03804,572.3704,SummerFall_Hist,1982,10
11/30/1982,1,25.4976135,278.49472,SummerFall_Hist,1982,11
12/31/1982,1,24.4112505,200.38397,SummerFall_Hist,1982,12
1/31/1983,1,21.740454,173.65804,SummerFall_Hist,1983,1
2/28/1983,1,15.4479945,179.59683,SummerFall_Hist,1983,2
3/31/1983,1,8.0173185,191.05888,SummerFall_Hist,1983,3
4/30/1983,1,6.766566,190.1992,SummerFall_Hist,1983,4
5/31/1983,1,3.320124,172.99693,SummerFall_Hist,1983,5
6/30/1983,1,6.8306991,168.87758,SummerFall_Hist,1983,6
7/31/1983,1,17.421645,181.69238,SummerFall_Hist,1983,7
8/31/1983,1,24.1513245,217.74892,SummerFall_Hist,1983,8
9/30/1983,1,23.051514,327.19595,SummerFall_Hist,1983,9
10/31/1983,1,22.051233,398.8074,SummerFall_Hist,1983,10
11/30/1983,1,21.9410085,313.15982,SummerFall_Hist,1983,11
12/31/1983,1,23.7565455,215.47043,SummerFall_Hist,1983,12
1/31/1984,1,12.0892935,198.80394,SummerFall_Hist,1984,1
2/29/1984,1,16.1887005,175.34633,SummerFall_Hist,1984,2
3/31/1984,1,18.378516,195.6692,SummerFall_Hist,1984,3
4/30/1984,1,22.795821,214.52666,SummerFall_Hist,1984,4
5/31/1984,1,24.746997,236.52565,SummerFall_Hist,1984,5
6/30/1984,1,24.8624685,264.86917,SummerFall_Hist,1984,6
7/31/1984,1,24.606342,229.02847,SummerFall_Hist,1984,7
8/31/1984,1,20.838087,318.24762,SummerFall_Hist,1984,8
9/30/1984,1,43.68036355,651.89923,SummerFall_Hist,1984,9
10/31/1984,1,35.08661605,414.7448,SummerFall_Hist,1984,10
11/30/1984,1,21.74043,295.7571,SummerFall_Hist,1984,11
12/31/1984,1,24.8567535,364.61166,SummerFall_Hist,1984,12
1/31/1985,1,26.27988,268.25394,SummerFall_Hist,1985,1
2/28/1985,3,26.1142365,329.16312,SummerFall_Hist,1985,2
3/31/1985,3,33.03361,438.8895,SummerFall_Hist,1985,3
4/30/1985,3,37.83301,308.28305,SummerFall_Hist,1985,4
5/31/1985,4,40.523239,287.24728,SummerFall_Hist,1985,5
6/30/1985,4,37.0404934,335.1173,SummerFall_Hist,1985,6
7/31/1985,4,30.6804505,407.50342,SummerFall_Hist,1985,7
8/31/1985,4,77.4638047,1394.8618,SummerFall_Hist,1985,8
9/30/1985,4,138.7583671,1596.2952,SummerFall_Hist,1985,9
10/31/1985,4,140.3593518,1726.5614,SummerFall_Hist,1985,10
11/30/1985,4,156.229705,1715.7058,SummerFall_Hist,1985,11
12/31/1985,4,168.2197405,1726.7972,SummerFall_Hist,1985,12
1/31/1986,4,220.393807,1691.274,SummerFall_Hist,1986,1
2/28/1986,4,116.529718,629.7378,SummerFall_Hist,1986,2
3/31/1986,1,38.96161855,237.04875,SummerFall_Hist,1986,3
4/30/1986,1,14.51055,187.5883,SummerFall_Hist,1986,4
5/31/1986,1,18.24888,179.30438,SummerFall_Hist,1986,5
6/30/1986,1,22.7569935,210.06339,SummerFall_Hist,1986,6
7/31/1986,1,24.198036,226.56967,SummerFall_Hist,1986,7
8/31/1986,1,20.196273,297.89706,SummerFall_Hist,1986,8
9/30/1986,1,29.127456,525.8762,SummerFall_Hist,1986,9
10/31/1986,1,28.2391155,412.02225,SummerFall_Hist,1986,10
11/30/1986,1,22.030149,265.4306,SummerFall_Hist,1986,11
12/31/1986,1,40.1914192,857.2348,SummerFall_Hist,1986,12
1/31/1987,1,205.588912,1648.2203,SummerFall_Hist,1987,1
2/28/1987,4,172.7610901,1039.861,SummerFall_Hist,1987,2
3/31/1987,4,67.2577837,344.19604,SummerFall_Hist,1987,3
4/30/1987,4,30.40440805,244.7598,SummerFall_Hist,1987,4
5/31/1987,4,31.9702636,248.6081,SummerFall_Hist,1987,5
6/30/1987,4,29.062275,316.58682,SummerFall_Hist,1987,6
7/31/1987,4,32.8039627,461.04785,SummerFall_Hist,1987,7
8/31/1987,4,48.71461495,819.81,SummerFall_Hist,1987,8
9/30/1987,4,84.66316975,1120.8469,SummerFall_Hist,1987,9
10/31/1987,4,129.858712,1640.3649,SummerFall_Hist,1987,10
11/30/1987,4,187.327309,1984.8615,SummerFall_Hist,1987,11
12/31/1987,4,223.4296156,1953.6874,SummerFall_Hist,1987,12
1/31/1988,4,190.6564795,1283.3778,SummerFall_Hist,1988,1
2/29/1988,4,65.316358,379.71167,SummerFall_Hist,1988,2
3/31/1988,5,40.75932445,243.09998,SummerFall_Hist,1988,3
4/30/1988,5,53.38875175,286.87268,SummerFall_Hist,1988,4
5/31/1988,5,51.9959311,379.75873,SummerFall_Hist,1988,5
6/30/1988,5,55.1291926,628.9901,SummerFall_Hist,1988,6
7/31/1988,5,69.2231494,712.2099,SummerFall_Hist,1988,7
8/31/1988,5,57.01616905,863.86,SummerFall_Hist,1988,8
9/30/1988,5,101.434465,1327.6694,SummerFall_Hist,1988,9
10/31/1988,5,155.9278045,1784.8752,SummerFall_Hist,1988,10
11/30/1988,5,213.6456055,2154.516,SummerFall_Hist,1988,11
12/31/1988,5,222.8049925,1797.9286,SummerFall_Hist,1988,12
1/31/1989,5,208.2824328,1740.2535,SummerFall_Hist,1989,1
2/28/1989,4,172.8925264,1271.8018,SummerFall_Hist,1989,2
3/31/1989,5,88.996552,479.909,SummerFall_Hist,1989,3
4/30/1989,4,38.76879325,268.71503,SummerFall_Hist,1989,4
5/31/1989,4,24.4562025,237.13554,SummerFall_Hist,1989,5
6/30/1989,4,25.878735,254.81168,SummerFall_Hist,1989,6
7/31/1989,4,24.5972415,340.79843,SummerFall_Hist,1989,7
8/31/1989,4,46.4813635,912.23285,SummerFall_Hist,1989,8
9/30/1989,4,104.8299721,1319.203,SummerFall_Hist,1989,9
10/31/1989,4,146.669551,1708.1027,SummerFall_Hist,1989,10
11/30/1989,4,160.5570396,1704.798,SummerFall_Hist,1989,11
12/31/1989,4,159.840997,1747.3395,SummerFall_Hist,1989,12
1/31/1990,4,184.8938536,1676.6749,SummerFall_Hist,1990,1
2/28/1990,4,124.917895,820.7755,SummerFall_Hist,1990,2
3/31/1990,5,48.68673055,365.28104,SummerFall_Hist,1990,3
4/30/1990,5,36.9726349,371.89767,SummerFall_Hist,1990,4
5/31/1990,5,49.562242,337.27765,SummerFall_Hist,1990,5
6/30/1990,5,48.1666255,378.5089,SummerFall_Hist,1990,6
7/31/1990,5,58.0166359,687.14,SummerFall_Hist,1990,7
8/31/1990,5,88.93970875,1176.5016,SummerFall_Hist,1990,8
9/30/1990,5,115.048003,1378.5681,SummerFall_Hist,1990,9
10/31/1990,5,165.17443,1823.4867,SummerFall_Hist,1990,10
11/30/1990,5,214.1447118,2141.101,SummerFall_Hist,1990,11
12/31/1990,5,225.8146125,1851.0125,SummerFall_Hist,1990,12
1/31/1991,5,222.8703145,2099.046,SummerFall_Hist,1991,1
2/28/1991,5,276.578764,2066.6665,SummerFall_Hist,1991,2
3/31/1991,5,231.4732675,1381.9232,SummerFall_Hist,1991,3
4/30/1991,5,112.2989928,493.08334,SummerFall_Hist,1991,4
5/31/1991,5,45.9819865,254.43086,SummerFall_Hist,1991,5
6/30/1991,5,43.44350575,418.43985,SummerFall_Hist,1991,6
7/31/1991,5,72.64785475,888.16315,SummerFall_Hist,1991,7
8/31/1991,5,161.2050213,1627.1688,SummerFall_Hist,1991,8
9/30/1991,5,191.6218144,1743.2744,SummerFall_Hist,1991,9
10/31/1991,5,201.4481755,1727.3622,SummerFall_Hist,1991,10
11/30/1991,5,227.764078,2217.5017,SummerFall_Hist,1991,11
12/31/1991,5,225.3715315,1856.0554,SummerFall_Hist,1991,12
1/31/1992,5,197.0745256,1973.6062,SummerFall_Hist,1992,1
2/29/1992,5,242.0537215,1502.5676,SummerFall_Hist,1992,2
3/31/1992,5,101.039455,414.41763,SummerFall_Hist,1992,3
4/30/1992,5,39.49081795,246.75569,SummerFall_Hist,1992,4
5/31/1992,5,43.42230175,264.81345,SummerFall_Hist,1992,5
6/30/1992,5,43.5316819,409.33597,SummerFall_Hist,1992,6
7/31/1992,5,53.2383715,448.72504,SummerFall_Hist,1992,7
8/31/1992,5,45.8219704,666.58154,SummerFall_Hist,1992,8
9/30/1992,5,83.8751761,1195.9878,SummerFall_Hist,1992,9
10/31/1992,5,160.15843,1979.0338,SummerFall_Hist,1992,10
11/30/1992,5,224.4943585,2224.945,SummerFall_Hist,1992,11
12/31/1992,5,223.6235011,1794.3282,SummerFall_Hist,1992,12
1/31/1993,5,180.2660493,1172.4354,SummerFall_Hist,1993,1
2/28/1993,3,65.0552125,341.97845,SummerFall_Hist,1993,2
3/31/1993,2,41.8071127,237.73642,SummerFall_Hist,1993,3
4/30/1993,2,34.308244,235.21872,SummerFall_Hist,1993,4
5/31/1993,2,27.05898,228.16515,SummerFall_Hist,1993,5
6/30/1993,2,25.4386275,228.55673,SummerFall_Hist,1993,6
7/31/1993,2,23.466708,213.95224,SummerFall_Hist,1993,7
8/31/1993,2,22.130775,327.38605,SummerFall_Hist,1993,8
9/30/1993,2,38.6231098,727.30756,SummerFall_Hist,1993,9
10/31/1993,2,48.08438305,785.4348,SummerFall_Hist,1993,10
11/30/1993,2,27.965877,336.11493,SummerFall_Hist,1993,11
12/31/1993,2,47.466637,825.74115,SummerFall_Hist,1993,12
1/31/1994,2,209.991763,1431.7823,SummerFall_Hist,1994,1
2/28/1994,4,175.6986393,1116.8994,SummerFall_Hist,1994,2
3/31/1994,4,84.401782,485.32877,SummerFall_Hist,1994,3
4/30/1994,5,36.5952436,263.35132,SummerFall_Hist,1994,4
5/31/1994,5,39.10049905,309.26923,SummerFall_Hist,1994,5
6/30/1994,5,47.4464134,524.64557,SummerFall_Hist,1994,6
7/31/1994,5,84.4868716,946.0939,SummerFall_Hist,1994,7
8/31/1994,5,108.3081064,1426.4077,SummerFall_Hist,1994,8
9/30/1994,5,124.5701551,1573.6965,SummerFall_Hist,1994,9
10/31/1994,5,175.727581,1908.0751,SummerFall_Hist,1994,10
11/30/1994,5,224.422872,2298.7434,SummerFall_Hist,1994,11
12/31/1994,5,222.8212375,1807.437,SummerFall_Hist,1994,12
1/31/1995,5,225.1485475,1916.7942,SummerFall_Hist,1995,1
2/28/1995,1,86.08178575,399.31537,SummerFall_Hist,1995,2
3/31/1995,2,33.36590005,230.1344,SummerFall_Hist,1995,3
4/30/1995,1,26.663196,219.40178,SummerFall_Hist,1995,4
5/31/1995,1,23.281536,176.5182,SummerFall_Hist,1995,5
6/30/1995,1,16.493223,169.88176,SummerFall_Hist,1995,6
7/31/1995,1,15.633543,167.1317,SummerFall_Hist,1995,7
8/31/1995,1,20.684832,205.09607,SummerFall_Hist,1995,8
9/30/1995,1,25.5808875,432.76245,SummerFall_Hist,1995,9
10/31/1995,1,27.0747255,599.8646,SummerFall_Hist,1995,10
11/30/1995,1,25.0698075,346.07526,SummerFall_Hist,1995,11
12/31/1995,1,50.68794925,913.6707,SummerFall_Hist,1995,12
1/31/1996,1,100.136461,566.7104,SummerFall_Hist,1996,1
2/29/1996,2,27.917367,222.50174,SummerFall_Hist,1996,2
3/31/1996,1,31.0342894,218.0587,SummerFall_Hist,1996,3
4/30/1996,1,26.7894975,212.82683,SummerFall_Hist,1996,4
5/31/1996,1,24.0670425,207.59941,SummerFall_Hist,1996,5
6/30/1996,1,21.553659,194.88583,SummerFall_Hist,1996,6
7/31/1996,1,18.9970185,193.11331,SummerFall_Hist,1996,7
8/31/1996,1,19.773195,310.41315,SummerFall_Hist,1996,8
9/30/1996,1,44.18438605,704.32074,SummerFall_Hist,1996,9
10/31/1996,1,41.4421816,488.26447,SummerFall_Hist,1996,10
11/30/1996,1,21.1165515,261.9966,SummerFall_Hist,1996,11
12/31/1996,1,30.9927934,613.19604,SummerFall_Hist,1996,12
1/31/1997,1,41.901214,276.07697,SummerFall_Hist,1997,1
2/28/1997,1,8.936568,185.71686,SummerFall_Hist,1997,2
3/31/1997,1,17.7050055,170.08388,SummerFall_Hist,1997,3
4/30/1997,1,21.792354,199.8931,SummerFall_Hist,1997,4
5/31/1997,1,26.0513925,266.83386,SummerFall_Hist,1997,5
6/30/1997,1,29.8830645,280.23575,SummerFall_Hist,1997,6
7/31/1997,1,25.9401075,224.81767,SummerFall_Hist,1997,7
8/31/1997,1,20.8749555,272.79642,SummerFall_Hist,1997,8
9/30/1997,1,37.2513136,615.38696,SummerFall_Hist,1997,9
10/31/1997,1,38.30472205,532.79987,SummerFall_Hist,1997,10
11/30/1997,1,22.3012755,260.8457,SummerFall_Hist,1997,11
12/31/1997,1,28.318401,585.2153,SummerFall_Hist,1997,12
1/31/1998,1,74.1382423,540.9468,SummerFall_Hist,1998,1
2/28/1998,1,42.6439354,240.74182,SummerFall_Hist,1998,2
3/31/1998,1,52.54341325,226.69751,SummerFall_Hist,1998,3
4/30/1998,1,23.798097,182.1524,SummerFall_Hist,1998,4
5/31/1998,1,17.7997605,176.86082,SummerFall_Hist,1998,5
6/30/1998,1,17.1619305,163.6285,SummerFall_Hist,1998,6
7/31/1998,1,14.800305,162.73245,SummerFall_Hist,1998,7
8/31/1998,1,16.287747,185.5196,SummerFall_Hist,1998,8
9/30/1998,1,20.4692805,288.44052,SummerFall_Hist,1998,9
10/31/1998,1,19.63377,276.92084,SummerFall_Hist,1998,10
11/30/1998,1,17.4200985,287.4553,SummerFall_Hist,1998,11
12/31/1998,1,24.261102,289.16693,SummerFall_Hist,1998,12
1/31/1999,1,23.125641,205.55852,SummerFall_Hist,1999,1
2/28/1999,2,24.7186575,209.88791,SummerFall_Hist,1999,2
3/31/1999,1,27.3826125,210.78621,SummerFall_Hist,1999,3
4/30/1999,1,25.2952125,211.00853,SummerFall_Hist,1999,4
5/31/1999,1,24.596802,215.40521,SummerFall_Hist,1999,5
6/30/1999,1,23.978013,240.1616,SummerFall_Hist,1999,6
7/31/1999,1,22.9167705,214.93822,SummerFall_Hist,1999,7
8/31/1999,1,20.985525,307.466,SummerFall_Hist,1999,8
9/30/1999,1,37.74375655,602.8199,SummerFall_Hist,1999,9
10/31/1999,1,30.4705252,427.53668,SummerFall_Hist,1999,10
11/30/1999,1,20.186538,281.997,SummerFall_Hist,1999,11
12/31/1999,1,44.6211742,883.58075,SummerFall_Hist,1999,12
1/31/2000,1,190.4702463,1514.9146,SummerFall_Hist,2000,1
2/29/2000,3,131.5778605,816.4084,SummerFall_Hist,2000,2
3/31/2000,2,39.9040537,239.71532,SummerFall_Hist,2000,3
4/30/2000,2,24.832347,211.67096,SummerFall_Hist,2000,4
5/31/2000,2,23.220126,207.81792,SummerFall_Hist,2000,5
6/30/2000,2,24.354012,244.64209,SummerFall_Hist,2000,6
7/31/2000,2,23.3120565,222.09673,SummerFall_Hist,2000,7
8/31/2000,2,21.266592,357.21597,SummerFall_Hist,2000,8
9/30/2000,2,43.5915376,702.06604,SummerFall_Hist,2000,9
10/31/2000,2,38.2894831,408.40723,SummerFall_Hist,2000,10
11/30/2000,2,21.7318455,292.81366,SummerFall_Hist,2000,11
12/31/2000,2,50.75483305,968.86176,SummerFall_Hist,2000,12
1/31/2001,2,176.3451931,1372.4429,SummerFall_Hist,2001,1
2/28/2001,4,139.162765,1034.5125,SummerFall_Hist,2001,2
3/31/2001,4,64.0856995,358.94745,SummerFall_Hist,2001,3
4/30/2001,4,30.219375,239.52698,SummerFall_Hist,2001,4
5/31/2001,4,31.93615195,248.39482,SummerFall_Hist,2001,5
6/30/2001,4,28.374357,311.51617,SummerFall_Hist,2001,6
7/31/2001,4,30.1817775,419.58435,SummerFall_Hist,2001,7
8/31/2001,4,51.0732037,894.66364,SummerFall_Hist,2001,8
9/30/2001,4,96.5076985,1322.3859,SummerFall_Hist,2001,9
10/31/2001,4,145.502818,1884.5782,SummerFall_Hist,2001,10
11/30/2001,4,175.584169,1520.9235,SummerFall_Hist,2001,11
12/31/2001,4,150.6059568,1730.1771,SummerFall_Hist,2001,12
1/31/2002,4,134.626363,797.6898,SummerFall_Hist,2002,1
2/28/2002,3,32.5573465,228.54997,SummerFall_Hist,2002,2
3/31/2002,3,29.220639,231.9585,SummerFall_Hist,2002,3
4/30/2002,3,27.102342,245.82559,SummerFall_Hist,2002,4
5/31/2002,4,28.798947,256.60873,SummerFall_Hist,2002,5
6/30/2002,4,29.6538075,313.92932,SummerFall_Hist,2002,6
7/31/2002,4,29.838015,429.61823,SummerFall_Hist,2002,7
8/31/2002,4,53.6788561,947.4719,SummerFall_Hist,2002,8
9/30/2002,4,101.4905245,1436.838,SummerFall_Hist,2002,9
10/31/2002,4,150.199447,1817.7662,SummerFall_Hist,2002,10
11/30/2002,4,169.4340685,1663.9639,SummerFall_Hist,2002,11
12/31/2002,4,157.3360038,1737.1799,SummerFall_Hist,2002,12
1/31/2003,4,103.1058475,642.8068,SummerFall_Hist,2003,1
2/28/2003,2,28.1417955,213.88104,SummerFall_Hist,2003,2
3/31/2003,3,26.0171625,230.40392,SummerFall_Hist,2003,3
4/30/2003,3,26.288439,245.27988,SummerFall_Hist,2003,4
5/31/2003,2,27.945075,235.03944,SummerFall_Hist,2003,5
6/30/2003,2,24.0020025,219.01537,SummerFall_Hist,2003,6
7/31/2003,2,20.50647,216.9286,SummerFall_Hist,2003,7
8/31/2003,2,21.060075,376.40814,SummerFall_Hist,2003,8
9/30/2003,2,54.55542775,852.744,SummerFall_Hist,2003,9
10/31/2003,2,53.5923244,671.055,SummerFall_Hist,2003,10
11/30/2003,2,24.6068205,320.28998,SummerFall_Hist,2003,11
12/31/2003,2,44.58524425,916.8924,SummerFall_Hist,2003,12
1/31/2004,2,121.7429665,713.54706,SummerFall_Hist,2004,1
2/29/2004,2,29.155824,254.51163,SummerFall_Hist,2004,2
3/31/2004,2,27.297738,238.4372,SummerFall_Hist,2004,3
4/30/2004,2,24.715983,236.28444,SummerFall_Hist,2004,4
5/31/2004,3,26.372055,243.03105,SummerFall_Hist,2004,5
6/30/2004,3,28.3224,275.71866,SummerFall_Hist,2004,6
7/31/2004,3,28.1563425,390.67728,SummerFall_Hist,2004,7
8/31/2004,3,42.949273,762.08734,SummerFall_Hist,2004,8
9/30/2004,3,88.6478203,1320.2151,SummerFall_Hist,2004,9
10/31/2004,3,157.5470235,1693.6174,SummerFall_Hist,2004,10
11/30/2004,3,149.687245,1684.7966,SummerFall_Hist,2004,11
12/31/2004,3,151.9291975,1746.9943,SummerFall_Hist,2004,12
1/31/2005,3,163.4767135,935.7051,SummerFall_Hist,2005,1
2/28/2005,3,48.7850014,312.52933,SummerFall_Hist,2005,2
3/31/2005,3,40.904683,241.48122,SummerFall_Hist,2005,3
4/30/2005,3,37.3832458,231.16112,SummerFall_Hist,2005,4
5/31/2005,3,27.1841625,227.60802,SummerFall_Hist,2005,5
6/30/2005,3,20.564769,207.39857,SummerFall_Hist,2005,6
7/31/2005,3,17.1487845,197.25438,SummerFall_Hist,2005,7
8/31/2005,3,21.839919,275.1265,SummerFall_Hist,2005,8
9/30/2005,3,70.950751,1015.3153,SummerFall_Hist,2005,9
10/31/2005,3,139.5625345,1745.8522,SummerFall_Hist,2005,10
11/30/2005,3,114.1009965,1507.5734,SummerFall_Hist,2005,11
12/31/2005,3,148.5978411,1761.6498,SummerFall_Hist,2005,12
1/31/2006,3,77.0535985,465.22635,SummerFall_Hist,2006,1
2/28/2006,1,24.575553,192.67372,SummerFall_Hist,2006,2
3/31/2006,1,21.9314415,194.71626,SummerFall_Hist,2006,3
4/30/2006,1,25.1332905,188.78325,SummerFall_Hist,2006,4
5/31/2006,1,14.9504145,178.85902,SummerFall_Hist,2006,5
6/30/2006,1,13.0867545,169.91437,SummerFall_Hist,2006,6
7/31/2006,1,18.6608985,173.51277,SummerFall_Hist,2006,7
8/31/2006,1,24.9116265,249.17746,SummerFall_Hist,2006,8
9/30/2006,1,24.2939625,380.01105,SummerFall_Hist,2006,9
10/31/2006,1,23.6235375,424.32645,SummerFall_Hist,2006,10
11/30/2006,1,23.189967,314.03137,SummerFall_Hist,2006,11
12/31/2006,1,38.14227775,829.7188,SummerFall_Hist,2006,12
1/31/2007,1,94.3011145,708.69727,SummerFall_Hist,2007,1
2/28/2007,3,38.6156485,528.3646,SummerFall_Hist,2007,2
3/31/2007,3,54.91652845,428.41824,SummerFall_Hist,2007,3
4/30/2007,4,37.271674,245.70929,SummerFall_Hist,2007,4
5/31/2007,4,33.845404,268.05582,SummerFall_Hist,2007,5
6/30/2007,4,32.140363,338.4122,SummerFall_Hist,2007,6
7/31/2007,4,31.6940302,451.2857,SummerFall_Hist,2007,7
8/31/2007,4,72.1233835,1394.3542,SummerFall_Hist,2007,8
9/30/2007,4,141.8070805,1601.5383,SummerFall_Hist,2007,9
10/31/2007,4,148.3893835,1779.9888,SummerFall_Hist,2007,10
11/30/2007,4,156.8660416,1592.8412,SummerFall_Hist,2007,11
12/31/2007,4,167.1939685,1798.205,SummerFall_Hist,2007,12
1/31/2008,4,191.3675146,1578.9425,SummerFall_Hist,2008,1
2/29/2008,4,104.8636135,569.17523,SummerFall_Hist,2008,2
3/31/2008,4,43.349185,256.07248,SummerFall_Hist,2008,3
4/30/2008,4,48.5408647,245.73749,SummerFall_Hist,2008,4
5/31/2008,5,38.79937375,267.66135,SummerFall_Hist,2008,5
6/30/2008,5,31.5984184,370.34384,SummerFall_Hist,2008,6
7/31/2008,5,43.2624595,543.4945,SummerFall_Hist,2008,7
8/31/2008,5,58.789117,1014.1422,SummerFall_Hist,2008,8
9/30/2008,5,110.4627805,1486.0555,SummerFall_Hist,2008,9
10/31/2008,5,166.875424,1986.3157,SummerFall_Hist,2008,10
11/30/2008,5,224.511715,2236.1587,SummerFall_Hist,2008,11
12/31/2008,5,223.8259623,1748.7051,SummerFall_Hist,2008,12
1/31/2009,5,201.7994836,1840.699,SummerFall_Hist,2009,1
2/28/2009,5,201.278458,1112.5087,SummerFall_Hist,2009,2
3/31/2009,5,82.565584,375.7124,SummerFall_Hist,2009,3
4/30/2009,4,30.7684015,250.00536,SummerFall_Hist,2009,4
5/31/2009,5,36.6124975,252.61995,SummerFall_Hist,2009,5
6/30/2009,5,34.812808,316.6032,SummerFall_Hist,2009,6
7/31/2009,5,28.201731,336.8897,SummerFall_Hist,2009,7
8/31/2009,5,28.133166,504.97357,SummerFall_Hist,2009,8
9/30/2009,5,65.45652955,1034.839,SummerFall_Hist,2009,9
10/31/2009,5,160.7486451,2155.5762,SummerFall_Hist,2009,10
11/30/2009,5,211.4120605,2044.1805,SummerFall_Hist,2009,11
12/31/2009,5,157.9676065,1949.9849,SummerFall_Hist,2009,12
1/31/2010,5,209.5854955,1686.6013,SummerFall_Hist,2010,1
2/28/2010,4,92.38592305,464.76657,SummerFall_Hist,2010,2
3/31/2010,4,40.24281325,243.674,SummerFall_Hist,2010,3
4/30/2010,4,28.580925,241.96837,SummerFall_Hist,2010,4
5/31/2010,3,28.43538,237.34557,SummerFall_Hist,2010,5
6/30/2010,3,27.649575,225.98079,SummerFall_Hist,2010,6
7/31/2010,3,25.7539575,247.20367,SummerFall_Hist,2010,7
8/31/2010,3,30.8064661,614.65796,SummerFall_Hist,2010,8
9/30/2010,3,86.9095882,1347.1194,SummerFall_Hist,2010,9
10/31/2010,3,125.0246845,1781.1328,SummerFall_Hist,2010,10
11/30/2010,3,114.5489965,1270.1313,SummerFall_Hist,2010,11
12/31/2010,3,98.151778,1195.8826,SummerFall_Hist,2010,12
1/31/2011,3,60.650053,384.09445,SummerFall_Hist,2011,1
2/28/2011,2,24.827619,187.46286,SummerFall_Hist,2011,2
3/31/2011,2,27.587046,208.65312,SummerFall_Hist,2011,3
4/30/2011,1,18.061626,216.09425,SummerFall_Hist,2011,4
5/31/2011,1,16.463313,192.46591,SummerFall_Hist,2011,5
6/30/2011,1,16.6037775,188.3418,SummerFall_Hist,2011,6
7/31/2011,1,19.018329,186.16618,SummerFall_Hist,2011,7
8/31/2011,1,18.6302535,225.33159,SummerFall_Hist,2011,8
9/30/2011,1,22.5368745,385.00638,SummerFall_Hist,2011,9
10/31/2011,1,25.1368815,393.271,SummerFall_Hist,2011,10
11/30/2011,1,23.783748,370.2528,SummerFall_Hist,2011,11
12/31/2011,1,50.3297185,859.11755,SummerFall_Hist,2011,12
1/31/2012,1,201.3430191,1757.0076,SummerFall_Hist,2012,1
2/29/2012,4,178.276678,1338.5884,SummerFall_Hist,2012,2
3/31/2012,4,62.9563585,409.239,SummerFall_Hist,2012,3
4/30/2012,4,35.3352358,272.49518,SummerFall_Hist,2012,4
5/31/2012,3,28.20876,224.35127,SummerFall_Hist,2012,5
6/30/2012,3,26.73693,241.5633,SummerFall_Hist,2012,6
7/31/2012,3,25.387026,350.4832,SummerFall_Hist,2012,7
8/31/2012,3,34.1256445,747.1985,SummerFall_Hist,2012,8
9/30/2012,3,77.15669725,1221.8763,SummerFall_Hist,2012,9
10/31/2012,3,159.2802595,1726.0431,SummerFall_Hist,2012,10
11/30/2012,3,171.037336,1743.0886,SummerFall_Hist,2012,11
12/31/2012,3,175.0272078,1749.0165,SummerFall_Hist,2012,12
1/31/2013,3,98.878357,594.66766,SummerFall_Hist,2013,1
2/28/2013,3,26.058168,238.0758,SummerFall_Hist,2013,2
3/31/2013,3,29.373243,258.48257,SummerFall_Hist,2013,3
4/30/2013,4,28.3448175,265.2913,SummerFall_Hist,2013,4
5/31/2013,4,31.84158325,295.30203,SummerFall_Hist,2013,5
6/30/2013,4,38.31909745,325.2491,SummerFall_Hist,2013,6
7/31/2013,4,32.846308,389.0881,SummerFall_Hist,2013,7
8/31/2013,4,40.0772425,703.95087,SummerFall_Hist,2013,8
9/30/2013,4,72.1673191,1071.0184,SummerFall_Hist,2013,9
10/31/2013,4,148.0212205,1809.4249,SummerFall_Hist,2013,10
11/30/2013,4,173.350453,1648.3492,SummerFall_Hist,2013,11
12/31/2013,4,192.6137455,1923.0527,SummerFall_Hist,2013,12
1/31/2014,4,223.633801,1967.0763,SummerFall_Hist,2014,1
2/28/2014,5,181.3441045,966.8597,SummerFall_Hist,2014,2
3/31/2014,5,69.2163493,401.93668,SummerFall_Hist,2014,3
4/30/2014,5,34.6507228,324.25458,SummerFall_Hist,2014,4
5/31/2014,5,35.4202342,297.45334,SummerFall_Hist,2014,5
6/30/2014,5,46.9451326,589.53314,SummerFall_Hist,2014,6
7/31/2014,5,105.3833253,1196.3075,SummerFall_Hist,2014,7
8/31/2014,5,170.54269,1579.2141,SummerFall_Hist,2014,8
9/30/2014,5,179.1763945,1468.9098,SummerFall_Hist,2014,9
10/31/2014,5,176.44105,1596.7408,SummerFall_Hist,2014,10
11/30/2014,5,221.9750725,1837.4491,SummerFall_Hist,2014,11
12/31/2014,5,224.0506534,1900.297,SummerFall_Hist,2014,12
1/31/2015,5,106.080478,619.1073,SummerFall_Hist,2015,1
2/28/2015,5,32.40428725,271.32068,SummerFall_Hist,2015,2
3/31/2015,5,35.82607705,350.4035,SummerFall_Hist,2015,3
4/30/2015,5,39.925195,305.57117,SummerFall_Hist,2015,4
5/31/2015,5,54.0829975,438.07016,SummerFall_Hist,2015,5
6/30/2015,5,68.9003185,980.0116,SummerFall_Hist,2015,6
7/31/2015,5,155.8383715,1714.2964,SummerFall_Hist,2015,7
8/31/2015,5,176.813545,1625.5422,SummerFall_Hist,2015,8
9/30/2015,5,151.5087085,1464.6456,SummerFall_Hist,2015,9
10/31/2015,5,176.800435,1652.4602,SummerFall_Hist,2015,10
11/30/2015,5,208.8716275,2118.8965,SummerFall_Hist,2015,11
12/31/2015,5,227.2965925,2195.785,SummerFall_Hist,2015,12
1/31/2016,5,223.1690914,1558.8632,SummerFall_Hist,2016,1
2/29/2016,3,86.9946949,523.1419,SummerFall_Hist,2016,2
3/31/2016,4,32.9107693,243.52487,SummerFall_Hist,2016,3
4/30/2016,3,28.3972005,244.12038,SummerFall_Hist,2016,4
5/31/2016,3,28.869873,239.38809,SummerFall_Hist,2016,5
6/30/2016,3,27.7950255,250.59712,SummerFall_Hist,2016,6
7/31/2016,3,25.1712435,384.15732,SummerFall_Hist,2016,7
8/31/2016,3,40.1891221,746.9047,SummerFall_Hist,2016,8
9/30/2016,3,83.42520955,1240.2677,SummerFall_Hist,2016,9
10/31/2016,3,151.2886771,1844.0378,SummerFall_Hist,2016,10
11/30/2016,3,173.5376125,1687.932,SummerFall_Hist,2016,11
12/31/2016,3,158.1379795,1822.9783,SummerFall_Hist,2016,12
1/31/2017,3,118.105939,672.9459,SummerFall_Hist,2017,1
2/28/2017,1,32.0885842,218.98535,SummerFall_Hist,2017,2
3/31/2017,1,16.69098,201.83946,SummerFall_Hist,2017,3
4/30/2017,1,17.0635575,172.24466,SummerFall_Hist,2017,4
5/31/2017,1,15.081198,176.14645,SummerFall_Hist,2017,5
6/30/2017,1,15.3705075,193.74759,SummerFall_Hist,2017,6
7/31/2017,1,18.364284,214.93391,SummerFall_Hist,2017,7
8/31/2017,1,23.0278215,246.94861,SummerFall_Hist,2017,8
9/30/2017,1,30.474823,541.299,SummerFall_Hist,2017,9
10/31/2017,1,29.19249,400.1694,SummerFall_Hist,2017,10
11/30/2017,1,21.856023,272.14487,SummerFall_Hist,2017,11
12/31/2017,1,24.1400325,374.54852,SummerFall_Hist,2017,12
1/31/2018,1,85.5252805,949.3747,SummerFall_Hist,2018,1
2/28/2018,3,145.758178,913.7151,SummerFall_Hist,2018,2
3/31/2018,4,53.30359375,299.8764,SummerFall_Hist,2018,3
4/30/2018,3,37.1818648,251.66252,SummerFall_Hist,2018,4
5/31/2018,3,29.700555,233.12802,SummerFall_Hist,2018,5
6/30/2018,3,27.64548,228.34183,SummerFall_Hist,2018,6
7/31/2018,3,25.0140405,354.1978,SummerFall_Hist,2018,7
8/31/2018,3,37.3571626,729.61914,SummerFall_Hist,2018,8
9/30/2018,3,73.932592,1208.2859,SummerFall_Hist,2018,9
10/31/2018,3,158.3363965,1695.8606,SummerFall_Hist,2018,10
11/30/2018,3,150.9355165,1716.1915,SummerFall_Hist,2018,11
12/31/2018,3,181.8619039,1747.5063,SummerFall_Hist,2018,12
1/31/2019,3,222.9040414,1373.4628,SummerFall_Hist,2019,1
2/28/2019,3,90.632452,516.28455,SummerFall_Hist,2019,2
3/31/2019,2,37.8826399,239.30664,SummerFall_Hist,2019,3
4/30/2019,1,26.8600155,222.17961,SummerFall_Hist,2019,4
5/31/2019,1,23.216784,193.31723,SummerFall_Hist,2019,5
6/30/2019,1,19.3175715,193.84996,SummerFall_Hist,2019,6
7/31/2019,1,18.3738165,179.64618,SummerFall_Hist,2019,7
8/31/2019,1,21.485964,232.28433,SummerFall_Hist,2019,8
9/30/2019,1,33.7006525,551.0661,SummerFall_Hist,2019,9
10/31/2019,1,32.75605705,472.5489,SummerFall_Hist,2019,10
11/30/2019,1,23.0225025,285.72662,SummerFall_Hist,2019,11
12/31/2019,1,38.8402855,846.77246,SummerFall_Hist,2019,12
1/31/2020,1,122.073652,745.9163,SummerFall_Hist,2020,1
2/29/2020,3,43.6040776,534.195,SummerFall_Hist,2020,2
3/31/2020,4,50.5243393,537.8789,SummerFall_Hist,2020,3
4/30/2020,4,45.77643025,403.42792,SummerFall_Hist,2020,4
5/31/2020,4,47.714074,320.1339,SummerFall_Hist,2020,5
6/30/2020,4,39.4701697,332.24625,SummerFall_Hist,2020,6
7/31/2020,4,31.32911905,411.33093,SummerFall_Hist,2020,7
8/31/2020,4,42.67639405,724.69336,SummerFall_Hist,2020,8
9/30/2020,4,70.9151203,977.89343,SummerFall_Hist,2020,9
10/31/2020,4,120.4465414,1699.1096,SummerFall_Hist,2020,10
11/30/2020,4,180.0499851,1846.0376,SummerFall_Hist,2020,11
12/31/2020,4,179.838364,1830.3425,SummerFall_Hist,2020,12
1/31/2021,4,221.022346,1777.4628,SummerFall_Hist,2021,1
2/28/2021,5,203.0464983,1072.4923,SummerFall_Hist,2021,2
3/31/2021,5,123.544252,861.5873,SummerFall_Hist,2021,3
4/30/2021,5,114.1657,774.0856,SummerFall_Hist,2021,4
5/31/2021,5,87.79375225,879.7496,SummerFall_Hist,2021,5
6/30/2021,5,114.65875,936.83704,SummerFall_Hist,2021,6
7/31/2021,5,132.6113674,1346.838,SummerFall_Hist,2021,7
8/31/2021,5,175.128055,1696.1342,SummerFall_Hist,2021,8
9/30/2021,5,160.5756016,1552.6083,SummerFall_Hist,2021,9
11/30/1920,NA,NA,NA,MaxWater_noSMSCG,1920,11
12/31/1920,NA,NA,NA,MaxWater_noSMSCG,1920,12
1/31/1921,NA,NA,NA,MaxWater_noSMSCG,1921,1
2/28/1921,NA,NA,NA,MaxWater_noSMSCG,1921,2
3/31/1921,5,NA,NA,MaxWater_noSMSCG,1921,3
4/30/1921,5,NA,NA,MaxWater_noSMSCG,1921,4
5/31/1921,2,NA,NA,MaxWater_noSMSCG,1921,5
6/30/1921,2,NA,NA,MaxWater_noSMSCG,1921,6
7/31/1921,2,NA,NA,MaxWater_noSMSCG,1921,7
8/31/1921,2,NA,NA,MaxWater_noSMSCG,1921,8
9/30/1921,2,NA,NA,MaxWater_noSMSCG,1921,9
10/31/1921,2,NA,NA,MaxWater_noSMSCG,1921,10
11/30/1921,2,26.9596395,488.73898,MaxWater_noSMSCG,1921,11
12/31/1921,2,142.231189,1512.7394,MaxWater_noSMSCG,1921,12
1/31/1922,2,176.3999701,917.75336,MaxWater_noSMSCG,1922,1
2/28/1922,3,42.5835724,290.5309,MaxWater_noSMSCG,1922,2
3/31/1922,3,50.5271836,265.90176,MaxWater_noSMSCG,1922,3
4/30/1922,2,31.90537195,236.83676,MaxWater_noSMSCG,1922,4
5/31/1922,2,27.3078555,218.31715,MaxWater_noSMSCG,1922,5
6/30/1922,2,21.549525,217.74387,MaxWater_noSMSCG,1922,6
7/31/1922,2,21.9028695,227.75508,MaxWater_noSMSCG,1922,7
8/31/1922,2,26.0270625,406.93427,MaxWater_noSMSCG,1922,8
9/30/1922,2,65.61919045,1197.4452,MaxWater_noSMSCG,1922,9
10/31/1922,2,132.798544,1693.5979,MaxWater_noSMSCG,1922,10
11/30/1922,2,130.332895,1793.9729,MaxWater_noSMSCG,1922,11
12/31/1922,2,147.856519,1722.3243,MaxWater_noSMSCG,1922,12
1/31/1923,2,88.664869,596.3851,MaxWater_noSMSCG,1923,1
2/28/1923,3,31.2707482,216.25296,MaxWater_noSMSCG,1923,2
3/31/1923,3,32.4878635,228.0919,MaxWater_noSMSCG,1923,3
4/30/1923,4,38.45222095,245.70702,MaxWater_noSMSCG,1923,4
5/31/1923,3,36.7404226,242.99785,MaxWater_noSMSCG,1923,5
6/30/1923,3,28.6107195,225.4881,MaxWater_noSMSCG,1923,6
7/31/1923,3,27.929631,306.18698,MaxWater_noSMSCG,1923,7
8/31/1923,3,30.4680742,728.5515,MaxWater_noSMSCG,1923,8
9/30/1923,3,71.66771695,1179.3125,MaxWater_noSMSCG,1923,9
10/31/1923,3,138.272026,1656.6627,MaxWater_noSMSCG,1923,10
11/30/1923,3,137.618977,1717.7684,MaxWater_noSMSCG,1923,11
12/31/1923,3,175.9612354,1755.6135,MaxWater_noSMSCG,1923,12
1/31/1924,3,204.597511,1433.7009,MaxWater_noSMSCG,1924,1
2/29/1924,5,163.3188634,1407.1763,MaxWater_noSMSCG,1924,2
3/31/1924,5,103.1263219,724.2557,MaxWater_noSMSCG,1924,3
4/30/1924,5,73.5971983,350.90402,MaxWater_noSMSCG,1924,4
5/31/1924,5,71.078317,477.3892,MaxWater_noSMSCG,1924,5
6/30/1924,5,76.0469044,905.76575,MaxWater_noSMSCG,1924,6
7/31/1924,5,154.9279248,1650.8293,MaxWater_noSMSCG,1924,7
8/31/1924,5,210.5967696,1720.2521,MaxWater_noSMSCG,1924,8
9/30/1924,5,181.1641726,1470.8389,MaxWater_noSMSCG,1924,9
10/31/1924,5,189.177415,1492.2466,MaxWater_noSMSCG,1924,10
11/30/1924,5,201.4615135,2128.728,MaxWater_noSMSCG,1924,11
12/31/1924,5,218.2612261,2284.281,MaxWater_noSMSCG,1924,12
1/31/1925,5,203.8509136,1533.0076,MaxWater_noSMSCG,1925,1
2/28/1925,5,114.941889,876.5751,MaxWater_noSMSCG,1925,2
3/31/1925,4,63.29668555,386.24265,MaxWater_noSMSCG,1925,3
4/30/1925,4,29.315208,245.34457,MaxWater_noSMSCG,1925,4
5/31/1925,4,29.239449,245.24197,MaxWater_noSMSCG,1925,5
6/30/1925,4,32.99545705,240.66232,MaxWater_noSMSCG,1925,6
7/31/1925,4,27.64548,296.0117,MaxWater_noSMSCG,1925,7
8/31/1925,4,36.8658397,706.0211,MaxWater_noSMSCG,1925,8
9/30/1925,4,80.3297932,1160.8973,MaxWater_noSMSCG,1925,9
10/31/1925,4,136.850238,1757.3792,MaxWater_noSMSCG,1925,10
11/30/1925,4,176.0549605,1630.8181,MaxWater_noSMSCG,1925,11
12/31/1925,4,172.6873521,1745.254,MaxWater_noSMSCG,1925,12
1/31/1926,4,185.3092668,1513.5857,MaxWater_noSMSCG,1926,1
2/28/1926,5,126.5006995,910.1129,MaxWater_noSMSCG,1926,2
3/31/1926,4,57.36335605,315.24423,MaxWater_noSMSCG,1926,3
4/30/1926,5,55.11234625,244.97247,MaxWater_noSMSCG,1926,4
5/31/1926,4,40.3337539,246.13976,MaxWater_noSMSCG,1926,5
6/30/1926,4,25.8864105,250.1807,MaxWater_noSMSCG,1926,6
7/31/1926,4,24.720243,346.80316,MaxWater_noSMSCG,1926,7
8/31/1926,4,37.2357868,699.65814,MaxWater_noSMSCG,1926,8
9/30/1926,4,78.953779,1053.8864,MaxWater_noSMSCG,1926,9
10/31/1926,4,127.6648846,1750.0911,MaxWater_noSMSCG,1926,10
11/30/1926,4,169.620202,1779.1167,MaxWater_noSMSCG,1926,11
12/31/1926,4,130.89235,1012.27124,MaxWater_noSMSCG,1926,12
1/31/1927,4,53.9527411,462.09946,MaxWater_noSMSCG,1927,1
2/28/1927,3,32.5938322,335.0869,MaxWater_noSMSCG,1927,2
3/31/1927,2,27.3120525,238.87862,MaxWater_noSMSCG,1927,3
4/30/1927,2,26.7334395,228.27464,MaxWater_noSMSCG,1927,4
5/31/1927,1,36.7574428,219.27031,MaxWater_noSMSCG,1927,5
6/30/1927,1,25.854492,223.3174,MaxWater_noSMSCG,1927,6
7/31/1927,1,24.056136,250.30171,MaxWater_noSMSCG,1927,7
8/31/1927,1,26.3676015,452.96243,MaxWater_noSMSCG,1927,8
9/30/1927,1,57.3693838,964.1144,MaxWater_noSMSCG,1927,9
10/31/1927,1,142.0832455,1766.6395,MaxWater_noSMSCG,1927,10
11/30/1927,1,150.172315,1799.1609,MaxWater_noSMSCG,1927,11
12/31/1927,1,163.0833565,1829.0691,MaxWater_noSMSCG,1927,12
1/31/1928,1,224.5802005,1641.3944,MaxWater_noSMSCG,1928,1
2/29/1928,3,156.949444,892.916,MaxWater_noSMSCG,1928,2
3/31/1928,3,48.247936,302.77176,MaxWater_noSMSCG,1928,3
4/30/1928,2,25.654896,238.47296,MaxWater_noSMSCG,1928,4
5/31/1928,2,26.074596,220.43861,MaxWater_noSMSCG,1928,5
6/30/1928,2,26.036325,231.24461,MaxWater_noSMSCG,1928,6
7/31/1928,2,23.644068,294.8376,MaxWater_noSMSCG,1928,7
8/31/1928,2,25.674465,434.92825,MaxWater_noSMSCG,1928,8
9/30/1928,2,56.96729725,1084.8224,MaxWater_noSMSCG,1928,9
10/31/1928,2,157.517392,1698.6931,MaxWater_noSMSCG,1928,10
11/30/1928,2,152.823214,1725.883,MaxWater_noSMSCG,1928,11
12/31/1928,2,153.3194931,1793.8445,MaxWater_noSMSCG,1928,12
1/31/1929,2,222.029593,1487.1423,MaxWater_noSMSCG,1929,1
2/28/1929,4,200.795155,1473.095,MaxWater_noSMSCG,1929,2
3/31/1929,4,115.1712655,613.1366,MaxWater_noSMSCG,1929,3
4/30/1929,5,58.5794767,283.29916,MaxWater_noSMSCG,1929,4
5/31/1929,5,56.7037378,307.0677,MaxWater_noSMSCG,1929,5
6/30/1929,5,51.3853243,589.6265,MaxWater_noSMSCG,1929,6
7/31/1929,5,102.2186853,1111.4325,MaxWater_noSMSCG,1929,7
8/31/1929,5,133.022782,1351.0575,MaxWater_noSMSCG,1929,8
9/30/1929,5,123.9117709,1410.9033,MaxWater_noSMSCG,1929,9
10/31/1929,5,162.8296125,1868.5531,MaxWater_noSMSCG,1929,10
11/30/1929,5,206.854483,2109.0664,MaxWater_noSMSCG,1929,11
12/31/1929,5,217.797172,2056.4465,MaxWater_noSMSCG,1929,12
1/31/1930,5,188.7899404,1100.2548,MaxWater_noSMSCG,1930,1
2/28/1930,4,53.29863475,338.2513,MaxWater_noSMSCG,1930,2
3/31/1930,4,42.260599,240.9211,MaxWater_noSMSCG,1930,3
4/30/1930,4,32.85586975,236.07266,MaxWater_noSMSCG,1930,4
5/31/1930,4,30.25139155,243.71506,MaxWater_noSMSCG,1930,5
6/30/1930,4,29.873319,282.04562,MaxWater_noSMSCG,1930,6
7/31/1930,4,29.1634005,449.89114,MaxWater_noSMSCG,1930,7
8/31/1930,4,58.0797805,1044.7167,MaxWater_noSMSCG,1930,8
9/30/1930,4,108.999391,1536.3131,MaxWater_noSMSCG,1930,9
10/31/1930,4,149.9371188,1748.0022,MaxWater_noSMSCG,1930,10
11/30/1930,4,171.3728665,1711.6208,MaxWater_noSMSCG,1930,11
12/31/1930,4,178.481043,1807.3173,MaxWater_noSMSCG,1930,12
1/31/1931,4,197.7992208,1795.3292,MaxWater_noSMSCG,1931,1
2/28/1931,5,177.535222,1043.5807,MaxWater_noSMSCG,1931,2
3/31/1931,5,76.481803,505.82208,MaxWater_noSMSCG,1931,3
4/30/1931,5,70.4479255,507.7972,MaxWater_noSMSCG,1931,4
5/31/1931,5,78.93486925,778.53674,MaxWater_noSMSCG,1931,5
6/30/1931,5,101.3688865,1283.8606,MaxWater_noSMSCG,1931,6
7/31/1931,5,155.7947181,1414.2594,MaxWater_noSMSCG,1931,7
8/31/1931,5,142.441311,1508.4907,MaxWater_noSMSCG,1931,8
9/30/1931,5,175.1173846,1735.742,MaxWater_noSMSCG,1931,9
10/31/1931,5,204.3254785,1631.1564,MaxWater_noSMSCG,1931,10
11/30/1931,5,220.0072501,2003.3972,MaxWater_noSMSCG,1931,11
12/31/1931,5,226.8395665,1773.9335,MaxWater_noSMSCG,1931,12
1/31/1932,5,121.0701528,667.9407,MaxWater_noSMSCG,1932,1
2/29/1932,4,38.9634454,265.21964,MaxWater_noSMSCG,1932,2
3/31/1932,4,40.4343247,245.69261,MaxWater_noSMSCG,1932,3
4/30/1932,5,32.7953443,247.10452,MaxWater_noSMSCG,1932,4
5/31/1932,5,36.905164,282.53998,MaxWater_noSMSCG,1932,5
6/30/1932,5,31.3682752,276.8982,MaxWater_noSMSCG,1932,6
7/31/1932,5,43.1541823,398.96323,MaxWater_noSMSCG,1932,7
8/31/1932,5,64.70706505,933.9106,MaxWater_noSMSCG,1932,8
9/30/1932,5,127.7851375,1403.2739,MaxWater_noSMSCG,1932,9
10/31/1932,5,188.712181,2137.7048,MaxWater_noSMSCG,1932,10
11/30/1932,5,226.110052,2161.0632,MaxWater_noSMSCG,1932,11
12/31/1932,5,216.1081908,2246.5435,MaxWater_noSMSCG,1932,12
1/31/1933,5,207.4044019,1527.4618,MaxWater_noSMSCG,1933,1
2/28/1933,5,116.8173115,793.8339,MaxWater_noSMSCG,1933,2
3/31/1933,5,71.4392239,458.72476,MaxWater_noSMSCG,1933,3
4/30/1933,5,55.2083143,357.84537,MaxWater_noSMSCG,1933,4
5/31/1933,5,66.62545705,401.45853,MaxWater_noSMSCG,1933,5
6/30/1933,5,66.8739685,690.8803,MaxWater_noSMSCG,1933,6
7/31/1933,5,111.3116245,1271.4413,MaxWater_noSMSCG,1933,7
8/31/1933,5,176.0235079,1701.0724,MaxWater_noSMSCG,1933,8
9/30/1933,5,171.5512195,1687.5402,MaxWater_noSMSCG,1933,9
10/31/1933,5,187.951972,1661.6724,MaxWater_noSMSCG,1933,10
11/30/1933,5,203.275225,2086.5972,MaxWater_noSMSCG,1933,11
12/31/1933,5,225.0681405,1942.0648,MaxWater_noSMSCG,1933,12
1/31/1934,5,222.508165,1411.3174,MaxWater_noSMSCG,1934,1
2/28/1934,5,94.692049,535.8502,MaxWater_noSMSCG,1934,2
3/31/1934,5,41.31293695,289.00845,MaxWater_noSMSCG,1934,3
4/30/1934,5,28.87803,269.41086,MaxWater_noSMSCG,1934,4
5/31/1934,5,46.82967055,380.4418,MaxWater_noSMSCG,1934,5
6/30/1934,5,57.0275548,916.3576,MaxWater_noSMSCG,1934,6
7/31/1934,5,131.110603,1456.8507,MaxWater_noSMSCG,1934,7
8/31/1934,5,155.5779385,1596.9009,MaxWater_noSMSCG,1934,8
9/30/1934,5,166.9199809,1693.3539,MaxWater_noSMSCG,1934,9
10/31/1934,5,193.5218011,1947.3899,MaxWater_noSMSCG,1934,10
11/30/1934,5,226.8519469,2163.6343,MaxWater_noSMSCG,1934,11
12/31/1934,5,226.0576975,1824.5643,MaxWater_noSMSCG,1934,12
1/31/1935,5,208.378435,1612.95,MaxWater_noSMSCG,1935,1
2/28/1935,4,120.6635461,608.93335,MaxWater_noSMSCG,1935,2
3/31/1935,4,41.3578501,248.95761,MaxWater_noSMSCG,1935,3
4/30/1935,4,29.28504,252.05815,MaxWater_noSMSCG,1935,4
5/31/1935,3,27.0041205,236.04674,MaxWater_noSMSCG,1935,5
6/30/1935,3,25.9259925,226.56593,MaxWater_noSMSCG,1935,6
7/31/1935,3,22.9425135,287.16452,MaxWater_noSMSCG,1935,7
8/31/1935,3,31.1473147,736.37494,MaxWater_noSMSCG,1935,8
9/30/1935,3,79.6288243,1243.7166,MaxWater_noSMSCG,1935,9
10/31/1935,3,148.4096185,1712.8005,MaxWater_noSMSCG,1935,10
11/30/1935,3,134.6454295,1629.8047,MaxWater_noSMSCG,1935,11
12/31/1935,3,157.0092655,1775.4666,MaxWater_noSMSCG,1935,12
1/31/1936,3,174.4638055,1508.6874,MaxWater_noSMSCG,1936,1
2/29/1936,3,87.8827606,488.6093,MaxWater_noSMSCG,1936,2
3/31/1936,2,42.23157745,227.52638,MaxWater_noSMSCG,1936,3
4/30/1936,3,29.07015,228.62207,MaxWater_noSMSCG,1936,4
5/31/1936,3,29.258583,205.96793,MaxWater_noSMSCG,1936,5
6/30/1936,3,27.3159255,239.43045,MaxWater_noSMSCG,1936,6
7/31/1936,3,29.2025475,383.8356,MaxWater_noSMSCG,1936,7
8/31/1936,3,35.4519775,733.1554,MaxWater_noSMSCG,1936,8
9/30/1936,3,80.4104539,1285.4645,MaxWater_noSMSCG,1936,9
10/31/1936,3,157.4658754,1726.9264,MaxWater_noSMSCG,1936,10
11/30/1936,3,150.1889989,1743.5455,MaxWater_noSMSCG,1936,11
12/31/1936,3,164.7714001,1761.487,MaxWater_noSMSCG,1936,12
1/31/1937,3,209.2347916,1449.7706,MaxWater_noSMSCG,1937,1
2/28/1937,4,133.1142955,911.0827,MaxWater_noSMSCG,1937,2
3/31/1937,4,72.1521571,323.58914,MaxWater_noSMSCG,1937,3
4/30/1937,4,45.3163063,242.24033,MaxWater_noSMSCG,1937,4
5/31/1937,3,32.83572595,220.84995,MaxWater_noSMSCG,1937,5
6/30/1937,3,25.241805,236.7698,MaxWater_noSMSCG,1937,6
7/31/1937,3,24.9594435,298.61746,MaxWater_noSMSCG,1937,7
8/31/1937,3,32.6508436,750.41077,MaxWater_noSMSCG,1937,8
9/30/1937,3,88.9711243,1301.6959,MaxWater_noSMSCG,1937,9
10/31/1937,3,148.1846595,1727.9218,MaxWater_noSMSCG,1937,10
11/30/1937,3,157.6101139,1677.1614,MaxWater_noSMSCG,1937,11
12/31/1937,3,142.5709204,1262.3136,MaxWater_noSMSCG,1937,12
1/31/1938,3,49.25608645,303.61746,MaxWater_noSMSCG,1938,1
2/28/1938,2,26.5341525,209.72356,MaxWater_noSMSCG,1938,2
3/31/1938,1,24.218481,213.70602,MaxWater_noSMSCG,1938,3
4/30/1938,1,15.920343,182.78693,MaxWater_noSMSCG,1938,4
5/31/1938,1,15.869721,173.16777,MaxWater_noSMSCG,1938,5
6/30/1938,1,14.077377,175.77768,MaxWater_noSMSCG,1938,6
7/31/1938,1,20.196789,211.78473,MaxWater_noSMSCG,1938,7
8/31/1938,1,25.5009225,303.96756,MaxWater_noSMSCG,1938,8
9/30/1938,1,37.6791613,794.11676,MaxWater_noSMSCG,1938,9
10/31/1938,1,110.968342,1788.3224,MaxWater_noSMSCG,1938,10
11/30/1938,1,132.0319396,1751.1877,MaxWater_noSMSCG,1938,11
12/31/1938,1,139.7696155,1789.414,MaxWater_noSMSCG,1938,12
1/31/1939,1,218.012461,1769.1531,MaxWater_noSMSCG,1939,1
2/28/1939,4,163.1504626,1326.0112,MaxWater_noSMSCG,1939,2
3/31/1939,4,108.2705035,743.6403,MaxWater_noSMSCG,1939,3
4/30/1939,4,69.655084,388.54218,MaxWater_noSMSCG,1939,4
5/31/1939,4,45.7951633,305.42325,MaxWater_noSMSCG,1939,5
6/30/1939,4,39.8538595,320.74625,MaxWater_noSMSCG,1939,6
7/31/1939,4,43.35960175,455.00897,MaxWater_noSMSCG,1939,7
8/31/1939,4,56.17393705,778.55927,MaxWater_noSMSCG,1939,8
9/30/1939,4,82.3168246,1191.8091,MaxWater_noSMSCG,1939,9
10/31/1939,4,145.1793031,1914.7498,MaxWater_noSMSCG,1939,10
11/30/1939,4,198.5595295,1988.4146,MaxWater_noSMSCG,1939,11
12/31/1939,4,214.5212253,2019.6815,MaxWater_noSMSCG,1939,12
1/31/1940,4,220.620097,1847.8083,MaxWater_noSMSCG,1940,1
2/29/1940,4,126.5918995,546.88544,MaxWater_noSMSCG,1940,2
3/31/1940,2,53.2989853,233.793,MaxWater_noSMSCG,1940,3
4/30/1940,2,36.1227763,223.55515,MaxWater_noSMSCG,1940,4
5/31/1940,2,32.4178447,216.30478,MaxWater_noSMSCG,1940,5
6/30/1940,2,25.251576,219.54002,MaxWater_noSMSCG,1940,6
7/31/1940,2,23.69277,281.46646,MaxWater_noSMSCG,1940,7
8/31/1940,2,24.8033025,447.77463,MaxWater_noSMSCG,1940,8
9/30/1940,2,52.3549741,1094.8303,MaxWater_noSMSCG,1940,9
10/31/1940,2,159.3647905,1707.5331,MaxWater_noSMSCG,1940,10
11/30/1940,2,139.1805091,1706.5345,MaxWater_noSMSCG,1940,11
12/31/1940,2,170.4250135,1759.2177,MaxWater_noSMSCG,1940,12
1/31/1941,2,101.646904,507.8065,MaxWater_noSMSCG,1941,1
2/28/1941,1,34.4318428,222.46939,MaxWater_noSMSCG,1941,2
3/31/1941,1,32.9271055,206.53264,MaxWater_noSMSCG,1941,3
4/30/1941,1,28.878369,211.11655,MaxWater_noSMSCG,1941,4
5/31/1941,1,26.5225755,184.09613,MaxWater_noSMSCG,1941,5
6/30/1941,1,19.071597,187.95755,MaxWater_noSMSCG,1941,6
7/31/1941,1,19.0537395,202.17218,MaxWater_noSMSCG,1941,7
8/31/1941,1,24.32526,353.90115,MaxWater_noSMSCG,1941,8
9/30/1941,1,45.4947505,787.37585,MaxWater_noSMSCG,1941,9
10/31/1941,1,113.2941814,1783.4907,MaxWater_noSMSCG,1941,10
11/30/1941,1,145.1674015,1799.1151,MaxWater_noSMSCG,1941,11
12/31/1941,1,162.301935,1782.9213,MaxWater_noSMSCG,1941,12
1/31/1942,1,75.15921775,473.09778,MaxWater_noSMSCG,1942,1
2/28/1942,1,27.7648725,205.7517,MaxWater_noSMSCG,1942,2
3/31/1942,1,26.2462305,206.26482,MaxWater_noSMSCG,1942,3
4/30/1942,1,28.229586,205.91728,MaxWater_noSMSCG,1942,4
5/31/1942,1,28.926411,215.00569,MaxWater_noSMSCG,1942,5
6/30/1942,1,23.2529475,201.10356,MaxWater_noSMSCG,1942,6
7/31/1942,1,19.8944595,209.6292,MaxWater_noSMSCG,1942,7
8/31/1942,1,24.5133735,433.82825,MaxWater_noSMSCG,1942,8
9/30/1942,1,57.776683,972.07263,MaxWater_noSMSCG,1942,9
10/31/1942,1,126.5671615,1738.4382,MaxWater_noSMSCG,1942,10
11/30/1942,1,117.3393574,1403.4249,MaxWater_noSMSCG,1942,11
12/31/1942,1,118.1196618,1420.5455,MaxWater_noSMSCG,1942,12
1/31/1943,1,94.24105075,558.29834,MaxWater_noSMSCG,1943,1
2/28/1943,1,32.1919537,206.73976,MaxWater_noSMSCG,1943,2
3/31/1943,1,24.0289335,209.71877,MaxWater_noSMSCG,1943,3
4/30/1943,1,22.4261235,195.90443,MaxWater_noSMSCG,1943,4
5/31/1943,1,20.4792435,206.35541,MaxWater_noSMSCG,1943,5
6/30/1943,1,21.3217005,220.17545,MaxWater_noSMSCG,1943,6
7/31/1943,1,24.342231,297.35776,MaxWater_noSMSCG,1943,7
8/31/1943,1,24.125034,446.5084,MaxWater_noSMSCG,1943,8
9/30/1943,1,50.6919535,862.06433,MaxWater_noSMSCG,1943,9
10/31/1943,1,131.3289529,1701.7268,MaxWater_noSMSCG,1943,10
11/30/1943,1,144.9842691,1716.1132,MaxWater_noSMSCG,1943,11
12/31/1943,1,155.0266345,1742.947,MaxWater_noSMSCG,1943,12
1/31/1944,1,202.8668599,1423.2356,MaxWater_noSMSCG,1944,1
2/29/1944,4,149.90356,1395.6866,MaxWater_noSMSCG,1944,2
3/31/1944,4,99.9113224,550.73,MaxWater_noSMSCG,1944,3
4/30/1944,4,40.19807395,244.68631,MaxWater_noSMSCG,1944,4
5/31/1944,4,35.676301,251.06152,MaxWater_noSMSCG,1944,5
6/30/1944,4,48.65208595,295.06924,MaxWater_noSMSCG,1944,6
7/31/1944,4,35.0889559,391.94012,MaxWater_noSMSCG,1944,7
8/31/1944,4,45.8041237,845.7965,MaxWater_noSMSCG,1944,8
9/30/1944,4,91.401439,1210.5786,MaxWater_noSMSCG,1944,9
10/31/1944,4,138.3326056,1833.3947,MaxWater_noSMSCG,1944,10
11/30/1944,4,183.6145741,1834.5574,MaxWater_noSMSCG,1944,11
12/31/1944,4,155.8999315,1732.709,MaxWater_noSMSCG,1944,12
1/31/1945,4,136.6784485,926.1023,MaxWater_noSMSCG,1945,1
2/28/1945,4,56.9461018,551.9425,MaxWater_noSMSCG,1945,2
3/31/1945,4,47.1736399,314.57257,MaxWater_noSMSCG,1945,3
4/30/1945,3,39.2947408,242.61412,MaxWater_noSMSCG,1945,4
5/31/1945,4,30.122031,240.08282,MaxWater_noSMSCG,1945,5
6/30/1945,4,28.2825855,271.5595,MaxWater_noSMSCG,1945,6
7/31/1945,4,29.8609725,425.92932,MaxWater_noSMSCG,1945,7
8/31/1945,4,66.302344,1086.4828,MaxWater_noSMSCG,1945,8
9/30/1945,4,119.2062385,1637.822,MaxWater_noSMSCG,1945,9
10/31/1945,4,135.3717235,1717.5488,MaxWater_noSMSCG,1945,10
11/30/1945,4,145.702432,1679.1278,MaxWater_noSMSCG,1945,11
12/31/1945,4,143.217859,1793.4525,MaxWater_noSMSCG,1945,12
1/31/1946,4,74.25544,434.41644,MaxWater_noSMSCG,1946,1
2/28/1946,2,24.24126,194.66878,MaxWater_noSMSCG,1946,2
3/31/1946,2,26.2965975,218.26195,MaxWater_noSMSCG,1946,3
4/30/1946,2,28.9762395,236.20152,MaxWater_noSMSCG,1946,4
5/31/1946,3,28.915251,236.08463,MaxWater_noSMSCG,1946,5
6/30/1946,3,27.101685,255.0261,MaxWater_noSMSCG,1946,6
7/31/1946,3,28.5129495,374.9898,MaxWater_noSMSCG,1946,7
8/31/1946,3,41.959468,768.63074,MaxWater_noSMSCG,1946,8
9/30/1946,3,88.7008075,1330.8167,MaxWater_noSMSCG,1946,9
10/31/1946,3,150.521896,1705.5284,MaxWater_noSMSCG,1946,10
11/30/1946,3,142.1940906,1727.2183,MaxWater_noSMSCG,1946,11
12/31/1946,3,157.3294459,1729.4509,MaxWater_noSMSCG,1946,12
1/31/1947,3,215.1160915,1518.7059,MaxWater_noSMSCG,1947,1
2/28/1947,4,162.905032,1298.4133,MaxWater_noSMSCG,1947,2
3/31/1947,4,139.8803665,662.16095,MaxWater_noSMSCG,1947,3
4/30/1947,5,46.23485845,269.36728,MaxWater_noSMSCG,1947,4
5/31/1947,5,34.89181855,277.14688,MaxWater_noSMSCG,1947,5
6/30/1947,5,35.75485555,413.47812,MaxWater_noSMSCG,1947,6
7/31/1947,5,47.87380795,467.39737,MaxWater_noSMSCG,1947,7
8/31/1947,5,48.92439775,694.43005,MaxWater_noSMSCG,1947,8
9/30/1947,5,83.3129395,1126.878,MaxWater_noSMSCG,1947,9
10/31/1947,5,141.1884025,1844.7003,MaxWater_noSMSCG,1947,10
11/30/1947,5,193.756396,2154.6638,MaxWater_noSMSCG,1947,11
12/31/1947,5,192.9046621,2213.9128,MaxWater_noSMSCG,1947,12
1/31/1948,5,225.160908,1619.2579,MaxWater_noSMSCG,1948,1
2/29/1948,5,144.2718175,1179.6267,MaxWater_noSMSCG,1948,2
3/31/1948,5,90.5305018,632.49115,MaxWater_noSMSCG,1948,3
4/30/1948,5,52.82821375,375.8384,MaxWater_noSMSCG,1948,4
5/31/1948,3,31.53144055,244.30936,MaxWater_noSMSCG,1948,5
6/30/1948,3,26.758605,222.14323,MaxWater_noSMSCG,1948,6
7/31/1948,3,22.0151475,242.92886,MaxWater_noSMSCG,1948,7
8/31/1948,3,31.98919045,757.2726,MaxWater_noSMSCG,1948,8
9/30/1948,3,100.130134,1271.1533,MaxWater_noSMSCG,1948,9
10/31/1948,3,151.3307403,1675.5964,MaxWater_noSMSCG,1948,10
11/30/1948,3,164.333224,1711.0125,MaxWater_noSMSCG,1948,11
12/31/1948,3,169.3230325,1762.9329,MaxWater_noSMSCG,1948,12
1/31/1949,3,202.2568345,1391.3441,MaxWater_noSMSCG,1949,1
2/28/1949,5,148.134964,1175.5399,MaxWater_noSMSCG,1949,2
3/31/1949,5,131.369212,702.3065,MaxWater_noSMSCG,1949,3
4/30/1949,4,44.642572,266.76324,MaxWater_noSMSCG,1949,4
5/31/1949,4,26.994882,241.88354,MaxWater_noSMSCG,1949,5
6/30/1949,4,27.603378,273.28027,MaxWater_noSMSCG,1949,6
7/31/1949,4,25.405104,400.62534,MaxWater_noSMSCG,1949,7
8/31/1949,4,34.7442313,630.4603,MaxWater_noSMSCG,1949,8
9/30/1949,4,65.2106401,996.414,MaxWater_noSMSCG,1949,9
10/31/1949,4,132.9349849,1877.5237,MaxWater_noSMSCG,1949,10
11/30/1949,4,178.232161,1807.999,MaxWater_noSMSCG,1949,11
12/31/1949,4,167.9373454,1792.4491,MaxWater_noSMSCG,1949,12
1/31/1950,4,194.8340665,1697.4906,MaxWater_noSMSCG,1950,1
2/28/1950,4,115.7282838,642.1439,MaxWater_noSMSCG,1950,2
3/31/1950,4,39.9008788,258.59756,MaxWater_noSMSCG,1950,3
4/30/1950,4,26.9380695,242.71614,MaxWater_noSMSCG,1950,4
5/31/1950,4,28.046328,244.78282,MaxWater_noSMSCG,1950,5
6/30/1950,4,26.2025475,260.1263,MaxWater_noSMSCG,1950,6
7/31/1950,4,25.4793255,333.8296,MaxWater_noSMSCG,1950,7
8/31/1950,4,49.39929895,956.79346,MaxWater_noSMSCG,1950,8
9/30/1950,4,112.3712545,1441.7614,MaxWater_noSMSCG,1950,9
10/31/1950,4,143.3117095,1769.121,MaxWater_noSMSCG,1950,10
11/30/1950,4,160.9908723,1715.6166,MaxWater_noSMSCG,1950,11
12/31/1950,4,53.5086199,504.23947,MaxWater_noSMSCG,1950,12
1/31/1951,4,28.137075,187.11496,MaxWater_noSMSCG,1951,1
2/28/1951,1,24.772446,192.89415,MaxWater_noSMSCG,1951,2
3/31/1951,1,25.121454,199.29163,MaxWater_noSMSCG,1951,3
4/30/1951,1,23.853816,221.9934,MaxWater_noSMSCG,1951,4
5/31/1951,1,26.8754655,242.37778,MaxWater_noSMSCG,1951,5
6/30/1951,1,28.0547745,266.3036,MaxWater_noSMSCG,1951,6
7/31/1951,1,27.7916745,306.2747,MaxWater_noSMSCG,1951,7
8/31/1951,1,26.212518,447.7929,MaxWater_noSMSCG,1951,8
9/30/1951,1,68.62724005,1175.8718,MaxWater_noSMSCG,1951,9
10/31/1951,1,150.682579,1721.1881,MaxWater_noSMSCG,1951,10
11/30/1951,1,163.9671244,1717.6434,MaxWater_noSMSCG,1951,11
12/31/1951,1,143.7565945,1773.9149,MaxWater_noSMSCG,1951,12
1/31/1952,1,104.376463,543.3086,MaxWater_noSMSCG,1952,1
2/29/1952,1,36.282268,221.1093,MaxWater_noSMSCG,1952,2
3/31/1952,1,29.0271195,230.06374,MaxWater_noSMSCG,1952,3
4/30/1952,1,33.7622296,213.60481,MaxWater_noSMSCG,1952,4
5/31/1952,1,25.8234285,200.98225,MaxWater_noSMSCG,1952,5
6/30/1952,1,18.4890495,178.08452,MaxWater_noSMSCG,1952,6
7/31/1952,1,16.8843975,176.65253,MaxWater_noSMSCG,1952,7
8/31/1952,1,21.668595,263.4506,MaxWater_noSMSCG,1952,8
9/30/1952,1,47.59906225,746.7878,MaxWater_noSMSCG,1952,9
10/31/1952,1,125.633074,1732.5469,MaxWater_noSMSCG,1952,10
11/30/1952,1,130.6661854,1745.6971,MaxWater_noSMSCG,1952,11
12/31/1952,1,124.3296265,1718.6057,MaxWater_noSMSCG,1952,12
1/31/1953,1,96.69179995,666.849,MaxWater_noSMSCG,1953,1
2/28/1953,1,26.972205,203.15376,MaxWater_noSMSCG,1953,2
3/31/1953,2,24.245466,217.8024,MaxWater_noSMSCG,1953,3
4/30/1953,2,28.8449205,241.47226,MaxWater_noSMSCG,1953,4
5/31/1953,2,30.4474858,238.78326,MaxWater_noSMSCG,1953,5
6/30/1953,2,27.41085,221.77261,MaxWater_noSMSCG,1953,6
7/31/1953,2,23.9397585,227.19167,MaxWater_noSMSCG,1953,7
8/31/1953,2,24.126183,450.28226,MaxWater_noSMSCG,1953,8
9/30/1953,2,77.024728,1149.0787,MaxWater_noSMSCG,1953,9
10/31/1953,2,134.1802411,1763.7618,MaxWater_noSMSCG,1953,10
11/30/1953,2,141.016405,1782.7795,MaxWater_noSMSCG,1953,11
12/31/1953,2,189.3134455,1743.8152,MaxWater_noSMSCG,1953,12
1/31/1954,2,168.9863193,1353.899,MaxWater_noSMSCG,1954,1
2/28/1954,3,82.1757268,477.25958,MaxWater_noSMSCG,1954,2
3/31/1954,3,24.4954635,231.54152,MaxWater_noSMSCG,1954,3
4/30/1954,2,23.2847115,239.71503,MaxWater_noSMSCG,1954,4
5/31/1954,2,26.8866255,232.49922,MaxWater_noSMSCG,1954,5
6/30/1954,2,26.458497,235.939,MaxWater_noSMSCG,1954,6
7/31/1954,2,24.2988165,309.4244,MaxWater_noSMSCG,1954,7
8/31/1954,2,25.26663,454.83194,MaxWater_noSMSCG,1954,8
9/30/1954,2,45.90088975,919.7802,MaxWater_noSMSCG,1954,9
10/31/1954,2,148.866502,1673.2273,MaxWater_noSMSCG,1954,10
11/30/1954,2,155.0119285,1727.3508,MaxWater_noSMSCG,1954,11
12/31/1954,2,171.9288246,1766.6304,MaxWater_noSMSCG,1954,12
1/31/1955,2,165.592639,918.64215,MaxWater_noSMSCG,1955,1
2/28/1955,3,50.69441875,380.88855,MaxWater_noSMSCG,1955,2
3/31/1955,4,35.90503345,295.42072,MaxWater_noSMSCG,1955,3
4/30/1955,4,33.7257154,299.84155,MaxWater_noSMSCG,1955,4
5/31/1955,4,43.5704989,299.29742,MaxWater_noSMSCG,1955,5
6/30/1955,4,39.27511855,308.1608,MaxWater_noSMSCG,1955,6
7/31/1955,4,32.3444572,373.93,MaxWater_noSMSCG,1955,7
8/31/1955,4,34.0784485,662.9535,MaxWater_noSMSCG,1955,8
9/30/1955,4,74.1724594,1120.8488,MaxWater_noSMSCG,1955,9
10/31/1955,4,139.409233,1789.9868,MaxWater_noSMSCG,1955,10
11/30/1955,4,175.340437,1727.5479,MaxWater_noSMSCG,1955,11
12/31/1955,4,165.6928336,1789.2253,MaxWater_noSMSCG,1955,12
1/31/1956,4,80.4384865,445.1707,MaxWater_noSMSCG,1956,1
2/29/1956,1,26.294328,190.47656,MaxWater_noSMSCG,1956,2
3/31/1956,1,25.541757,183.02977,MaxWater_noSMSCG,1956,3
4/30/1956,1,19.978572,201.3648,MaxWater_noSMSCG,1956,4
5/31/1956,1,22.396569,232.82343,MaxWater_noSMSCG,1956,5
6/30/1956,1,22.941555,231.95491,MaxWater_noSMSCG,1956,6
7/31/1956,1,22.438332,221.77426,MaxWater_noSMSCG,1956,7
8/31/1956,1,26.02539,364.82785,MaxWater_noSMSCG,1956,8
9/30/1956,1,45.15689725,845.4771,MaxWater_noSMSCG,1956,9
10/31/1956,1,111.5313025,1786.487,MaxWater_noSMSCG,1956,10
11/30/1956,1,135.6965665,1795.7133,MaxWater_noSMSCG,1956,11
12/31/1956,1,151.1356891,1745.0844,MaxWater_noSMSCG,1956,12
1/31/1957,1,217.281399,1740.7943,MaxWater_noSMSCG,1957,1
2/28/1957,3,199.3714945,1692.3705,MaxWater_noSMSCG,1957,2
3/31/1957,3,144.944332,780.10297,MaxWater_noSMSCG,1957,3
4/30/1957,3,45.6973855,251.42062,MaxWater_noSMSCG,1957,4
5/31/1957,3,30.7824634,241.09169,MaxWater_noSMSCG,1957,5
6/30/1957,3,28.611951,241.78519,MaxWater_noSMSCG,1957,6
7/31/1957,3,24.640467,277.0727,MaxWater_noSMSCG,1957,7
8/31/1957,3,39.4582966,771.0692,MaxWater_noSMSCG,1957,8
9/30/1957,3,87.93269545,1294.7491,MaxWater_noSMSCG,1957,9
10/31/1957,3,140.6857879,1658.873,MaxWater_noSMSCG,1957,10
11/30/1957,3,202.884775,1649.2057,MaxWater_noSMSCG,1957,11
12/31/1957,3,189.2405425,1399.3966,MaxWater_noSMSCG,1957,12
1/31/1958,3,163.079167,847.5957,MaxWater_noSMSCG,1958,1
2/28/1958,2,31.59659155,237.34822,MaxWater_noSMSCG,1958,2
3/31/1958,1,33.5625244,237.17296,MaxWater_noSMSCG,1958,3
4/30/1958,1,29.04528,207.4292,MaxWater_noSMSCG,1958,4
5/31/1958,1,34.7021995,189.29643,MaxWater_noSMSCG,1958,5
6/30/1958,1,22.028916,179.23122,MaxWater_noSMSCG,1958,6
7/31/1958,1,20.0046315,177.26347,MaxWater_noSMSCG,1958,7
8/31/1958,1,23.0954205,351.6839,MaxWater_noSMSCG,1958,8
9/30/1958,1,50.82363775,843.82056,MaxWater_noSMSCG,1958,9
10/31/1958,1,85.8096934,1179.223,MaxWater_noSMSCG,1958,10
11/30/1958,1,71.34954295,1150.3964,MaxWater_noSMSCG,1958,11
12/31/1958,1,152.7022885,1766.5886,MaxWater_noSMSCG,1958,12
1/31/1959,1,185.506843,1563.4761,MaxWater_noSMSCG,1959,1
2/28/1959,3,105.2186665,612.3884,MaxWater_noSMSCG,1959,2
3/31/1959,3,37.9769122,244.31306,MaxWater_noSMSCG,1959,3
4/30/1959,3,29.9568645,239.67796,MaxWater_noSMSCG,1959,4
5/31/1959,3,29.261064,252.88332,MaxWater_noSMSCG,1959,5
6/30/1959,3,28.121658,319.55664,MaxWater_noSMSCG,1959,6
7/31/1959,3,29.3962425,411.52478,MaxWater_noSMSCG,1959,7
8/31/1959,3,43.008724,746.87067,MaxWater_noSMSCG,1959,8
9/30/1959,3,83.43693445,1288.5494,MaxWater_noSMSCG,1959,9
10/31/1959,3,139.6270585,1697.8864,MaxWater_noSMSCG,1959,10
11/30/1959,3,109.2716515,1072.4358,MaxWater_noSMSCG,1959,11
12/31/1959,3,120.5392234,1372.0745,MaxWater_noSMSCG,1959,12
1/31/1960,3,186.015112,1701.2294,MaxWater_noSMSCG,1960,1
2/29/1960,5,171.5195275,1318.3933,MaxWater_noSMSCG,1960,2
3/31/1960,4,93.2201266,467.6732,MaxWater_noSMSCG,1960,3
4/30/1960,4,34.57230505,244.30168,MaxWater_noSMSCG,1960,4
5/31/1960,4,28.294977,247.01138,MaxWater_noSMSCG,1960,5
6/30/1960,4,28.487415,298.1053,MaxWater_noSMSCG,1960,6
7/31/1960,4,30.09057,496.1603,MaxWater_noSMSCG,1960,7
8/31/1960,4,88.5806686,1478.3043,MaxWater_noSMSCG,1960,8
9/30/1960,4,149.7146335,1615.1604,MaxWater_noSMSCG,1960,9
10/31/1960,4,159.2230315,1776.4556,MaxWater_noSMSCG,1960,10
11/30/1960,4,162.9504724,1686.3453,MaxWater_noSMSCG,1960,11
12/31/1960,4,165.450823,1692.978,MaxWater_noSMSCG,1960,12
1/31/1961,4,171.9157345,1219.473,MaxWater_noSMSCG,1961,1
2/28/1961,4,91.3657228,804.6759,MaxWater_noSMSCG,1961,2
3/31/1961,4,57.8938864,447.35352,MaxWater_noSMSCG,1961,3
4/30/1961,4,28.2988125,244.00758,MaxWater_noSMSCG,1961,4
5/31/1961,4,28.2858075,260.987,MaxWater_noSMSCG,1961,5
6/30/1961,4,30.7354783,318.65656,MaxWater_noSMSCG,1961,6
7/31/1961,4,29.9470005,439.97137,MaxWater_noSMSCG,1961,7
8/31/1961,4,53.85500605,897.31415,MaxWater_noSMSCG,1961,8
9/30/1961,4,93.4566595,1252.0735,MaxWater_noSMSCG,1961,9
10/31/1961,4,145.4336371,1860.6605,MaxWater_noSMSCG,1961,10
11/30/1961,4,196.116367,1815.6509,MaxWater_noSMSCG,1961,11
12/31/1961,4,178.9507885,1783.2368,MaxWater_noSMSCG,1961,12
1/31/1962,4,195.5717035,1323.8397,MaxWater_noSMSCG,1962,1
2/28/1962,4,106.0252165,995.81824,MaxWater_noSMSCG,1962,2
3/31/1962,3,93.8905435,447.12402,MaxWater_noSMSCG,1962,3
4/30/1962,3,44.49396445,241.53381,MaxWater_noSMSCG,1962,4
5/31/1962,3,28.97676,242.59714,MaxWater_noSMSCG,1962,5
6/30/1962,3,26.50794,272.5585,MaxWater_noSMSCG,1962,6
7/31/1962,3,27.139407,368.0937,MaxWater_noSMSCG,1962,7
8/31/1962,3,40.99489405,771.0089,MaxWater_noSMSCG,1962,8
9/30/1962,3,89.72353855,1296.9828,MaxWater_noSMSCG,1962,9
10/31/1962,3,169.6140175,1728.034,MaxWater_noSMSCG,1962,10
11/30/1962,3,89.3170915,735.69604,MaxWater_noSMSCG,1962,11
12/31/1962,3,18.8804145,383.56723,MaxWater_noSMSCG,1962,12
1/31/1963,3,39.2774071,463.4436,MaxWater_noSMSCG,1963,1
2/28/1963,2,24.1503015,267.9776,MaxWater_noSMSCG,1963,2
3/31/1963,3,29.465163,255.66664,MaxWater_noSMSCG,1963,3
4/30/1963,2,27.626637,239.70683,MaxWater_noSMSCG,1963,4
5/31/1963,1,28.219482,219.77322,MaxWater_noSMSCG,1963,5
6/30/1963,1,25.647786,214.24281,MaxWater_noSMSCG,1963,6
7/31/1963,1,22.086561,227.58252,MaxWater_noSMSCG,1963,7
8/31/1963,1,25.256694,448.3539,MaxWater_noSMSCG,1963,8
9/30/1963,1,76.9103746,1129.7191,MaxWater_noSMSCG,1963,9
10/31/1963,1,146.0622445,1767.3472,MaxWater_noSMSCG,1963,10
11/30/1963,1,145.3959715,1757.2135,MaxWater_noSMSCG,1963,11
12/31/1963,1,143.3785135,1014.5019,MaxWater_noSMSCG,1963,12
1/31/1964,1,96.232873,748.27136,MaxWater_noSMSCG,1964,1
2/29/1964,3,99.57975625,699.3208,MaxWater_noSMSCG,1964,2
3/31/1964,3,36.32611525,310.16437,MaxWater_noSMSCG,1964,3
4/30/1964,4,33.824884,324.35272,MaxWater_noSMSCG,1964,4
5/31/1964,4,38.7675079,326.46982,MaxWater_noSMSCG,1964,5
6/30/1964,4,37.1377069,322.99304,MaxWater_noSMSCG,1964,6
7/31/1964,4,31.84169725,384.11478,MaxWater_noSMSCG,1964,7
8/31/1964,4,68.00813455,1279.0873,MaxWater_noSMSCG,1964,8
9/30/1964,4,138.8426616,1575.5876,MaxWater_noSMSCG,1964,9
10/31/1964,4,146.2350115,1776.2092,MaxWater_noSMSCG,1964,10
11/30/1964,4,169.210771,1719.0382,MaxWater_noSMSCG,1964,11
12/31/1964,4,169.5823939,1702.7578,MaxWater_noSMSCG,1964,12
1/31/1965,4,62.7550288,361.41656,MaxWater_noSMSCG,1965,1
2/28/1965,1,21.5251905,203.60533,MaxWater_noSMSCG,1965,2
3/31/1965,1,25.9768815,216.8983,MaxWater_noSMSCG,1965,3
4/30/1965,1,28.18497,223.75107,MaxWater_noSMSCG,1965,4
5/31/1965,1,27.8257275,220.13785,MaxWater_noSMSCG,1965,5
6/30/1965,1,23.138313,215.39726,MaxWater_noSMSCG,1965,6
7/31/1965,1,24.286407,275.68756,MaxWater_noSMSCG,1965,7
8/31/1965,1,26.803881,450.17184,MaxWater_noSMSCG,1965,8
9/30/1965,1,47.73884905,823.42694,MaxWater_noSMSCG,1965,9
10/31/1965,1,129.6187791,1720.9282,MaxWater_noSMSCG,1965,10
11/30/1965,1,129.6527511,1485.5857,MaxWater_noSMSCG,1965,11
12/31/1965,1,93.983995,975.79535,MaxWater_noSMSCG,1965,12
1/31/1966,1,88.6314784,929.14594,MaxWater_noSMSCG,1966,1
2/28/1966,2,78.33630655,607.1304,MaxWater_noSMSCG,1966,2
3/31/1966,3,29.743959,234.38972,MaxWater_noSMSCG,1966,3
4/30/1966,3,28.442685,234.04945,MaxWater_noSMSCG,1966,4
5/31/1966,3,29.026815,249.69116,MaxWater_noSMSCG,1966,5
6/30/1966,3,28.809201,302.65735,MaxWater_noSMSCG,1966,6
7/31/1966,3,29.10765,399.02594,MaxWater_noSMSCG,1966,7
8/31/1966,3,41.9532379,747.70654,MaxWater_noSMSCG,1966,8
9/30/1966,3,84.4422349,1281.6133,MaxWater_noSMSCG,1966,9
10/31/1966,3,149.1647973,1722.3246,MaxWater_noSMSCG,1966,10
11/30/1966,3,162.5015775,1693.0745,MaxWater_noSMSCG,1966,11
12/31/1966,3,157.2672931,1730.9066,MaxWater_noSMSCG,1966,12
1/31/1967,3,94.6369528,522.2081,MaxWater_noSMSCG,1967,1
2/28/1967,2,29.541504,218.69283,MaxWater_noSMSCG,1967,2
3/31/1967,2,27.203535,234.09813,MaxWater_noSMSCG,1967,3
4/30/1967,2,30.52873075,229.11462,MaxWater_noSMSCG,1967,4
5/31/1967,1,27.571239,215.33305,MaxWater_noSMSCG,1967,5
6/30/1967,1,20.312553,198.62811,MaxWater_noSMSCG,1967,6
7/31/1967,1,17.286657,176.4492,MaxWater_noSMSCG,1967,7
8/31/1967,1,20.44476,237.72717,MaxWater_noSMSCG,1967,8
9/30/1967,1,49.01784355,724.7916,MaxWater_noSMSCG,1967,9
10/31/1967,1,124.9257781,1755.9489,MaxWater_noSMSCG,1967,10
11/30/1967,1,126.6781006,1793.9403,MaxWater_noSMSCG,1967,11
12/31/1967,1,135.9255925,1731.2006,MaxWater_noSMSCG,1967,12
1/31/1968,1,201.3776665,1739.352,MaxWater_noSMSCG,1968,1
2/29/1968,3,121.3033255,774.33606,MaxWater_noSMSCG,1968,2
3/31/1968,3,35.6150146,250.88988,MaxWater_noSMSCG,1968,3
4/30/1968,3,26.882325,238.07996,MaxWater_noSMSCG,1968,4
5/31/1968,3,28.651671,243.57253,MaxWater_noSMSCG,1968,5
6/30/1968,3,28.688544,294.81747,MaxWater_noSMSCG,1968,6
7/31/1968,3,27.9471405,418.51544,MaxWater_noSMSCG,1968,7
8/31/1968,3,44.438341,759.29193,MaxWater_noSMSCG,1968,8
9/30/1968,3,80.0311816,1195.04,MaxWater_noSMSCG,1968,9
10/31/1968,3,132.4832485,1683.8832,MaxWater_noSMSCG,1968,10
11/30/1968,3,150.4927519,1719.555,MaxWater_noSMSCG,1968,11
12/31/1968,3,162.3674793,1724.719,MaxWater_noSMSCG,1968,12
1/31/1969,3,142.1401144,895.4314,MaxWater_noSMSCG,1969,1
2/28/1969,1,37.832383,246.66331,MaxWater_noSMSCG,1969,2
3/31/1969,1,16.688184,187.63834,MaxWater_noSMSCG,1969,3
4/30/1969,1,18.174456,184.29402,MaxWater_noSMSCG,1969,4
5/31/1969,1,17.323575,178.97337,MaxWater_noSMSCG,1969,5
6/30/1969,1,14.029605,179.886,MaxWater_noSMSCG,1969,6
7/31/1969,1,19.4039445,213.9148,MaxWater_noSMSCG,1969,7
8/31/1969,1,25.7305095,271.57584,MaxWater_noSMSCG,1969,8
9/30/1969,1,40.1829205,825.7351,MaxWater_noSMSCG,1969,9
10/31/1969,1,110.9468958,1705.4028,MaxWater_noSMSCG,1969,10
11/30/1969,1,120.423103,1592.2043,MaxWater_noSMSCG,1969,11
12/31/1969,1,121.7697993,1787.8147,MaxWater_noSMSCG,1969,12
1/31/1970,1,64.5475705,480.01245,MaxWater_noSMSCG,1970,1
2/28/1970,1,18.3525585,191.1547,MaxWater_noSMSCG,1970,2
3/31/1970,1,16.289868,185.2701,MaxWater_noSMSCG,1970,3
4/30/1970,1,21.745578,197.20999,MaxWater_noSMSCG,1970,4
5/31/1970,1,24.288723,231.60832,MaxWater_noSMSCG,1970,5
6/30/1970,1,26.692665,274.36188,MaxWater_noSMSCG,1970,6
7/31/1970,1,25.831494,307.45743,MaxWater_noSMSCG,1970,7
8/31/1970,1,25.607295,447.8757,MaxWater_noSMSCG,1970,8
9/30/1970,1,69.73273795,1102.433,MaxWater_noSMSCG,1970,9
10/31/1970,1,141.7529875,1714.0564,MaxWater_noSMSCG,1970,10
11/30/1970,1,148.743781,1713.5901,MaxWater_noSMSCG,1970,11
12/31/1970,1,94.7972995,974.7563,MaxWater_noSMSCG,1970,12
1/31/1971,1,49.25924425,314.461,MaxWater_noSMSCG,1971,1
2/28/1971,1,22.7158395,205.9504,MaxWater_noSMSCG,1971,2
3/31/1971,1,23.2227105,227.55563,MaxWater_noSMSCG,1971,3
4/30/1971,1,23.4928185,235.14417,MaxWater_noSMSCG,1971,4
5/31/1971,1,25.4649375,231.69008,MaxWater_noSMSCG,1971,5
6/30/1971,1,26.129979,231.71915,MaxWater_noSMSCG,1971,6
7/31/1971,1,23.8222785,276.00015,MaxWater_noSMSCG,1971,7
8/31/1971,1,26.9207745,452.31274,MaxWater_noSMSCG,1971,8
9/30/1971,1,50.76735595,925.5341,MaxWater_noSMSCG,1971,9
10/31/1971,1,144.298351,1786.4729,MaxWater_noSMSCG,1971,10
11/30/1971,1,139.5419433,1631.9155,MaxWater_noSMSCG,1971,11
12/31/1971,1,167.45785,1743.6212,MaxWater_noSMSCG,1971,12
1/31/1972,1,170.4077425,962.32104,MaxWater_noSMSCG,1972,1
2/29/1972,3,47.3067121,455.35858,MaxWater_noSMSCG,1972,2
3/31/1972,3,36.5947306,371.3971,MaxWater_noSMSCG,1972,3
4/30/1972,3,31.22284255,252.50282,MaxWater_noSMSCG,1972,4
5/31/1972,3,27.84318,243.56856,MaxWater_noSMSCG,1972,5
6/30/1972,3,29.523486,316.08472,MaxWater_noSMSCG,1972,6
7/31/1972,3,29.957955,454.38992,MaxWater_noSMSCG,1972,7
8/31/1972,3,40.6648327,762.79816,MaxWater_noSMSCG,1972,8
9/30/1972,3,69.198742,995.3564,MaxWater_noSMSCG,1972,9
10/31/1972,3,122.7238795,1672.3121,MaxWater_noSMSCG,1972,10
11/30/1972,3,151.295329,1683.3137,MaxWater_noSMSCG,1972,11
12/31/1972,3,114.920893,1218.5132,MaxWater_noSMSCG,1972,12
1/31/1973,3,61.0055506,470.9574,MaxWater_noSMSCG,1973,1
2/28/1973,2,31.5549673,241.40892,MaxWater_noSMSCG,1973,2
3/31/1973,2,24.304104,239.48198,MaxWater_noSMSCG,1973,3
4/30/1973,2,31.99989505,230.82889,MaxWater_noSMSCG,1973,4
5/31/1973,2,29.11746,232.23247,MaxWater_noSMSCG,1973,5
6/30/1973,2,27.3644295,252.38034,MaxWater_noSMSCG,1973,6
7/31/1973,2,26.0272845,315.19293,MaxWater_noSMSCG,1973,7
8/31/1973,2,26.748399,454.49496,MaxWater_noSMSCG,1973,8
9/30/1973,2,54.1127515,969.87744,MaxWater_noSMSCG,1973,9
10/31/1973,2,142.3932115,1658.2682,MaxWater_noSMSCG,1973,10
11/30/1973,2,137.8128055,1751.3923,MaxWater_noSMSCG,1973,11
12/31/1973,2,39.826927,453.39224,MaxWater_noSMSCG,1973,12
1/31/1974,2,25.8268095,184.5637,MaxWater_noSMSCG,1974,1
2/28/1974,1,20.903265,191.37807,MaxWater_noSMSCG,1974,2
3/31/1974,1,21.4482675,197.10086,MaxWater_noSMSCG,1974,3
4/30/1974,1,24.956715,201.03218,MaxWater_noSMSCG,1974,4
5/31/1974,1,22.247115,186.83647,MaxWater_noSMSCG,1974,5
6/30/1974,1,20.677668,202.87218,MaxWater_noSMSCG,1974,6
7/31/1974,1,21.7937325,259.10956,MaxWater_noSMSCG,1974,7
8/31/1974,1,26.7452175,444.7593,MaxWater_noSMSCG,1974,8
9/30/1974,1,49.68158575,866.4292,MaxWater_noSMSCG,1974,9
10/31/1974,1,130.842418,1744.7787,MaxWater_noSMSCG,1974,10
11/30/1974,1,133.541311,1631.4583,MaxWater_noSMSCG,1974,11
12/31/1974,1,149.527873,1739.3864,MaxWater_noSMSCG,1974,12
1/31/1975,1,218.5568538,1568.4003,MaxWater_noSMSCG,1975,1
2/28/1975,3,140.629147,1123.3441,MaxWater_noSMSCG,1975,2
3/31/1975,3,81.1721449,427.01926,MaxWater_noSMSCG,1975,3
4/30/1975,2,31.5412417,231.08307,MaxWater_noSMSCG,1975,4
5/31/1975,2,26.065992,216.85191,MaxWater_noSMSCG,1975,5
6/30/1975,2,24.03432,218.67715,MaxWater_noSMSCG,1975,6
7/31/1975,2,22.552011,240.85123,MaxWater_noSMSCG,1975,7
8/31/1975,2,24.0509265,436.22156,MaxWater_noSMSCG,1975,8
9/30/1975,2,63.39365395,1162.571,MaxWater_noSMSCG,1975,9
10/31/1975,2,142.5914461,1750.0688,MaxWater_noSMSCG,1975,10
11/30/1975,2,104.474161,955.5145,MaxWater_noSMSCG,1975,11
12/31/1975,2,92.9207341,962.9068,MaxWater_noSMSCG,1975,12
1/31/1976,2,213.0887155,1489.9757,MaxWater_noSMSCG,1976,1
2/29/1976,4,214.101976,1800.5364,MaxWater_noSMSCG,1976,2
3/31/1976,4,198.6442315,1546.5112,MaxWater_noSMSCG,1976,3
4/30/1976,5,134.110399,724.62616,MaxWater_noSMSCG,1976,4
5/31/1976,5,75.923602,503.20474,MaxWater_noSMSCG,1976,5
6/30/1976,5,71.44021,767.10535,MaxWater_noSMSCG,1976,6
7/31/1976,5,120.4226071,1518.6678,MaxWater_noSMSCG,1976,7
8/31/1976,5,142.365025,1768.6077,MaxWater_noSMSCG,1976,8
9/30/1976,5,122.5630255,1501.6991,MaxWater_noSMSCG,1976,9
10/31/1976,5,161.1497455,2086.1565,MaxWater_noSMSCG,1976,10
11/30/1976,5,221.0983698,2083.5388,MaxWater_noSMSCG,1976,11
12/31/1976,5,219.1753465,2189.7837,MaxWater_noSMSCG,1976,12
1/31/1977,5,226.7319904,1419.4634,MaxWater_noSMSCG,1977,1
2/28/1977,5,150.2631018,1696.872,MaxWater_noSMSCG,1977,2
3/31/1977,5,219.315652,1366.4207,MaxWater_noSMSCG,1977,3
4/30/1977,5,137.8460365,562.476,MaxWater_noSMSCG,1977,4
5/31/1977,5,85.77735445,506.7327,MaxWater_noSMSCG,1977,5
6/30/1977,5,81.232525,1051.5066,MaxWater_noSMSCG,1977,6
7/31/1977,5,157.8850591,1642.954,MaxWater_noSMSCG,1977,7
8/31/1977,5,192.4599025,1845.7275,MaxWater_noSMSCG,1977,8
9/30/1977,5,165.5877085,1671.4193,MaxWater_noSMSCG,1977,9
10/31/1977,5,188.2190341,1695.7983,MaxWater_noSMSCG,1977,10
11/30/1977,5,210.9792709,1991.9215,MaxWater_noSMSCG,1977,11
12/31/1977,5,224.4597481,1871.166,MaxWater_noSMSCG,1977,12
1/31/1978,5,219.6451548,1521.115,MaxWater_noSMSCG,1978,1
2/28/1978,3,76.4035192,393.7665,MaxWater_noSMSCG,1978,2
3/31/1978,3,39.88909405,233.15565,MaxWater_noSMSCG,1978,3
4/30/1978,2,38.1807043,228.50432,MaxWater_noSMSCG,1978,4
5/31/1978,2,27.3552195,213.8437,MaxWater_noSMSCG,1978,5
6/30/1978,2,22.170048,217.89421,MaxWater_noSMSCG,1978,6
7/31/1978,2,23.2573545,252.6473,MaxWater_noSMSCG,1978,7
8/31/1978,2,24.5316105,397.67844,MaxWater_noSMSCG,1978,8
9/30/1978,2,46.65534745,900.5663,MaxWater_noSMSCG,1978,9
10/31/1978,2,138.4427866,1747.7913,MaxWater_noSMSCG,1978,10
11/30/1978,2,144.7621714,1880.765,MaxWater_noSMSCG,1978,11
12/31/1978,2,157.835965,1819.2366,MaxWater_noSMSCG,1978,12
1/31/1979,2,211.1594821,1755.3123,MaxWater_noSMSCG,1979,1
2/28/1979,4,144.061174,893.11084,MaxWater_noSMSCG,1979,2
3/31/1979,4,51.36596995,268.6265,MaxWater_noSMSCG,1979,3
4/30/1979,4,36.6107248,232.14651,MaxWater_noSMSCG,1979,4
5/31/1979,4,28.6947,234.35417,MaxWater_noSMSCG,1979,5
6/30/1979,4,27.0750225,255.4792,MaxWater_noSMSCG,1979,6
7/31/1979,4,26.076405,281.83344,MaxWater_noSMSCG,1979,7
8/31/1979,4,53.9254666,1165.1208,MaxWater_noSMSCG,1979,8
9/30/1979,4,136.7502115,1609.234,MaxWater_noSMSCG,1979,9
10/31/1979,4,145.3260325,1771.4331,MaxWater_noSMSCG,1979,10
11/30/1979,4,158.515804,1705.3146,MaxWater_noSMSCG,1979,11
12/31/1979,4,169.770739,1769.6079,MaxWater_noSMSCG,1979,12
1/31/1980,4,160.426501,971.1577,MaxWater_noSMSCG,1980,1
2/29/1980,2,40.73623945,252.19687,MaxWater_noSMSCG,1980,2
3/31/1980,1,19.823382,191.87614,MaxWater_noSMSCG,1980,3
4/30/1980,1,20.716896,191.32758,MaxWater_noSMSCG,1980,4
5/31/1980,2,22.728735,202.36884,MaxWater_noSMSCG,1980,5
6/30/1980,2,23.4865995,244.12465,MaxWater_noSMSCG,1980,6
7/31/1980,2,25.9603725,257.58096,MaxWater_noSMSCG,1980,7
8/31/1980,2,28.992348,373.95636,MaxWater_noSMSCG,1980,8
9/30/1980,2,59.7058195,1126.8297,MaxWater_noSMSCG,1980,9
10/31/1980,2,122.9723425,1676.7477,MaxWater_noSMSCG,1980,10
11/30/1980,2,137.1856915,1800.9163,MaxWater_noSMSCG,1980,11
12/31/1980,2,167.3116165,1782.0549,MaxWater_noSMSCG,1980,12
1/31/1981,2,223.6233985,1681.0643,MaxWater_noSMSCG,1981,1
2/28/1981,3,133.0438236,812.6767,MaxWater_noSMSCG,1981,2
3/31/1981,4,36.5345158,251.599,MaxWater_noSMSCG,1981,3
4/30/1981,4,27.5536005,233.42818,MaxWater_noSMSCG,1981,4
5/31/1981,4,27.7469655,251.81561,MaxWater_noSMSCG,1981,5
6/30/1981,4,28.9579245,317.0015,MaxWater_noSMSCG,1981,6
7/31/1981,4,29.451201,413.61368,MaxWater_noSMSCG,1981,7
8/31/1981,4,79.89435025,1425.4034,MaxWater_noSMSCG,1981,8
9/30/1981,4,144.7416286,1605.3982,MaxWater_noSMSCG,1981,9
10/31/1981,4,144.7464451,1780.557,MaxWater_noSMSCG,1981,10
11/30/1981,4,170.0656456,1735.2751,MaxWater_noSMSCG,1981,11
12/31/1981,4,91.3867615,803.4223,MaxWater_noSMSCG,1981,12
1/31/1982,4,23.5773795,197.47882,MaxWater_noSMSCG,1982,1
2/28/1982,1,25.806858,202.88686,MaxWater_noSMSCG,1982,2
3/31/1982,1,24.670857,196.03513,MaxWater_noSMSCG,1982,3
4/30/1982,1,23.8864845,178.69089,MaxWater_noSMSCG,1982,4
5/31/1982,1,17.168685,174.09439,MaxWater_noSMSCG,1982,5
6/30/1982,1,15.03984,180.28206,MaxWater_noSMSCG,1982,6
7/31/1982,1,19.022388,199.99559,MaxWater_noSMSCG,1982,7
8/31/1982,1,24.442971,367.17834,MaxWater_noSMSCG,1982,8
9/30/1982,1,42.8124046,765.59546,MaxWater_noSMSCG,1982,9
10/31/1982,1,51.420385,742.1413,MaxWater_noSMSCG,1982,10
11/30/1982,1,24.0897375,260.26874,MaxWater_noSMSCG,1982,11
12/31/1982,1,24.378303,197.83453,MaxWater_noSMSCG,1982,12
1/31/1983,1,21.493137,173.8399,MaxWater_noSMSCG,1983,1
2/28/1983,1,14.8214085,179.33263,MaxWater_noSMSCG,1983,2
3/31/1983,1,7.920516,192.05962,MaxWater_noSMSCG,1983,3
4/30/1983,1,7.1856846,190.32869,MaxWater_noSMSCG,1983,4
5/31/1983,1,3.357342,172.81776,MaxWater_noSMSCG,1983,5
6/30/1983,1,6.7402176,168.94417,MaxWater_noSMSCG,1983,6
7/31/1983,1,17.5027935,181.73383,MaxWater_noSMSCG,1983,7
8/31/1983,1,24.171078,217.76193,MaxWater_noSMSCG,1983,8
9/30/1983,1,23.165769,330.3099,MaxWater_noSMSCG,1983,9
10/31/1983,1,22.4365305,403.42398,MaxWater_noSMSCG,1983,10
11/30/1983,1,21.837666,310.95178,MaxWater_noSMSCG,1983,11
12/31/1983,1,23.693331,215.29509,MaxWater_noSMSCG,1983,12
1/31/1984,1,12.0654195,199.06609,MaxWater_noSMSCG,1984,1
2/29/1984,1,16.1662305,175.38791,MaxWater_noSMSCG,1984,2
3/31/1984,1,18.3644505,195.68814,MaxWater_noSMSCG,1984,3
4/30/1984,1,22.810365,214.54025,MaxWater_noSMSCG,1984,4
5/31/1984,1,24.755157,236.46584,MaxWater_noSMSCG,1984,5
6/30/1984,1,24.851937,264.73462,MaxWater_noSMSCG,1984,6
7/31/1984,1,26.413572,308.91727,MaxWater_noSMSCG,1984,7
8/31/1984,1,26.226879,456.9479,MaxWater_noSMSCG,1984,8
9/30/1984,1,61.5570598,967.7908,MaxWater_noSMSCG,1984,9
10/31/1984,1,133.332976,1694.219,MaxWater_noSMSCG,1984,10
11/30/1984,1,138.7004238,1742.3827,MaxWater_noSMSCG,1984,11
12/31/1984,1,103.6175736,891.15784,MaxWater_noSMSCG,1984,12
1/31/1985,1,38.7802474,320.8618,MaxWater_noSMSCG,1985,1
2/28/1985,3,26.944272,338.92416,MaxWater_noSMSCG,1985,2
3/31/1985,3,34.3839799,456.3428,MaxWater_noSMSCG,1985,3
4/30/1985,3,38.1227125,307.49823,MaxWater_noSMSCG,1985,4
5/31/1985,4,40.3466188,286.6661,MaxWater_noSMSCG,1985,5
6/30/1985,4,37.0301935,334.7894,MaxWater_noSMSCG,1985,6
7/31/1985,4,30.7238047,406.44537,MaxWater_noSMSCG,1985,7
8/31/1985,4,77.5601404,1390.9119,MaxWater_noSMSCG,1985,8
9/30/1985,4,137.2013551,1588.4915,MaxWater_noSMSCG,1985,9
10/31/1985,4,136.6650535,1722.022,MaxWater_noSMSCG,1985,10
11/30/1985,4,157.856542,1717.0071,MaxWater_noSMSCG,1985,11
12/31/1985,4,165.9249861,1723.4557,MaxWater_noSMSCG,1985,12
1/31/1986,4,220.6063173,1688.1685,MaxWater_noSMSCG,1986,1
2/28/1986,4,115.7952445,627.4532,MaxWater_noSMSCG,1986,2
3/31/1986,1,38.98621405,236.89902,MaxWater_noSMSCG,1986,3
4/30/1986,1,15.1013505,186.30817,MaxWater_noSMSCG,1986,4
5/31/1986,1,17.554917,178.95312,MaxWater_noSMSCG,1986,5
6/30/1986,1,22.506705,208.88107,MaxWater_noSMSCG,1986,6
7/31/1986,1,25.9874355,271.13037,MaxWater_noSMSCG,1986,7
8/31/1986,1,24.2705265,387.90317,MaxWater_noSMSCG,1986,8
9/30/1986,1,39.6069298,774.7268,MaxWater_noSMSCG,1986,9
10/31/1986,1,117.419488,1784.0944,MaxWater_noSMSCG,1986,10
11/30/1986,1,141.6726574,1742.656,MaxWater_noSMSCG,1986,11
12/31/1986,1,143.350726,1776.9952,MaxWater_noSMSCG,1986,12
1/31/1987,1,222.2521638,1744.1307,MaxWater_noSMSCG,1987,1
2/28/1987,4,178.3554663,1116.7028,MaxWater_noSMSCG,1987,2
3/31/1987,4,74.4107935,441.78485,MaxWater_noSMSCG,1987,3
4/30/1987,4,38.314261,259.78436,MaxWater_noSMSCG,1987,4
5/31/1987,4,29.22489,251.12427,MaxWater_noSMSCG,1987,5
6/30/1987,4,29.046186,321.36804,MaxWater_noSMSCG,1987,6
7/31/1987,4,36.0943276,435.17142,MaxWater_noSMSCG,1987,7
8/31/1987,4,46.2543895,745.59204,MaxWater_noSMSCG,1987,8
9/30/1987,4,79.0007527,1116.9346,MaxWater_noSMSCG,1987,9
10/31/1987,4,131.6010595,1819.4124,MaxWater_noSMSCG,1987,10
11/30/1987,4,186.336478,1870.1536,MaxWater_noSMSCG,1987,11
12/31/1987,4,197.9421198,1966.6259,MaxWater_noSMSCG,1987,12
1/31/1988,4,168.755911,1202.8567,MaxWater_noSMSCG,1988,1
2/29/1988,4,57.4580473,387.8654,MaxWater_noSMSCG,1988,2
3/31/1988,5,37.174546,252.92056,MaxWater_noSMSCG,1988,3
4/30/1988,5,56.5642987,291.65546,MaxWater_noSMSCG,1988,4
5/31/1988,5,55.0031998,380.34857,MaxWater_noSMSCG,1988,5
6/30/1988,5,55.2954445,625.8923,MaxWater_noSMSCG,1988,6
7/31/1988,5,75.581887,720.1338,MaxWater_noSMSCG,1988,7
8/31/1988,5,64.8528055,919.4339,MaxWater_noSMSCG,1988,8
9/30/1988,5,111.634749,1389.4572,MaxWater_noSMSCG,1988,9
10/31/1988,5,172.61065,1885.0176,MaxWater_noSMSCG,1988,10
11/30/1988,5,224.0060395,2143.6965,MaxWater_noSMSCG,1988,11
12/31/1988,5,223.4465845,1828.0886,MaxWater_noSMSCG,1988,12
1/31/1989,5,207.414964,1651.5931,MaxWater_noSMSCG,1989,1
2/28/1989,4,181.798708,1172.9554,MaxWater_noSMSCG,1989,2
3/31/1989,5,81.298873,494.75497,MaxWater_noSMSCG,1989,3
4/30/1989,4,34.8487921,285.84854,MaxWater_noSMSCG,1989,4
5/31/1989,4,24.8964825,236.31168,MaxWater_noSMSCG,1989,5
6/30/1989,4,26.286843,252.69339,MaxWater_noSMSCG,1989,6
7/31/1989,4,24.403683,336.0465,MaxWater_noSMSCG,1989,7
8/31/1989,4,51.4922335,989.4008,MaxWater_noSMSCG,1989,8
9/30/1989,4,115.458061,1374.1488,MaxWater_noSMSCG,1989,9
10/31/1989,4,147.1094371,1701.248,MaxWater_noSMSCG,1989,10
11/30/1989,4,159.550773,1704.6256,MaxWater_noSMSCG,1989,11
12/31/1989,4,161.3580634,1747.2343,MaxWater_noSMSCG,1989,12
1/31/1990,4,185.0946276,1673.2728,MaxWater_noSMSCG,1990,1
2/28/1990,4,125.2236145,819.5173,MaxWater_noSMSCG,1990,2
3/31/1990,5,48.5480296,364.35663,MaxWater_noSMSCG,1990,3
4/30/1990,5,36.90451705,371.35062,MaxWater_noSMSCG,1990,4
5/31/1990,5,49.7816407,336.84827,MaxWater_noSMSCG,1990,5
6/30/1990,5,48.2523592,378.23044,MaxWater_noSMSCG,1990,6
7/31/1990,5,62.3486302,668.0617,MaxWater_noSMSCG,1990,7
8/31/1990,5,90.18302695,1169.3661,MaxWater_noSMSCG,1990,8
9/30/1990,5,114.7671726,1387.7134,MaxWater_noSMSCG,1990,9
10/31/1990,5,166.335805,1834.8931,MaxWater_noSMSCG,1990,10
11/30/1990,5,215.9320836,2149.9187,MaxWater_noSMSCG,1990,11
12/31/1990,5,225.3042715,1874.8484,MaxWater_noSMSCG,1990,12
1/31/1991,5,223.226251,2080.2258,MaxWater_noSMSCG,1991,1
2/28/1991,5,279.903574,2162.0916,MaxWater_noSMSCG,1991,2
3/31/1991,5,247.5408265,1218.5299,MaxWater_noSMSCG,1991,3
4/30/1991,5,90.357484,397.29782,MaxWater_noSMSCG,1991,4
5/31/1991,5,45.1612378,254.48717,MaxWater_noSMSCG,1991,5
6/30/1991,5,42.6272971,419.3347,MaxWater_noSMSCG,1991,6
7/31/1991,5,72.758278,889.34106,MaxWater_noSMSCG,1991,7
8/31/1991,5,157.2048895,1562.3054,MaxWater_noSMSCG,1991,8
9/30/1991,5,174.5446714,1693.247,MaxWater_noSMSCG,1991,9
10/31/1991,5,187.8153715,1694.409,MaxWater_noSMSCG,1991,10
11/30/1991,5,221.3579905,2203.256,MaxWater_noSMSCG,1991,11
12/31/1991,5,224.789838,1803.1464,MaxWater_noSMSCG,1991,12
1/31/1992,5,198.760255,1833.2063,MaxWater_noSMSCG,1992,1
2/29/1992,5,210.259606,1087.5719,MaxWater_noSMSCG,1992,2
3/31/1992,5,72.3343804,352.29514,MaxWater_noSMSCG,1992,3
4/30/1992,5,37.2251905,243.96729,MaxWater_noSMSCG,1992,4
5/31/1992,5,43.31061595,267.70355,MaxWater_noSMSCG,1992,5
6/30/1992,5,45.1370584,406.53207,MaxWater_noSMSCG,1992,6
7/31/1992,5,53.7011488,445.94574,MaxWater_noSMSCG,1992,7
8/31/1992,5,45.078109,670.49396,MaxWater_noSMSCG,1992,8
9/30/1992,5,84.08817655,1230.2775,MaxWater_noSMSCG,1992,9
10/31/1992,5,169.0272595,2068.2847,MaxWater_noSMSCG,1992,10
11/30/1992,5,224.9723463,2226.483,MaxWater_noSMSCG,1992,11
12/31/1992,5,223.41133,1855.7772,MaxWater_noSMSCG,1992,12
1/31/1993,5,189.7565065,1218.3958,MaxWater_noSMSCG,1993,1
2/28/1993,3,65.89092655,341.21085,MaxWater_noSMSCG,1993,2
3/31/1993,2,41.7024835,237.76317,MaxWater_noSMSCG,1993,3
4/30/1993,2,34.28318395,235.18655,MaxWater_noSMSCG,1993,4
5/31/1993,2,27.055032,228.62032,MaxWater_noSMSCG,1993,5
6/30/1993,2,25.417236,228.38393,MaxWater_noSMSCG,1993,6
7/31/1993,2,23.68857,223.88681,MaxWater_noSMSCG,1993,7
8/31/1993,2,23.453205,374.64255,MaxWater_noSMSCG,1993,8
9/30/1993,2,71.1200866,1185.6471,MaxWater_noSMSCG,1993,9
10/31/1993,2,145.7039539,1775.1923,MaxWater_noSMSCG,1993,10
11/30/1993,2,110.7330603,1498.9705,MaxWater_noSMSCG,1993,11
12/31/1993,2,175.9941415,1842.7285,MaxWater_noSMSCG,1993,12
1/31/1994,2,223.1282823,1502.7728,MaxWater_noSMSCG,1994,1
2/28/1994,4,135.8257741,830.6418,MaxWater_noSMSCG,1994,2
3/31/1994,4,70.243837,413.79117,MaxWater_noSMSCG,1994,3
4/30/1994,5,33.4226635,255.6768,MaxWater_noSMSCG,1994,4
5/31/1994,5,38.42157205,302.29578,MaxWater_noSMSCG,1994,5
6/30/1994,5,47.32332475,517.804,MaxWater_noSMSCG,1994,6
7/31/1994,5,78.84880495,959.9718,MaxWater_noSMSCG,1994,7
8/31/1994,5,105.2927095,1541.858,MaxWater_noSMSCG,1994,8
9/30/1994,5,127.952347,1699.918,MaxWater_noSMSCG,1994,9
10/31/1994,5,181.2980599,1985.9031,MaxWater_noSMSCG,1994,10
11/30/1994,5,219.5867611,2202.7585,MaxWater_noSMSCG,1994,11
12/31/1994,5,219.9072265,2008.01,MaxWater_noSMSCG,1994,12
1/31/1995,5,217.8488995,1726.9142,MaxWater_noSMSCG,1995,1
2/28/1995,1,71.1142327,326.29385,MaxWater_noSMSCG,1995,2
3/31/1995,2,26.8600245,234.30055,MaxWater_noSMSCG,1995,3
4/30/1995,1,28.68408,222.16371,MaxWater_noSMSCG,1995,4
5/31/1995,1,23.512788,176.57362,MaxWater_noSMSCG,1995,5
6/30/1995,1,16.6365195,169.90353,MaxWater_noSMSCG,1995,6
7/31/1995,1,15.399744,166.66699,MaxWater_noSMSCG,1995,7
8/31/1995,1,20.4871245,203.78781,MaxWater_noSMSCG,1995,8
9/30/1995,1,31.3674487,559.84515,MaxWater_noSMSCG,1995,9
10/31/1995,1,92.79704695,1591.3405,MaxWater_noSMSCG,1995,10
11/30/1995,1,134.860596,1882.2166,MaxWater_noSMSCG,1995,11
12/31/1995,1,193.9209265,1837.5581,MaxWater_noSMSCG,1995,12
1/31/1996,1,139.185337,710.2267,MaxWater_noSMSCG,1996,1
2/29/1996,2,28.9854855,230.65936,MaxWater_noSMSCG,1996,2
3/31/1996,1,29.802036,210.12564,MaxWater_noSMSCG,1996,3
4/30/1996,1,27.010863,213.32,MaxWater_noSMSCG,1996,4
5/31/1996,1,24.1491645,206.44426,MaxWater_noSMSCG,1996,5
6/30/1996,1,21.656829,193.75603,MaxWater_noSMSCG,1996,6
7/31/1996,1,19.835685,211.6075,MaxWater_noSMSCG,1996,7
8/31/1996,1,24.3430365,435.6168,MaxWater_noSMSCG,1996,8
9/30/1996,1,76.5344596,1139.2573,MaxWater_noSMSCG,1996,9
10/31/1996,1,150.34075,1687.0963,MaxWater_noSMSCG,1996,10
11/30/1996,1,139.086898,1799.7037,MaxWater_noSMSCG,1996,11
12/31/1996,1,144.0550294,1459.2953,MaxWater_noSMSCG,1996,12
1/31/1997,1,58.2736204,322.663,MaxWater_noSMSCG,1997,1
2/28/1997,1,7.168515,185.24316,MaxWater_noSMSCG,1997,2
3/31/1997,1,15.71424,169.33134,MaxWater_noSMSCG,1997,3
4/30/1997,1,23.470701,200.17316,MaxWater_noSMSCG,1997,4
5/31/1997,1,26.5941,266.0013,MaxWater_noSMSCG,1997,5
6/30/1997,1,29.327142,279.18372,MaxWater_noSMSCG,1997,6
7/31/1997,1,29.1951555,280.1354,MaxWater_noSMSCG,1997,7
8/31/1997,1,25.063467,371.83328,MaxWater_noSMSCG,1997,8
9/30/1997,1,60.1423768,970.50116,MaxWater_noSMSCG,1997,9
10/31/1997,1,137.4203605,1679.0122,MaxWater_noSMSCG,1997,10
11/30/1997,1,157.7428726,1719.0597,MaxWater_noSMSCG,1997,11
12/31/1997,1,145.0106401,1788.263,MaxWater_noSMSCG,1997,12
1/31/1998,1,138.1014535,856.79803,MaxWater_noSMSCG,1998,1
2/28/1998,1,45.6251095,262.53568,MaxWater_noSMSCG,1998,2
3/31/1998,1,46.3517512,221.6141,MaxWater_noSMSCG,1998,3
4/30/1998,1,23.758908,181.85956,MaxWater_noSMSCG,1998,4
5/31/1998,1,17.6805765,175.41667,MaxWater_noSMSCG,1998,5
6/30/1998,1,17.08938,162.65636,MaxWater_noSMSCG,1998,6
7/31/1998,1,14.757543,162.05739,MaxWater_noSMSCG,1998,7
8/31/1998,1,16.224138,184.59639,MaxWater_noSMSCG,1998,8
9/30/1998,1,20.4008265,286.6019,MaxWater_noSMSCG,1998,9
10/31/1998,1,19.709115,278.22598,MaxWater_noSMSCG,1998,10
11/30/1998,1,17.368797,286.58078,MaxWater_noSMSCG,1998,11
12/31/1998,1,24.1789335,288.52902,MaxWater_noSMSCG,1998,12
1/31/1999,1,23.136129,205.69827,MaxWater_noSMSCG,1999,1
2/28/1999,2,24.7274985,209.92574,MaxWater_noSMSCG,1999,2
3/31/1999,1,27.396045,210.98413,MaxWater_noSMSCG,1999,3
4/30/1999,1,25.2850455,211.00818,MaxWater_noSMSCG,1999,4
5/31/1999,1,24.583029,215.46074,MaxWater_noSMSCG,1999,5
6/30/1999,1,23.924043,239.8271,MaxWater_noSMSCG,1999,6
7/31/1999,1,24.1580085,280.2365,MaxWater_noSMSCG,1999,7
8/31/1999,1,27.275427,452.46173,MaxWater_noSMSCG,1999,8
9/30/1999,1,49.8971797,853.53455,MaxWater_noSMSCG,1999,9
10/31/1999,1,125.915167,1739.4705,MaxWater_noSMSCG,1999,10
11/30/1999,1,147.964212,1737.6832,MaxWater_noSMSCG,1999,11
12/31/1999,1,164.2002516,1731.0995,MaxWater_noSMSCG,1999,12
1/31/2000,1,175.131475,1489.6012,MaxWater_noSMSCG,2000,1
2/29/2000,3,112.0691716,692.3975,MaxWater_noSMSCG,2000,2
3/31/2000,2,39.1415077,238.48917,MaxWater_noSMSCG,2000,3
4/30/2000,2,24.718935,211.69722,MaxWater_noSMSCG,2000,4
5/31/2000,2,23.23203,206.79121,MaxWater_noSMSCG,2000,5
6/30/2000,2,24.1654455,243.93213,MaxWater_noSMSCG,2000,6
7/31/2000,2,24.6315885,282.15033,MaxWater_noSMSCG,2000,7
8/31/2000,2,25.854375,454.20328,MaxWater_noSMSCG,2000,8
9/30/2000,2,54.3319621,979.63556,MaxWater_noSMSCG,2000,9
10/31/2000,2,146.531326,1645.3773,MaxWater_noSMSCG,2000,10
11/30/2000,2,137.1436398,1698.0221,MaxWater_noSMSCG,2000,11
12/31/2000,2,162.6274135,1760.4637,MaxWater_noSMSCG,2000,12
1/31/2001,2,191.7680536,1635.0931,MaxWater_noSMSCG,2001,1
2/28/2001,4,165.2262801,1211.3341,MaxWater_noSMSCG,2001,2
3/31/2001,4,74.0668897,401.85345,MaxWater_noSMSCG,2001,3
4/30/2001,4,32.7701275,246.35037,MaxWater_noSMSCG,2001,4
5/31/2001,4,32.3920921,246.66191,MaxWater_noSMSCG,2001,5
6/30/2001,4,27.908853,312.4598,MaxWater_noSMSCG,2001,6
7/31/2001,4,29.0463,445.03067,MaxWater_noSMSCG,2001,7
8/31/2001,4,53.4353179,924.6386,MaxWater_noSMSCG,2001,8
9/30/2001,4,95.3422081,1291.4591,MaxWater_noSMSCG,2001,9
10/31/2001,4,140.043073,1847.078,MaxWater_noSMSCG,2001,10
11/30/2001,4,183.1193553,1808.1641,MaxWater_noSMSCG,2001,11
12/31/2001,4,171.0898473,1730.7826,MaxWater_noSMSCG,2001,12
1/31/2002,4,113.420482,750.3184,MaxWater_noSMSCG,2002,1
2/28/2002,3,29.811552,230.3446,MaxWater_noSMSCG,2002,2
3/31/2002,3,28.766112,233.72002,MaxWater_noSMSCG,2002,3
4/30/2002,3,26.9776425,245.75394,MaxWater_noSMSCG,2002,4
5/31/2002,4,28.465041,256.22357,MaxWater_noSMSCG,2002,5
6/30/2002,4,29.4992655,313.6878,MaxWater_noSMSCG,2002,6
7/31/2002,4,29.875854,429.8046,MaxWater_noSMSCG,2002,7
8/31/2002,4,57.4448005,1013.6116,MaxWater_noSMSCG,2002,8
9/30/2002,4,113.0725683,1594.3441,MaxWater_noSMSCG,2002,9
10/31/2002,4,154.656619,1811.3423,MaxWater_noSMSCG,2002,10
11/30/2002,4,167.5220235,1735.7626,MaxWater_noSMSCG,2002,11
12/31/2002,4,159.980191,1729.5807,MaxWater_noSMSCG,2002,12
1/31/2003,4,102.9099271,622.1139,MaxWater_noSMSCG,2003,1
2/28/2003,2,28.188702,213.22112,MaxWater_noSMSCG,2003,2
3/31/2003,3,26.0833905,229.67923,MaxWater_noSMSCG,2003,3
4/30/2003,3,26.3054415,245.04593,MaxWater_noSMSCG,2003,4
5/31/2003,2,27.885951,234.92764,MaxWater_noSMSCG,2003,5
6/30/2003,2,23.994402,219.02936,MaxWater_noSMSCG,2003,6
7/31/2003,2,21.0017235,238.05452,MaxWater_noSMSCG,2003,7
8/31/2003,2,23.3039985,451.11987,MaxWater_noSMSCG,2003,8
9/30/2003,2,58.1229295,1006.1402,MaxWater_noSMSCG,2003,9
10/31/2003,2,150.417586,1694.7247,MaxWater_noSMSCG,2003,10
11/30/2003,2,111.814849,1328.6257,MaxWater_noSMSCG,2003,11
12/31/2003,2,153.4211725,1745.3268,MaxWater_noSMSCG,2003,12
1/31/2004,2,143.93452,681.6151,MaxWater_noSMSCG,2004,1
2/29/2004,2,27.832626,245.03578,MaxWater_noSMSCG,2004,2
3/31/2004,2,27.904152,236.10527,MaxWater_noSMSCG,2004,3
4/30/2004,2,25.2597315,235.894,MaxWater_noSMSCG,2004,4
5/31/2004,3,26.690115,242.65,MaxWater_noSMSCG,2004,5
6/30/2004,3,28.374642,275.32153,MaxWater_noSMSCG,2004,6
7/31/2004,3,28.187334,389.48395,MaxWater_noSMSCG,2004,7
8/31/2004,3,43.0481509,761.9096,MaxWater_noSMSCG,2004,8
9/30/2004,3,88.7211394,1320.519,MaxWater_noSMSCG,2004,9
10/31/2004,3,157.1521731,1690.1193,MaxWater_noSMSCG,2004,10
11/30/2004,3,149.443627,1684.3281,MaxWater_noSMSCG,2004,11
12/31/2004,3,152.8551169,1746.2462,MaxWater_noSMSCG,2004,12
1/31/2005,3,161.899666,925.4746,MaxWater_noSMSCG,2005,1
2/28/2005,3,48.43935625,310.44757,MaxWater_noSMSCG,2005,2
3/31/2005,3,40.80406375,241.41861,MaxWater_noSMSCG,2005,3
4/30/2005,3,37.27156855,231.0171,MaxWater_noSMSCG,2005,4
5/31/2005,3,27.133965,227.56372,MaxWater_noSMSCG,2005,5
6/30/2005,3,20.537799,207.25525,MaxWater_noSMSCG,2005,6
7/31/2005,3,17.1369045,197.14638,MaxWater_noSMSCG,2005,7
8/31/2005,3,21.82503,274.728,MaxWater_noSMSCG,2005,8
9/30/2005,3,70.6804,1011.50464,MaxWater_noSMSCG,2005,9
10/31/2005,3,139.5568915,1750.1151,MaxWater_noSMSCG,2005,10
11/30/2005,3,114.0422095,1502.9597,MaxWater_noSMSCG,2005,11
12/31/2005,3,148.245772,1760.261,MaxWater_noSMSCG,2005,12
1/31/2006,3,76.79914195,465.16537,MaxWater_noSMSCG,2006,1
2/28/2006,1,24.5211255,192.65173,MaxWater_noSMSCG,2006,2
3/31/2006,1,21.9379365,194.69003,MaxWater_noSMSCG,2006,3
4/30/2006,1,25.134096,188.74722,MaxWater_noSMSCG,2006,4
5/31/2006,1,14.9324175,178.82469,MaxWater_noSMSCG,2006,5
6/30/2006,1,13.0759485,169.87918,MaxWater_noSMSCG,2006,6
7/31/2006,1,19.152171,179.53537,MaxWater_noSMSCG,2006,7
8/31/2006,1,26.257848,283.30463,MaxWater_noSMSCG,2006,8
9/30/2006,1,43.7257555,742.2125,MaxWater_noSMSCG,2006,9
10/31/2006,1,76.92516895,1157.2156,MaxWater_noSMSCG,2006,10
11/30/2006,1,81.32410975,1232.4502,MaxWater_noSMSCG,2006,11
12/31/2006,1,136.7139139,1772.5316,MaxWater_noSMSCG,2006,12
1/31/2007,1,147.920131,1019.4991,MaxWater_noSMSCG,2007,1
2/28/2007,3,52.0544929,559.30994,MaxWater_noSMSCG,2007,2
3/31/2007,3,58.7385466,443.0796,MaxWater_noSMSCG,2007,3
4/30/2007,4,37.6122205,243.6428,MaxWater_noSMSCG,2007,4
5/31/2007,4,33.4338925,266.20767,MaxWater_noSMSCG,2007,5
6/30/2007,4,31.9375,337.62457,MaxWater_noSMSCG,2007,6
7/31/2007,4,31.6593115,450.9149,MaxWater_noSMSCG,2007,7
8/31/2007,4,72.29511025,1393.8136,MaxWater_noSMSCG,2007,8
9/30/2007,4,138.1690926,1576.8734,MaxWater_noSMSCG,2007,9
10/31/2007,4,136.9802065,1709.5085,MaxWater_noSMSCG,2007,10
11/30/2007,4,143.9612701,1668.4248,MaxWater_noSMSCG,2007,11
12/31/2007,4,156.0529765,1725.9086,MaxWater_noSMSCG,2007,12
1/31/2008,4,200.1720738,1710.7186,MaxWater_noSMSCG,2008,1
2/29/2008,4,124.6002625,670.46533,MaxWater_noSMSCG,2008,2
3/31/2008,4,43.5918511,255.77069,MaxWater_noSMSCG,2008,3
4/30/2008,4,48.10217845,245.10289,MaxWater_noSMSCG,2008,4
5/31/2008,5,41.84679895,267.55292,MaxWater_noSMSCG,2008,5
6/30/2008,5,36.10477,362.26584,MaxWater_noSMSCG,2008,6
7/31/2008,5,45.43200775,520.47034,MaxWater_noSMSCG,2008,7
8/31/2008,5,58.8907252,980.3961,MaxWater_noSMSCG,2008,8
9/30/2008,5,110.2205305,1450.4602,MaxWater_noSMSCG,2008,9
10/31/2008,5,165.8390899,1969.674,MaxWater_noSMSCG,2008,10
11/30/2008,5,224.6777845,2265.8345,MaxWater_noSMSCG,2008,11
12/31/2008,5,224.307997,1692.9977,MaxWater_noSMSCG,2008,12
1/31/2009,5,195.641671,1820.9331,MaxWater_noSMSCG,2009,1
2/28/2009,5,201.0670165,1124.2908,MaxWater_noSMSCG,2009,2
3/31/2009,5,83.37202,378.8589,MaxWater_noSMSCG,2009,3
4/30/2009,4,31.3726015,250.48485,MaxWater_noSMSCG,2009,4
5/31/2009,5,37.3572481,253.47581,MaxWater_noSMSCG,2009,5
6/30/2009,5,35.09586145,318.195,MaxWater_noSMSCG,2009,6
7/31/2009,5,28.24068,335.70486,MaxWater_noSMSCG,2009,7
8/31/2009,5,28.266834,524.2366,MaxWater_noSMSCG,2009,8
9/30/2009,5,70.5709885,1137.8203,MaxWater_noSMSCG,2009,9
10/31/2009,5,160.7931535,2134.4873,MaxWater_noSMSCG,2009,10
11/30/2009,5,208.5624025,2032.1213,MaxWater_noSMSCG,2009,11
12/31/2009,5,160.5770779,1974.4412,MaxWater_noSMSCG,2009,12
1/31/2010,5,209.6260938,1672.9338,MaxWater_noSMSCG,2010,1
2/28/2010,4,92.47086445,463.1542,MaxWater_noSMSCG,2010,2
3/31/2010,4,40.3089133,243.70923,MaxWater_noSMSCG,2010,3
4/30/2010,4,28.606101,241.92516,MaxWater_noSMSCG,2010,4
5/31/2010,3,28.4428305,237.32843,MaxWater_noSMSCG,2010,5
6/30/2010,3,27.646605,225.97374,MaxWater_noSMSCG,2010,6
7/31/2010,3,25.722366,245.33646,MaxWater_noSMSCG,2010,7
8/31/2010,3,30.0785655,599.88806,MaxWater_noSMSCG,2010,8
9/30/2010,3,86.71463395,1346.6146,MaxWater_noSMSCG,2010,9
10/31/2010,3,125.8753525,1745.0397,MaxWater_noSMSCG,2010,10
11/30/2010,3,117.6104238,1327.2866,MaxWater_noSMSCG,2010,11
12/31/2010,3,104.8922988,1277.2915,MaxWater_noSMSCG,2010,12
1/31/2011,3,64.12768,394.12344,MaxWater_noSMSCG,2011,1
2/28/2011,2,24.872649,187.92418,MaxWater_noSMSCG,2011,2
3/31/2011,2,27.50997,208.68628,MaxWater_noSMSCG,2011,3
4/30/2011,1,18.0748395,215.82332,MaxWater_noSMSCG,2011,4
5/31/2011,1,16.452651,192.36313,MaxWater_noSMSCG,2011,5
6/30/2011,1,16.5899895,188.1773,MaxWater_noSMSCG,2011,6
7/31/2011,1,19.0229325,185.91568,MaxWater_noSMSCG,2011,7
8/31/2011,1,18.6174435,225.4095,MaxWater_noSMSCG,2011,8
9/30/2011,1,24.301302,431.35516,MaxWater_noSMSCG,2011,9
10/31/2011,1,43.158292,706.2405,MaxWater_noSMSCG,2011,10
11/30/2011,1,47.521129,691.21564,MaxWater_noSMSCG,2011,11
12/31/2011,1,73.67183125,1064.5906,MaxWater_noSMSCG,2011,12
1/31/2012,1,206.7547045,1737.5204,MaxWater_noSMSCG,2012,1
2/29/2012,4,186.652962,1363.3099,MaxWater_noSMSCG,2012,2
3/31/2012,4,87.4616617,432.12543,MaxWater_noSMSCG,2012,3
4/30/2012,4,38.50373755,264.57956,MaxWater_noSMSCG,2012,4
5/31/2012,3,27.27471,228.23216,MaxWater_noSMSCG,2012,5
6/30/2012,3,26.11611,243.1599,MaxWater_noSMSCG,2012,6
7/31/2012,3,25.456572,352.99283,MaxWater_noSMSCG,2012,7
8/31/2012,3,34.327111,750.7969,MaxWater_noSMSCG,2012,8
9/30/2012,3,81.84808225,1307.3507,MaxWater_noSMSCG,2012,9
10/31/2012,3,162.1298463,1718.2833,MaxWater_noSMSCG,2012,10
11/30/2012,3,156.3204319,1715.7572,MaxWater_noSMSCG,2012,11
12/31/2012,3,181.0799808,1738.4302,MaxWater_noSMSCG,2012,12
1/31/2013,3,99.610522,550.6491,MaxWater_noSMSCG,2013,1
2/28/2013,3,25.451616,236.53848,MaxWater_noSMSCG,2013,2
3/31/2013,3,27.3584925,259.60226,MaxWater_noSMSCG,2013,3
4/30/2013,4,25.993092,264.5183,MaxWater_noSMSCG,2013,4
5/31/2013,4,31.9865713,292.9744,MaxWater_noSMSCG,2013,5
6/30/2013,4,39.12524275,321.817,MaxWater_noSMSCG,2013,6
7/31/2013,4,32.5173325,388.61237,MaxWater_noSMSCG,2013,7
8/31/2013,4,40.10233105,706.79443,MaxWater_noSMSCG,2013,8
9/30/2013,4,72.7607917,1078.9596,MaxWater_noSMSCG,2013,9
10/31/2013,4,149.278632,1807.4868,MaxWater_noSMSCG,2013,10
11/30/2013,4,170.852371,1632.0148,MaxWater_noSMSCG,2013,11
12/31/2013,4,190.1443516,1933.8613,MaxWater_noSMSCG,2013,12
1/31/2014,4,223.6403275,1989.1345,MaxWater_noSMSCG,2014,1
2/28/2014,5,179.7384231,953.5316,MaxWater_noSMSCG,2014,2
3/31/2014,5,69.70513,375.4142,MaxWater_noSMSCG,2014,3
4/30/2014,5,29.347737,301.885,MaxWater_noSMSCG,2014,4
5/31/2014,5,31.7656735,285.28348,MaxWater_noSMSCG,2014,5
6/30/2014,5,43.89000955,578.52325,MaxWater_noSMSCG,2014,6
7/31/2014,5,104.074648,1194.9753,MaxWater_noSMSCG,2014,7
8/31/2014,5,168.2775385,1532.5913,MaxWater_noSMSCG,2014,8
9/30/2014,5,169.1008294,1415.7257,MaxWater_noSMSCG,2014,9
10/31/2014,5,169.4093875,1576.5919,MaxWater_noSMSCG,2014,10
11/30/2014,5,222.3653373,1871.7701,MaxWater_noSMSCG,2014,11
12/31/2014,5,223.3056235,1771.1575,MaxWater_noSMSCG,2014,12
1/31/2015,5,95.74770325,566.76776,MaxWater_noSMSCG,2015,1
2/28/2015,5,32.1905971,270.7659,MaxWater_noSMSCG,2015,2
3/31/2015,5,35.91312175,350.32352,MaxWater_noSMSCG,2015,3
4/30/2015,5,39.868195,305.69983,MaxWater_noSMSCG,2015,4
5/31/2015,5,54.09147625,437.7226,MaxWater_noSMSCG,2015,5
6/30/2015,5,68.8706215,977.5251,MaxWater_noSMSCG,2015,6
7/31/2015,5,155.8853281,1716.4514,MaxWater_noSMSCG,2015,7
8/31/2015,5,176.801803,1619.2961,MaxWater_noSMSCG,2015,8
9/30/2015,5,150.094302,1452.6681,MaxWater_noSMSCG,2015,9
10/31/2015,5,174.7029205,1642.0089,MaxWater_noSMSCG,2015,10
11/30/2015,5,207.6921265,2133.3157,MaxWater_noSMSCG,2015,11
12/31/2015,5,216.543286,2144.243,MaxWater_noSMSCG,2015,12
1/31/2016,5,223.8239445,1599.7019,MaxWater_noSMSCG,2016,1
2/29/2016,3,88.1361655,516.24506,MaxWater_noSMSCG,2016,2
3/31/2016,4,33.008587,247.42462,MaxWater_noSMSCG,2016,3
4/30/2016,3,28.7062545,244.31706,MaxWater_noSMSCG,2016,4
5/31/2016,3,29.27193,239.42075,MaxWater_noSMSCG,2016,5
6/30/2016,3,28.25787,252.36505,MaxWater_noSMSCG,2016,6
7/31/2016,3,25.5087255,388.18988,MaxWater_noSMSCG,2016,7
8/31/2016,3,39.7388905,742.6611,MaxWater_noSMSCG,2016,8
9/30/2016,3,81.2695465,1191.0629,MaxWater_noSMSCG,2016,9
10/31/2016,3,145.8214936,1840.7294,MaxWater_noSMSCG,2016,10
11/30/2016,3,174.0482755,1690.026,MaxWater_noSMSCG,2016,11
12/31/2016,3,155.620261,1805.8698,MaxWater_noSMSCG,2016,12
1/31/2017,3,125.5835866,757.87665,MaxWater_noSMSCG,2017,1
2/28/2017,1,36.9140161,213.07246,MaxWater_noSMSCG,2017,2
3/31/2017,1,15.5011545,200.20007,MaxWater_noSMSCG,2017,3
4/30/2017,1,16.867722,171.82315,MaxWater_noSMSCG,2017,4
5/31/2017,1,15.052233,176.88303,MaxWater_noSMSCG,2017,5
6/30/2017,1,15.482634,193.56635,MaxWater_noSMSCG,2017,6
7/31/2017,1,18.864381,226.01154,MaxWater_noSMSCG,2017,7
8/31/2017,1,24.158301,253.69984,MaxWater_noSMSCG,2017,8
9/30/2017,1,49.17274675,831.0689,MaxWater_noSMSCG,2017,9
10/31/2017,1,104.7332545,1596.7983,MaxWater_noSMSCG,2017,10
11/30/2017,1,97.3567135,1428.1447,MaxWater_noSMSCG,2017,11
12/31/2017,1,83.6791588,959.37213,MaxWater_noSMSCG,2017,12
1/31/2018,1,123.1244755,1239.0917,MaxWater_noSMSCG,2018,1
2/28/2018,3,172.7983339,1039.0454,MaxWater_noSMSCG,2018,2
3/31/2018,4,58.19584675,316.69077,MaxWater_noSMSCG,2018,3
4/30/2018,3,36.9165811,251.30173,MaxWater_noSMSCG,2018,4
5/31/2018,3,29.231634,233.46832,MaxWater_noSMSCG,2018,5
6/30/2018,3,27.371946,230.00813,MaxWater_noSMSCG,2018,6
7/31/2018,3,25.0285335,352.2408,MaxWater_noSMSCG,2018,7
8/31/2018,3,37.452649,727.70197,MaxWater_noSMSCG,2018,8
9/30/2018,3,70.6307245,1140.5442,MaxWater_noSMSCG,2018,9
10/31/2018,3,152.4174396,1706.0709,MaxWater_noSMSCG,2018,10
11/30/2018,3,156.294343,1726.841,MaxWater_noSMSCG,2018,11
12/31/2018,3,182.8098453,1749.137,MaxWater_noSMSCG,2018,12
1/31/2019,3,222.6351895,1352.9076,MaxWater_noSMSCG,2019,1
2/28/2019,3,85.5548065,493.9891,MaxWater_noSMSCG,2019,2
3/31/2019,2,37.4367802,238.91528,MaxWater_noSMSCG,2019,3
4/30/2019,1,26.8658895,221.91301,MaxWater_noSMSCG,2019,4
5/31/2019,1,23.275443,193.20567,MaxWater_noSMSCG,2019,5
6/30/2019,1,19.31118,193.38545,MaxWater_noSMSCG,2019,6
7/31/2019,1,18.532368,185.2473,MaxWater_noSMSCG,2019,7
8/31/2019,1,22.5621645,243.88948,MaxWater_noSMSCG,2019,8
9/30/2019,1,55.4116447,815.97284,MaxWater_noSMSCG,2019,9
10/31/2019,1,107.9368113,1341.8337,MaxWater_noSMSCG,2019,10
11/30/2019,1,82.7707669,1369.8204,MaxWater_noSMSCG,2019,11
12/31/2019,1,137.007481,1780.0377,MaxWater_noSMSCG,2019,12
1/31/2020,1,131.7127938,831.4328,MaxWater_noSMSCG,2020,1
2/29/2020,3,39.2025376,465.09305,MaxWater_noSMSCG,2020,2
3/31/2020,4,40.212019,418.59726,MaxWater_noSMSCG,2020,3
4/30/2020,4,30.7044703,284.9866,MaxWater_noSMSCG,2020,4
5/31/2020,4,39.12071125,283.91495,MaxWater_noSMSCG,2020,5
6/30/2020,4,36.58534555,330.01797,MaxWater_noSMSCG,2020,6
7/31/2020,4,31.23681895,395.96844,MaxWater_noSMSCG,2020,7
8/31/2020,4,43.9344097,761.08563,MaxWater_noSMSCG,2020,8
9/30/2020,4,77.217274,1124.0544,MaxWater_noSMSCG,2020,9
10/31/2020,4,134.5859215,1828.8,MaxWater_noSMSCG,2020,10
11/30/2020,4,181.44109,1828.5463,MaxWater_noSMSCG,2020,11
12/31/2020,4,175.082911,1810.5747,MaxWater_noSMSCG,2020,12
1/31/2021,4,223.6906015,1774.4878,MaxWater_noSMSCG,2021,1
2/28/2021,5,203.7564589,1061.775,MaxWater_noSMSCG,2021,2
3/31/2021,5,121.5023866,832.33746,MaxWater_noSMSCG,2021,3
4/30/2021,5,111.6547161,767.3507,MaxWater_noSMSCG,2021,4
5/31/2021,5,87.3157189,875.86304,MaxWater_noSMSCG,2021,5
6/30/2021,5,114.592003,942.3599,MaxWater_noSMSCG,2021,6
7/31/2021,5,132.636208,1335.0848,MaxWater_noSMSCG,2021,7
8/31/2021,5,175.2028276,1729.0928,MaxWater_noSMSCG,2021,8
9/30/2021,5,168.5006365,1614.9106,MaxWater_noSMSCG,2021,9
