Date,WY_type_SAC,RockSlough_chloride,JerseyPoint_EC,scenario,year,month
11/30/1920,NA,NA,NA,StatusQuo,1920,11
12/31/1920,NA,NA,NA,StatusQuo,1920,12
1/31/1921,NA,NA,NA,StatusQuo,1921,1
2/28/1921,NA,NA,NA,StatusQuo,1921,2
3/31/1921,5,NA,NA,StatusQuo,1921,3
4/30/1921,5,NA,NA,StatusQuo,1921,4
5/31/1921,2,NA,NA,StatusQuo,1921,5
6/30/1921,2,NA,NA,StatusQuo,1921,6
7/31/1921,2,NA,NA,StatusQuo,1921,7
8/31/1921,2,NA,NA,StatusQuo,1921,8
9/30/1921,2,NA,NA,StatusQuo,1921,9
10/31/1921,2,NA,NA,StatusQuo,1921,10
11/30/1921,2,34.9333744,249.55716,StatusQuo,1921,11
12/31/1921,2,56.7566965,849.4999,StatusQuo,1921,12
1/31/1922,2,227.5729171,1310.2081,StatusQuo,1922,1
2/28/1922,3,70.30207675,447.96115,StatusQuo,1922,2
3/31/1922,3,60.7583245,271.3863,StatusQuo,1922,3
4/30/1922,2,38.904724,239.23682,StatusQuo,1922,4
5/31/1922,2,28.6729575,232.1971,StatusQuo,1922,5
6/30/1922,2,21.8000205,214.04214,StatusQuo,1922,6
7/31/1922,2,18.7638705,201.81924,StatusQuo,1922,7
8/31/1922,2,19.4915385,259.44318,StatusQuo,1922,8
9/30/1922,2,27.5584305,703.17816,StatusQuo,1922,9
10/31/1922,2,33.5247334,393.90652,StatusQuo,1922,10
11/30/1922,2,20.9648025,276.63248,StatusQuo,1922,11
12/31/1922,2,30.743236,565.2174,StatusQuo,1922,12
1/31/1923,2,51.5174389,422.99786,StatusQuo,1923,1
2/28/1923,2,29.0536695,227.34586,StatusQuo,1923,2
3/31/1923,3,31.2690268,234.63152,StatusQuo,1923,3
4/30/1923,4,30.9665905,246.15216,StatusQuo,1923,4
5/31/1923,3,32.7614236,242.71512,StatusQuo,1923,5
6/30/1923,3,28.13589,222.12314,StatusQuo,1923,6
7/31/1923,3,27.281337,262.6224,StatusQuo,1923,7
8/31/1923,3,28.967724,702.6464,StatusQuo,1923,8
9/30/1923,3,77.18254675,1225.3656,StatusQuo,1923,9
10/31/1923,3,140.4901981,1674.8589,StatusQuo,1923,10
11/30/1923,3,128.5529161,1498.1608,StatusQuo,1923,11
12/31/1923,3,146.5777411,1761.3934,StatusQuo,1923,12
1/31/1924,3,207.2149225,1710.3754,StatusQuo,1924,1
2/29/1924,5,171.015847,1414.5448,StatusQuo,1924,2
3/31/1924,5,106.047304,750.5311,StatusQuo,1924,3
4/30/1924,5,81.235147,415.25098,StatusQuo,1924,4
5/31/1924,5,69.920533,587.0126,StatusQuo,1924,5
6/30/1924,5,87.0399643,1048.094,StatusQuo,1924,6
7/31/1924,5,157.993114,1435.8188,StatusQuo,1924,7
8/31/1924,5,159.3030595,1466.7847,StatusQuo,1924,8
9/30/1924,5,165.311629,1461.8254,StatusQuo,1924,9
10/31/1924,5,187.2697105,1508.4943,StatusQuo,1924,10
11/30/1924,5,203.04694,2187.202,StatusQuo,1924,11
12/31/1924,5,222.3505315,2322.8625,StatusQuo,1924,12
1/31/1925,5,208.5492213,1592.1246,StatusQuo,1925,1
2/28/1925,5,126.6457075,1036.5706,StatusQuo,1925,2
3/31/1925,4,67.7408872,443.27725,StatusQuo,1925,3
4/30/1925,4,27.992592,245.8436,StatusQuo,1925,4
5/31/1925,4,29.210682,246.00064,StatusQuo,1925,5
6/30/1925,4,29.204925,235.56816,StatusQuo,1925,6
7/31/1925,4,26.179155,259.0036,StatusQuo,1925,7
8/31/1925,4,30.031068,625.98517,StatusQuo,1925,8
9/30/1925,4,75.8128282,1075.7365,StatusQuo,1925,9
10/31/1925,4,139.011031,1762.5823,StatusQuo,1925,10
11/30/1925,4,175.3365781,1694.4299,StatusQuo,1925,11
12/31/1925,4,167.7048025,1749.9778,StatusQuo,1925,12
1/31/1926,4,201.27595,1600.8636,StatusQuo,1926,1
2/28/1926,5,142.2418195,1024.0228,StatusQuo,1926,2
3/31/1926,4,61.78652755,326.15918,StatusQuo,1926,3
4/30/1926,5,51.6395215,244.30878,StatusQuo,1926,4
5/31/1926,4,40.51344355,246.269,StatusQuo,1926,5
6/30/1926,4,27.6701295,254.74763,StatusQuo,1926,6
7/31/1926,4,26.908452,375.45285,StatusQuo,1926,7
8/31/1926,4,46.692064,924.63464,StatusQuo,1926,8
9/30/1926,4,99.0226525,1269.863,StatusQuo,1926,9
10/31/1926,4,137.7615454,1761.3411,StatusQuo,1926,10
11/30/1926,4,177.7387405,1758.6368,StatusQuo,1926,11
12/31/1926,4,137.4029299,1258.5872,StatusQuo,1926,12
1/31/1927,4,115.1445895,909.8063,StatusQuo,1927,1
2/28/1927,3,81.735664,629.835,StatusQuo,1927,2
3/31/1927,1,26.7465495,240.81564,StatusQuo,1927,3
4/30/1927,1,24.267258,233.78331,StatusQuo,1927,4
5/31/1927,1,29.510088,221.96088,StatusQuo,1927,5
6/30/1927,1,24.9848925,214.22084,StatusQuo,1927,6
7/31/1927,1,21.799707,208.41023,StatusQuo,1927,7
8/31/1927,1,21.755145,357.65665,StatusQuo,1927,8
9/30/1927,1,52.6926193,749.3776,StatusQuo,1927,9
10/31/1927,1,46.696282,559.2603,StatusQuo,1927,10
11/30/1927,1,22.725567,298.8365,StatusQuo,1927,11
12/31/1927,1,35.991682,541.9507,StatusQuo,1927,12
1/31/1928,1,125.78857,1041.8412,StatusQuo,1928,1
2/29/1928,3,144.0920965,733.3271,StatusQuo,1928,2
3/31/1928,3,45.5104426,281.7688,StatusQuo,1928,3
4/30/1928,2,24.51918,232.87679,StatusQuo,1928,4
5/31/1928,2,26.70258,222.15324,StatusQuo,1928,5
6/30/1928,2,27.369045,236.7111,StatusQuo,1928,6
7/31/1928,2,24.7655775,298.48743,StatusQuo,1928,7
8/31/1928,2,25.3263885,435.61438,StatusQuo,1928,8
9/30/1928,2,42.9094699,847.4862,StatusQuo,1928,9
10/31/1928,2,58.5254749,501.94843,StatusQuo,1928,10
11/30/1928,2,22.8160815,253.08925,StatusQuo,1928,11
12/31/1928,2,33.92053,721.26587,StatusQuo,1928,12
1/31/1929,2,194.4945318,1575.694,StatusQuo,1929,1
2/28/1929,4,218.484136,1357.1693,StatusQuo,1929,2
3/31/1929,5,97.88822995,535.81934,StatusQuo,1929,3
4/30/1929,5,47.9768041,335.84177,StatusQuo,1929,4
5/31/1929,5,56.6345455,368.61148,StatusQuo,1929,5
6/30/1929,5,60.3151438,603.7711,StatusQuo,1929,6
7/31/1929,5,107.411847,1158.8787,StatusQuo,1929,7
8/31/1929,5,147.562969,1391.6423,StatusQuo,1929,8
9/30/1929,5,138.214855,1346.6428,StatusQuo,1929,9
10/31/1929,5,162.2403835,1723.7161,StatusQuo,1929,10
11/30/1929,5,204.082288,2045.7031,StatusQuo,1929,11
12/31/1929,5,218.970232,2065.4192,StatusQuo,1929,12
1/31/1930,5,179.7306055,1296.4081,StatusQuo,1930,1
2/28/1930,4,79.9069102,495.75497,StatusQuo,1930,2
3/31/1930,4,37.4431813,268.7395,StatusQuo,1930,3
4/30/1930,4,27.554292,242.19516,StatusQuo,1930,4
5/31/1930,4,30.0353895,243.25076,StatusQuo,1930,5
6/30/1930,4,30.080145,288.2517,StatusQuo,1930,6
7/31/1930,4,28.816818,426.86087,StatusQuo,1930,7
8/31/1930,4,43.908526,800.85223,StatusQuo,1930,8
9/30/1930,4,74.06188795,991.69037,StatusQuo,1930,9
10/31/1930,4,114.7881856,1499.491,StatusQuo,1930,10
11/30/1930,4,169.4060958,1819.3701,StatusQuo,1930,11
12/31/1930,4,209.009026,1933.3954,StatusQuo,1930,12
1/31/1931,4,202.7594434,1573.9917,StatusQuo,1931,1
2/28/1931,5,176.588794,1234.355,StatusQuo,1931,2
3/31/1931,5,113.8867249,876.13513,StatusQuo,1931,3
4/30/1931,5,103.491253,728.0592,StatusQuo,1931,4
5/31/1931,5,89.3467315,831.88885,StatusQuo,1931,5
6/30/1931,5,109.144513,1263.3174,StatusQuo,1931,6
7/31/1931,5,155.21256,1423.763,StatusQuo,1931,7
8/31/1931,5,139.859134,1498.4858,StatusQuo,1931,8
9/30/1931,5,167.51143,1697.8062,StatusQuo,1931,9
10/31/1931,5,202.6386006,1551.903,StatusQuo,1931,10
11/30/1931,5,211.8760006,1874.5637,StatusQuo,1931,11
12/31/1931,5,226.571809,1950.3151,StatusQuo,1931,12
1/31/1932,5,173.07976,1024.5944,StatusQuo,1932,1
2/29/1932,4,54.7390903,384.5214,StatusQuo,1932,2
3/31/1932,5,41.1873973,278.01572,StatusQuo,1932,3
4/30/1932,5,32.624578,249.87253,StatusQuo,1932,4
5/31/1932,5,61.905649,287.41245,StatusQuo,1932,5
6/30/1932,5,38.4660235,265.7326,StatusQuo,1932,6
7/31/1932,5,29.7279555,379.41916,StatusQuo,1932,7
8/31/1932,5,53.2728565,908.05164,StatusQuo,1932,8
9/30/1932,5,113.3358655,1244.8083,StatusQuo,1932,9
10/31/1932,5,158.2649328,1568.3575,StatusQuo,1932,10
11/30/1932,5,189.3715285,2036.9952,StatusQuo,1932,11
12/31/1932,5,223.478476,2268.381,StatusQuo,1932,12
1/31/1933,5,231.684652,1798.4535,StatusQuo,1933,1
2/28/1933,5,173.534677,1163.2234,StatusQuo,1933,2
3/31/1933,5,133.837825,866.3978,StatusQuo,1933,3
4/30/1933,5,96.8570686,568.6902,StatusQuo,1933,4
5/31/1933,5,81.97344805,585.3909,StatusQuo,1933,5
6/30/1933,5,85.78247875,798.42786,StatusQuo,1933,6
7/31/1933,5,123.5746188,1336.8378,StatusQuo,1933,7
8/31/1933,5,177.2740195,1699.1622,StatusQuo,1933,8
9/30/1933,5,172.2612685,1670.3516,StatusQuo,1933,9
10/31/1933,5,190.6114068,1575.2572,StatusQuo,1933,10
11/30/1933,5,194.2891665,1955.0493,StatusQuo,1933,11
12/31/1933,5,225.1999758,2152.6108,StatusQuo,1933,12
1/31/1934,5,226.9335481,1655.6957,StatusQuo,1934,1
2/28/1934,5,126.280765,770.40955,StatusQuo,1934,2
3/31/1934,5,56.0186605,358.0766,StatusQuo,1934,3
4/30/1934,5,31.450948,306.1241,StatusQuo,1934,4
5/31/1934,5,49.81904125,434.79996,StatusQuo,1934,5
6/30/1934,5,66.791803,925.07947,StatusQuo,1934,6
7/31/1934,5,150.5718565,1781.9574,StatusQuo,1934,7
8/31/1934,5,200.8644841,1950.706,StatusQuo,1934,8
9/30/1934,5,179.6091784,1696.2407,StatusQuo,1934,9
10/31/1934,5,200.090578,1723.9281,StatusQuo,1934,10
11/30/1934,5,220.574611,2086.9863,StatusQuo,1934,11
12/31/1934,5,229.4927028,1863.6458,StatusQuo,1934,12
1/31/1935,5,193.1849425,1710.5623,StatusQuo,1935,1
2/28/1935,4,134.327398,666.54663,StatusQuo,1935,2
3/31/1935,4,40.3667968,252.3713,StatusQuo,1935,3
4/30/1935,4,29.03088,256.5943,StatusQuo,1935,4
5/31/1935,3,28.20762,238.40643,StatusQuo,1935,5
6/30/1935,3,28.0899495,226.64488,StatusQuo,1935,6
7/31/1935,3,23.926248,258.15732,StatusQuo,1935,7
8/31/1935,3,23.0821425,500.94577,StatusQuo,1935,8
9/30/1935,3,62.7843838,1015.31995,StatusQuo,1935,9
10/31/1935,3,138.4700155,1713.2993,StatusQuo,1935,10
11/30/1935,3,178.5933273,1469.9174,StatusQuo,1935,11
12/31/1935,3,145.67815,1759.709,StatusQuo,1935,12
1/31/1936,3,190.0564006,1592.8984,StatusQuo,1936,1
2/29/1936,3,90.8935348,479.88583,StatusQuo,1936,2
3/31/1936,2,45.2530705,235.80548,StatusQuo,1936,3
4/30/1936,3,35.8414015,234.01767,StatusQuo,1936,4
5/31/1936,3,31.8785734,220.20877,StatusQuo,1936,5
6/30/1936,3,25.095435,233.79874,StatusQuo,1936,6
7/31/1936,3,25.843266,275.91797,StatusQuo,1936,7
8/31/1936,3,30.4827802,733.26056,StatusQuo,1936,8
9/30/1936,3,88.9187926,1302.718,StatusQuo,1936,9
10/31/1936,3,129.148663,1753.0525,StatusQuo,1936,10
11/30/1936,3,122.4679296,1255.4612,StatusQuo,1936,11
12/31/1936,3,114.854944,1485.9042,StatusQuo,1936,12
1/31/1937,3,200.9562769,1733.9673,StatusQuo,1937,1
2/28/1937,4,163.010482,1188.3707,StatusQuo,1937,2
3/31/1937,4,100.5276235,420.39975,StatusQuo,1937,3
4/30/1937,3,58.0224898,243.01059,StatusQuo,1937,4
5/31/1937,3,30.8652616,227.03543,StatusQuo,1937,5
6/30/1937,3,25.241316,230.6807,StatusQuo,1937,6
7/31/1937,3,25.003557,275.64566,StatusQuo,1937,7
8/31/1937,3,26.948589,590.68024,StatusQuo,1937,8
9/30/1937,3,79.8623305,1207.6737,StatusQuo,1937,9
10/31/1937,3,145.2697735,1715.0059,StatusQuo,1937,10
11/30/1937,3,151.1615785,1686.4816,StatusQuo,1937,11
12/31/1937,3,162.504265,1536.9939,StatusQuo,1937,12
1/31/1938,3,70.8147262,458.11707,StatusQuo,1938,1
2/28/1938,2,27.0921255,223.77322,StatusQuo,1938,2
3/31/1938,1,26.216418,211.90096,StatusQuo,1938,3
4/30/1938,1,16.3054185,195.38698,StatusQuo,1938,4
5/31/1938,1,15.4292655,172.41695,StatusQuo,1938,5
6/30/1938,1,13.222053,168.65976,StatusQuo,1938,6
7/31/1938,1,13.34811,169.7945,StatusQuo,1938,7
8/31/1938,1,17.031951,198.65854,StatusQuo,1938,8
9/30/1938,1,23.888025,407.43768,StatusQuo,1938,9
10/31/1938,1,26.524782,454.76077,StatusQuo,1938,10
11/30/1938,1,22.5568755,349.20187,StatusQuo,1938,11
12/31/1938,1,54.776203,954.527,StatusQuo,1938,12
1/31/1939,1,219.1307725,1728.0306,StatusQuo,1939,1
2/28/1939,4,196.5360466,1443.1085,StatusQuo,1939,2
3/31/1939,4,139.355026,926.3556,StatusQuo,1939,3
4/30/1939,4,104.4126153,528.8101,StatusQuo,1939,4
5/31/1939,4,60.4598725,406.70468,StatusQuo,1939,5
6/30/1939,4,41.0123503,325.33957,StatusQuo,1939,6
7/31/1939,4,35.977033,576.78455,StatusQuo,1939,7
8/31/1939,4,74.90960905,1207.9529,StatusQuo,1939,8
9/30/1939,4,113.119807,1491.121,StatusQuo,1939,9
10/31/1939,4,166.0584573,1881.1129,StatusQuo,1939,10
11/30/1939,4,185.554096,1792.1259,StatusQuo,1939,11
12/31/1939,4,180.867556,1703.3745,StatusQuo,1939,12
1/31/1940,4,207.432406,1945.8204,StatusQuo,1940,1
2/29/1940,3,135.5180055,605.4454,StatusQuo,1940,2
3/31/1940,2,52.94750905,241.65315,StatusQuo,1940,3
4/30/1940,1,33.5735881,231.8259,StatusQuo,1940,4
5/31/1940,1,32.1565738,220.87848,StatusQuo,1940,5
6/30/1940,1,26.5776345,222.91293,StatusQuo,1940,6
7/31/1940,1,23.641674,257.02283,StatusQuo,1940,7
8/31/1940,1,26.051001,455.63687,StatusQuo,1940,8
9/30/1940,1,38.5396105,744.2754,StatusQuo,1940,9
10/31/1940,1,52.6625575,476.9481,StatusQuo,1940,10
11/30/1940,1,19.723551,244.5934,StatusQuo,1940,11
12/31/1940,1,34.03433905,761.01074,StatusQuo,1940,12
1/31/1941,1,84.3192517,495.072,StatusQuo,1941,1
2/28/1941,1,38.7545575,224.33162,StatusQuo,1941,2
3/31/1941,1,30.72860695,205.36626,StatusQuo,1941,3
4/30/1941,1,25.007208,207.06364,StatusQuo,1941,4
5/31/1941,1,24.165171,181.59091,StatusQuo,1941,5
6/30/1941,1,18.682233,183.24046,StatusQuo,1941,6
7/31/1941,1,18.068502,178.7674,StatusQuo,1941,7
8/31/1941,1,18.552408,238.99199,StatusQuo,1941,8
9/30/1941,1,26.2276995,472.67776,StatusQuo,1941,9
10/31/1941,1,29.5283805,507.29742,StatusQuo,1941,10
11/30/1941,1,23.581719,334.19452,StatusQuo,1941,11
12/31/1941,1,53.6730649,859.9151,StatusQuo,1941,12
1/31/1942,1,68.8048606,465.034,StatusQuo,1942,1
2/28/1942,1,27.778545,211.02942,StatusQuo,1942,2
3/31/1942,1,25.893342,215.37418,StatusQuo,1942,3
4/30/1942,1,29.189175,214.8109,StatusQuo,1942,4
5/31/1942,1,28.9116675,210.54494,StatusQuo,1942,5
6/30/1942,1,22.6093275,189.3151,StatusQuo,1942,6
7/31/1942,1,18.913125,174.80997,StatusQuo,1942,7
8/31/1942,1,18.956895,246.37308,StatusQuo,1942,8
9/30/1942,1,28.795551,530.03864,StatusQuo,1942,9
10/31/1942,1,35.77349455,510.6206,StatusQuo,1942,10
11/30/1942,1,22.3764975,262.29172,StatusQuo,1942,11
12/31/1942,1,35.6049541,698.62854,StatusQuo,1942,12
1/31/1943,1,80.19764155,552.58826,StatusQuo,1943,1
2/28/1943,1,31.69130845,216.18399,StatusQuo,1943,2
3/31/1943,1,25.492047,220.07632,StatusQuo,1943,3
4/30/1943,1,24.06384,201.88211,StatusQuo,1943,4
5/31/1943,1,20.714862,205.79071,StatusQuo,1943,5
6/30/1943,1,20.0697915,206.61629,StatusQuo,1943,6
7/31/1943,1,22.788759,258.10437,StatusQuo,1943,7
8/31/1943,1,24.845478,434.58505,StatusQuo,1943,8
9/30/1943,1,37.65429505,639.8671,StatusQuo,1943,9
10/31/1943,1,37.1212681,534.38544,StatusQuo,1943,10
11/30/1943,1,21.4550835,266.4562,StatusQuo,1943,11
12/31/1943,1,42.296851,894.6159,StatusQuo,1943,12
1/31/1944,1,208.4279965,1751.9077,StatusQuo,1944,1
2/29/1944,4,165.23713,1110.6323,StatusQuo,1944,2
3/31/1944,4,71.2852156,334.8092,StatusQuo,1944,3
4/30/1944,4,29.9678745,235.69833,StatusQuo,1944,4
5/31/1944,4,34.9127689,260.5525,StatusQuo,1944,5
6/30/1944,4,31.5272425,315.7969,StatusQuo,1944,6
7/31/1944,4,29.8790775,348.32895,StatusQuo,1944,7
8/31/1944,4,48.2399218,1019.5561,StatusQuo,1944,8
9/30/1944,4,127.1606911,1569.6992,StatusQuo,1944,9
10/31/1944,4,172.2319705,1882.8573,StatusQuo,1944,10
11/30/1944,4,176.322148,1724.3019,StatusQuo,1944,11
12/31/1944,4,153.9034609,1709.503,StatusQuo,1944,12
1/31/1945,4,153.359755,1096.451,StatusQuo,1945,1
2/28/1945,4,79.43342545,701.5974,StatusQuo,1945,2
3/31/1945,3,56.74751095,333.19208,StatusQuo,1945,3
4/30/1945,3,42.3952615,242.34357,StatusQuo,1945,4
5/31/1945,3,31.4946499,237.39598,StatusQuo,1945,5
6/30/1945,3,27.5234805,247.29245,StatusQuo,1945,6
7/31/1945,3,27.049407,328.658,StatusQuo,1945,7
8/31/1945,3,39.4842259,758.4715,StatusQuo,1945,8
9/30/1945,3,86.07488875,1227.3584,StatusQuo,1945,9
10/31/1945,3,134.2255191,1685.6102,StatusQuo,1945,10
11/30/1945,3,148.7698443,1737.9321,StatusQuo,1945,11
12/31/1945,3,147.0242905,1750.3888,StatusQuo,1945,12
1/31/1946,3,69.1839505,457.45816,StatusQuo,1946,1
2/28/1946,2,22.9429845,197.11873,StatusQuo,1946,2
3/31/1946,2,26.380353,223.71584,StatusQuo,1946,3
4/30/1946,2,29.817018,240.29013,StatusQuo,1946,4
5/31/1946,3,28.6871295,237.90404,StatusQuo,1946,5
6/30/1946,3,26.465556,243.29631,StatusQuo,1946,6
7/31/1946,3,27.1223595,296.30975,StatusQuo,1946,7
8/31/1946,3,34.97324305,716.55853,StatusQuo,1946,8
9/30/1946,3,82.1628106,1281.5623,StatusQuo,1946,9
10/31/1946,3,149.097637,1694.7836,StatusQuo,1946,10
11/30/1946,3,146.6138535,1707.3035,StatusQuo,1946,11
12/31/1946,3,149.2446685,1719.8961,StatusQuo,1946,12
1/31/1947,3,210.7110745,1513.9626,StatusQuo,1947,1
2/28/1947,4,160.42519,1359.9868,StatusQuo,1947,2
3/31/1947,4,143.7826036,716.0829,StatusQuo,1947,3
4/30/1947,4,44.69826955,273.75864,StatusQuo,1947,4
5/31/1947,5,29.859855,257.00043,StatusQuo,1947,5
6/30/1947,5,31.31532505,332.75104,StatusQuo,1947,6
7/31/1947,5,34.7373229,462.9741,StatusQuo,1947,7
8/31/1947,5,43.4779822,663.0124,StatusQuo,1947,8
9/30/1947,5,77.5233925,1041.8549,StatusQuo,1947,9
10/31/1947,5,132.096076,1672.8131,StatusQuo,1947,10
11/30/1947,5,199.529413,2172.2183,StatusQuo,1947,11
12/31/1947,5,215.8879,2243.6824,StatusQuo,1947,12
1/31/1948,5,224.3797144,1713.7706,StatusQuo,1948,1
2/29/1948,4,151.0727013,1177.9431,StatusQuo,1948,2
3/31/1948,5,79.7865034,579.0196,StatusQuo,1948,3
4/30/1948,4,47.1637675,364.07443,StatusQuo,1948,4
5/31/1948,3,31.51708795,240.3973,StatusQuo,1948,5
6/30/1948,3,26.85486,220.9086,StatusQuo,1948,6
7/31/1948,3,21.7619295,222.45096,StatusQuo,1948,7
8/31/1948,3,22.954356,483.35443,StatusQuo,1948,8
9/30/1948,3,93.4946386,1291.0302,StatusQuo,1948,9
10/31/1948,3,167.5312261,1657.3088,StatusQuo,1948,10
11/30/1948,3,156.5160559,1676.4504,StatusQuo,1948,11
12/31/1948,3,161.2243129,1749.392,StatusQuo,1948,12
1/31/1949,3,195.2506225,1378.2734,StatusQuo,1949,1
2/28/1949,4,143.4813586,1236.7029,StatusQuo,1949,2
3/31/1949,5,138.518323,730.309,StatusQuo,1949,3
4/30/1949,4,45.2280475,267.77576,StatusQuo,1949,4
5/31/1949,4,26.7846495,243.07895,StatusQuo,1949,5
6/30/1949,4,28.124148,273.10074,StatusQuo,1949,6
7/31/1949,4,25.88559,354.36862,StatusQuo,1949,7
8/31/1949,4,30.7654318,585.0619,StatusQuo,1949,8
9/30/1949,4,59.29523995,878.4519,StatusQuo,1949,9
10/31/1949,4,126.0052954,1802.9136,StatusQuo,1949,10
11/30/1949,4,180.8347098,1810.1104,StatusQuo,1949,11
12/31/1949,4,169.8282235,1798.8917,StatusQuo,1949,12
1/31/1950,4,196.672573,1729.7709,StatusQuo,1950,1
2/28/1950,4,125.3620105,718.1267,StatusQuo,1950,2
3/31/1950,4,42.63840355,273.62405,StatusQuo,1950,3
4/30/1950,4,26.060433,242.84464,StatusQuo,1950,4
5/31/1950,4,27.945282,246.81377,StatusQuo,1950,5
6/30/1950,4,27.150522,267.31723,StatusQuo,1950,6
7/31/1950,4,25.768236,303.17746,StatusQuo,1950,7
8/31/1950,4,42.026956,887.791,StatusQuo,1950,8
9/30/1950,4,125.1938035,1631.435,StatusQuo,1950,9
10/31/1950,4,156.2486575,1714.4713,StatusQuo,1950,10
11/30/1950,4,160.8997036,1733.8062,StatusQuo,1950,11
12/31/1950,4,108.757084,923.172,StatusQuo,1950,12
1/31/1951,4,38.1854353,228.9373,StatusQuo,1951,1
2/28/1951,1,27.8465475,201.00844,StatusQuo,1951,2
3/31/1951,1,26.518749,209.98283,StatusQuo,1951,3
4/30/1951,1,26.3961435,214.0475,StatusQuo,1951,4
5/31/1951,1,25.228248,221.22598,StatusQuo,1951,5
6/30/1951,1,23.5869075,218.77036,StatusQuo,1951,6
7/31/1951,1,23.464014,268.88507,StatusQuo,1951,7
8/31/1951,1,24.970035,440.19342,StatusQuo,1951,8
9/30/1951,1,33.75315805,673.3527,StatusQuo,1951,9
10/31/1951,1,45.0943882,506.67014,StatusQuo,1951,10
11/30/1951,1,20.0885535,286.05905,StatusQuo,1951,11
12/31/1951,1,42.7926541,837.3293,StatusQuo,1951,12
1/31/1952,1,96.3569791,519.6046,StatusQuo,1952,1
2/29/1952,1,43.092913,221.55022,StatusQuo,1952,2
3/31/1952,1,29.619699,224.42064,StatusQuo,1952,3
4/30/1952,1,27.61791,208.46414,StatusQuo,1952,4
5/31/1952,1,21.1164645,198.37724,StatusQuo,1952,5
6/30/1952,1,16.88451,176.2992,StatusQuo,1952,6
7/31/1952,1,14.782473,169.07368,StatusQuo,1952,7
8/31/1952,1,15.8075985,187.25417,StatusQuo,1952,8
9/30/1952,1,20.13507,278.81406,StatusQuo,1952,9
10/31/1952,1,23.033769,320.27066,StatusQuo,1952,10
11/30/1952,1,21.005958,277.0486,StatusQuo,1952,11
12/31/1952,1,30.0679095,737.8055,StatusQuo,1952,12
1/31/1953,1,55.27782295,408.80453,StatusQuo,1953,1
2/28/1953,1,22.329855,211.23817,StatusQuo,1953,2
3/31/1953,2,22.692591,224.38057,StatusQuo,1953,3
4/30/1953,2,27.618345,240.5434,StatusQuo,1953,4
5/31/1953,2,29.5732275,238.7643,StatusQuo,1953,5
6/30/1953,2,27.08832,217.21628,StatusQuo,1953,6
7/31/1953,2,23.350641,205.7625,StatusQuo,1953,7
8/31/1953,2,20.8774635,348.02228,StatusQuo,1953,8
9/30/1953,2,54.7444939,873.3777,StatusQuo,1953,9
10/31/1953,2,58.493686,822.44543,StatusQuo,1953,10
11/30/1953,2,27.0208005,341.76498,StatusQuo,1953,11
12/31/1953,2,62.0681959,992.68646,StatusQuo,1953,12
1/31/1954,2,212.7842643,1556.5095,StatusQuo,1954,1
2/28/1954,2,132.619849,706.44293,StatusQuo,1954,2
3/31/1954,2,29.16465,240.04489,StatusQuo,1954,3
4/30/1954,2,24.116643,238.48964,StatusQuo,1954,4
5/31/1954,2,28.087953,230.97768,StatusQuo,1954,5
6/30/1954,2,26.744925,236.39944,StatusQuo,1954,6
7/31/1954,2,24.737688,308.16257,StatusQuo,1954,7
8/31/1954,2,24.9437715,456.22922,StatusQuo,1954,8
9/30/1954,2,30.7738336,691.7745,StatusQuo,1954,9
10/31/1954,2,51.443128,535.9259,StatusQuo,1954,10
11/30/1954,2,21.4223625,283.055,StatusQuo,1954,11
12/31/1954,2,40.6626496,769.38495,StatusQuo,1954,12
1/31/1955,2,111.4821115,703.92413,StatusQuo,1955,1
2/28/1955,3,35.0966965,323.5693,StatusQuo,1955,2
3/31/1955,4,29.8406655,282.02292,StatusQuo,1955,3
4/30/1955,4,28.973382,290.773,StatusQuo,1955,4
5/31/1955,4,43.26605905,295.46204,StatusQuo,1955,5
6/30/1955,4,41.37782005,304.41937,StatusQuo,1955,6
7/31/1955,4,36.8251189,401.69818,StatusQuo,1955,7
8/31/1955,4,38.6223802,697.8762,StatusQuo,1955,8
9/30/1955,4,71.98619305,1043.6091,StatusQuo,1955,9
10/31/1955,4,138.0893895,1766.1763,StatusQuo,1955,10
11/30/1955,4,178.369246,1716.023,StatusQuo,1955,11
12/31/1955,4,163.935327,1794.8094,StatusQuo,1955,12
1/31/1956,4,95.981674,548.16583,StatusQuo,1956,1
2/29/1956,1,33.6018373,191.20291,StatusQuo,1956,2
3/31/1956,1,27.274566,192.45366,StatusQuo,1956,3
4/30/1956,1,23.8378665,212.04768,StatusQuo,1956,4
5/31/1956,1,22.1623005,216.57085,StatusQuo,1956,5
6/30/1956,1,19.3301835,193.33974,StatusQuo,1956,6
7/31/1956,1,19.2571425,180.60063,StatusQuo,1956,7
8/31/1956,1,18.67959,245.76672,StatusQuo,1956,8
9/30/1956,1,26.793366,470.20792,StatusQuo,1956,9
10/31/1956,1,29.8859025,459.26755,StatusQuo,1956,10
11/30/1956,1,23.012478,327.81238,StatusQuo,1956,11
12/31/1956,1,51.6387349,866.7911,StatusQuo,1956,12
1/31/1957,1,204.5529228,1735.3357,StatusQuo,1957,1
2/28/1957,3,173.7613945,1366.4795,StatusQuo,1957,2
3/31/1957,3,92.287846,458.1785,StatusQuo,1957,3
4/30/1957,3,35.0744665,234.87904,StatusQuo,1957,4
5/31/1957,3,30.113223,240.32175,StatusQuo,1957,5
6/30/1957,3,29.701899,245.15288,StatusQuo,1957,6
7/31/1957,3,25.6510695,289.79636,StatusQuo,1957,7
8/31/1957,3,38.4390625,764.7267,StatusQuo,1957,8
9/30/1957,3,85.65316,1305.421,StatusQuo,1957,9
10/31/1957,3,147.9116266,1672.2773,StatusQuo,1957,10
11/30/1957,3,194.5607373,1537.4691,StatusQuo,1957,11
12/31/1957,3,164.357278,1188.8317,StatusQuo,1957,12
1/31/1958,3,190.07944,958.59033,StatusQuo,1958,1
2/28/1958,2,46.79234125,268.57498,StatusQuo,1958,2
3/31/1958,1,32.2148734,236.66757,StatusQuo,1958,3
4/30/1958,1,29.267976,210.43597,StatusQuo,1958,4
5/31/1958,1,30.081738,186.94394,StatusQuo,1958,5
6/30/1958,1,22.2279345,169.52794,StatusQuo,1958,6
7/31/1958,1,16.050822,158.25821,StatusQuo,1958,7
8/31/1958,1,16.63782,203.89343,StatusQuo,1958,8
9/30/1958,1,22.080876,329.42453,StatusQuo,1958,9
10/31/1958,1,25.663893,346.32944,StatusQuo,1958,10
11/30/1958,1,21.9180885,350.6557,StatusQuo,1958,11
12/31/1958,1,50.5413253,933.6237,StatusQuo,1958,12
1/31/1959,1,199.3928125,1756.603,StatusQuo,1959,1
2/28/1959,3,153.9222139,901.6392,StatusQuo,1959,2
3/31/1959,3,42.1521565,254.93741,StatusQuo,1959,3
4/30/1959,3,29.4631395,240.11833,StatusQuo,1959,4
5/31/1959,3,29.23767,257.85153,StatusQuo,1959,5
6/30/1959,3,28.68783,327.542,StatusQuo,1959,6
7/31/1959,3,29.613945,405.29266,StatusQuo,1959,7
8/31/1959,3,41.0293705,727.0672,StatusQuo,1959,8
9/30/1959,3,81.37104925,1267.6099,StatusQuo,1959,9
10/31/1959,3,158.0612205,1635.84,StatusQuo,1959,10
11/30/1959,3,146.8626186,1563.3522,StatusQuo,1959,11
12/31/1959,3,161.4223765,1620.5935,StatusQuo,1959,12
1/31/1960,3,204.5879065,1749.8619,StatusQuo,1960,1
2/29/1960,5,184.1925655,1291.0648,StatusQuo,1960,2
3/31/1960,4,96.4692805,478.5927,StatusQuo,1960,3
4/30/1960,4,34.1068915,249.19437,StatusQuo,1960,4
5/31/1960,4,31.3056949,264.3887,StatusQuo,1960,5
6/30/1960,4,31.451461,340.72598,StatusQuo,1960,6
7/31/1960,4,30.296242,431.1425,StatusQuo,1960,7
8/31/1960,4,82.33044475,1464.2496,StatusQuo,1960,8
9/30/1960,4,150.8974291,1595.1407,StatusQuo,1960,9
10/31/1960,4,167.666071,1815.5836,StatusQuo,1960,10
11/30/1960,4,167.6020315,1548.5721,StatusQuo,1960,11
12/31/1960,4,151.564483,1716.7463,StatusQuo,1960,12
1/31/1961,4,189.3974778,1638.5574,StatusQuo,1961,1
2/28/1961,4,154.4647855,1203.1559,StatusQuo,1961,2
3/31/1961,4,85.68147475,474.62726,StatusQuo,1961,3
4/30/1961,4,28.30629,244.68639,StatusQuo,1961,4
5/31/1961,4,28.103508,263.95892,StatusQuo,1961,5
6/30/1961,4,31.51083505,314.824,StatusQuo,1961,6
7/31/1961,4,29.58327,402.11722,StatusQuo,1961,7
8/31/1961,4,43.08189775,761.3544,StatusQuo,1961,8
9/30/1961,4,81.0366046,1106.132,StatusQuo,1961,9
10/31/1961,4,136.8077074,1761.1526,StatusQuo,1961,10
11/30/1961,4,193.3656468,1802.065,StatusQuo,1961,11
12/31/1961,4,175.3281079,1796.5548,StatusQuo,1961,12
1/31/1962,4,218.589415,1618.7909,StatusQuo,1962,1
2/28/1962,4,140.7611875,1130.4926,StatusQuo,1962,2
3/31/1962,3,109.565002,469.1168,StatusQuo,1962,3
4/30/1962,3,52.0712509,244.10051,StatusQuo,1962,4
5/31/1962,3,29.561847,245.98846,StatusQuo,1962,5
6/30/1962,3,26.6949045,275.43387,StatusQuo,1962,6
7/31/1962,3,27.116391,349.7659,StatusQuo,1962,7
8/31/1962,3,36.59985205,739.40216,StatusQuo,1962,8
9/30/1962,3,95.718277,1314.9646,StatusQuo,1962,9
10/31/1962,3,163.1125605,1768.5919,StatusQuo,1962,10
11/30/1962,3,133.2270814,975.5232,StatusQuo,1962,11
12/31/1962,3,25.6268805,480.00226,StatusQuo,1962,12
1/31/1963,3,68.2456906,592.97015,StatusQuo,1963,1
2/28/1963,2,29.294271,320.19427,StatusQuo,1963,2
3/31/1963,3,29.012355,254.30005,StatusQuo,1963,3
4/30/1963,2,26.956893,241.77428,StatusQuo,1963,4
5/31/1963,1,27.185619,222.06801,StatusQuo,1963,5
6/30/1963,1,25.002102,210.43344,StatusQuo,1963,6
7/31/1963,1,21.23211,217.30531,StatusQuo,1963,7
8/31/1963,1,21.933177,342.13663,StatusQuo,1963,8
9/30/1963,1,52.6864519,784.6968,StatusQuo,1963,9
10/31/1963,1,58.82125075,748.0886,StatusQuo,1963,10
11/30/1963,1,25.829373,335.13556,StatusQuo,1963,11
12/31/1963,1,37.468039,426.5606,StatusQuo,1963,12
1/31/1964,1,68.6029837,657.92316,StatusQuo,1964,1
2/29/1964,2,125.219254,718.2144,StatusQuo,1964,2
3/31/1964,3,48.60074605,335.22882,StatusQuo,1964,3
4/30/1964,4,34.0915699,301.5502,StatusQuo,1964,4
5/31/1964,4,35.93033575,315.98907,StatusQuo,1964,5
6/30/1964,4,37.1939716,323.4725,StatusQuo,1964,6
7/31/1964,4,32.31887845,372.02045,StatusQuo,1964,7
8/31/1964,4,55.73578375,1098.4688,StatusQuo,1964,8
9/30/1964,4,130.3651855,1572.2457,StatusQuo,1964,9
10/31/1964,4,161.994514,1807.8771,StatusQuo,1964,10
11/30/1964,4,173.6540806,1740.6831,StatusQuo,1964,11
12/31/1964,4,166.263187,1703.1422,StatusQuo,1964,12
1/31/1965,4,81.19958755,470.7778,StatusQuo,1965,1
2/28/1965,1,25.1663385,212.36638,StatusQuo,1965,2
3/31/1965,1,26.10297,223.17091,StatusQuo,1965,3
4/30/1965,1,30.4079734,231.20901,StatusQuo,1965,4
5/31/1965,1,28.37805,211.188,StatusQuo,1965,5
6/30/1965,1,21.508779,205.066,StatusQuo,1965,6
7/31/1965,1,21.4483635,210.71938,StatusQuo,1965,7
8/31/1965,1,21.9987825,301.02133,StatusQuo,1965,8
9/30/1965,1,42.8506345,630.3249,StatusQuo,1965,9
10/31/1965,1,41.9984218,699.0613,StatusQuo,1965,10
11/30/1965,1,23.518767,309.18356,StatusQuo,1965,11
12/31/1965,1,28.130337,367.08063,StatusQuo,1965,12
1/31/1966,1,46.762288,573.0533,StatusQuo,1966,1
2/28/1966,2,77.09813545,499.57254,StatusQuo,1966,2
3/31/1966,3,35.2050592,238.6261,StatusQuo,1966,3
4/30/1966,3,28.97286,232.85226,StatusQuo,1966,4
5/31/1966,3,28.6694505,249.17995,StatusQuo,1966,5
6/30/1966,3,27.272562,278.41113,StatusQuo,1966,6
7/31/1966,3,27.224094,366.03317,StatusQuo,1966,7
8/31/1966,3,38.81852575,709.45465,StatusQuo,1966,8
9/30/1966,3,74.4118594,1195.9515,StatusQuo,1966,9
10/31/1966,3,149.6272525,1751.3347,StatusQuo,1966,10
11/30/1966,3,164.1731965,1709.3773,StatusQuo,1966,11
12/31/1966,3,154.758535,1712.8473,StatusQuo,1966,12
1/31/1967,3,113.1039325,640.0948,StatusQuo,1967,1
2/28/1967,1,36.1687354,236.77733,StatusQuo,1967,2
3/31/1967,2,27.7438155,236.43735,StatusQuo,1967,3
4/30/1967,1,29.113143,231.34906,StatusQuo,1967,4
5/31/1967,1,28.038222,221.66595,StatusQuo,1967,5
6/30/1967,1,20.8331865,194.5983,StatusQuo,1967,6
7/31/1967,1,16.6841325,158.57474,StatusQuo,1967,7
8/31/1967,1,14.6686425,194.24379,StatusQuo,1967,8
9/30/1967,1,20.0336175,239.31413,StatusQuo,1967,9
10/31/1967,1,22.2878955,311.7352,StatusQuo,1967,10
11/30/1967,1,20.431068,302.66003,StatusQuo,1967,11
12/31/1967,1,33.63394825,887.89716,StatusQuo,1967,12
1/31/1968,1,211.4344444,1781.0443,StatusQuo,1968,1
2/29/1968,3,171.836932,866.1614,StatusQuo,1968,2
3/31/1968,3,36.3455209,240.5322,StatusQuo,1968,3
4/30/1968,3,26.602743,240.17928,StatusQuo,1968,4
5/31/1968,3,28.40061,246.28812,StatusQuo,1968,5
6/30/1968,3,29.1462795,291.18314,StatusQuo,1968,6
7/31/1968,3,28.018275,453.26804,StatusQuo,1968,7
8/31/1968,3,35.4949897,737.476,StatusQuo,1968,8
9/30/1968,3,69.77722645,1148.6735,StatusQuo,1968,9
10/31/1968,3,131.147197,1557.2604,StatusQuo,1968,10
11/30/1968,3,152.3400165,1701.0071,StatusQuo,1968,11
12/31/1968,3,161.7594175,1718.0627,StatusQuo,1968,12
1/31/1969,3,151.7905593,944.9432,StatusQuo,1969,1
2/28/1969,1,34.5573454,243.10516,StatusQuo,1969,2
3/31/1969,1,21.708996,192.39656,StatusQuo,1969,3
4/30/1969,1,19.8454035,185.8745,StatusQuo,1969,4
5/31/1969,1,15.1086345,178.17989,StatusQuo,1969,5
6/30/1969,1,12.07155,175.43753,StatusQuo,1969,6
7/31/1969,1,12.323691,171.77336,StatusQuo,1969,7
8/31/1969,1,18.6343785,218.35268,StatusQuo,1969,8
9/30/1969,1,27.227775,401.42102,StatusQuo,1969,9
10/31/1969,1,28.9979595,398.82425,StatusQuo,1969,10
11/30/1969,1,21.1710555,342.25394,StatusQuo,1969,11
12/31/1969,1,41.29186405,896.847,StatusQuo,1969,12
1/31/1970,1,55.17915025,417.95895,StatusQuo,1970,1
2/28/1970,1,22.8618465,208.651,StatusQuo,1970,2
3/31/1970,1,17.9490165,194.65921,StatusQuo,1970,3
4/30/1970,1,24.850623,203.07436,StatusQuo,1970,4
5/31/1970,1,25.365837,230.80449,StatusQuo,1970,5
6/30/1970,1,27.2825505,269.65378,StatusQuo,1970,6
7/31/1970,1,25.841439,306.06293,StatusQuo,1970,7
8/31/1970,1,25.466985,460.0076,StatusQuo,1970,8
9/30/1970,1,50.64291355,770.8919,StatusQuo,1970,9
10/31/1970,1,46.716118,500.34778,StatusQuo,1970,10
11/30/1970,1,20.549952,273.0401,StatusQuo,1970,11
12/31/1970,1,25.9053795,410.4164,StatusQuo,1970,12
1/31/1971,1,30.24942505,277.94257,StatusQuo,1971,1
2/28/1971,1,21.7459125,215.20854,StatusQuo,1971,2
3/31/1971,1,22.755087,232.0418,StatusQuo,1971,3
4/30/1971,1,23.681685,238.64253,StatusQuo,1971,4
5/31/1971,1,25.53768,232.11737,StatusQuo,1971,5
6/30/1971,1,25.82328,220.60995,StatusQuo,1971,6
7/31/1971,1,22.2122595,210.88004,StatusQuo,1971,7
8/31/1971,1,20.443506,328.99603,StatusQuo,1971,8
9/30/1971,1,48.6047902,846.1791,StatusQuo,1971,9
10/31/1971,1,63.269146,750.87006,StatusQuo,1971,10
11/30/1971,1,28.7129055,301.23825,StatusQuo,1971,11
12/31/1971,1,51.195178,1003.69977,StatusQuo,1971,12
1/31/1972,1,151.735654,919.1147,StatusQuo,1972,1
2/29/1972,3,63.63405145,595.6049,StatusQuo,1972,2
3/31/1972,3,60.9287545,469.91852,StatusQuo,1972,3
4/30/1972,3,32.51657155,256.7203,StatusQuo,1972,4
5/31/1972,3,27.0027105,245.16158,StatusQuo,1972,5
6/30/1972,3,29.380188,313.2654,StatusQuo,1972,6
7/31/1972,3,30.346003,484.5406,StatusQuo,1972,7
8/31/1972,3,33.132733,750.07935,StatusQuo,1972,8
9/30/1972,3,52.9683226,779.0749,StatusQuo,1972,9
10/31/1972,3,103.734435,1477.8147,StatusQuo,1972,10
11/30/1972,3,153.8285943,1667.4648,StatusQuo,1972,11
12/31/1972,3,123.271849,1308.0043,StatusQuo,1972,12
1/31/1973,3,66.1690495,513.3297,StatusQuo,1973,1
2/28/1973,2,33.3356074,246.90176,StatusQuo,1973,2
3/31/1973,2,26.2434075,240.86606,StatusQuo,1973,3
4/30/1973,1,36.09081355,232.44981,StatusQuo,1973,4
5/31/1973,2,29.8562295,231.19183,StatusQuo,1973,5
6/30/1973,2,26.081838,235.36372,StatusQuo,1973,6
7/31/1973,2,24.0845715,250.54503,StatusQuo,1973,7
8/31/1973,2,25.4113545,449.90625,StatusQuo,1973,8
9/30/1973,2,38.9628013,687.60944,StatusQuo,1973,9
10/31/1973,2,38.2871005,445.1077,StatusQuo,1973,10
11/30/1973,2,22.9152555,321.44138,StatusQuo,1973,11
12/31/1973,2,24.142683,311.6265,StatusQuo,1973,12
1/31/1974,2,24.057882,199.81891,StatusQuo,1974,1
2/28/1974,1,21.468027,208.22298,StatusQuo,1974,2
3/31/1974,1,21.1616895,207.02943,StatusQuo,1974,3
4/30/1974,1,25.9915125,203.5184,StatusQuo,1974,4
5/31/1974,1,22.326519,179.39403,StatusQuo,1974,5
6/30/1974,1,18.8323695,187.85806,StatusQuo,1974,6
7/31/1974,1,20.2770855,185.95416,StatusQuo,1974,7
8/31/1974,1,18.7530045,242.42964,StatusQuo,1974,8
9/30/1974,1,27.6800445,533.6258,StatusQuo,1974,9
10/31/1974,1,45.67865245,592.0745,StatusQuo,1974,10
11/30/1974,1,27.107043,336.33475,StatusQuo,1974,11
12/31/1974,1,53.0727523,902.7344,StatusQuo,1974,12
1/31/1975,1,208.228012,1519.7633,StatusQuo,1975,1
2/28/1975,3,195.7024758,1351.6677,StatusQuo,1975,2
3/31/1975,3,74.847898,419.76382,StatusQuo,1975,3
4/30/1975,2,28.4556,228.95668,StatusQuo,1975,4
5/31/1975,1,24.324747,215.48001,StatusQuo,1975,5
6/30/1975,1,22.885851,206.47516,StatusQuo,1975,6
7/31/1975,1,21.096318,190.83977,StatusQuo,1975,7
8/31/1975,1,19.3740165,269.27014,StatusQuo,1975,8
9/30/1975,1,38.78791105,707.20825,StatusQuo,1975,9
10/31/1975,1,56.2983595,811.4198,StatusQuo,1975,10
11/30/1975,1,36.31476655,439.87708,StatusQuo,1975,11
12/31/1975,1,64.12284355,861.3562,StatusQuo,1975,12
1/31/1976,1,217.3504345,1576.0225,StatusQuo,1976,1
2/29/1976,4,202.476598,1554.6718,StatusQuo,1976,2
3/31/1976,4,171.0664146,1265.8347,StatusQuo,1976,3
4/30/1976,5,134.4095065,686.41797,StatusQuo,1976,4
5/31/1976,5,72.97469845,509.38382,StatusQuo,1976,5
6/30/1976,5,78.07872925,864.48645,StatusQuo,1976,6
7/31/1976,5,128.402305,1720.2878,StatusQuo,1976,7
8/31/1976,5,150.2203945,1778.6497,StatusQuo,1976,8
9/30/1976,5,122.77783,1412.7528,StatusQuo,1976,9
10/31/1976,5,159.07315,1915.8615,StatusQuo,1976,10
11/30/1976,5,221.0856531,2175.4473,StatusQuo,1976,11
12/31/1976,5,221.9174854,1765.6125,StatusQuo,1976,12
1/31/1977,5,220.3770205,1979.0607,StatusQuo,1977,1
2/28/1977,5,277.667122,2412.4387,StatusQuo,1977,2
3/31/1977,5,244.4888755,929.9395,StatusQuo,1977,3
4/30/1977,5,100.5162691,393.99832,StatusQuo,1977,4
5/31/1977,5,70.5508333,678.7121,StatusQuo,1977,5
6/30/1977,5,102.5718544,1261.7437,StatusQuo,1977,6
7/31/1977,5,142.165981,1240.7483,StatusQuo,1977,7
8/31/1977,5,99.0355516,1153.4303,StatusQuo,1977,8
9/30/1977,5,134.9045686,1443.0239,StatusQuo,1977,9
10/31/1977,5,177.5123821,1680.6996,StatusQuo,1977,10
11/30/1977,5,213.7611844,2012.1932,StatusQuo,1977,11
12/31/1977,5,223.069615,1748.2748,StatusQuo,1977,12
1/31/1978,5,211.8772176,1632.5359,StatusQuo,1978,1
2/28/1978,3,90.05385925,490.56308,StatusQuo,1978,2
3/31/1978,2,57.6528448,231.09175,StatusQuo,1978,3
4/30/1978,2,37.3291642,223.62512,StatusQuo,1978,4
5/31/1978,2,24.93063,208.3208,StatusQuo,1978,5
6/30/1978,2,19.2415335,208.2762,StatusQuo,1978,6
7/31/1978,2,19.8677715,193.37851,StatusQuo,1978,7
8/31/1978,2,21.389568,280.1809,StatusQuo,1978,8
9/30/1978,2,38.729962,768.54517,StatusQuo,1978,9
10/31/1978,2,52.022191,803.55164,StatusQuo,1978,10
11/30/1978,2,26.326806,310.88593,StatusQuo,1978,11
12/31/1978,2,42.0212446,705.41833,StatusQuo,1978,12
1/31/1979,2,202.8434101,1787.442,StatusQuo,1979,1
2/28/1979,4,185.3954223,1034.9357,StatusQuo,1979,2
3/31/1979,3,58.6524766,268.81107,StatusQuo,1979,3
4/30/1979,4,39.6431533,233.6637,StatusQuo,1979,4
5/31/1979,3,29.26041,235.23479,StatusQuo,1979,5
6/30/1979,3,27.5209905,248.4281,StatusQuo,1979,6
7/31/1979,3,25.43346,262.09766,StatusQuo,1979,7
8/31/1979,3,32.7096904,746.48615,StatusQuo,1979,8
9/30/1979,3,90.0160426,1273.9506,StatusQuo,1979,9
10/31/1979,3,139.0833241,1719.5505,StatusQuo,1979,10
11/30/1979,3,151.5088225,1726.6333,StatusQuo,1979,11
12/31/1979,3,145.740964,1714.4727,StatusQuo,1979,12
1/31/1980,3,219.150352,1696.8175,StatusQuo,1980,1
2/29/1980,2,64.841719,390.22244,StatusQuo,1980,2
3/31/1980,1,24.5573175,194.09073,StatusQuo,1980,3
4/30/1980,1,21.464376,195.71336,StatusQuo,1980,4
5/31/1980,1,20.0928315,209.63373,StatusQuo,1980,5
6/30/1980,1,21.533736,238.27225,StatusQuo,1980,6
7/31/1980,1,22.7424045,230.22096,StatusQuo,1980,7
8/31/1980,1,23.36766,260.88,StatusQuo,1980,8
9/30/1980,1,38.5662865,612.65784,StatusQuo,1980,9
10/31/1980,1,37.66807195,685.2607,StatusQuo,1980,10
11/30/1980,1,22.963929,282.4389,StatusQuo,1980,11
12/31/1980,1,42.2012221,835.2461,StatusQuo,1980,12
1/31/1981,1,217.146688,1708.9309,StatusQuo,1981,1
2/28/1981,3,173.299381,943.8279,StatusQuo,1981,2
3/31/1981,4,48.5198545,269.46112,StatusQuo,1981,3
4/30/1981,4,28.9994475,238.81195,StatusQuo,1981,4
5/31/1981,4,29.676675,246.30632,StatusQuo,1981,5
6/30/1981,4,29.297595,299.33218,StatusQuo,1981,6
7/31/1981,4,29.311602,439.00534,StatusQuo,1981,7
8/31/1981,4,74.0800567,1357.1936,StatusQuo,1981,8
9/30/1981,4,137.847148,1593.0348,StatusQuo,1981,9
10/31/1981,4,147.80254,1800.8589,StatusQuo,1981,10
11/30/1981,4,173.5776265,1739.4967,StatusQuo,1981,11
12/31/1981,4,162.1502494,1358.5618,StatusQuo,1981,12
1/31/1982,4,41.6670922,282.89957,StatusQuo,1982,1
2/28/1982,1,29.4334305,214.69186,StatusQuo,1982,2
3/31/1982,1,26.824626,211.335,StatusQuo,1982,3
4/30/1982,1,26.5857195,182.70305,StatusQuo,1982,4
5/31/1982,1,19.2569685,175.91843,StatusQuo,1982,5
6/30/1982,1,14.984631,172.4521,StatusQuo,1982,6
7/31/1982,1,14.464386,169.37157,StatusQuo,1982,7
8/31/1982,1,18.307422,204.71776,StatusQuo,1982,8
9/30/1982,1,20.7713055,274.80884,StatusQuo,1982,9
10/31/1982,1,18.8723415,226.44919,StatusQuo,1982,10
11/30/1982,1,17.2114605,222.15565,StatusQuo,1982,11
12/31/1982,1,23.4948045,207.8242,StatusQuo,1982,12
1/31/1983,1,25.770039,199.21567,StatusQuo,1983,1
2/28/1983,1,15.6619245,190.38823,StatusQuo,1983,2
3/31/1983,1,11.310129,188.90263,StatusQuo,1983,3
4/30/1983,1,6.80223,191.83641,StatusQuo,1983,4
5/31/1983,1,3.6046815,169.5667,StatusQuo,1983,5
6/30/1983,1,6.8432415,167.04004,StatusQuo,1983,6
7/31/1983,1,9.386607,163.89389,StatusQuo,1983,7
8/31/1983,1,12.1922085,165.32022,StatusQuo,1983,8
9/30/1983,1,15.6110625,201.36783,StatusQuo,1983,9
10/31/1983,1,17.170413,241.51503,StatusQuo,1983,10
11/30/1983,1,18.0557505,233.37732,StatusQuo,1983,11
12/31/1983,1,25.080297,219.37889,StatusQuo,1983,12
1/31/1984,1,22.539711,210.35828,StatusQuo,1984,1
2/29/1984,1,20.4544035,183.62631,StatusQuo,1984,2
3/31/1984,1,21.395625,201.41699,StatusQuo,1984,3
4/30/1984,1,25.01406,209.00523,StatusQuo,1984,4
5/31/1984,1,24.1235205,224.66469,StatusQuo,1984,5
6/30/1984,1,22.6114905,233.02303,StatusQuo,1984,6
7/31/1984,1,23.227734,244.90942,StatusQuo,1984,7
8/31/1984,1,24.8763435,446.07663,StatusQuo,1984,8
9/30/1984,1,46.54709875,717.0174,StatusQuo,1984,9
10/31/1984,1,41.4132712,499.88867,StatusQuo,1984,10
11/30/1984,1,22.624146,373.13876,StatusQuo,1984,11
12/31/1984,1,38.91799075,391.9866,StatusQuo,1984,12
1/31/1985,1,25.09725,228.40079,StatusQuo,1985,1
2/28/1985,3,24.182052,288.08673,StatusQuo,1985,2
3/31/1985,3,28.4197125,381.91553,StatusQuo,1985,3
4/30/1985,3,33.91193155,287.39493,StatusQuo,1985,4
5/31/1985,4,38.881924,282.14905,StatusQuo,1985,5
6/30/1985,4,36.8207755,325.63394,StatusQuo,1985,6
7/31/1985,4,31.0675945,402.695,StatusQuo,1985,7
8/31/1985,4,72.9496555,1382.7249,StatusQuo,1985,8
9/30/1985,4,137.173807,1580.0444,StatusQuo,1985,9
10/31/1985,4,140.71972,1713.7228,StatusQuo,1985,10
11/30/1985,4,159.0104671,1722.0273,StatusQuo,1985,11
12/31/1985,4,164.115028,1708.1187,StatusQuo,1985,12
1/31/1986,4,223.3597735,1739.7556,StatusQuo,1986,1
2/28/1986,3,130.8768061,726.1069,StatusQuo,1986,2
3/31/1986,1,48.4336306,238.55794,StatusQuo,1986,3
4/30/1986,1,15.013479,189.82668,StatusQuo,1986,4
5/31/1986,1,17.8124745,174.64496,StatusQuo,1986,5
6/30/1986,1,19.74609,189.25308,StatusQuo,1986,6
7/31/1986,1,23.6079435,246.47075,StatusQuo,1986,7
8/31/1986,1,23.58822,294.77298,StatusQuo,1986,8
9/30/1986,1,28.944225,602.8258,StatusQuo,1986,9
10/31/1986,1,35.41585945,648.43634,StatusQuo,1986,10
11/30/1986,1,22.8717195,293.69867,StatusQuo,1986,11
12/31/1986,1,43.2364675,855.3292,StatusQuo,1986,12
1/31/1987,1,213.0223846,1774.1188,StatusQuo,1987,1
2/28/1987,4,160.0323375,1133.8444,StatusQuo,1987,2
3/31/1987,4,80.59254325,443.25885,StatusQuo,1987,3
4/30/1987,4,42.81160375,258.3503,StatusQuo,1987,4
5/31/1987,4,31.5144175,257.51984,StatusQuo,1987,5
6/30/1987,4,30.8093845,312.27725,StatusQuo,1987,6
7/31/1987,4,31.5217705,459.65164,StatusQuo,1987,7
8/31/1987,4,48.0269698,935.0845,StatusQuo,1987,8
9/30/1987,4,91.18444855,1221.5522,StatusQuo,1987,9
10/31/1987,4,134.3331094,1670.859,StatusQuo,1987,10
11/30/1987,4,181.4086855,1787.0236,StatusQuo,1987,11
12/31/1987,4,171.0990471,1798.5942,StatusQuo,1987,12
1/31/1988,4,187.8022159,1360.1202,StatusQuo,1988,1
2/29/1988,4,74.2606099,459.64645,StatusQuo,1988,2
3/31/1988,5,32.6494585,274.65268,StatusQuo,1988,3
4/30/1988,5,43.6696675,306.19278,StatusQuo,1988,4
5/31/1988,5,50.4613258,381.95074,StatusQuo,1988,5
6/30/1988,5,61.21553575,642.648,StatusQuo,1988,6
7/31/1988,5,105.997771,1100.4427,StatusQuo,1988,7
8/31/1988,5,117.263479,1460.4237,StatusQuo,1988,8
9/30/1988,5,126.7871815,1449.7397,StatusQuo,1988,9
10/31/1988,5,164.2313935,1683.2567,StatusQuo,1988,10
11/30/1988,5,206.3840335,2017.6278,StatusQuo,1988,11
12/31/1988,5,223.6951501,1968.4547,StatusQuo,1988,12
1/31/1989,5,200.993914,1690.8494,StatusQuo,1989,1
2/28/1989,4,181.3210195,1207.4698,StatusQuo,1989,2
3/31/1989,5,96.39699025,605.1666,StatusQuo,1989,3
4/30/1989,3,39.52298875,311.71005,StatusQuo,1989,4
5/31/1989,4,25.365063,237.5681,StatusQuo,1989,5
6/30/1989,4,27.395874,250.77061,StatusQuo,1989,6
7/31/1989,4,25.18905,332.6468,StatusQuo,1989,7
8/31/1989,4,49.09670305,1027.2517,StatusQuo,1989,8
9/30/1989,4,128.9760385,1563.4907,StatusQuo,1989,9
10/31/1989,4,164.47903,1680.1161,StatusQuo,1989,10
11/30/1989,4,161.2661395,1714.8694,StatusQuo,1989,11
12/31/1989,4,163.4078575,1746.4869,StatusQuo,1989,12
1/31/1990,4,190.7960013,1544.6163,StatusQuo,1990,1
2/28/1990,4,118.8001705,903.0447,StatusQuo,1990,2
3/31/1990,5,56.39233255,404.0782,StatusQuo,1990,3
4/30/1990,5,38.9917801,367.47388,StatusQuo,1990,4
5/31/1990,5,51.2210845,342.75824,StatusQuo,1990,5
6/30/1990,5,52.26613675,389.4116,StatusQuo,1990,6
7/31/1990,5,69.68738875,667.5331,StatusQuo,1990,7
8/31/1990,5,92.1651364,1031.5507,StatusQuo,1990,8
9/30/1990,5,116.0694715,1227.5082,StatusQuo,1990,9
10/31/1990,5,170.4712263,1653.3303,StatusQuo,1990,10
11/30/1990,5,212.4233545,1996.4257,StatusQuo,1990,11
12/31/1990,5,226.516311,1834.1715,StatusQuo,1990,12
1/31/1991,5,224.602288,1951.3073,StatusQuo,1991,1
2/28/1991,5,199.702009,1192.6539,StatusQuo,1991,2
3/31/1991,5,97.1150734,657.6569,StatusQuo,1991,3
4/30/1991,5,69.2614192,440.76938,StatusQuo,1991,4
5/31/1991,5,51.6585025,253.71436,StatusQuo,1991,5
6/30/1991,5,46.3857175,375.31012,StatusQuo,1991,6
7/31/1991,5,67.09041745,854.12946,StatusQuo,1991,7
8/31/1991,5,156.6774685,1525.1534,StatusQuo,1991,8
9/30/1991,5,182.844544,1600.215,StatusQuo,1991,9
10/31/1991,5,196.2239089,1560.6798,StatusQuo,1991,10
11/30/1991,5,210.0617163,2052.5554,StatusQuo,1991,11
12/31/1991,5,225.5459116,2101.915,StatusQuo,1991,12
1/31/1992,5,214.8517654,1762.5078,StatusQuo,1992,1
2/29/1992,5,189.2769484,1123.3427,StatusQuo,1992,2
3/31/1992,5,92.08311055,407.15662,StatusQuo,1992,3
4/30/1992,5,40.51062775,247.8581,StatusQuo,1992,4
5/31/1992,5,35.760832,257.7218,StatusQuo,1992,5
6/30/1992,5,40.83330475,369.88528,StatusQuo,1992,6
7/31/1992,5,50.63977,398.9516,StatusQuo,1992,7
8/31/1992,5,40.9736815,574.2459,StatusQuo,1992,8
9/30/1992,5,72.6869254,1038.6744,StatusQuo,1992,9
10/31/1992,5,145.7903716,1745.7161,StatusQuo,1992,10
11/30/1992,5,221.6831043,2351.9365,StatusQuo,1992,11
12/31/1992,5,222.626041,1561.138,StatusQuo,1992,12
1/31/1993,5,227.3775895,1610.5076,StatusQuo,1993,1
2/28/1993,3,111.2880265,542.5489,StatusQuo,1993,2
3/31/1993,2,59.886652,237.86484,StatusQuo,1993,3
4/30/1993,2,37.94733205,238.12837,StatusQuo,1993,4
5/31/1993,2,28.1817,234.05435,StatusQuo,1993,5
6/30/1993,2,25.998021,226.8633,StatusQuo,1993,6
7/31/1993,2,23.6014725,208.93947,StatusQuo,1993,7
8/31/1993,2,21.204153,319.9909,StatusQuo,1993,8
9/30/1993,2,31.322812,732.63403,StatusQuo,1993,9
10/31/1993,2,44.6930683,689.88934,StatusQuo,1993,10
11/30/1993,2,26.186625,326.21915,StatusQuo,1993,11
12/31/1993,2,51.91559245,840.1812,StatusQuo,1993,12
1/31/1994,2,214.0536828,1582.9763,StatusQuo,1994,1
2/28/1994,4,221.9623615,1316.545,StatusQuo,1994,2
3/31/1994,4,108.1595815,573.3839,StatusQuo,1994,3
4/30/1994,4,41.3364637,278.8276,StatusQuo,1994,4
5/31/1994,5,38.41507405,309.51697,StatusQuo,1994,5
6/30/1994,5,45.6948718,429.03375,StatusQuo,1994,6
7/31/1994,5,65.0005609,919.6957,StatusQuo,1994,7
8/31/1994,5,98.04781,1488.4061,StatusQuo,1994,8
9/30/1994,5,124.8246145,1609.8387,StatusQuo,1994,9
10/31/1994,5,175.6487671,1824.8131,StatusQuo,1994,10
11/30/1994,5,210.3479275,2150.1074,StatusQuo,1994,11
12/31/1994,5,220.3645261,2187.8386,StatusQuo,1994,12
1/31/1995,5,218.995711,1694.3812,StatusQuo,1995,1
2/28/1995,1,77.476225,323.69907,StatusQuo,1995,2
3/31/1995,2,29.308275,237.81221,StatusQuo,1995,3
4/30/1995,1,36.82238575,223.66563,StatusQuo,1995,4
5/31/1995,1,26.3199555,180.21715,StatusQuo,1995,5
6/30/1995,1,17.722701,170.56699,StatusQuo,1995,6
7/31/1995,1,15.677238,164.20044,StatusQuo,1995,7
8/31/1995,1,14.9324475,168.51079,StatusQuo,1995,8
9/30/1995,1,18.89283,235.55762,StatusQuo,1995,9
10/31/1995,1,19.082961,305.7047,StatusQuo,1995,10
11/30/1995,1,18.951633,338.9409,StatusQuo,1995,11
12/31/1995,1,47.1853819,870.22504,StatusQuo,1995,12
1/31/1996,1,101.1577956,601.2077,StatusQuo,1996,1
2/29/1996,2,28.741287,228.31007,StatusQuo,1996,2
3/31/1996,1,32.9836723,222.975,StatusQuo,1996,3
4/30/1996,1,30.2751235,218.72902,StatusQuo,1996,4
5/31/1996,1,26.082909,211.56999,StatusQuo,1996,5
6/30/1996,1,22.5379275,193.02649,StatusQuo,1996,6
7/31/1996,1,19.5794385,200.55157,StatusQuo,1996,7
8/31/1996,1,21.5920275,316.6833,StatusQuo,1996,8
9/30/1996,1,41.8104529,694.84265,StatusQuo,1996,9
10/31/1996,1,41.26419625,509.65512,StatusQuo,1996,10
11/30/1996,1,21.89343,340.31836,StatusQuo,1996,11
12/31/1996,1,32.9384713,419.68762,StatusQuo,1996,12
1/31/1997,1,37.4488072,238.28726,StatusQuo,1997,1
2/28/1997,1,11.5065495,182.21841,StatusQuo,1997,2
3/31/1997,1,17.344365,172.12704,StatusQuo,1997,3
4/30/1997,1,22.699416,204.26862,StatusQuo,1997,4
5/31/1997,1,26.826525,260.29413,StatusQuo,1997,5
6/30/1997,1,25.858815,270.33145,StatusQuo,1997,6
7/31/1997,1,27.4203045,264.68958,StatusQuo,1997,7
8/31/1997,1,25.653045,371.79294,StatusQuo,1997,8
9/30/1997,1,35.8745242,641.5789,StatusQuo,1997,9
10/31/1997,1,39.1707658,584.752,StatusQuo,1997,10
11/30/1997,1,21.546483,275.3269,StatusQuo,1997,11
12/31/1997,1,29.598372,599.2553,StatusQuo,1997,12
1/31/1998,1,119.3682895,870.6627,StatusQuo,1998,1
2/28/1998,1,58.79969905,294.70172,StatusQuo,1998,2
3/31/1998,1,53.59395175,219.98935,StatusQuo,1998,3
4/30/1998,1,24.1235595,187.30516,StatusQuo,1998,4
5/31/1998,1,18.559449,175.43846,StatusQuo,1998,5
6/30/1998,1,17.1694935,165.72983,StatusQuo,1998,6
7/31/1998,1,14.727435,168.2001,StatusQuo,1998,7
8/31/1998,1,14.610381,169.10013,StatusQuo,1998,8
9/30/1998,1,17.039475,224.9285,StatusQuo,1998,9
10/31/1998,1,18.158166,241.40826,StatusQuo,1998,10
11/30/1998,1,15.505425,236.84964,StatusQuo,1998,11
12/31/1998,1,20.216307,236.37563,StatusQuo,1998,12
1/31/1999,1,22.8290475,214.375,StatusQuo,1999,1
2/28/1999,2,24.685794,216.45094,StatusQuo,1999,2
3/31/1999,1,28.284759,217.03323,StatusQuo,1999,3
4/30/1999,1,27.581328,221.35725,StatusQuo,1999,4
5/31/1999,1,27.769545,224.40694,StatusQuo,1999,5
6/30/1999,1,24.488082,227.04297,StatusQuo,1999,6
7/31/1999,1,22.2155805,210.7037,StatusQuo,1999,7
8/31/1999,1,22.433382,341.0807,StatusQuo,1999,8
9/30/1999,1,44.0229592,744.625,StatusQuo,1999,9
10/31/1999,1,44.7090283,591.60803,StatusQuo,1999,10
11/30/1999,1,23.435373,353.90393,StatusQuo,1999,11
12/31/1999,1,53.259946,862.5819,StatusQuo,1999,12
1/31/2000,1,216.5841351,1592.284,StatusQuo,2000,1
2/29/2000,2,158.7860125,828.8736,StatusQuo,2000,2
3/31/2000,2,49.8533125,234.82648,StatusQuo,2000,3
4/30/2000,2,27.82236,220.45303,StatusQuo,2000,4
5/31/2000,2,26.2872855,216.69148,StatusQuo,2000,5
6/30/2000,2,24.3716475,236.5876,StatusQuo,2000,6
7/31/2000,2,24.289029,257.81616,StatusQuo,2000,7
8/31/2000,2,25.757067,440.7158,StatusQuo,2000,8
9/30/2000,2,27.423303,588.9134,StatusQuo,2000,9
10/31/2000,2,36.3779425,433.98846,StatusQuo,2000,10
11/30/2000,2,22.5453945,376.7633,StatusQuo,2000,11
12/31/2000,2,66.15900895,1043.1423,StatusQuo,2000,12
1/31/2001,2,196.7037805,1528.613,StatusQuo,2001,1
2/28/2001,4,168.803848,1127.2333,StatusQuo,2001,2
3/31/2001,4,71.7076198,356.53214,StatusQuo,2001,3
4/30/2001,4,30.015999,238.91226,StatusQuo,2001,4
5/31/2001,4,32.48905195,248.24623,StatusQuo,2001,5
6/30/2001,4,29.232069,302.0045,StatusQuo,2001,6
7/31/2001,4,29.155755,403.95673,StatusQuo,2001,7
8/31/2001,4,46.24365925,852.7243,StatusQuo,2001,8
9/30/2001,4,92.1018835,1270.9547,StatusQuo,2001,9
10/31/2001,4,147.890283,1809.9075,StatusQuo,2001,10
11/30/2001,4,165.9921805,1572.4349,StatusQuo,2001,11
12/31/2001,4,159.625936,1721.7917,StatusQuo,2001,12
1/31/2002,4,115.0225525,684.32214,StatusQuo,2002,1
2/28/2002,3,27.091677,229.45982,StatusQuo,2002,2
3/31/2002,3,26.822445,233.87024,StatusQuo,2002,3
4/30/2002,3,25.308483,244.64777,StatusQuo,2002,4
5/31/2002,4,28.367001,255.85156,StatusQuo,2002,5
6/30/2002,4,30.5223097,300.32767,StatusQuo,2002,6
7/31/2002,4,29.945586,390.53503,StatusQuo,2002,7
8/31/2002,4,66.9493795,1246.0839,StatusQuo,2002,8
9/30/2002,4,126.8180955,1525.657,StatusQuo,2002,9
10/31/2002,4,143.0576149,1710.4087,StatusQuo,2002,10
11/30/2002,4,154.0310896,1612.9963,StatusQuo,2002,11
12/31/2002,4,150.9641875,1722.366,StatusQuo,2002,12
1/31/2003,4,104.012461,655.85364,StatusQuo,2003,1
2/28/2003,2,27.936081,214.8451,StatusQuo,2003,2
3/31/2003,3,25.298946,231.18608,StatusQuo,2003,3
4/30/2003,3,25.4830215,244.73647,StatusQuo,2003,4
5/31/2003,2,27.998259,236.02438,StatusQuo,2003,5
6/30/2003,2,25.1828895,219.29817,StatusQuo,2003,6
7/31/2003,2,21.779427,230.64986,StatusQuo,2003,7
8/31/2003,2,22.855827,447.82114,StatusQuo,2003,8
9/30/2003,2,34.710892,715.93896,StatusQuo,2003,9
10/31/2003,2,51.8536306,735.4012,StatusQuo,2003,10
11/30/2003,2,25.9608795,313.34018,StatusQuo,2003,11
12/31/2003,2,43.0658323,899.86334,StatusQuo,2003,12
1/31/2004,2,98.9772976,605.00165,StatusQuo,2004,1
2/29/2004,3,27.8638005,247.38269,StatusQuo,2004,2
3/31/2004,2,27.19272,240.4391,StatusQuo,2004,3
4/30/2004,3,26.3555745,234.89561,StatusQuo,2004,4
5/31/2004,3,28.448991,243.05093,StatusQuo,2004,5
6/30/2004,3,29.747163,276.37366,StatusQuo,2004,6
7/31/2004,3,29.006346,377.452,StatusQuo,2004,7
8/31/2004,3,39.0710215,755.93146,StatusQuo,2004,8
9/30/2004,3,80.47697005,1316.7734,StatusQuo,2004,9
10/31/2004,3,164.967426,1663.642,StatusQuo,2004,10
11/30/2004,3,150.5422051,1648.0963,StatusQuo,2004,11
12/31/2004,3,153.5238694,1701.8867,StatusQuo,2004,12
1/31/2005,3,154.202272,916.605,StatusQuo,2005,1
2/28/2005,3,53.6447188,316.8284,StatusQuo,2005,2
3/31/2005,3,43.161541,242.12288,StatusQuo,2005,3
4/30/2005,3,40.29598,231.75545,StatusQuo,2005,4
5/31/2005,3,27.312561,231.28876,StatusQuo,2005,5
6/30/2005,3,21.4402755,211.49765,StatusQuo,2005,6
7/31/2005,3,17.6597445,192.86684,StatusQuo,2005,7
8/31/2005,3,20.381415,247.41516,StatusQuo,2005,8
9/30/2005,3,50.8920007,752.7285,StatusQuo,2005,9
10/31/2005,3,95.3474521,1297.0586,StatusQuo,2005,10
11/30/2005,3,75.980944,1090.5582,StatusQuo,2005,11
12/31/2005,3,130.4578675,1588.6772,StatusQuo,2005,12
1/31/2006,3,65.4905101,405.4736,StatusQuo,2006,1
2/28/2006,1,21.841635,208.36514,StatusQuo,2006,2
3/31/2006,1,24.881673,204.79225,StatusQuo,2006,3
4/30/2006,1,29.217522,198.28017,StatusQuo,2006,4
5/31/2006,1,17.5882095,181.31895,StatusQuo,2006,5
6/30/2006,1,14.2415085,171.48062,StatusQuo,2006,6
7/31/2006,1,15.67194,167.41995,StatusQuo,2006,7
8/31/2006,1,22.7158425,215.33232,StatusQuo,2006,8
9/30/2006,1,23.4766755,386.70328,StatusQuo,2006,9
10/31/2006,1,24.471582,435.74484,StatusQuo,2006,10
11/30/2006,1,23.1171615,360.0262,StatusQuo,2006,11
12/31/2006,1,36.3924262,779.3293,StatusQuo,2006,12
1/31/2007,1,121.999495,1001.0825,StatusQuo,2007,1
2/28/2007,3,110.6394406,767.021,StatusQuo,2007,2
3/31/2007,3,78.24964375,440.3697,StatusQuo,2007,3
4/30/2007,4,37.910188,241.842,StatusQuo,2007,4
5/31/2007,4,32.4515146,266.018,StatusQuo,2007,5
6/30/2007,4,33.3609325,327.3198,StatusQuo,2007,6
7/31/2007,4,32.9772883,431.84717,StatusQuo,2007,7
8/31/2007,4,68.8784932,1429.223,StatusQuo,2007,8
9/30/2007,4,141.8250355,1587.5917,StatusQuo,2007,9
10/31/2007,4,143.1322735,1720.3378,StatusQuo,2007,10
11/30/2007,4,148.3602565,1695.318,StatusQuo,2007,11
12/31/2007,4,165.3454585,1733.5704,StatusQuo,2007,12
1/31/2008,4,200.6570155,1537.5209,StatusQuo,2008,1
2/29/2008,3,128.6249755,532.3243,StatusQuo,2008,2
3/31/2008,4,39.9462565,248.02953,StatusQuo,2008,3
4/30/2008,4,32.85787045,241.03497,StatusQuo,2008,4
5/31/2008,5,31.00596325,266.99216,StatusQuo,2008,5
6/30/2008,5,35.5274227,370.81564,StatusQuo,2008,6
7/31/2008,5,42.9542776,516.6159,StatusQuo,2008,7
8/31/2008,5,52.46739805,897.75195,StatusQuo,2008,8
9/30/2008,5,104.3975245,1392.9886,StatusQuo,2008,9
10/31/2008,5,178.5435805,1986.3231,StatusQuo,2008,10
11/30/2008,5,221.7883405,2101.7305,StatusQuo,2008,11
12/31/2008,5,214.9513701,2167.9995,StatusQuo,2008,12
1/31/2009,5,217.7111875,1807.8484,StatusQuo,2009,1
2/28/2009,5,190.6646875,1319.0173,StatusQuo,2009,2
3/31/2009,4,100.7147973,489.69388,StatusQuo,2009,3
4/30/2009,4,36.4075426,249.14542,StatusQuo,2009,4
5/31/2009,4,28.7210355,243.32056,StatusQuo,2009,5
6/30/2009,4,28.370544,261.13577,StatusQuo,2009,6
7/31/2009,4,26.707809,289.55286,StatusQuo,2009,7
8/31/2009,4,24.3907125,402.4091,StatusQuo,2009,8
9/30/2009,4,45.65399425,793.5651,StatusQuo,2009,9
10/31/2009,4,113.680573,1648.5178,StatusQuo,2009,10
11/30/2009,4,172.9717165,1672.1296,StatusQuo,2009,11
12/31/2009,4,126.142711,1526.8322,StatusQuo,2009,12
1/31/2010,4,205.646311,1780.1853,StatusQuo,2010,1
2/28/2010,3,123.5023428,591.9077,StatusQuo,2010,2
3/31/2010,4,40.51860205,247.34734,StatusQuo,2010,3
4/30/2010,4,28.016757,241.28725,StatusQuo,2010,4
5/31/2010,3,28.254375,236.73946,StatusQuo,2010,5
6/30/2010,3,28.19412,225.50064,StatusQuo,2010,6
7/31/2010,3,25.42584,217.7142,StatusQuo,2010,7
8/31/2010,3,24.120105,408.29245,StatusQuo,2010,8
9/30/2010,3,80.0894527,1342.678,StatusQuo,2010,9
10/31/2010,3,137.504293,1686.6968,StatusQuo,2010,10
11/30/2010,3,91.99581505,899.4652,StatusQuo,2010,11
12/31/2010,3,64.92873805,732.36554,StatusQuo,2010,12
1/31/2011,3,52.63053775,346.27838,StatusQuo,2011,1
2/28/2011,2,27.9088575,202.51326,StatusQuo,2011,2
3/31/2011,2,30.5302954,217.19847,StatusQuo,2011,3
4/30/2011,1,23.356767,223.53369,StatusQuo,2011,4
5/31/2011,1,19.284048,197.09232,StatusQuo,2011,5
6/30/2011,1,17.284485,187.85107,StatusQuo,2011,6
7/31/2011,1,17.530158,178.44695,StatusQuo,2011,7
8/31/2011,1,16.100961,185.02316,StatusQuo,2011,8
9/30/2011,1,18.314106,234.61913,StatusQuo,2011,9
10/31/2011,1,19.0903545,266.2275,StatusQuo,2011,10
11/30/2011,1,18.693006,293.63214,StatusQuo,2011,11
12/31/2011,1,28.582539,656.5139,StatusQuo,2011,12
1/31/2012,1,149.891761,1381.5819,StatusQuo,2012,1
2/29/2012,4,165.5420686,1274.5403,StatusQuo,2012,2
3/31/2012,4,85.8254083,592.2708,StatusQuo,2012,3
4/30/2012,3,43.2367525,307.0433,StatusQuo,2012,4
5/31/2012,3,27.7615995,231.6417,StatusQuo,2012,5
6/30/2012,3,27.443415,235.51318,StatusQuo,2012,6
7/31/2012,3,25.415232,335.37766,StatusQuo,2012,7
8/31/2012,3,31.54551955,738.405,StatusQuo,2012,8
9/30/2012,3,69.40278775,1171.6862,StatusQuo,2012,9
10/31/2012,3,154.5934174,1679.7201,StatusQuo,2012,10
11/30/2012,3,154.2765715,1677.0491,StatusQuo,2012,11
12/31/2012,3,167.191204,1750.4528,StatusQuo,2012,12
1/31/2013,3,90.3389134,502.0043,StatusQuo,2013,1
2/28/2013,2,22.862826,229.48317,StatusQuo,2013,2
3/31/2013,3,26.370948,250.5498,StatusQuo,2013,3
4/30/2013,4,24.9540615,258.82016,StatusQuo,2013,4
5/31/2013,4,29.910942,289.7201,StatusQuo,2013,5
6/30/2013,4,34.1961307,327.5172,StatusQuo,2013,6
7/31/2013,4,32.0669356,374.5964,StatusQuo,2013,7
8/31/2013,4,57.7387324,1152.7535,StatusQuo,2013,8
9/30/2013,4,120.8718156,1364.3508,StatusQuo,2013,9
10/31/2013,4,166.8145765,1773.0399,StatusQuo,2013,10
11/30/2013,4,154.5170545,1330.8218,StatusQuo,2013,11
12/31/2013,4,167.1939115,1794.8864,StatusQuo,2013,12
1/31/2014,4,215.531422,1790.8623,StatusQuo,2014,1
2/28/2014,5,172.6205965,1387.7661,StatusQuo,2014,2
3/31/2014,5,129.6884131,890.98615,StatusQuo,2014,3
4/30/2014,5,51.1594675,337.30988,StatusQuo,2014,4
5/31/2014,5,36.797491,272.04,StatusQuo,2014,5
6/30/2014,5,45.7337686,481.88663,StatusQuo,2014,6
7/31/2014,5,90.744172,1053.3572,StatusQuo,2014,7
8/31/2014,5,160.710418,1473.9458,StatusQuo,2014,8
9/30/2014,5,175.5560509,1380.2369,StatusQuo,2014,9
10/31/2014,5,165.68857,1517.395,StatusQuo,2014,10
11/30/2014,5,209.6376961,1894.8934,StatusQuo,2014,11
12/31/2014,5,225.1681099,1765.1012,StatusQuo,2014,12
1/31/2015,5,96.933289,595.0673,StatusQuo,2015,1
2/28/2015,5,28.0206,289.64398,StatusQuo,2015,2
3/31/2015,5,31.8884287,380.4418,StatusQuo,2015,3
4/30/2015,5,46.83343825,269.2679,StatusQuo,2015,4
5/31/2015,5,46.75338745,318.4714,StatusQuo,2015,5
6/30/2015,5,56.64465445,440.02628,StatusQuo,2015,6
7/31/2015,5,59.7893245,436.26382,StatusQuo,2015,7
8/31/2015,5,46.68076945,585.7461,StatusQuo,2015,8
9/30/2015,5,73.3627288,968.6983,StatusQuo,2015,9
10/31/2015,5,136.3613005,1715.2816,StatusQuo,2015,10
11/30/2015,5,211.9189045,2191.672,StatusQuo,2015,11
12/31/2015,5,221.4984955,1522.6761,StatusQuo,2015,12
1/31/2016,5,214.266991,2277.3687,StatusQuo,2016,1
2/29/2016,3,208.8027516,724.39087,StatusQuo,2016,2
3/31/2016,4,54.1544698,245.287,StatusQuo,2016,3
4/30/2016,3,27.3760155,245.86038,StatusQuo,2016,4
5/31/2016,3,27.4199475,240.08455,StatusQuo,2016,5
6/30/2016,3,28.138632,247.18494,StatusQuo,2016,6
7/31/2016,3,25.3471365,377.77042,StatusQuo,2016,7
8/31/2016,3,38.4400315,761.5957,StatusQuo,2016,8
9/30/2016,3,73.23439045,1142.4375,StatusQuo,2016,9
10/31/2016,3,168.1066354,1775.1974,StatusQuo,2016,10
11/30/2016,3,181.9661455,1700.4324,StatusQuo,2016,11
12/31/2016,3,164.062702,1811.7982,StatusQuo,2016,12
1/31/2017,3,114.6789964,641.254,StatusQuo,2017,1
2/28/2017,1,38.6241016,226.1288,StatusQuo,2017,2
3/31/2017,1,20.8849935,201.09828,StatusQuo,2017,3
4/30/2017,1,20.153046,172.01048,StatusQuo,2017,4
5/31/2017,1,16.2202815,174.13885,StatusQuo,2017,5
6/30/2017,1,14.665542,176.28716,StatusQuo,2017,6
7/31/2017,1,14.979744,169.38362,StatusQuo,2017,7
8/31/2017,1,20.249487,213.57523,StatusQuo,2017,8
9/30/2017,1,28.7916645,401.7585,StatusQuo,2017,9
10/31/2017,1,29.4760395,476.33124,StatusQuo,2017,10
11/30/2017,1,22.002615,320.19324,StatusQuo,2017,11
12/31/2017,1,24.577311,389.3158,StatusQuo,2017,12
1/31/2018,1,62.3609536,759.69226,StatusQuo,2018,1
2/28/2018,3,126.3147085,843.97955,StatusQuo,2018,2
3/31/2018,3,49.601743,297.50397,StatusQuo,2018,3
4/30/2018,3,36.2649115,247.88947,StatusQuo,2018,4
5/31/2018,3,29.2641855,231.094,StatusQuo,2018,5
6/30/2018,3,26.49945,225.82098,StatusQuo,2018,6
7/31/2018,3,24.970431,324.1585,StatusQuo,2018,7
8/31/2018,3,34.2179959,726.4731,StatusQuo,2018,8
9/30/2018,3,61.9235755,1081.701,StatusQuo,2018,9
10/31/2018,3,151.6582765,1681.561,StatusQuo,2018,10
11/30/2018,3,156.173674,1703.2933,StatusQuo,2018,11
12/31/2018,3,171.297085,1733.4152,StatusQuo,2018,12
1/31/2019,3,218.0452645,1544.5553,StatusQuo,2019,1
2/28/2019,3,102.225397,514.12506,StatusQuo,2019,2
3/31/2019,2,38.7292723,236.80222,StatusQuo,2019,3
4/30/2019,1,28.455675,221.43224,StatusQuo,2019,4
5/31/2019,1,23.8473105,193.63129,StatusQuo,2019,5
6/30/2019,1,20.1129825,191.88464,StatusQuo,2019,6
7/31/2019,1,17.7017055,172.42719,StatusQuo,2019,7
8/31/2019,1,18.805125,203.87111,StatusQuo,2019,8
9/30/2019,1,27.8990805,446.84595,StatusQuo,2019,9
10/31/2019,1,36.0795931,518.8876,StatusQuo,2019,10
11/30/2019,1,22.3869525,296.50565,StatusQuo,2019,11
12/31/2019,1,38.777842,887.77405,StatusQuo,2019,12
1/31/2020,1,114.0515433,722.46375,StatusQuo,2020,1
2/29/2020,3,38.30418055,464.32248,StatusQuo,2020,2
3/31/2020,4,44.3260054,491.5138,StatusQuo,2020,3
4/30/2020,4,43.58056795,397.53177,StatusQuo,2020,4
5/31/2020,4,48.2341705,321.2923,StatusQuo,2020,5
6/30/2020,4,40.78243225,319.7845,StatusQuo,2020,6
7/31/2020,4,32.0766427,395.45328,StatusQuo,2020,7
8/31/2020,4,57.9630844,1132.178,StatusQuo,2020,8
9/30/2020,4,127.3781091,1571.1045,StatusQuo,2020,9
10/31/2020,4,155.2597531,1796.5377,StatusQuo,2020,10
11/30/2020,4,171.3455179,1758.0408,StatusQuo,2020,11
12/31/2020,4,179.9178876,1809.2164,StatusQuo,2020,12
1/31/2021,4,193.513767,1645.0822,StatusQuo,2021,1
2/28/2021,5,184.1709169,1103.6664,StatusQuo,2021,2
3/31/2021,5,98.53092205,679.83936,StatusQuo,2021,3
4/30/2021,5,79.1120395,613.7083,StatusQuo,2021,4
5/31/2021,5,76.548208,721.3269,StatusQuo,2021,5
6/30/2021,5,104.6211811,1127.767,StatusQuo,2021,6
7/31/2021,5,153.217597,1452.0404,StatusQuo,2021,7
8/31/2021,5,135.3667218,1375.7415,StatusQuo,2021,8
9/30/2021,5,155.4620575,1520.2543,StatusQuo,2021,9
11/30/1920,NA,NA,NA,June,1920,11
12/31/1920,NA,NA,NA,June,1920,12
1/31/1921,NA,NA,NA,June,1921,1
2/28/1921,NA,NA,NA,June,1921,2
3/31/1921,5,NA,NA,June,1921,3
4/30/1921,5,NA,NA,June,1921,4
5/31/1921,2,NA,NA,June,1921,5
6/30/1921,2,NA,NA,June,1921,6
7/31/1921,2,NA,NA,June,1921,7
8/31/1921,2,NA,NA,June,1921,8
9/30/1921,2,NA,NA,June,1921,9
10/31/1921,2,NA,NA,June,1921,10
11/30/1921,2,27.017595,483.0651,June,1921,11
12/31/1921,2,147.7265305,1590.4188,June,1921,12
1/31/1922,2,221.256579,1225.3677,June,1922,1
2/28/1922,3,52.5710725,401.629,June,1922,2
3/31/1922,3,57.5722696,296.2891,June,1922,3
4/30/1922,2,40.2367285,239.23453,June,1922,4
5/31/1922,2,29.2465395,230.55637,June,1922,5
6/30/1922,2,21.756312,213.95926,June,1922,6
7/31/1922,2,18.72969,201.56693,June,1922,7
8/31/1922,2,19.4665875,259.1818,June,1922,8
9/30/1922,2,40.3379377,955.58484,June,1922,9
10/31/1922,2,133.703419,1685.0756,June,1922,10
11/30/1922,2,139.5996586,1764.493,June,1922,11
12/31/1922,2,133.0729278,1684.8451,June,1922,12
1/31/1923,2,98.109598,675.64185,June,1923,1
2/28/1923,2,30.5708395,230.5641,June,1923,2
3/31/1923,3,32.0188903,233.38394,June,1923,3
4/30/1923,4,31.4837857,245.12325,June,1923,4
5/31/1923,3,32.2748545,241.83035,June,1923,5
6/30/1923,3,27.997833,222.55244,June,1923,6
7/31/1923,3,27.160917,259.7033,June,1923,7
8/31/1923,3,29.053755,714.1806,June,1923,8
9/30/1923,3,80.81977375,1258.8119,June,1923,9
10/31/1923,3,139.8889564,1678.47,June,1923,10
11/30/1923,3,132.5985025,1656.5665,June,1923,11
12/31/1923,3,157.1864215,1766.243,June,1923,12
1/31/1924,3,195.62326,1668.678,June,1924,1
2/29/1924,5,163.9194325,1534.545,June,1924,2
3/31/1924,5,128.3426631,893.64185,June,1924,3
4/30/1924,5,86.12404555,421.10123,June,1924,4
5/31/1924,5,71.2303531,584.2992,June,1924,5
6/30/1924,5,86.9174086,1035.527,June,1924,6
7/31/1924,5,154.5792985,1445.7007,June,1924,7
8/31/1924,5,156.221668,1461.7411,June,1924,8
9/30/1924,5,164.5048909,1454.8174,June,1924,9
10/31/1924,5,185.7106465,1502.3296,June,1924,10
11/30/1924,5,201.4682823,2182.46,June,1924,11
12/31/1924,5,221.478802,2317.8625,June,1924,12
1/31/1925,5,204.8287315,1571.6272,June,1925,1
2/28/1925,5,121.9096915,1008.4176,June,1925,2
3/31/1925,4,66.2248411,438.26947,June,1925,3
4/30/1925,4,28.0023795,245.74248,June,1925,4
5/31/1925,4,29.230032,245.97406,June,1925,5
6/30/1925,4,29.20893,235.58304,June,1925,6
7/31/1925,4,26.184558,258.90393,June,1925,7
8/31/1925,4,30.069891,626.71423,June,1925,8
9/30/1925,4,76.29938305,1088.7095,June,1925,9
10/31/1925,4,139.0833355,1761.712,June,1925,10
11/30/1925,4,174.8007781,1691.533,June,1925,11
12/31/1925,4,167.6750485,1750.1576,June,1925,12
1/31/1926,4,200.9563795,1592.6218,June,1926,1
2/28/1926,5,141.436894,1019.8594,June,1926,2
3/31/1926,4,61.68749005,326.15216,June,1926,3
4/30/1926,5,51.6345055,244.31015,June,1926,4
5/31/1926,4,40.5225778,246.26324,June,1926,5
6/30/1926,4,27.67104,254.75363,June,1926,6
7/31/1926,4,26.908869,375.4677,June,1926,7
8/31/1926,4,50.119702,994.6268,June,1926,8
9/30/1926,4,104.5372885,1294.4047,June,1926,9
10/31/1926,4,138.6166309,1766.5602,June,1926,10
11/30/1926,4,177.885088,1754.7072,June,1926,11
12/31/1926,4,136.0763575,1257.2678,June,1926,12
1/31/1927,4,115.6859071,916.31287,June,1927,1
2/28/1927,3,82.6488268,634.7265,June,1927,2
3/31/1927,1,26.744856,240.78291,June,1927,3
4/30/1927,1,24.2656215,233.82564,June,1927,4
5/31/1927,1,29.4892725,221.95558,June,1927,5
6/30/1927,1,24.985686,214.22174,June,1927,6
7/31/1927,1,21.8024205,208.42679,June,1927,7
8/31/1927,1,21.760275,357.44144,June,1927,8
9/30/1927,1,70.84465405,981.45245,June,1927,9
10/31/1927,1,144.7010845,1847.2211,June,1927,10
11/30/1927,1,124.907065,1476.8594,June,1927,11
12/31/1927,1,151.916572,1417.3064,June,1927,12
1/31/1928,1,203.688304,1473.7455,June,1928,1
2/29/1928,3,167.657293,804.7597,June,1928,2
3/31/1928,3,46.9731595,280.82544,June,1928,3
4/30/1928,2,24.406869,232.76532,June,1928,4
5/31/1928,2,26.6579775,221.39331,June,1928,5
6/30/1928,2,27.328815,236.22115,June,1928,6
7/31/1928,2,24.4804365,279.92764,June,1928,7
8/31/1928,2,24.4073115,431.62994,June,1928,8
9/30/1928,2,65.0613571,1173.33,June,1928,9
10/31/1928,2,158.7296965,1694.7579,June,1928,10
11/30/1928,2,153.397204,1717.2378,June,1928,11
12/31/1928,2,154.5484188,1763.1144,June,1928,12
1/31/1929,2,208.2051123,1448.6095,June,1929,1
2/28/1929,4,170.239336,1356.3452,June,1929,2
3/31/1929,5,105.427657,659.0014,June,1929,3
4/30/1929,5,58.8165112,315.05606,June,1929,4
5/31/1929,5,61.1284027,325.73053,June,1929,5
6/30/1929,5,56.1345415,571.84314,June,1929,6
7/31/1929,5,102.1940185,1141.1382,June,1929,7
8/31/1929,5,139.8022195,1486.7964,June,1929,8
9/30/1929,5,129.4309555,1467.3542,June,1929,9
10/31/1929,5,169.1375545,1828.8422,June,1929,10
11/30/1929,5,202.200661,2052.0874,June,1929,11
12/31/1929,5,219.3452464,2133.6577,June,1929,12
1/31/1930,5,188.8281048,1369.9565,June,1930,1
2/28/1930,4,82.5512143,498.68192,June,1930,2
3/31/1930,4,37.5938665,268.24933,June,1930,3
4/30/1930,4,27.557931,241.99529,June,1930,4
5/31/1930,4,30.041817,243.2529,June,1930,5
6/30/1930,4,30.08574,288.22186,June,1930,6
7/31/1930,4,28.8186495,426.84073,June,1930,7
8/31/1930,4,39.9005995,710.5796,June,1930,8
9/30/1930,4,67.45912195,941.60925,June,1930,9
10/31/1930,4,113.001247,1488.3274,June,1930,10
11/30/1930,4,168.0795205,1824.3092,June,1930,11
12/31/1930,4,196.0043506,1912.4933,June,1930,12
1/31/1931,4,221.6705614,1937.1044,June,1931,1
2/28/1931,5,170.942317,1002.9477,June,1931,2
3/31/1931,5,87.8877595,607.60736,June,1931,3
4/30/1931,5,77.9905645,573.11444,June,1931,4
5/31/1931,5,79.74346555,840.56836,June,1931,5
6/30/1931,5,106.41142,1278.4799,June,1931,6
7/31/1931,5,155.9809285,1499.9656,June,1931,7
8/31/1931,5,154.3066105,1610.767,June,1931,8
9/30/1931,5,175.8033055,1734.3822,June,1931,9
10/31/1931,5,207.879286,1566.5371,June,1931,10
11/30/1931,5,213.596785,1879.236,June,1931,11
12/31/1931,5,226.7522026,1932.087,June,1931,12
1/31/1932,5,170.575123,1013.6216,June,1932,1
2/29/1932,4,53.775739,376.17453,June,1932,2
3/31/1932,5,40.1267698,271.82996,June,1932,3
4/30/1932,5,32.5356295,249.44989,June,1932,4
5/31/1932,5,61.684717,286.8385,June,1932,5
6/30/1932,5,38.3072158,265.36914,June,1932,6
7/31/1932,5,30.6582604,314.1803,June,1932,7
8/31/1932,5,41.46132505,719.46783,June,1932,8
9/30/1932,5,96.225178,1148.9913,June,1932,9
10/31/1932,5,149.078143,1524.2014,June,1932,10
11/30/1932,5,189.6498453,2034.3575,June,1932,11
12/31/1932,5,221.800852,2251.052,June,1932,12
1/31/1933,5,230.5848085,1799.4647,June,1933,1
2/28/1933,5,173.718844,1153.7844,June,1933,2
3/31/1933,5,131.9168025,856.11005,June,1933,3
4/30/1933,5,96.0025075,567.4148,June,1933,4
5/31/1933,5,81.8276905,584.8229,June,1933,5
6/30/1933,5,85.7234695,798.4887,June,1933,6
7/31/1933,5,123.5024311,1336.1991,June,1933,7
8/31/1933,5,177.269602,1700.4772,June,1933,8
9/30/1933,5,172.47957,1671.8416,June,1933,9
10/31/1933,5,190.276147,1568.3507,June,1933,10
11/30/1933,5,192.9594049,1945.4767,June,1933,11
12/31/1933,5,225.172345,2173.179,June,1933,12
1/31/1934,5,198.025468,1447.4126,June,1934,1
2/28/1934,5,100.411258,695.9339,June,1934,2
3/31/1934,5,53.5440454,366.94864,June,1934,3
4/30/1934,5,30.76659745,314.6011,June,1934,4
5/31/1934,5,49.83941875,435.43253,June,1934,5
6/30/1934,5,66.7589425,924.70514,June,1934,6
7/31/1934,5,150.5223235,1781.4961,June,1934,7
8/31/1934,5,200.8380076,1950.57,June,1934,8
9/30/1934,5,179.6161495,1696.2649,June,1934,9
10/31/1934,5,200.1017215,1724.0371,June,1934,10
11/30/1934,5,220.58755,2087.0864,June,1934,11
12/31/1934,5,229.4814481,1863.5685,June,1934,12
1/31/1935,5,193.1432755,1709.9326,June,1935,1
2/28/1935,4,134.2509525,666.40985,June,1935,2
3/31/1935,4,40.36608145,252.36818,June,1935,3
4/30/1935,4,29.030466,256.58112,June,1935,4
5/31/1935,3,28.20816,238.40468,June,1935,5
6/30/1935,3,27.758331,226.48035,June,1935,6
7/31/1935,3,23.7600285,257.74072,June,1935,7
8/31/1935,3,23.0710995,500.5322,June,1935,8
9/30/1935,3,62.6682634,1013.51776,June,1935,9
10/31/1935,3,138.1778335,1709.9691,June,1935,10
11/30/1935,3,178.9229155,1479.2915,June,1935,11
12/31/1935,3,146.3235126,1759.8684,June,1935,12
1/31/1936,3,189.165103,1584.8773,June,1936,1
2/29/1936,3,90.7732933,479.93152,June,1936,2
3/31/1936,2,45.2526316,235.75066,June,1936,3
4/30/1936,3,35.81836495,234.01329,June,1936,4
5/31/1936,3,31.88461825,220.21819,June,1936,5
6/30/1936,3,25.0974585,233.78773,June,1936,6
7/31/1936,3,25.834278,275.91226,June,1936,7
8/31/1936,3,30.47617105,733.1214,June,1936,8
9/30/1936,3,88.904554,1302.7389,June,1936,9
10/31/1936,3,129.194548,1751.9609,June,1936,10
11/30/1936,3,122.6000185,1258.2058,June,1936,11
12/31/1936,3,115.030333,1487.2662,June,1936,12
1/31/1937,3,201.1301155,1733.8881,June,1937,1
2/28/1937,4,162.946243,1187.6102,June,1937,2
3/31/1937,4,100.1401546,420.01807,June,1937,3
4/30/1937,3,57.90007945,242.95438,June,1937,4
5/31/1937,3,30.81165025,227.01433,June,1937,5
6/30/1937,3,25.242414,230.66277,June,1937,6
7/31/1937,3,24.996093,275.53708,June,1937,7
8/31/1937,3,26.9485425,590.6363,June,1937,8
9/30/1937,3,79.8594577,1207.64,June,1937,9
10/31/1937,3,145.2394039,1714.9572,June,1937,10
11/30/1937,3,151.1211655,1686.5054,June,1937,11
12/31/1937,3,162.420703,1536.5564,June,1937,12
1/31/1938,3,70.9493887,459.2008,June,1938,1
2/28/1938,2,27.11514,223.9769,June,1938,2
3/31/1938,1,26.2182705,211.86412,June,1938,3
4/30/1938,1,16.2677745,195.53851,June,1938,4
5/31/1938,1,15.4237455,172.4232,June,1938,5
6/30/1938,1,13.2202995,168.66705,June,1938,6
7/31/1938,1,13.3508445,169.80995,June,1938,7
8/31/1938,1,17.0354295,198.66792,June,1938,8
9/30/1938,1,26.4218805,461.72885,June,1938,9
10/31/1938,1,55.67482225,848.63574,June,1938,10
11/30/1938,1,45.615163,690.59814,June,1938,11
12/31/1938,1,83.96950825,1160.9073,June,1938,12
1/31/1939,1,220.3020655,1613.7365,June,1939,1
2/28/1939,4,167.0379196,1220.7037,June,1939,2
3/31/1939,4,133.6047606,771.60974,June,1939,3
4/30/1939,4,94.09315855,495.79114,June,1939,4
5/31/1939,4,57.5455081,400.7109,June,1939,5
6/30/1939,4,39.935854,322.46478,June,1939,6
7/31/1939,4,35.9724673,576.1561,June,1939,7
8/31/1939,4,83.6630164,1367.0397,June,1939,8
9/30/1939,4,126.486193,1593.187,June,1939,9
10/31/1939,4,168.1881625,1863.8665,June,1939,10
11/30/1939,4,184.9203415,1783.2124,June,1939,11
12/31/1939,4,181.7172123,1693.2681,June,1939,12
1/31/1940,4,222.582322,1947.9087,June,1940,1
2/29/1940,3,141.1323858,616.7887,June,1940,2
3/31/1940,2,53.11337905,243.67096,June,1940,3
4/30/1940,1,34.414834,229.66766,June,1940,4
5/31/1940,1,32.35645,220.64824,June,1940,5
6/30/1940,1,26.6202255,222.75067,June,1940,6
7/31/1940,1,23.3210445,239.30527,June,1940,7
8/31/1940,1,24.6587295,462.30444,June,1940,8
9/30/1940,1,65.7120178,1075.1425,June,1940,9
10/31/1940,1,150.2890368,1702.6085,June,1940,10
11/30/1940,1,163.1071683,1719.5356,June,1940,11
12/31/1940,1,157.050391,1755.4674,June,1940,12
1/31/1941,1,109.084492,630.82043,June,1941,1
2/28/1941,1,44.41879,219.13493,June,1941,2
3/31/1941,1,28.151139,201.87593,June,1941,3
4/30/1941,1,25.4784345,208.8968,June,1941,4
5/31/1941,1,24.7282635,181.64941,June,1941,5
6/30/1941,1,18.894198,183.05977,June,1941,6
7/31/1941,1,18.401265,179.2258,June,1941,7
8/31/1941,1,18.6776955,239.60233,June,1941,8
9/30/1941,1,29.62392,555.5483,June,1941,9
10/31/1941,1,76.6544845,1248.2957,June,1941,10
11/30/1941,1,88.868758,1213.8478,June,1941,11
12/31/1941,1,135.0060001,1580.645,June,1941,12
1/31/1942,1,85.0866598,496.41092,June,1942,1
2/28/1942,1,26.48565,211.59859,June,1942,2
3/31/1942,1,25.9441335,214.30441,June,1942,3
4/30/1942,1,29.4381645,213.01329,June,1942,4
5/31/1942,1,28.880115,210.13132,June,1942,5
6/30/1942,1,22.595457,189.21645,June,1942,6
7/31/1942,1,18.911376,174.7872,June,1942,7
8/31/1942,1,18.9559845,246.34523,June,1942,8
9/30/1942,1,36.9334702,632.1083,June,1942,9
10/31/1942,1,90.58171345,1220.5807,June,1942,10
11/30/1942,1,81.0480844,1197.8296,June,1942,11
12/31/1942,1,130.6639425,1656.9906,June,1942,12
1/31/1943,1,123.0925555,749.64026,June,1943,1
2/28/1943,1,28.7100225,216.49449,June,1943,2
3/31/1943,1,24.2607405,214.91426,June,1943,3
4/30/1943,1,24.197763,202.75633,June,1943,4
5/31/1943,1,21.671349,205.08412,June,1943,5
6/30/1943,1,20.03295,207.23453,June,1943,6
7/31/1943,1,22.97538,242.6127,June,1943,7
8/31/1943,1,23.6119875,413.61014,June,1943,8
9/30/1943,1,62.02257025,967.0753,June,1943,9
10/31/1943,1,130.8337255,1730.1022,June,1943,10
11/30/1943,1,138.250309,1789.7844,June,1943,11
12/31/1943,1,145.836097,1741.0427,June,1943,12
1/31/1944,1,217.127764,1523.1521,June,1944,1
2/29/1944,4,143.0441515,1140.0262,June,1944,2
3/31/1944,4,95.093671,491.64224,June,1944,3
4/30/1944,4,38.89225525,239.38023,June,1944,4
5/31/1944,4,36.82582,257.26727,June,1944,5
6/30/1944,4,33.61057825,316.31567,June,1944,6
7/31/1944,4,30.61074805,360.23044,June,1944,7
8/31/1944,4,44.7230218,928.5114,June,1944,8
9/30/1944,4,116.718616,1511.1559,June,1944,9
10/31/1944,4,167.10103,1850.7446,June,1944,10
11/30/1944,4,168.5115235,1662.4833,June,1944,11
12/31/1944,4,153.4383181,1705.9412,June,1944,12
1/31/1945,4,151.1270365,1069.6749,June,1945,1
2/28/1945,4,74.05252,673.3832,June,1945,2
3/31/1945,3,54.8405275,331.0045,June,1945,3
4/30/1945,3,42.2227567,242.19038,June,1945,4
5/31/1945,3,31.3778512,237.37776,June,1945,5
6/30/1945,3,27.528387,247.29,June,1945,6
7/31/1945,3,27.0369825,328.3032,June,1945,7
8/31/1945,3,39.4951129,758.4517,June,1945,8
9/30/1945,3,85.94330425,1224.856,June,1945,9
10/31/1945,3,134.0230608,1686.2338,June,1945,10
11/30/1945,3,148.9190418,1737.7961,June,1945,11
12/31/1945,3,146.846878,1750.6764,June,1945,12
1/31/1946,3,69.582523,459.82193,June,1946,1
2/28/1946,2,22.978155,197.17352,June,1946,2
3/31/1946,2,26.3868525,223.7141,June,1946,3
4/30/1946,2,29.8446675,240.55095,June,1946,4
5/31/1946,3,28.767585,238.30284,June,1946,5
6/30/1946,3,26.516043,243.18672,June,1946,6
7/31/1946,3,27.1406805,296.24417,June,1946,7
8/31/1946,3,34.9758451,716.4107,June,1946,8
9/30/1946,3,82.126228,1281.4607,June,1946,9
10/31/1946,3,149.0202966,1694.8745,June,1946,10
11/30/1946,3,146.5039518,1707.8059,June,1946,11
12/31/1946,3,149.2055095,1719.8295,June,1946,12
1/31/1947,3,210.6768574,1512.8201,June,1947,1
2/28/1947,4,160.0631944,1358.34,June,1947,2
3/31/1947,4,143.605402,716.00146,June,1947,3
4/30/1947,4,44.6818564,273.74203,June,1947,4
5/31/1947,5,29.8629405,256.99182,June,1947,5
6/30/1947,5,31.3451047,332.72827,June,1947,6
7/31/1947,5,34.8025651,462.26138,June,1947,7
8/31/1947,5,43.4771728,662.5642,June,1947,8
9/30/1947,5,77.52391405,1041.5623,June,1947,9
10/31/1947,5,132.11158,1673.115,June,1947,10
11/30/1947,5,199.5060544,2172.2502,June,1947,11
12/31/1947,5,215.806447,2243.5288,June,1947,12
1/31/1948,5,224.376397,1713.857,June,1948,1
2/29/1948,4,151.0745395,1177.8868,June,1948,2
3/31/1948,5,79.7314471,580.1576,June,1948,3
4/30/1948,4,47.1966109,364.37305,June,1948,4
5/31/1948,3,31.4979274,240.35175,June,1948,5
6/30/1948,3,26.8504125,220.92352,June,1948,6
7/31/1948,3,21.7581945,222.47293,June,1948,7
8/31/1948,3,22.948647,482.95078,June,1948,8
9/30/1948,3,93.37458805,1289.9058,June,1948,9
10/31/1948,3,167.4255025,1657.4858,June,1948,10
11/30/1948,3,156.4691905,1676.5391,June,1948,11
12/31/1948,3,161.2241305,1749.301,June,1948,12
1/31/1949,3,195.275788,1378.9159,June,1949,1
2/28/1949,4,143.5649605,1237.2222,June,1949,2
3/31/1949,5,138.560104,729.3785,June,1949,3
4/30/1949,4,45.2076301,267.57184,June,1949,4
5/31/1949,4,26.783721,243.08438,June,1949,5
6/30/1949,4,28.127682,273.10138,June,1949,6
7/31/1949,4,25.8898635,354.3668,June,1949,7
8/31/1949,4,30.7570129,584.72864,June,1949,8
9/30/1949,4,59.26434595,877.9169,June,1949,9
10/31/1949,4,125.9632351,1802.62,June,1949,10
11/30/1949,4,180.8141185,1810.2069,June,1949,11
12/31/1949,4,169.8309168,1798.9312,June,1949,12
1/31/1950,4,196.6627975,1729.5599,June,1950,1
2/28/1950,4,125.3359045,717.9892,June,1950,2
3/31/1950,4,42.6354595,273.60492,June,1950,3
4/30/1950,4,26.062461,242.8438,June,1950,4
5/31/1950,4,27.94689,246.81175,June,1950,5
6/30/1950,4,27.1581345,267.51556,June,1950,6
7/31/1950,4,25.7898645,303.82922,June,1950,7
8/31/1950,4,42.00405055,887.1831,June,1950,8
9/30/1950,4,125.1125215,1632.4658,June,1950,9
10/31/1950,4,156.3353545,1715.2017,June,1950,10
11/30/1950,4,160.1403781,1734.3125,June,1950,11
12/31/1950,4,106.1048455,912.204,June,1950,12
1/31/1951,4,37.5889246,227.54787,June,1951,1
2/28/1951,1,27.7890105,201.05908,June,1951,2
3/31/1951,1,26.52222,209.91411,June,1951,3
4/30/1951,1,26.4024075,214.00145,June,1951,4
5/31/1951,1,25.230819,221.2015,June,1951,5
6/30/1951,1,23.592918,218.8239,June,1951,6
7/31/1951,1,22.9987545,238.57349,June,1951,7
8/31/1951,1,23.9269245,446.02716,June,1951,8
9/30/1951,1,63.8190991,1033.4233,June,1951,9
10/31/1951,1,142.151959,1691.3053,June,1951,10
11/30/1951,1,147.995029,1733.2567,June,1951,11
12/31/1951,1,139.5333505,1732.2994,June,1951,12
1/31/1952,1,119.696296,720.19885,June,1952,1
2/29/1952,1,46.0826599,224.11624,June,1952,2
3/31/1952,1,29.239668,219.28421,June,1952,3
4/30/1952,1,27.610917,207.4221,June,1952,4
5/31/1952,1,21.2925405,197.61343,June,1952,5
6/30/1952,1,16.854579,176.23581,June,1952,6
7/31/1952,1,14.854161,169.57146,June,1952,7
8/31/1952,1,15.847518,187.46497,June,1952,8
9/30/1952,1,20.1382995,278.87177,June,1952,9
10/31/1952,1,23.030514,320.19385,June,1952,10
11/30/1952,1,25.151424,506.90594,June,1952,11
12/31/1952,1,76.79970625,1242.156,June,1952,12
1/31/1953,1,78.339946,444.91565,June,1953,1
2/28/1953,1,21.5179455,211.53706,June,1953,2
3/31/1953,2,22.6049325,222.13318,June,1953,3
4/30/1953,2,27.60675,240.54817,June,1953,4
5/31/1953,2,29.5586295,238.76875,June,1953,5
6/30/1953,2,27.0854145,217.23378,June,1953,6
7/31/1953,2,23.353272,205.76903,June,1953,7
8/31/1953,2,20.879844,348.04626,June,1953,8
9/30/1953,2,77.1325093,1129.8656,June,1953,9
10/31/1953,2,147.6072124,1708.5721,June,1953,10
11/30/1953,2,133.706269,1718.1241,June,1953,11
12/31/1953,2,184.6366354,1743.8688,June,1953,12
1/31/1954,2,214.8235504,1729.66,June,1954,1
2/28/1954,2,125.8164031,662.67865,June,1954,2
3/31/1954,2,26.276307,235.8614,June,1954,3
4/30/1954,2,23.124111,240.08243,June,1954,4
5/31/1954,2,26.64402,231.60918,June,1954,5
6/30/1954,2,26.557896,239.12512,June,1954,6
7/31/1954,2,24.5368305,284.6325,June,1954,7
8/31/1954,2,24.112257,448.0113,June,1954,8
9/30/1954,2,57.3939964,1060.1924,June,1954,9
10/31/1954,2,156.328315,1651.7427,June,1954,10
11/30/1954,2,130.220947,1480.7081,June,1954,11
12/31/1954,2,164.378425,1747.8733,June,1954,12
1/31/1955,2,184.782088,1001.7942,June,1955,1
2/28/1955,3,47.11484725,379.52228,June,1955,2
3/31/1955,4,33.842269,309.21567,June,1955,3
4/30/1955,4,30.57353845,297.42166,June,1955,4
5/31/1955,4,41.9274682,297.75943,June,1955,5
6/30/1955,4,40.73631925,304.18503,June,1955,6
7/31/1955,4,36.3120961,405.3842,June,1955,7
8/31/1955,4,39.1969801,720.55194,June,1955,8
9/30/1955,4,74.09124295,1073.9366,June,1955,9
10/31/1955,4,141.527923,1789.9036,June,1955,10
11/30/1955,4,176.5709986,1686.3367,June,1955,11
12/31/1955,4,160.8268405,1775.3217,June,1955,12
1/31/1956,4,95.2229128,535.6118,June,1956,1
2/29/1956,1,33.16999675,190.57016,June,1956,2
3/31/1956,1,27.002307,192.15239,June,1956,3
4/30/1956,1,23.799534,211.19073,June,1956,4
5/31/1956,1,22.1768145,216.34013,June,1956,5
6/30/1956,1,19.2990585,192.83775,June,1956,6
7/31/1956,1,19.2208695,180.45827,June,1956,7
8/31/1956,1,18.659496,245.62256,June,1956,8
9/30/1956,1,29.9360325,543.62384,June,1956,9
10/31/1956,1,61.6900807,880.1049,June,1956,10
11/30/1956,1,44.4584449,631.7176,June,1956,11
12/31/1956,1,78.7570435,1096.6139,June,1956,12
1/31/1957,1,218.811031,1734.4701,June,1957,1
2/28/1957,3,162.822154,1327.9862,June,1957,2
3/31/1957,3,85.74106825,441.05124,June,1957,3
4/30/1957,3,32.8683499,234.06912,June,1957,4
5/31/1957,3,30.0030855,240.68051,June,1957,5
6/30/1957,3,29.711925,245.18707,June,1957,6
7/31/1957,3,25.601523,289.41306,June,1957,7
8/31/1957,3,38.318821,759.21844,June,1957,8
9/30/1957,3,85.1668645,1300.827,June,1957,9
10/31/1957,3,146.9383915,1681.1176,June,1957,10
11/30/1957,3,191.1819796,1495.613,June,1957,11
12/31/1957,3,161.929212,1160.505,June,1957,12
1/31/1958,3,185.5672174,936.58167,June,1958,1
2/28/1958,2,45.5144098,263.58646,June,1958,2
3/31/1958,1,32.0945635,236.56883,June,1958,3
4/30/1958,1,29.901357,211.47705,June,1958,4
5/31/1958,1,30.97378105,187.31883,June,1958,5
6/30/1958,1,22.209453,169.61424,June,1958,6
7/31/1958,1,16.1417925,158.8712,June,1958,7
8/31/1958,1,16.6783005,204.06941,June,1958,8
9/30/1958,1,22.0720305,329.25183,June,1958,9
10/31/1958,1,25.644267,346.01956,June,1958,10
11/30/1958,1,23.518437,423.64798,June,1958,11
12/31/1958,1,67.59426325,1061.1223,June,1958,12
1/31/1959,1,210.0141355,1756.1318,June,1959,1
2/28/1959,3,152.545168,875.4288,June,1959,2
3/31/1959,3,41.862169,254.36732,June,1959,3
4/30/1959,3,29.434419,240.124,June,1959,4
5/31/1959,3,29.2439205,257.80118,June,1959,5
6/30/1959,3,28.689258,327.50522,June,1959,6
7/31/1959,3,29.61591,405.2396,June,1959,7
8/31/1959,3,41.0359141,727.09717,June,1959,8
9/30/1959,3,81.46236325,1265.5535,June,1959,9
10/31/1959,3,157.8772501,1636.6724,June,1959,10
11/30/1959,3,150.4923415,1663.4554,June,1959,11
12/31/1959,3,168.4569346,1644.3132,June,1959,12
1/31/1960,3,204.4087356,1713.1105,June,1960,1
2/29/1960,5,180.3236791,1326.1211,June,1960,2
3/31/1960,4,99.800104,499.667,June,1960,3
4/30/1960,4,34.4163673,249.18228,June,1960,4
5/31/1960,4,31.462234,264.3475,June,1960,5
6/30/1960,4,31.45984,340.34317,June,1960,6
7/31/1960,4,30.32697355,430.65906,June,1960,7
8/31/1960,4,82.3320892,1463.6062,June,1960,8
9/30/1960,4,152.175409,1621.9001,June,1960,9
10/31/1960,4,168.670867,1816.3282,June,1960,10
11/30/1960,4,166.546477,1539.762,June,1960,11
12/31/1960,4,151.2894295,1716.3815,June,1960,12
1/31/1961,4,189.9195265,1639.676,June,1961,1
2/28/1961,4,154.4616505,1202.5126,June,1961,2
3/31/1961,4,85.68207325,474.6823,June,1961,3
4/30/1961,4,28.32042,244.71004,June,1961,4
5/31/1961,4,28.106535,264.005,June,1961,5
6/30/1961,4,31.522597,314.8485,June,1961,6
7/31/1961,4,29.8969305,396.171,June,1961,7
8/31/1961,4,42.5587774,756.63824,June,1961,8
9/30/1961,4,81.00679645,1106.8726,June,1961,9
10/31/1961,4,136.7792131,1762.0144,June,1961,10
11/30/1961,4,193.0190155,1801.4233,June,1961,11
12/31/1961,4,175.023289,1795.8062,June,1961,12
1/31/1962,4,218.5840285,1616.6244,June,1962,1
2/28/1962,4,140.2942435,1127.3962,June,1962,2
3/31/1962,3,109.33381,468.72705,June,1962,3
4/30/1962,3,52.0809922,244.09886,June,1962,4
5/31/1962,3,29.564877,245.97816,June,1962,5
6/30/1962,3,26.693871,275.3871,June,1962,6
7/31/1962,3,27.116199,349.7535,June,1962,7
8/31/1962,3,36.6034972,739.40967,June,1962,8
9/30/1962,3,95.7386146,1314.9102,June,1962,9
10/31/1962,3,163.1564476,1768.5128,June,1962,10
11/30/1962,3,133.4543005,976.3075,June,1962,11
12/31/1962,3,25.6660725,479.76132,June,1962,12
1/31/1963,3,68.15400895,593.07245,June,1963,1
2/28/1963,2,29.305935,320.35913,June,1963,2
3/31/1963,3,29.030223,254.37076,June,1963,3
4/30/1963,2,26.961825,241.79515,June,1963,4
5/31/1963,1,27.1671345,222.06499,June,1963,5
6/30/1963,1,24.997329,210.46559,June,1963,6
7/31/1963,1,21.2317995,217.30623,June,1963,7
8/31/1963,1,21.933852,342.07117,June,1963,8
9/30/1963,1,67.8757834,974.0071,June,1963,9
10/31/1963,1,152.980306,1770.1671,June,1963,10
11/30/1963,1,132.038791,1458.4086,June,1963,11
12/31/1963,1,125.7040105,758.77844,June,1963,12
1/31/1964,1,90.2321125,621.6196,June,1964,1
2/29/1964,2,132.251914,669.75824,June,1964,2
3/31/1964,3,49.06921195,333.37466,June,1964,3
4/30/1964,4,34.59052795,302.5933,June,1964,4
5/31/1964,4,36.28787395,317.48074,June,1964,5
6/30/1964,4,37.2750313,322.82062,June,1964,6
7/31/1964,4,32.39074405,372.83392,June,1964,7
8/31/1964,4,61.77880405,1221.9883,June,1964,8
9/30/1964,4,139.0480639,1576.192,June,1964,9
10/31/1964,4,158.8861444,1800.5173,June,1964,10
11/30/1964,4,174.2768911,1737.8198,June,1964,11
12/31/1964,4,166.6013395,1702.0033,June,1964,12
1/31/1965,4,81.0149902,467.3004,June,1965,1
2/28/1965,1,25.0896195,212.41507,June,1965,2
3/31/1965,1,26.0685795,222.8594,June,1965,3
4/30/1965,1,30.5170657,230.96515,June,1965,4
5/31/1965,1,28.417845,210.85182,June,1965,5
6/30/1965,1,21.489873,204.74132,June,1965,6
7/31/1965,1,21.447402,210.70291,June,1965,7
8/31/1965,1,21.998403,301.01816,June,1965,8
9/30/1965,1,57.5231812,794.1782,June,1965,9
10/31/1965,1,124.557883,1780.9858,June,1965,10
11/30/1965,1,135.9218875,1802.9869,June,1965,11
12/31/1965,1,111.5335426,1083.8612,June,1965,12
1/31/1966,1,79.4375152,883.4899,June,1966,1
2/28/1966,2,96.7964605,600.60474,June,1966,2
3/31/1966,3,37.7424712,242.78247,June,1966,3
4/30/1966,3,29.24877,232.57643,June,1966,4
5/31/1966,3,28.637658,248.80766,June,1966,5
6/30/1966,3,27.222345,277.0307,June,1966,6
7/31/1966,3,27.1653345,365.31067,June,1966,7
8/31/1966,3,38.99944375,724.56604,June,1966,8
9/30/1966,3,80.4688219,1298.3784,June,1966,9
10/31/1966,3,164.5021264,1723.3859,June,1966,10
11/30/1966,3,161.8569445,1692.8871,June,1966,11
12/31/1966,3,152.9450515,1716.6144,June,1966,12
1/31/1967,3,117.5984224,657.17236,June,1967,1
2/28/1967,1,36.8136904,238.0926,June,1967,2
3/31/1967,2,27.7702605,236.36534,June,1967,3
4/30/1967,1,28.878666,230.83603,June,1967,4
5/31/1967,1,27.846735,220.74287,June,1967,5
6/30/1967,1,20.780931,194.16872,June,1967,6
7/31/1967,1,16.727412,158.22266,June,1967,7
8/31/1967,1,14.6286555,193.02425,June,1967,8
9/30/1967,1,19.953411,238.45224,June,1967,9
10/31/1967,1,22.21041,310.79816,June,1967,10
11/30/1967,1,23.081586,470.86557,June,1967,11
12/31/1967,1,66.14530045,1219.6237,June,1967,12
1/31/1968,1,217.0495885,1668.9071,June,1968,1
2/29/1968,3,143.6491666,804.3384,June,1968,2
3/31/1968,3,35.5500175,249.87955,June,1968,3
4/30/1968,3,27.1715325,238.93268,June,1968,4
5/31/1968,3,28.750182,244.6354,June,1968,5
6/30/1968,3,29.14707,291.14136,June,1968,6
7/31/1968,3,28.019055,453.2033,June,1968,7
8/31/1968,3,35.4970246,737.4966,June,1968,8
9/30/1968,3,70.30657405,1159.9397,June,1968,9
10/31/1968,3,132.2607775,1562.5488,June,1968,10
11/30/1968,3,152.3321704,1700.5995,June,1968,11
12/31/1968,3,161.5273506,1718.2098,June,1968,12
1/31/1969,3,151.7993088,944.43317,June,1969,1
2/28/1969,1,34.56006145,243.09732,June,1969,2
3/31/1969,1,21.709383,192.40736,June,1969,3
4/30/1969,1,19.843407,185.88318,June,1969,4
5/31/1969,1,15.1071675,178.18826,June,1969,5
6/30/1969,1,12.070068,175.44814,June,1969,6
7/31/1969,1,12.323304,171.7824,June,1969,7
8/31/1969,1,18.6349935,218.35245,June,1969,8
9/30/1969,1,28.222989,417.7473,June,1969,9
10/31/1969,1,35.2290106,460.58707,June,1969,10
11/30/1969,1,24.941982,501.80945,June,1969,11
12/31/1969,1,66.9151624,1127.461,June,1969,12
1/31/1970,1,63.691402,425.44583,June,1970,1
2/28/1970,1,21.81879,208.53273,June,1970,2
3/31/1970,1,17.86815,193.521,June,1970,3
4/30/1970,1,24.855522,202.82867,June,1970,4
5/31/1970,1,25.357791,230.7861,June,1970,5
6/30/1970,1,27.282303,269.6246,June,1970,6
7/31/1970,1,25.7759745,302.71503,June,1970,7
8/31/1970,1,25.3836315,459.9235,June,1970,8
9/30/1970,1,71.7164206,1105.8308,June,1970,9
10/31/1970,1,149.6709231,1688.1417,June,1970,10
11/30/1970,1,147.94333,1721.3629,June,1970,11
12/31/1970,1,100.623298,1146.0414,June,1970,12
1/31/1971,1,54.2082835,359.82803,June,1971,1
2/28/1971,1,24.138906,211.32896,June,1971,2
3/31/1971,1,24.1143375,230.04749,June,1971,3
4/30/1971,1,24.0095925,237.20839,June,1971,4
5/31/1971,1,25.407051,231.49887,June,1971,5
6/30/1971,1,25.8995895,220.908,June,1971,6
7/31/1971,1,22.290537,210.30827,June,1971,7
8/31/1971,1,20.4224655,327.8672,June,1971,8
9/30/1971,1,60.8744791,1033.5986,June,1971,9
10/31/1971,1,147.344602,1790.6432,June,1971,10
11/30/1971,1,168.532129,1799.173,June,1971,11
12/31/1971,1,218.975305,1750.3809,June,1971,12
1/31/1972,1,176.9373775,1084.6235,June,1972,1
2/29/1972,3,78.04747045,731.44037,June,1972,2
3/31/1972,3,69.0969742,540.3783,June,1972,3
4/30/1972,3,33.11502025,255.56187,June,1972,4
5/31/1972,3,27.363405,244.25774,June,1972,5
6/30/1972,3,29.3685105,313.44144,June,1972,6
7/31/1972,3,30.2885812,484.65936,June,1972,7
8/31/1972,3,33.1299685,750.02167,June,1972,8
9/30/1972,3,69.8148835,1137.024,June,1972,9
10/31/1972,3,147.0952954,1673.6505,June,1972,10
11/30/1972,3,157.7492566,1646.6112,June,1972,11
12/31/1972,3,113.6644848,1213.9725,June,1972,12
1/31/1973,3,64.8786265,496.59143,June,1973,1
2/28/1973,2,33.1118539,245.90927,June,1973,2
3/31/1973,2,26.1846105,240.64113,June,1973,3
4/30/1973,1,36.1166089,232.33658,June,1973,4
5/31/1973,2,29.884602,231.08328,June,1973,5
6/30/1973,2,26.0821905,235.35175,June,1973,6
7/31/1973,2,24.0807015,250.57771,June,1973,7
8/31/1973,2,25.381617,447.37845,June,1973,8
9/30/1973,2,57.3572599,1006.7533,June,1973,9
10/31/1973,2,130.129804,1703.9167,June,1973,10
11/30/1973,2,119.1779665,1444.8157,June,1973,11
12/31/1973,2,62.3033779,581.41187,June,1973,12
1/31/1974,2,25.849761,194.92632,June,1974,1
2/28/1974,1,20.449278,203.02888,June,1974,2
3/31/1974,1,20.8313235,203.38707,June,1974,3
4/30/1974,1,26.061321,203.39767,June,1974,4
5/31/1974,1,22.377756,179.22176,June,1974,5
6/30/1974,1,18.8270595,187.80075,June,1974,6
7/31/1974,1,20.276688,185.93974,June,1974,7
8/31/1974,1,18.7541595,242.51154,June,1974,8
9/30/1974,1,29.526888,585.89575,June,1974,9
10/31/1974,1,63.026725,776.04364,June,1974,10
11/30/1974,1,37.3750435,481.4773,June,1974,11
12/31/1974,1,70.3706734,966.0104,June,1974,12
1/31/1975,1,214.513402,1508.0085,June,1975,1
2/28/1975,3,194.7001051,1326.255,June,1975,2
3/31/1975,3,74.9773621,427.08472,June,1975,3
4/30/1975,2,28.4485755,228.9456,June,1975,4
5/31/1975,1,24.3208695,215.46233,June,1975,5
6/30/1975,1,22.882812,206.4438,June,1975,6
7/31/1975,1,21.091422,190.77852,June,1975,7
8/31/1975,1,19.370373,268.88193,June,1975,8
9/30/1975,1,50.3353615,870.059,June,1975,9
10/31/1975,1,137.4793983,1791.2487,June,1975,10
11/30/1975,1,112.2626553,1058.6584,June,1975,11
12/31/1975,1,85.981423,1047.738,June,1975,12
1/31/1976,1,217.443031,1600.2952,June,1976,1
2/29/1976,4,188.569453,1469.0354,June,1976,2
3/31/1976,4,141.2949783,977.34467,June,1976,3
4/30/1976,5,86.6063767,552.0919,June,1976,4
5/31/1976,5,69.6752107,582.8288,June,1976,5
6/30/1976,5,86.1168892,888.6087,June,1976,6
7/31/1976,5,127.4878825,1676.5233,June,1976,7
8/31/1976,5,142.7464519,1852.756,June,1976,8
9/30/1976,5,126.6217105,1423.4424,June,1976,9
10/31/1976,5,160.022542,1923.0808,June,1976,10
11/30/1976,5,220.650991,2137.673,June,1976,11
12/31/1976,5,221.0367214,1858.9357,June,1976,12
1/31/1977,5,222.0936439,1813.353,June,1977,1
2/28/1977,5,214.3549306,1507.4574,June,1977,2
3/31/1977,5,170.962381,883.2191,June,1977,3
4/30/1977,5,115.597996,774.3461,June,1977,4
5/31/1977,5,97.7832445,938.4359,June,1977,5
6/30/1977,5,121.8260554,1048.404,June,1977,6
7/31/1977,5,143.3091445,1312.9551,June,1977,7
8/31/1977,5,171.2410968,1747.4486,June,1977,8
9/30/1977,5,171.49345,1638.6542,June,1977,9
10/31/1977,5,204.8941105,1794.5326,June,1977,10
11/30/1977,5,224.6891361,2047.829,June,1977,11
12/31/1977,5,223.470211,1775.0032,June,1977,12
1/31/1978,5,213.1930255,1619.2123,June,1978,1
2/28/1978,3,88.217533,475.57172,June,1978,2
3/31/1978,2,56.91519925,230.27711,June,1978,3
4/30/1978,2,37.13874145,222.98969,June,1978,4
5/31/1978,2,24.929526,207.38043,June,1978,5
6/30/1978,2,19.2086475,207.50162,June,1978,6
7/31/1978,2,19.8287745,192.78531,June,1978,7
8/31/1978,2,21.3800055,279.76752,June,1978,8
9/30/1978,2,54.40277605,973.1383,June,1978,9
10/31/1978,2,110.2816915,1487.5916,June,1978,10
11/30/1978,2,81.7972525,1084.6667,June,1978,11
12/31/1978,2,149.0145595,1724.2509,June,1978,12
1/31/1979,2,196.689673,1554.4061,June,1979,1
2/28/1979,4,115.080892,698.3863,June,1979,2
3/31/1979,3,48.0301903,262.96365,June,1979,3
4/30/1979,4,43.6438009,237.60182,June,1979,4
5/31/1979,3,31.06889695,234.95761,June,1979,5
6/30/1979,3,27.148719,245.45946,June,1979,6
7/31/1979,3,24.764919,247.72586,June,1979,7
8/31/1979,3,32.0229088,744.5503,June,1979,8
9/30/1979,3,88.9546342,1281.776,June,1979,9
10/31/1979,3,125.7721255,1762.7655,June,1979,10
11/30/1979,3,151.9971415,1712.1609,June,1979,11
12/31/1979,3,151.84726,1707.7814,June,1979,12
1/31/1980,3,217.3688598,1719.2538,June,1980,1
2/29/1980,2,69.052138,334.2188,June,1980,2
3/31/1980,1,24.025293,194.82022,June,1980,3
4/30/1980,1,22.414902,200.30275,June,1980,4
5/31/1980,1,19.982808,212.21062,June,1980,5
6/30/1980,1,21.69927,239.7919,June,1980,6
7/31/1980,1,23.044023,231.46524,June,1980,7
8/31/1980,1,23.385954,260.96393,June,1980,8
9/30/1980,1,49.8295549,758.084,June,1980,9
10/31/1980,1,113.947447,1851.3765,June,1980,10
11/30/1980,1,134.5106074,1804.8158,June,1980,11
12/31/1980,1,140.6629651,1785.5391,June,1980,12
1/31/1981,1,215.6091814,1787.8033,June,1981,1
2/28/1981,3,145.9441975,894.39136,June,1981,2
3/31/1981,4,45.60360055,263.98764,June,1981,3
4/30/1981,4,28.759245,237.75479,June,1981,4
5/31/1981,4,29.534454,246.35567,June,1981,5
6/30/1981,4,29.19141,297.88425,June,1981,6
7/31/1981,4,29.1341625,436.64996,June,1981,7
8/31/1981,4,71.7687295,1316.3318,June,1981,8
9/30/1981,4,135.0004683,1591.0249,June,1981,9
10/31/1981,4,148.761565,1804.5658,June,1981,10
11/30/1981,4,173.1937743,1740.0273,June,1981,11
12/31/1981,4,165.5972845,1359.3262,June,1981,12
1/31/1982,4,40.9766911,280.32895,June,1982,1
2/28/1982,1,29.515137,215.05872,June,1982,2
3/31/1982,1,26.8938,210.87607,June,1982,3
4/30/1982,1,26.501679,183.44798,June,1982,4
5/31/1982,1,19.2939405,176.3662,June,1982,5
6/30/1982,1,14.9657655,172.48666,June,1982,6
7/31/1982,1,14.513766,169.59467,June,1982,7
8/31/1982,1,18.3516105,204.86911,June,1982,8
9/30/1982,1,20.780295,274.96713,June,1982,9
10/31/1982,1,18.875841,226.45483,June,1982,10
11/30/1982,1,17.2119045,222.15306,June,1982,11
12/31/1982,1,23.495148,207.82904,June,1982,12
1/31/1983,1,25.770108,199.22041,June,1983,1
2/28/1983,1,15.66093,190.38997,June,1983,2
3/31/1983,1,11.2984905,188.93474,June,1983,3
4/30/1983,1,6.8173185,191.8496,June,1983,4
5/31/1983,1,3.604506,169.56769,June,1983,5
6/30/1983,1,6.841881,167.03743,June,1983,6
7/31/1983,1,9.3851505,163.89424,June,1983,7
8/31/1983,1,12.1921695,165.32103,June,1983,8
9/30/1983,1,15.6112995,201.37239,June,1983,9
10/31/1983,1,17.170674,241.5212,June,1983,10
11/30/1983,1,18.056349,233.37988,June,1983,11
12/31/1983,1,25.0805625,219.3795,June,1983,12
1/31/1984,1,22.539,210.35869,June,1984,1
2/29/1984,1,20.4535905,183.62608,June,1984,2
3/31/1984,1,21.39522,201.41672,June,1984,3
4/30/1984,1,25.0138305,209.01678,June,1984,4
5/31/1984,1,24.121401,224.64589,June,1984,5
6/30/1984,1,22.6070235,232.9959,June,1984,6
7/31/1984,1,23.090256,237.4021,June,1984,7
8/31/1984,1,24.572562,447.9011,June,1984,8
9/30/1984,1,67.9796488,1009.91754,June,1984,9
10/31/1984,1,129.8403409,1798.9713,June,1984,10
11/30/1984,1,131.9390325,1585.6865,June,1984,11
12/31/1984,1,164.1050673,779.3132,June,1984,12
1/31/1985,1,43.5684697,283.02322,June,1985,1
2/28/1985,3,25.6017105,303.3873,June,1985,2
3/31/1985,3,30.097536,398.71808,June,1985,3
4/30/1985,3,35.393581,288.30045,June,1985,4
5/31/1985,4,38.2132399,282.3907,June,1985,5
6/30/1985,4,36.6361297,325.36835,June,1985,6
7/31/1985,4,31.10012155,402.0881,June,1985,7
8/31/1985,4,72.3820951,1373.008,June,1985,8
9/30/1985,4,135.1431934,1572.0138,June,1985,9
10/31/1985,4,136.5131058,1698.9034,June,1985,10
11/30/1985,4,159.117268,1717.4915,June,1985,11
12/31/1985,4,162.3277474,1704.7975,June,1985,12
1/31/1986,4,221.7530575,1748.7148,June,1986,1
2/28/1986,3,131.162758,728.0484,June,1986,2
3/31/1986,1,48.80897275,238.6277,June,1986,3
4/30/1986,1,14.867445,189.51523,June,1986,4
5/31/1986,1,17.778912,174.62094,June,1986,5
6/30/1986,1,19.750875,189.27435,June,1986,6
7/31/1986,1,23.3684625,243.39088,June,1986,7
8/31/1986,1,23.2715085,294.7853,June,1986,8
9/30/1986,1,40.79227045,842.94714,June,1986,9
10/31/1986,1,80.8064671,1213.5344,June,1986,10
11/30/1986,1,59.15341825,924.4347,June,1986,11
12/31/1986,1,124.844251,1634.895,June,1986,12
1/31/1987,1,177.134398,1398.0978,June,1987,1
2/28/1987,4,142.7157346,1196.2828,June,1987,2
3/31/1987,4,99.59762005,575.2751,June,1987,3
4/30/1987,4,45.0521455,264.3743,June,1987,4
5/31/1987,4,32.7025255,254.48396,June,1987,5
6/30/1987,4,30.67723,310.85532,June,1987,6
7/31/1987,4,29.6451,487.8334,June,1987,7
8/31/1987,4,50.9549173,1000.2921,June,1987,8
9/30/1987,4,96.8281411,1309.3542,June,1987,9
10/31/1987,4,138.204615,1689.3735,June,1987,10
11/30/1987,4,181.7032786,1780.0983,June,1987,11
12/31/1987,4,171.2944459,1795.9017,June,1987,12
1/31/1988,4,187.6386145,1350.7527,June,1988,1
2/29/1988,4,74.1837055,459.62506,June,1988,2
3/31/1988,5,31.184017,276.16156,June,1988,3
4/30/1988,5,35.53187725,309.16235,June,1988,4
5/31/1988,5,47.0270359,380.43393,June,1988,5
6/30/1988,5,61.1338975,636.081,June,1988,6
7/31/1988,5,103.692292,1086.1829,June,1988,7
8/31/1988,5,114.5224345,1465.3164,June,1988,8
9/30/1988,5,126.3363685,1459.5938,June,1988,9
10/31/1988,5,163.8112294,1683.2019,June,1988,10
11/30/1988,5,204.653676,2089.855,June,1988,11
12/31/1988,5,226.1010916,2242.9534,June,1988,12
1/31/1989,5,220.0086295,1705.3354,June,1989,1
2/28/1989,4,173.668513,1370.5468,June,1989,2
3/31/1989,5,131.4418984,779.5463,June,1989,3
4/30/1989,3,48.42781375,333.73297,June,1989,4
5/31/1989,4,29.535237,239.51787,June,1989,5
6/30/1989,4,28.206624,256.725,June,1989,6
7/31/1989,4,25.3763415,335.2601,June,1989,7
8/31/1989,4,50.03011225,1033.0994,June,1989,8
9/30/1989,4,129.295324,1593.244,June,1989,9
10/31/1989,4,164.500234,1684.7738,June,1989,10
11/30/1989,4,163.8923946,1711.4506,June,1989,11
12/31/1989,4,160.9639084,1741.1754,June,1989,12
1/31/1990,4,196.070368,1785.7605,June,1990,1
2/28/1990,4,153.5054299,1059.1564,June,1990,2
3/31/1990,5,63.701719,418.6127,June,1990,3
4/30/1990,5,40.1798995,368.5259,June,1990,4
5/31/1990,5,48.25432,343.68256,June,1990,5
6/30/1990,5,51.0166084,389.21408,June,1990,6
7/31/1990,5,69.7080712,668.5576,June,1990,7
8/31/1990,5,90.27576025,1050.1879,June,1990,8
9/30/1990,5,112.0536021,1240.5236,June,1990,9
10/31/1990,5,167.6133745,1654.2583,June,1990,10
11/30/1990,5,210.5560345,1980.3258,June,1990,11
12/31/1990,5,225.733681,1877.6086,June,1990,12
1/31/1991,5,226.8966691,1864.1858,June,1991,1
2/28/1991,5,221.670493,1608.0441,June,1991,2
3/31/1991,5,174.1349839,747.548,June,1991,3
4/30/1991,5,66.98374195,335.93787,June,1991,4
5/31/1991,5,50.2816789,253.2728,June,1991,5
6/30/1991,5,45.0554572,376.8329,June,1991,6
7/31/1991,5,67.86396445,859.4037,June,1991,7
8/31/1991,5,156.8326966,1525.7997,June,1991,8
9/30/1991,5,180.9522295,1611.7098,June,1991,9
10/31/1991,5,192.9364425,1560.2695,June,1991,10
11/30/1991,5,205.35772,1964.2286,June,1991,11
12/31/1991,5,224.1985114,1989.978,June,1991,12
1/31/1992,5,226.4226201,1618.2368,June,1992,1
2/29/1992,5,177.7001515,1517.4631,June,1992,2
3/31/1992,5,137.178538,634.4477,June,1992,3
4/30/1992,5,41.316109,246.58098,June,1992,4
5/31/1992,5,37.490041,256.9722,June,1992,5
6/30/1992,5,41.174692,366.3065,June,1992,6
7/31/1992,5,50.882533,398.81583,June,1992,7
8/31/1992,5,40.2171775,586.8442,June,1992,8
9/30/1992,5,72.8938468,1042.9576,June,1992,9
10/31/1992,5,145.709785,1725.8207,June,1992,10
11/30/1992,5,219.9630295,2331.7676,June,1992,11
12/31/1992,5,222.980467,1593.1074,June,1992,12
1/31/1993,5,227.1169941,1607.6422,June,1993,1
2/28/1993,3,109.769632,536.26416,June,1993,2
3/31/1993,2,59.7579745,237.90211,June,1993,3
4/30/1993,2,37.9066711,237.94955,June,1993,4
5/31/1993,2,28.1839005,233.6016,June,1993,5
6/30/1993,2,25.9651515,226.65236,June,1993,6
7/31/1993,2,23.610192,208.71143,June,1993,7
8/31/1993,2,21.1955085,319.74377,June,1993,8
9/30/1993,2,52.2486805,1097.4495,June,1993,9
10/31/1993,2,142.2879211,1852.8978,June,1993,10
11/30/1993,2,111.1636525,1346.978,June,1993,11
12/31/1993,2,177.467278,1828.028,June,1993,12
1/31/1994,2,179.3594899,1365.8773,June,1994,1
2/28/1994,4,99.6400765,924.7619,June,1994,2
3/31/1994,4,83.480662,563.5538,June,1994,3
4/30/1994,4,38.82570205,279.08194,June,1994,4
5/31/1994,5,37.3421545,301.73593,June,1994,5
6/30/1994,5,44.606719,424.0621,June,1994,6
7/31/1994,5,65.1694234,918.50085,June,1994,7
8/31/1994,5,109.1558275,1767.5837,June,1994,8
9/30/1994,5,140.9900596,1809.1663,June,1994,9
10/31/1994,5,182.834455,1874.1578,June,1994,10
11/30/1994,5,211.1448018,2123.2012,June,1994,11
12/31/1994,5,217.533433,2161.981,June,1994,12
1/31/1995,5,219.526951,1669.195,June,1995,1
2/28/1995,1,77.5486492,323.1576,June,1995,2
3/31/1995,2,29.22414,237.68517,June,1995,3
4/30/1995,1,36.5988175,223.43973,June,1995,4
5/31/1995,1,26.2452645,180.11348,June,1995,5
6/30/1995,1,17.7089655,170.5166,June,1995,6
7/31/1995,1,15.664176,164.17581,June,1995,7
8/31/1995,1,14.919456,168.18594,June,1995,8
9/30/1995,1,18.8621505,235.16449,June,1995,9
10/31/1995,1,19.059744,305.07355,June,1995,10
11/30/1995,1,21.683196,467.6618,June,1995,11
12/31/1995,1,78.76218775,1081.1451,June,1995,12
1/31/1996,1,116.4622585,632.1255,June,1996,1
2/29/1996,2,28.800462,226.72032,June,1996,2
3/31/1996,1,32.7879343,222.00256,June,1996,3
4/30/1996,1,30.3830017,218.74501,June,1996,4
5/31/1996,1,26.072781,211.59644,June,1996,5
6/30/1996,1,22.5523995,193.0579,June,1996,6
7/31/1996,1,19.588419,200.59076,June,1996,7
8/31/1996,1,21.5929965,316.65982,June,1996,8
9/30/1996,1,56.2610245,880.77484,June,1996,9
10/31/1996,1,132.2925693,1786.041,June,1996,10
11/30/1996,1,134.9646181,1540.9729,June,1996,11
12/31/1996,1,112.548781,764.67804,June,1996,12
1/31/1997,1,40.226155,234.08723,June,1997,1
2/28/1997,1,10.2262485,183.97067,June,1997,2
3/31/1997,1,17.5631055,172.33054,June,1997,3
4/30/1997,1,23.1206355,204.46947,June,1997,4
5/31/1997,1,26.3937405,262.35535,June,1997,5
6/30/1997,1,25.859523,270.82336,June,1997,6
7/31/1997,1,26.735619,253.78519,June,1997,7
8/31/1997,1,25.095225,372.28915,June,1997,8
9/30/1997,1,52.8173239,898.5631,June,1997,9
10/31/1997,1,124.6281498,1785.7988,June,1997,10
11/30/1997,1,136.036771,1670.427,June,1997,11
12/31/1997,1,142.547254,1624.1844,June,1997,12
1/31/1998,1,206.6159209,1320.6179,June,1998,1
2/28/1998,1,62.68578805,324.66998,June,1998,2
3/31/1998,1,42.0427735,215.79796,June,1998,3
4/30/1998,1,23.6078565,189.82314,June,1998,4
5/31/1998,1,19.5747165,176.27972,June,1998,5
6/30/1998,1,17.182752,165.56818,June,1998,6
7/31/1998,1,14.954823,169.7036,June,1998,7
8/31/1998,1,14.713509,169.32301,June,1998,8
9/30/1998,1,17.038944,224.90471,June,1998,9
10/31/1998,1,18.158418,241.38876,June,1998,10
11/30/1998,1,15.505632,236.83876,June,1998,11
12/31/1998,1,20.2141275,236.3469,June,1998,12
1/31/1999,1,22.828809,214.36647,June,1999,1
2/28/1999,2,24.687075,216.44846,June,1999,2
3/31/1999,1,28.284027,217.02893,June,1999,3
4/30/1999,1,27.578805,221.35223,June,1999,4
5/31/1999,1,27.76671,224.39958,June,1999,5
6/30/1999,1,24.4866525,227.03561,June,1999,6
7/31/1999,1,22.2158775,210.6945,June,1999,7
8/31/1999,1,22.43364,340.9907,June,1999,8
9/30/1999,1,55.8842146,915.031,June,1999,9
10/31/1999,1,126.3752425,1687.2264,June,1999,10
11/30/1999,1,144.797386,1653.8586,June,1999,11
12/31/1999,1,186.4437235,1792.7383,June,1999,12
1/31/2000,1,181.113967,1440.6849,June,2000,1
2/29/2000,2,100.269784,519.8141,June,2000,2
3/31/2000,2,36.5553037,231.17984,June,2000,3
4/30/2000,2,29.5867545,221.7509,June,2000,4
5/31/2000,2,27.676707,219.20274,June,2000,5
6/30/2000,2,24.615567,238.0266,June,2000,6
7/31/2000,2,23.7401025,231.36386,June,2000,7
8/31/2000,2,24.269517,435.93854,June,2000,8
9/30/2000,2,50.9574652,964.8023,June,2000,9
10/31/2000,2,140.4647134,1661.94,June,2000,10
11/30/2000,2,152.1538915,1804.4543,June,2000,11
12/31/2000,2,150.9572164,1746.3652,June,2000,12
1/31/2001,2,184.1432434,1533.5437,June,2001,1
2/28/2001,4,127.8350695,1081.1514,June,2001,2
3/31/2001,4,69.370198,386.83002,June,2001,3
4/30/2001,4,30.8556514,244.2467,June,2001,4
5/31/2001,4,32.992285,245.54362,June,2001,5
6/30/2001,4,28.718664,300.48746,June,2001,6
7/31/2001,4,29.2438425,418.63553,June,2001,7
8/31/2001,4,54.56272375,1048.3478,June,2001,8
9/30/2001,4,113.7463111,1491.5336,June,2001,9
10/31/2001,4,154.9912774,1801.7079,June,2001,10
11/30/2001,4,159.466393,1572.0786,June,2001,11
12/31/2001,4,158.1147235,1718.5697,June,2001,12
1/31/2002,4,111.1399291,651.41626,June,2002,1
2/28/2002,3,26.424147,226.47627,June,2002,2
3/31/2002,3,26.749242,233.6199,June,2002,3
4/30/2002,3,25.3331295,244.60297,June,2002,4
5/31/2002,4,28.4091795,255.64479,June,2002,5
6/30/2002,4,30.48598075,300.2452,June,2002,6
7/31/2002,4,29.930187,390.381,June,2002,7
8/31/2002,4,65.62621,1224.9672,June,2002,8
9/30/2002,4,121.7210928,1449.3693,June,2002,9
10/31/2002,4,140.6123463,1710.2695,June,2002,10
11/30/2002,4,155.847235,1612.4108,June,2002,11
12/31/2002,4,151.544875,1722.1953,June,2002,12
1/31/2003,4,104.251177,658.86053,June,2003,1
2/28/2003,2,27.980433,215.01717,June,2003,2
3/31/2003,3,25.300422,231.29338,June,2003,3
4/30/2003,3,25.4830215,244.74602,June,2003,4
5/31/2003,2,27.989235,236.02553,June,2003,5
6/30/2003,2,25.1808945,219.29976,June,2003,6
7/31/2003,2,21.648495,225.58511,June,2003,7
8/31/2003,2,22.58766,445.109,June,2003,8
9/30/2003,2,62.02091725,1012.74634,June,2003,9
10/31/2003,2,141.4024375,1792.7656,June,2003,10
11/30/2003,2,134.3000095,1660.4639,June,2003,11
12/31/2003,2,185.005243,1733.1566,June,2003,12
1/31/2004,2,130.5572584,671.65826,June,2004,1
2/29/2004,3,28.95654,252.6154,June,2004,2
3/31/2004,2,28.359027,236.70998,June,2004,3
4/30/2004,3,26.615547,236.1426,June,2004,4
5/31/2004,3,28.545282,242.94594,June,2004,5
6/30/2004,3,29.756154,276.09415,June,2004,6
7/31/2004,3,29.0170755,375.81992,June,2004,7
8/31/2004,3,39.1382017,755.8978,June,2004,8
9/30/2004,3,80.212282,1301.9663,June,2004,9
10/31/2004,3,163.481758,1671.7743,June,2004,10
11/30/2004,3,149.413588,1655.5406,June,2004,11
12/31/2004,3,150.6567865,1700.2098,June,2004,12
1/31/2005,3,155.7373846,908.3157,June,2005,1
2/28/2005,3,52.8802519,311.14822,June,2005,2
3/31/2005,3,42.6766819,241.61606,June,2005,3
4/30/2005,3,40.05074605,231.208,June,2005,4
5/31/2005,3,27.302235,231.26283,June,2005,5
6/30/2005,3,21.45261,211.58731,June,2005,6
7/31/2005,3,17.6720625,192.88187,June,2005,7
8/31/2005,3,20.3982855,247.63814,June,2005,8
9/30/2005,3,50.2923265,747.2337,June,2005,9
10/31/2005,3,94.34013955,1292.0552,June,2005,10
11/30/2005,3,75.014167,1074.2736,June,2005,11
12/31/2005,3,127.8154729,1582.1367,June,2005,12
1/31/2006,3,65.1330688,400.9517,June,2006,1
2/28/2006,1,21.7233855,209.72916,June,2006,2
3/31/2006,1,25.031841,205.39871,June,2006,3
4/30/2006,1,29.2172475,198.72368,June,2006,4
5/31/2006,1,17.638476,181.33849,June,2006,5
6/30/2006,1,14.2579005,171.54387,June,2006,6
7/31/2006,1,15.690294,167.47575,June,2006,7
8/31/2006,1,22.7293485,215.36151,June,2006,8
9/30/2006,1,23.475849,386.61057,June,2006,9
10/31/2006,1,26.905797,526.98755,June,2006,10
11/30/2006,1,42.9907918,814.2343,June,2006,11
12/31/2006,1,108.1486461,1555.6161,June,2006,12
1/31/2007,1,162.3427555,1379.5675,June,2007,1
2/28/2007,3,114.2337723,741.18695,June,2007,2
3/31/2007,3,72.15481045,430.83978,June,2007,3
4/30/2007,4,37.1968843,239.84532,June,2007,4
5/31/2007,4,31.8729817,263.88483,June,2007,5
6/30/2007,4,33.0320026,326.4817,June,2007,6
7/31/2007,4,32.804356,431.81125,June,2007,7
8/31/2007,4,68.96503345,1429.5992,June,2007,8
9/30/2007,4,141.7062646,1587.5094,June,2007,9
10/31/2007,4,142.899078,1720.4602,June,2007,10
11/30/2007,4,148.512817,1694.5437,June,2007,11
12/31/2007,4,165.8711695,1724.8264,June,2007,12
1/31/2008,4,201.1675731,1518.3727,June,2008,1
2/29/2008,3,129.62695,539.8793,June,2008,2
3/31/2008,4,40.14947005,247.69324,June,2008,3
4/30/2008,4,32.8824232,240.98964,June,2008,4
5/31/2008,5,30.7981555,267.04236,June,2008,5
6/30/2008,5,35.4507121,370.8168,June,2008,6
7/31/2008,5,42.57471175,519.1252,June,2008,7
8/31/2008,5,52.4205868,901.24805,June,2008,8
9/30/2008,5,104.555463,1398.4159,June,2008,9
10/31/2008,5,178.5578419,1981.2281,June,2008,10
11/30/2008,5,221.739178,2098.8977,June,2008,11
12/31/2008,5,216.57247,2185.2932,June,2008,12
1/31/2009,5,221.277877,1724.5392,June,2009,1
2/28/2009,5,183.64357,1426.5774,June,2009,2
3/31/2009,4,114.724813,564.88654,June,2009,3
4/30/2009,4,37.6259404,249.27864,June,2009,4
5/31/2009,4,28.955145,243.35898,June,2009,5
6/30/2009,4,28.598955,264.1798,June,2009,6
7/31/2009,4,27.035568,297.44058,June,2009,7
8/31/2009,4,24.619602,408.44003,June,2009,8
9/30/2009,4,46.6944694,808.15186,June,2009,9
10/31/2009,4,114.137941,1649.7721,June,2009,10
11/30/2009,4,171.937158,1671.3037,June,2009,11
12/31/2009,4,125.7675741,1526.5966,June,2009,12
1/31/2010,4,205.6453135,1778.9288,June,2010,1
2/28/2010,3,123.045864,590.17566,June,2010,2
3/31/2010,4,40.36508395,247.09248,June,2010,3
4/30/2010,4,28.002186,241.31267,June,2010,4
5/31/2010,3,28.232163,236.72398,June,2010,5
6/30/2010,3,28.17837,225.45709,June,2010,6
7/31/2010,3,25.4216325,217.73018,June,2010,7
8/31/2010,3,24.116775,408.60535,June,2010,8
9/30/2010,3,80.1396298,1342.7428,June,2010,9
10/31/2010,3,137.494033,1686.8059,June,2010,10
11/30/2010,3,90.08450245,897.33606,June,2010,11
12/31/2010,3,65.0645491,736.16223,June,2010,12
1/31/2011,3,52.63920745,345.57285,June,2011,1
2/28/2011,2,27.901035,202.57819,June,2011,2
3/31/2011,2,30.607462,217.43628,June,2011,3
4/30/2011,1,23.4492285,223.58972,June,2011,4
5/31/2011,1,19.312461,197.08998,June,2011,5
6/30/2011,1,17.294412,187.92429,June,2011,6
7/31/2011,1,17.5490175,178.53639,June,2011,7
8/31/2011,1,16.107882,185.07088,June,2011,8
9/30/2011,1,18.3131445,234.63376,June,2011,9
10/31/2011,1,19.092375,266.23157,June,2011,10
11/30/2011,1,18.694974,293.59833,June,2011,11
12/31/2011,1,28.5827505,656.54004,June,2011,12
1/31/2012,1,149.9644075,1382.4106,June,2012,1
2/29/2012,4,165.6020298,1274.7806,June,2012,2
3/31/2012,4,85.84255105,592.3247,June,2012,3
4/30/2012,3,43.2480898,307.05453,June,2012,4
5/31/2012,3,27.7632975,231.63539,June,2012,5
6/30/2012,3,27.444324,235.50424,June,2012,6
7/31/2012,3,25.417239,335.3743,June,2012,7
8/31/2012,3,31.55054695,738.32306,June,2012,8
9/30/2012,3,69.3512455,1170.8655,June,2012,9
10/31/2012,3,154.385242,1679.6462,June,2012,10
11/30/2012,3,154.2212701,1677.1512,June,2012,11
12/31/2012,3,167.0957746,1750.5316,June,2012,12
1/31/2013,3,90.31246255,502.0152,June,2013,1
2/28/2013,2,22.8672495,229.4802,June,2013,2
3/31/2013,3,26.83344,250.2102,June,2013,3
4/30/2013,4,25.3828005,259.00232,June,2013,4
5/31/2013,4,29.9047575,289.93106,June,2013,5
6/30/2013,4,34.0857445,328.3843,June,2013,6
7/31/2013,4,32.1287407,374.81528,June,2013,7
8/31/2013,4,57.741514,1152.9501,June,2013,8
9/30/2013,4,120.9564948,1365.6566,June,2013,9
10/31/2013,4,166.894918,1773.0536,June,2013,10
11/30/2013,4,154.505854,1330.8099,June,2013,11
12/31/2013,4,167.2189146,1794.9319,June,2013,12
1/31/2014,4,215.5320205,1790.7343,June,2014,1
2/28/2014,5,172.6223065,1387.0668,June,2014,2
3/31/2014,5,129.699283,891.58856,June,2014,3
4/30/2014,5,51.268708,337.78708,June,2014,4
5/31/2014,5,36.8217958,272.0539,June,2014,5
6/30/2014,5,45.74262355,481.9162,June,2014,6
7/31/2014,5,90.782818,1052.5228,June,2014,7
8/31/2014,5,160.6204435,1475.846,June,2014,8
9/30/2014,5,175.7650186,1381.8969,June,2014,9
10/31/2014,5,166.063231,1519.1816,June,2014,10
11/30/2014,5,210.0577405,1895.628,June,2014,11
12/31/2014,5,225.1764205,1768.0492,June,2014,12
1/31/2015,5,97.163854,595.9389,June,2015,1
2/28/2015,5,28.034724,289.64212,June,2015,2
3/31/2015,5,31.90393555,380.4352,June,2015,3
4/30/2015,5,46.85251045,269.26578,June,2015,4
5/31/2015,5,46.76885155,318.46597,June,2015,5
6/30/2015,5,56.65762195,439.99994,June,2015,6
7/31/2015,5,59.8003369,436.22638,June,2015,7
8/31/2015,5,46.68584245,585.69055,June,2015,8
9/30/2015,5,73.36204195,968.6454,June,2015,9
10/31/2015,5,136.3599753,1715.4242,June,2015,10
11/30/2015,5,211.919104,2191.5808,June,2015,11
12/31/2015,5,221.489461,1522.3538,June,2015,12
1/31/2016,5,214.244077,2277.3762,June,2016,1
2/29/2016,3,208.812034,724.4914,June,2016,2
3/31/2016,4,54.1668559,245.28667,June,2016,3
4/30/2016,3,27.374895,245.8503,June,2016,4
5/31/2016,3,27.4190325,240.07542,June,2016,5
6/30/2016,3,28.139118,247.17885,June,2016,6
7/31/2016,3,25.347981,377.6374,June,2016,7
8/31/2016,3,38.446957,761.5983,June,2016,8
9/30/2016,3,73.230808,1142.5178,June,2016,9
10/31/2016,3,168.018408,1774.4274,June,2016,10
11/30/2016,3,181.8550525,1700.3776,June,2016,11
12/31/2016,3,164.0457445,1811.3192,June,2016,12
1/31/2017,3,114.7813855,640.89813,June,2017,1
2/28/2017,1,38.6036785,226.13315,June,2017,2
3/31/2017,1,20.8876875,201.0795,June,2017,3
4/30/2017,1,20.1530685,172.00851,June,2017,4
5/31/2017,1,16.217292,174.1352,June,2017,5
6/30/2017,1,14.6630745,176.27766,June,2017,6
7/31/2017,1,14.9761755,169.34842,June,2017,7
8/31/2017,1,20.245404,213.55669,June,2017,8
9/30/2017,1,28.7229675,400.62805,June,2017,9
10/31/2017,1,34.0389931,570.60846,June,2017,10
11/30/2017,1,38.3669518,824.3155,June,2017,11
12/31/2017,1,61.3626385,732.46454,June,2017,12
1/31/2018,1,70.29916405,859.72687,June,2018,1
2/28/2018,3,130.6579746,886.8125,June,2018,2
3/31/2018,3,44.87520325,303.54108,June,2018,3
4/30/2018,3,35.18970625,253.03864,June,2018,4
5/31/2018,3,29.343324,230.72624,June,2018,5
6/30/2018,3,26.4252825,225.40355,June,2018,6
7/31/2018,3,24.88842,323.6274,June,2018,7
8/31/2018,3,34.24381975,726.3324,June,2018,8
9/30/2018,3,61.892596,1080.6484,June,2018,9
10/31/2018,3,151.19805,1680.2183,June,2018,10
11/30/2018,3,155.741785,1702.7266,June,2018,11
12/31/2018,3,170.8845333,1732.7615,June,2018,12
1/31/2019,3,218.6139963,1546.2701,June,2019,1
2/28/2019,3,103.4039119,519.30835,June,2019,2
3/31/2019,2,38.69415175,236.71184,June,2019,3
4/30/2019,1,28.428405,221.3845,June,2019,4
5/31/2019,1,23.838054,193.61513,June,2019,5
6/30/2019,1,20.108847,191.88318,June,2019,6
7/31/2019,1,17.6978895,172.43196,June,2019,7
8/31/2019,1,18.818181,204.03726,June,2019,8
9/30/2019,1,28.8333945,464.19818,June,2019,9
10/31/2019,1,57.49315075,808.1833,June,2019,10
11/30/2019,1,56.89075195,1015.7033,June,2019,11
12/31/2019,1,120.3936454,1776.9929,June,2019,12
1/31/2020,1,152.1208714,942.5571,June,2020,1
2/29/2020,3,44.4722731,499.1937,June,2020,2
3/31/2020,4,49.91359,525.1094,June,2020,3
4/30/2020,4,45.6342352,401.8625,June,2020,4
5/31/2020,4,48.37571575,321.4076,June,2020,5
6/30/2020,4,40.7817055,319.81723,June,2020,6
7/31/2020,4,32.1593212,397.8131,June,2020,7
8/31/2020,4,58.2121801,1134.0475,June,2020,8
9/30/2020,4,124.9306915,1566.0154,June,2020,9
10/31/2020,4,149.1557884,1757.6389,June,2020,10
11/30/2020,4,173.867386,1754.3684,June,2020,11
12/31/2020,4,175.2330946,1790.3198,June,2020,12
1/31/2021,4,197.800318,1630.6885,June,2021,1
2/28/2021,5,180.5459535,1144.7673,June,2021,2
3/31/2021,5,103.5119155,717.58124,June,2021,3
4/30/2021,5,82.7967361,624.6505,June,2021,4
5/31/2021,5,77.56883575,723.6766,June,2021,5
6/30/2021,5,104.9309163,1122.8972,June,2021,6
7/31/2021,5,154.9854321,1449.3583,June,2021,7
8/31/2021,5,136.691929,1378.8741,June,2021,8
9/30/2021,5,156.8021845,1512.692,June,2021,9
11/30/1920,NA,NA,NA,MaxDS_Even,1920,11
12/31/1920,NA,NA,NA,MaxDS_Even,1920,12
1/31/1921,NA,NA,NA,MaxDS_Even,1921,1
2/28/1921,NA,NA,NA,MaxDS_Even,1921,2
3/31/1921,5,NA,NA,MaxDS_Even,1921,3
4/30/1921,5,NA,NA,MaxDS_Even,1921,4
5/31/1921,2,NA,NA,MaxDS_Even,1921,5
6/30/1921,2,NA,NA,MaxDS_Even,1921,6
7/31/1921,2,NA,NA,MaxDS_Even,1921,7
8/31/1921,2,NA,NA,MaxDS_Even,1921,8
9/30/1921,2,NA,NA,MaxDS_Even,1921,9
10/31/1921,2,NA,NA,MaxDS_Even,1921,10
11/30/1921,2,30.68037925,219.66287,MaxDS_Even,1921,11
12/31/1921,2,20.303715,472.31808,MaxDS_Even,1921,12
1/31/1922,2,145.7614555,1111.218,MaxDS_Even,1922,1
2/28/1922,3,70.56539395,471.16837,MaxDS_Even,1922,2
3/31/1922,3,61.92748,273.3627,MaxDS_Even,1922,3
4/30/1922,2,39.048364,239.116,MaxDS_Even,1922,4
5/31/1922,2,28.7304705,232.3611,MaxDS_Even,1922,5
6/30/1922,2,21.884463,214.65912,MaxDS_Even,1922,6
7/31/1922,2,18.8650995,202.4788,MaxDS_Even,1922,7
8/31/1922,2,19.8827865,229.64952,MaxDS_Even,1922,8
9/30/1922,2,20.364189,319.04675,MaxDS_Even,1922,9
10/31/1922,2,19.202403,272.32022,MaxDS_Even,1922,10
11/30/1922,2,19.38705,229.8157,MaxDS_Even,1922,11
12/31/1922,2,18.7309365,271.54626,MaxDS_Even,1922,12
1/31/1923,2,30.3558241,375.06586,MaxDS_Even,1923,1
2/28/1923,2,30.4055281,233.74664,MaxDS_Even,1923,2
3/31/1923,3,32.10830905,235.53444,MaxDS_Even,1923,3
4/30/1923,4,30.9287197,245.8439,MaxDS_Even,1923,4
5/31/1923,3,32.69524375,242.97661,MaxDS_Even,1923,5
6/30/1923,3,28.25754,223.54991,MaxDS_Even,1923,6
7/31/1923,3,27.5455125,268.14325,MaxDS_Even,1923,7
8/31/1923,3,28.2074475,647.26636,MaxDS_Even,1923,8
9/30/1923,3,57.750235,832.91077,MaxDS_Even,1923,9
10/31/1923,3,119.3818099,1698.0309,MaxDS_Even,1923,10
11/30/1923,3,166.165603,1586.7789,MaxDS_Even,1923,11
12/31/1923,3,150.6901315,1789.1425,MaxDS_Even,1923,12
1/31/1924,3,189.3776988,1655.7878,MaxDS_Even,1924,1
2/29/1924,5,166.954426,1471.2668,MaxDS_Even,1924,2
3/31/1924,5,115.1919423,818.8285,MaxDS_Even,1924,3
4/30/1924,5,84.5655829,419.6041,MaxDS_Even,1924,4
5/31/1924,5,71.3193187,589.4944,MaxDS_Even,1924,5
6/30/1924,5,87.39132655,1046.9283,MaxDS_Even,1924,6
7/31/1924,5,159.8051725,1346.7559,MaxDS_Even,1924,7
8/31/1924,5,157.9361995,1288.7238,MaxDS_Even,1924,8
9/30/1924,5,152.4602836,1346.3392,MaxDS_Even,1924,9
10/31/1924,5,163.609666,1423.1112,MaxDS_Even,1924,10
11/30/1924,5,188.4524035,2167.3308,MaxDS_Even,1924,11
12/31/1924,5,222.1238995,2308.0342,MaxDS_Even,1924,12
1/31/1925,5,208.4827536,1560.225,MaxDS_Even,1925,1
2/28/1925,5,122.2239895,1003.01434,MaxDS_Even,1925,2
3/31/1925,4,66.125758,435.70016,MaxDS_Even,1925,3
4/30/1925,4,28.3841445,245.71783,MaxDS_Even,1925,4
5/31/1925,4,29.356554,246.0194,MaxDS_Even,1925,5
6/30/1925,4,29.21028,235.7693,MaxDS_Even,1925,6
7/31/1925,4,26.1999435,259.25208,MaxDS_Even,1925,7
8/31/1925,4,30.03981,626.30554,MaxDS_Even,1925,8
9/30/1925,4,75.2584975,1067.4584,MaxDS_Even,1925,9
10/31/1925,4,138.2172946,1762.0349,MaxDS_Even,1925,10
11/30/1925,4,173.601481,1649.7195,MaxDS_Even,1925,11
12/31/1925,4,166.5357895,1749.4044,MaxDS_Even,1925,12
1/31/1926,4,202.0735795,1603.4178,MaxDS_Even,1926,1
2/28/1926,5,141.20308,1015.66766,MaxDS_Even,1926,2
3/31/1926,4,61.642252,325.8123,MaxDS_Even,1926,3
4/30/1926,5,51.6196342,244.2506,MaxDS_Even,1926,4
5/31/1926,4,40.5364858,246.22293,MaxDS_Even,1926,5
6/30/1926,4,29.17998,254.46106,MaxDS_Even,1926,6
7/31/1926,4,27.3538875,376.42624,MaxDS_Even,1926,7
8/31/1926,4,36.68617,684.8991,MaxDS_Even,1926,8
9/30/1926,4,78.9911425,1077.1434,MaxDS_Even,1926,9
10/31/1926,4,130.3635325,1706.8712,MaxDS_Even,1926,10
11/30/1926,4,179.2391515,1825.7196,MaxDS_Even,1926,11
12/31/1926,4,147.4159546,1284.5757,MaxDS_Even,1926,12
1/31/1927,4,115.0211845,910.41956,MaxDS_Even,1927,1
2/28/1927,3,78.98215645,608.1002,MaxDS_Even,1927,2
3/31/1927,1,26.459313,240.17581,MaxDS_Even,1927,3
4/30/1927,1,24.357447,233.72055,MaxDS_Even,1927,4
5/31/1927,1,29.6772075,221.51956,MaxDS_Even,1927,5
6/30/1927,1,25.0173735,214.01756,MaxDS_Even,1927,6
7/31/1927,1,21.436071,196.3676,MaxDS_Even,1927,7
8/31/1927,1,18.065481,240.29832,MaxDS_Even,1927,8
9/30/1927,1,19.21677,267.97546,MaxDS_Even,1927,9
10/31/1927,1,18.951327,271.36185,MaxDS_Even,1927,10
11/30/1927,1,19.5231105,225.4114,MaxDS_Even,1927,11
12/31/1927,1,19.6337745,293.26923,MaxDS_Even,1927,12
1/31/1928,1,126.4414053,1127.399,MaxDS_Even,1928,1
2/29/1928,3,155.1712806,945.40234,MaxDS_Even,1928,2
3/31/1928,3,47.52949945,295.68048,MaxDS_Even,1928,3
4/30/1928,2,26.1887445,239.72789,MaxDS_Even,1928,4
5/31/1928,2,28.073076,227.808,MaxDS_Even,1928,5
6/30/1928,2,27.1740195,239.7802,MaxDS_Even,1928,6
7/31/1928,2,25.650282,231.03976,MaxDS_Even,1928,7
8/31/1928,2,16.9798005,260.24084,MaxDS_Even,1928,8
9/30/1928,2,19.708785,319.74597,MaxDS_Even,1928,9
10/31/1928,2,22.598985,289.26852,MaxDS_Even,1928,10
11/30/1928,2,20.547384,261.1112,MaxDS_Even,1928,11
12/31/1928,2,21.111573,368.6405,MaxDS_Even,1928,12
1/31/1929,2,120.4969009,1099.1216,MaxDS_Even,1929,1
2/28/1929,4,174.9056524,1310.4862,MaxDS_Even,1929,2
3/31/1929,5,83.946808,547.82666,MaxDS_Even,1929,3
4/30/1929,5,47.1584038,335.35333,MaxDS_Even,1929,4
5/31/1929,5,56.9161996,368.663,MaxDS_Even,1929,5
6/30/1929,5,60.470275,604.791,MaxDS_Even,1929,6
7/31/1929,5,121.4833315,1314.1321,MaxDS_Even,1929,7
8/31/1929,5,216.1851835,1861.2888,MaxDS_Even,1929,8
9/30/1929,5,214.8427908,1774.1633,MaxDS_Even,1929,9
10/31/1929,5,201.788323,1674.525,MaxDS_Even,1929,10
11/30/1929,5,215.372335,1884.7983,MaxDS_Even,1929,11
12/31/1929,5,221.172256,2012.4315,MaxDS_Even,1929,12
1/31/1930,5,180.885625,1273.2745,MaxDS_Even,1930,1
2/28/1930,4,80.8825279,499.20065,MaxDS_Even,1930,2
3/31/1930,4,38.3532091,272.40918,MaxDS_Even,1930,3
4/30/1930,4,27.7120875,243.11082,MaxDS_Even,1930,4
5/31/1930,4,31.0469263,247.40332,MaxDS_Even,1930,5
6/30/1930,4,45.73174225,295.46954,MaxDS_Even,1930,6
7/31/1930,4,31.3873075,366.87323,MaxDS_Even,1930,7
8/31/1930,4,34.48302595,573.1886,MaxDS_Even,1930,8
9/30/1930,4,60.269008,902.4568,MaxDS_Even,1930,9
10/31/1930,4,119.2154611,1578.0907,MaxDS_Even,1930,10
11/30/1930,4,179.8137258,1889.7996,MaxDS_Even,1930,11
12/31/1930,4,210.1927023,1958.9929,MaxDS_Even,1930,12
1/31/1931,4,200.7306025,1696.8019,MaxDS_Even,1931,1
2/28/1931,5,182.8005571,917.1009,MaxDS_Even,1931,2
3/31/1931,5,74.19802105,511.46777,MaxDS_Even,1931,3
4/30/1931,5,69.4123381,559.37463,MaxDS_Even,1931,4
5/31/1931,5,78.5744725,860.81146,MaxDS_Even,1931,5
6/30/1931,5,107.647237,1274.4194,MaxDS_Even,1931,6
7/31/1931,5,150.2540815,1524.1793,MaxDS_Even,1931,7
8/31/1931,5,156.37707,1655.6501,MaxDS_Even,1931,8
9/30/1931,5,174.6707725,1821.9539,MaxDS_Even,1931,9
10/31/1931,5,211.471597,1770.6266,MaxDS_Even,1931,10
11/30/1931,5,233.443729,1993.1615,MaxDS_Even,1931,11
12/31/1931,5,229.1641405,1976.4438,MaxDS_Even,1931,12
1/31/1932,5,184.6200741,1082.0908,MaxDS_Even,1932,1
2/29/1932,4,57.829123,397.73904,MaxDS_Even,1932,2
3/31/1932,5,42.5145682,282.90292,MaxDS_Even,1932,3
4/30/1932,5,34.02881575,255.1628,MaxDS_Even,1932,4
5/31/1932,5,66.093097,291.396,MaxDS_Even,1932,5
6/30/1932,5,39.59708305,264.91736,MaxDS_Even,1932,6
7/31/1932,5,29.6682405,399.3187,MaxDS_Even,1932,7
8/31/1932,5,57.455032,937.16675,MaxDS_Even,1932,8
9/30/1932,5,124.0728301,1310.1537,MaxDS_Even,1932,9
10/31/1932,5,174.0587065,1646.4539,MaxDS_Even,1932,10
11/30/1932,5,192.923626,2008.44,MaxDS_Even,1932,11
12/31/1932,5,210.507841,2273.0093,MaxDS_Even,1932,12
1/31/1933,5,222.0052084,1664.0597,MaxDS_Even,1933,1
2/28/1933,5,160.0402975,1138.3682,MaxDS_Even,1933,2
3/31/1933,5,128.758498,823.036,MaxDS_Even,1933,3
4/30/1933,5,98.7937804,561.37756,MaxDS_Even,1933,4
5/31/1933,5,82.9711675,589.9054,MaxDS_Even,1933,5
6/30/1933,5,86.5454095,805.3432,MaxDS_Even,1933,6
7/31/1933,5,126.3250825,1338.436,MaxDS_Even,1933,7
8/31/1933,5,177.1918825,1665.1343,MaxDS_Even,1933,8
9/30/1933,5,166.9371265,1630.5637,MaxDS_Even,1933,9
10/31/1933,5,187.880836,1562.3444,MaxDS_Even,1933,10
11/30/1933,5,194.101588,1951.1042,MaxDS_Even,1933,11
12/31/1933,5,225.1561285,2161.186,MaxDS_Even,1933,12
1/31/1934,5,198.979212,1463.8162,MaxDS_Even,1934,1
2/28/1934,5,103.8626194,792.6616,MaxDS_Even,1934,2
3/31/1934,5,63.253585,412.93204,MaxDS_Even,1934,3
4/30/1934,5,35.1130555,338.1402,MaxDS_Even,1934,4
5/31/1934,5,54.0214774,456.55304,MaxDS_Even,1934,5
6/30/1934,5,70.0633807,945.34357,MaxDS_Even,1934,6
7/31/1934,5,152.8828275,1777.4208,MaxDS_Even,1934,7
8/31/1934,5,203.030467,1951.5195,MaxDS_Even,1934,8
9/30/1934,5,180.0060295,1698.7488,MaxDS_Even,1934,9
10/31/1934,5,201.098794,1725.32,MaxDS_Even,1934,10
11/30/1934,5,221.7779751,2088.9001,MaxDS_Even,1934,11
12/31/1934,5,229.6571335,1861.748,MaxDS_Even,1934,12
1/31/1935,5,193.4588674,1714.2428,MaxDS_Even,1935,1
2/28/1935,4,136.3991485,675.54816,MaxDS_Even,1935,2
3/31/1935,4,40.7671705,253.49043,MaxDS_Even,1935,3
4/30/1935,4,29.0851455,256.90805,MaxDS_Even,1935,4
5/31/1935,3,28.1977575,238.51308,MaxDS_Even,1935,5
6/30/1935,3,29.0002395,227.19295,MaxDS_Even,1935,6
7/31/1935,3,24.3476055,258.94156,MaxDS_Even,1935,7
8/31/1935,3,23.010084,500.9024,MaxDS_Even,1935,8
9/30/1935,3,62.8176775,1013.3211,MaxDS_Even,1935,9
10/31/1935,3,141.529918,1753.4103,MaxDS_Even,1935,10
11/30/1935,3,175.74394,1381.3634,MaxDS_Even,1935,11
12/31/1935,3,139.0490785,1758.4609,MaxDS_Even,1935,12
1/31/1936,3,196.5515449,1636.9592,MaxDS_Even,1936,1
2/29/1936,3,89.98164595,472.99414,MaxDS_Even,1936,2
3/31/1936,2,45.1197589,236.19873,MaxDS_Even,1936,3
4/30/1936,3,36.09862255,234.24538,MaxDS_Even,1936,4
5/31/1936,3,32.12673145,220.4519,MaxDS_Even,1936,5
6/30/1936,3,25.2020595,234.77153,MaxDS_Even,1936,6
7/31/1936,3,26.040594,281.69168,MaxDS_Even,1936,7
8/31/1936,3,30.8307253,728.90686,MaxDS_Even,1936,8
9/30/1936,3,87.59971,1300.9092,MaxDS_Even,1936,9
10/31/1936,3,128.165071,1781.8762,MaxDS_Even,1936,10
11/30/1936,3,117.8634525,1204.1425,MaxDS_Even,1936,11
12/31/1936,3,112.883676,1470.135,MaxDS_Even,1936,12
1/31/1937,3,197.9151046,1733.9039,MaxDS_Even,1937,1
2/28/1937,4,162.8319438,1192.4927,MaxDS_Even,1937,2
3/31/1937,4,100.788142,421.6334,MaxDS_Even,1937,3
4/30/1937,3,58.1176285,243.05547,MaxDS_Even,1937,4
5/31/1937,3,30.923698,227.093,MaxDS_Even,1937,5
6/30/1937,3,25.256967,230.75592,MaxDS_Even,1937,6
7/31/1937,3,25.0161525,275.89322,MaxDS_Even,1937,7
8/31/1937,3,26.845917,585.1695,MaxDS_Even,1937,8
9/30/1937,3,78.0299002,1182.6709,MaxDS_Even,1937,9
10/31/1937,3,143.6498905,1715.9869,MaxDS_Even,1937,10
11/30/1937,3,152.3671855,1687.3618,MaxDS_Even,1937,11
12/31/1937,3,163.4596705,1540.9485,MaxDS_Even,1937,12
1/31/1938,3,71.3782225,462.9287,MaxDS_Even,1938,1
2/28/1938,2,27.1699305,224.36742,MaxDS_Even,1938,2
3/31/1938,1,26.261052,212.05202,MaxDS_Even,1938,3
4/30/1938,1,16.0905765,196.24574,MaxDS_Even,1938,4
5/31/1938,1,15.411951,172.53589,MaxDS_Even,1938,5
6/30/1938,1,13.2221325,168.74359,MaxDS_Even,1938,6
7/31/1938,1,13.3920795,169.96751,MaxDS_Even,1938,7
8/31/1938,1,15.7727505,172.5618,MaxDS_Even,1938,8
9/30/1938,1,16.9879005,239.2066,MaxDS_Even,1938,9
10/31/1938,1,17.4705555,249.89822,MaxDS_Even,1938,10
11/30/1938,1,23.173119,238.55833,MaxDS_Even,1938,11
12/31/1938,1,19.514616,399.3552,MaxDS_Even,1938,12
1/31/1939,1,186.351241,1558.4417,MaxDS_Even,1939,1
2/28/1939,4,209.65153,1546.7336,MaxDS_Even,1939,2
3/31/1939,4,136.1294046,710.26917,MaxDS_Even,1939,3
4/30/1939,4,81.2959717,393.63477,MaxDS_Even,1939,4
5/31/1939,4,48.4659325,338.20883,MaxDS_Even,1939,5
6/30/1939,4,39.4296997,314.0663,MaxDS_Even,1939,6
7/31/1939,4,42.3935686,461.28146,MaxDS_Even,1939,7
8/31/1939,4,53.687047,773.99097,MaxDS_Even,1939,8
9/30/1939,4,79.7671234,1075.9049,MaxDS_Even,1939,9
10/31/1939,4,139.677703,1823.1168,MaxDS_Even,1939,10
11/30/1939,4,192.300787,1943.8828,MaxDS_Even,1939,11
12/31/1939,4,208.1290885,2000.7737,MaxDS_Even,1939,12
1/31/1940,4,223.6796689,1964.25,MaxDS_Even,1940,1
2/29/1940,3,136.3810054,595.2566,MaxDS_Even,1940,2
3/31/1940,2,50.9918647,239.19771,MaxDS_Even,1940,3
4/30/1940,1,33.75228025,232.06422,MaxDS_Even,1940,4
5/31/1940,1,31.55532355,221.45355,MaxDS_Even,1940,5
6/30/1940,1,26.549652,223.76395,MaxDS_Even,1940,6
7/31/1940,1,24.487638,212.69385,MaxDS_Even,1940,7
8/31/1940,1,17.1336135,241.22322,MaxDS_Even,1940,8
9/30/1940,1,17.218863,257.56122,MaxDS_Even,1940,9
10/31/1940,1,19.5766245,255.31361,MaxDS_Even,1940,10
11/30/1940,1,19.522737,222.173,MaxDS_Even,1940,11
12/31/1940,1,16.961175,348.1821,MaxDS_Even,1940,12
1/31/1941,1,41.75348425,401.57486,MaxDS_Even,1941,1
2/28/1941,1,42.3001399,224.49428,MaxDS_Even,1941,2
3/31/1941,1,33.5971975,207.09106,MaxDS_Even,1941,3
4/30/1941,1,24.8473185,208.0143,MaxDS_Even,1941,4
5/31/1941,1,23.403516,185.94162,MaxDS_Even,1941,5
6/30/1941,1,18.8156655,184.5139,MaxDS_Even,1941,6
7/31/1941,1,18.129036,179.29816,MaxDS_Even,1941,7
8/31/1941,1,18.6604245,208.52092,MaxDS_Even,1941,8
9/30/1941,1,17.945343,247.38156,MaxDS_Even,1941,9
10/31/1941,1,16.852572,242.27344,MaxDS_Even,1941,10
11/30/1941,1,18.238182,216.4129,MaxDS_Even,1941,11
12/31/1941,1,19.482783,309.91437,MaxDS_Even,1941,12
1/31/1942,1,40.3394767,368.63324,MaxDS_Even,1942,1
2/28/1942,1,32.79684055,217.71594,MaxDS_Even,1942,2
3/31/1942,1,26.554806,223.12979,MaxDS_Even,1942,3
4/30/1942,1,28.6865025,217.61046,MaxDS_Even,1942,4
5/31/1942,1,28.825245,213.34958,MaxDS_Even,1942,5
6/30/1942,1,22.770333,190.3861,MaxDS_Even,1942,6
7/31/1942,1,18.9373575,175.07909,MaxDS_Even,1942,7
8/31/1942,1,19.3202655,212.5065,MaxDS_Even,1942,8
9/30/1942,1,18.4122375,254.78632,MaxDS_Even,1942,9
10/31/1942,1,18.036552,256.3272,MaxDS_Even,1942,10
11/30/1942,1,18.610824,209.71529,MaxDS_Even,1942,11
12/31/1942,1,19.5121425,285.68265,MaxDS_Even,1942,12
1/31/1943,1,53.3870731,498.36993,MaxDS_Even,1943,1
2/28/1943,1,42.4530253,274.59348,MaxDS_Even,1943,2
3/31/1943,1,26.92503,223.75206,MaxDS_Even,1943,3
4/30/1943,1,24.859335,200.1165,MaxDS_Even,1943,4
5/31/1943,1,18.867078,208.96849,MaxDS_Even,1943,5
6/30/1943,1,20.2785555,206.1906,MaxDS_Even,1943,6
7/31/1943,1,21.2966745,202.57968,MaxDS_Even,1943,7
8/31/1943,1,16.203087,234.27715,MaxDS_Even,1943,8
9/30/1943,1,18.5739645,258.44226,MaxDS_Even,1943,9
10/31/1943,1,18.7320195,271.0195,MaxDS_Even,1943,10
11/30/1943,1,18.8459655,229.4335,MaxDS_Even,1943,11
12/31/1943,1,17.5516845,330.22476,MaxDS_Even,1943,12
1/31/1944,1,111.3530065,1340.544,MaxDS_Even,1944,1
2/29/1944,4,173.9981554,1269.6343,MaxDS_Even,1944,2
3/31/1944,4,86.00893405,348.83612,MaxDS_Even,1944,3
4/30/1944,4,31.0529284,239.1716,MaxDS_Even,1944,4
5/31/1944,4,35.7578452,258.58453,MaxDS_Even,1944,5
6/30/1944,4,54.2330614,296.862,MaxDS_Even,1944,6
7/31/1944,4,36.6772609,326.6664,MaxDS_Even,1944,7
8/31/1944,4,36.6950335,580.18866,MaxDS_Even,1944,8
9/30/1944,4,79.2676096,1155.2734,MaxDS_Even,1944,9
10/31/1944,4,154.7135991,1874.2587,MaxDS_Even,1944,10
11/30/1944,4,207.3679761,1919.1511,MaxDS_Even,1944,11
12/31/1944,4,185.4216565,1729.6616,MaxDS_Even,1944,12
1/31/1945,4,167.884552,1141.0304,MaxDS_Even,1945,1
2/28/1945,4,101.681332,812.027,MaxDS_Even,1945,2
3/31/1945,3,59.86765675,331.6513,MaxDS_Even,1945,3
4/30/1945,3,43.6555258,243.09221,MaxDS_Even,1945,4
5/31/1945,3,33.75117445,238.7241,MaxDS_Even,1945,5
6/30/1945,3,28.201359,251.7051,MaxDS_Even,1945,6
7/31/1945,3,27.357252,334.79654,MaxDS_Even,1945,7
8/31/1945,3,33.8378458,637.9276,MaxDS_Even,1945,8
9/30/1945,3,64.2752245,998.16016,MaxDS_Even,1945,9
10/31/1945,3,118.2897925,1645.0634,MaxDS_Even,1945,10
11/30/1945,3,155.1884005,1751.0767,MaxDS_Even,1945,11
12/31/1945,3,148.4688985,1776.3112,MaxDS_Even,1945,12
1/31/1946,3,78.44409355,506.5276,MaxDS_Even,1946,1
2/28/1946,2,23.1140535,196.5807,MaxDS_Even,1946,2
3/31/1946,2,26.297697,222.96355,MaxDS_Even,1946,3
4/30/1946,2,29.840154,240.19286,MaxDS_Even,1946,4
5/31/1946,3,28.7500125,238.39607,MaxDS_Even,1946,5
6/30/1946,3,26.550312,243.99454,MaxDS_Even,1946,6
7/31/1946,3,27.191625,297.3792,MaxDS_Even,1946,7
8/31/1946,3,36.37230805,750.21436,MaxDS_Even,1946,8
9/30/1946,3,86.043724,1316.6886,MaxDS_Even,1946,9
10/31/1946,3,145.0371565,1685.631,MaxDS_Even,1946,10
11/30/1946,3,141.8849311,1717.464,MaxDS_Even,1946,11
12/31/1946,3,156.0376435,1728.5006,MaxDS_Even,1946,12
1/31/1947,3,208.5168025,1521.9644,MaxDS_Even,1947,1
2/28/1947,4,165.431386,1410.3923,MaxDS_Even,1947,2
3/31/1947,4,147.4256275,728.2438,MaxDS_Even,1947,3
4/30/1947,4,45.07456645,274.43936,MaxDS_Even,1947,4
5/31/1947,5,29.831388,257.17447,MaxDS_Even,1947,5
6/30/1947,5,31.2639025,332.99957,MaxDS_Even,1947,6
7/31/1947,5,34.93113145,462.07693,MaxDS_Even,1947,7
8/31/1947,5,43.2922477,685.15356,MaxDS_Even,1947,8
9/30/1947,5,78.3158065,1058.378,MaxDS_Even,1947,9
10/31/1947,5,132.9891349,1676.4108,MaxDS_Even,1947,10
11/30/1947,5,199.731364,2173.2544,MaxDS_Even,1947,11
12/31/1947,5,216.000361,2245.6233,MaxDS_Even,1947,12
1/31/1948,5,224.3720365,1715.3524,MaxDS_Even,1948,1
2/29/1948,4,151.9007745,1184.7577,MaxDS_Even,1948,2
3/31/1948,5,79.4561086,597.2098,MaxDS_Even,1948,3
4/30/1948,4,47.7072625,368.7542,MaxDS_Even,1948,4
5/31/1948,3,32.144923,240.6403,MaxDS_Even,1948,5
6/30/1948,3,27.09318,220.07436,MaxDS_Even,1948,6
7/31/1948,3,21.78093,221.65994,MaxDS_Even,1948,7
8/31/1948,3,23.0252265,488.0253,MaxDS_Even,1948,8
9/30/1948,3,94.856893,1303.4807,MaxDS_Even,1948,9
10/31/1948,3,168.3352225,1656.8181,MaxDS_Even,1948,10
11/30/1948,3,156.6594565,1678.9702,MaxDS_Even,1948,11
12/31/1948,3,161.4502381,1752.0781,MaxDS_Even,1948,12
1/31/1949,3,195.0035959,1374.3242,MaxDS_Even,1949,1
2/28/1949,4,143.3170105,1235.108,MaxDS_Even,1949,2
3/31/1949,5,138.4277044,732.2612,MaxDS_Even,1949,3
4/30/1949,4,45.3572779,268.53754,MaxDS_Even,1949,4
5/31/1949,4,26.783061,243.08395,MaxDS_Even,1949,5
6/30/1949,4,28.05831,273.21057,MaxDS_Even,1949,6
7/31/1949,4,25.849683,354.562,MaxDS_Even,1949,7
8/31/1949,4,30.8084497,587.0675,MaxDS_Even,1949,8
9/30/1949,4,59.4907015,881.5608,MaxDS_Even,1949,9
10/31/1949,4,126.2726568,1803.2856,MaxDS_Even,1949,10
11/30/1949,4,181.127989,1812.1143,MaxDS_Even,1949,11
12/31/1949,4,170.216707,1801.2858,MaxDS_Even,1949,12
1/31/1950,4,197.146528,1734.8901,MaxDS_Even,1950,1
2/28/1950,4,125.8257055,720.0376,MaxDS_Even,1950,2
3/31/1950,4,42.6196591,273.74142,MaxDS_Even,1950,3
4/30/1950,4,26.037882,242.86388,MaxDS_Even,1950,4
5/31/1950,4,27.8912205,246.67155,MaxDS_Even,1950,5
6/30/1950,4,27.090303,267.13004,MaxDS_Even,1950,6
7/31/1950,4,25.75767,304.10516,MaxDS_Even,1950,7
8/31/1950,4,42.19859725,890.5818,MaxDS_Even,1950,8
9/30/1950,4,125.464696,1633.3387,MaxDS_Even,1950,9
10/31/1950,4,156.3554299,1714.3761,MaxDS_Even,1950,10
11/30/1950,4,160.9220391,1733.654,MaxDS_Even,1950,11
12/31/1950,4,65.611903,706.60803,MaxDS_Even,1950,12
1/31/1951,4,28.913919,231.88368,MaxDS_Even,1951,1
2/28/1951,1,27.97416,196.36015,MaxDS_Even,1951,2
3/31/1951,1,26.659227,211.95187,MaxDS_Even,1951,3
4/30/1951,1,26.47338,214.96188,MaxDS_Even,1951,4
5/31/1951,1,25.254648,221.32579,MaxDS_Even,1951,5
6/30/1951,1,23.610285,218.96661,MaxDS_Even,1951,6
7/31/1951,1,24.50313,205.01237,MaxDS_Even,1951,7
8/31/1951,1,16.6185945,242.34323,MaxDS_Even,1951,8
9/30/1951,1,18.210507,265.17133,MaxDS_Even,1951,9
10/31/1951,1,18.4347375,277.53848,MaxDS_Even,1951,10
11/30/1951,1,18.4096305,226.32109,MaxDS_Even,1951,11
12/31/1951,1,17.973861,352.89664,MaxDS_Even,1951,12
1/31/1952,1,43.43704195,406.94846,MaxDS_Even,1952,1
2/29/1952,1,47.726557,226.04343,MaxDS_Even,1952,2
3/31/1952,1,32.73268705,228.0332,MaxDS_Even,1952,3
4/30/1952,1,28.47612,210.0854,MaxDS_Even,1952,4
5/31/1952,1,20.777946,201.43256,MaxDS_Even,1952,5
6/30/1952,1,16.571544,179.28642,MaxDS_Even,1952,6
7/31/1952,1,14.935917,171.53346,MaxDS_Even,1952,7
8/31/1952,1,16.0301625,176.71747,MaxDS_Even,1952,8
9/30/1952,1,16.779693,204.97021,MaxDS_Even,1952,9
10/31/1952,1,17.352603,233.40907,MaxDS_Even,1952,10
11/30/1952,1,23.4332475,242.35544,MaxDS_Even,1952,11
12/31/1952,1,20.5648815,439.8163,MaxDS_Even,1952,12
1/31/1953,1,31.7560177,428.30786,MaxDS_Even,1953,1
2/28/1953,1,24.2432625,214.80618,MaxDS_Even,1953,2
3/31/1953,2,22.94196,228.5381,MaxDS_Even,1953,3
4/30/1953,2,27.4027995,241.31042,MaxDS_Even,1953,4
5/31/1953,2,29.455944,238.9707,MaxDS_Even,1953,5
6/30/1953,2,27.068463,218.09898,MaxDS_Even,1953,6
7/31/1953,2,23.2439535,219.7278,MaxDS_Even,1953,7
8/31/1953,2,20.637882,298.15594,MaxDS_Even,1953,8
9/30/1953,2,20.9758185,360.92352,MaxDS_Even,1953,9
10/31/1953,2,18.167067,352.74942,MaxDS_Even,1953,10
11/30/1953,2,19.198752,233.53395,MaxDS_Even,1953,11
12/31/1953,2,17.825112,321.62415,MaxDS_Even,1953,12
1/31/1954,2,110.7114886,1328.823,MaxDS_Even,1954,1
2/28/1954,2,161.5820905,1154.0135,MaxDS_Even,1954,2
3/31/1954,2,44.4023626,280.1723,MaxDS_Even,1954,3
4/30/1954,2,24.3737325,241.0889,MaxDS_Even,1954,4
5/31/1954,2,28.021806,232.662,MaxDS_Even,1954,5
6/30/1954,2,26.647257,237.27289,MaxDS_Even,1954,6
7/31/1954,2,24.652437,225.38486,MaxDS_Even,1954,7
8/31/1954,2,17.0903205,270.77814,MaxDS_Even,1954,8
9/30/1954,2,18.9585915,306.526,MaxDS_Even,1954,9
10/31/1954,2,20.382747,286.9842,MaxDS_Even,1954,10
11/30/1954,2,19.779465,234.66803,MaxDS_Even,1954,11
12/31/1954,2,18.159561,379.4629,MaxDS_Even,1954,12
1/31/1955,2,50.6756572,607.2276,MaxDS_Even,1955,1
2/28/1955,3,30.086124,330.89816,MaxDS_Even,1955,2
3/31/1955,4,33.5284042,278.68228,MaxDS_Even,1955,3
4/30/1955,4,30.8223748,292.34918,MaxDS_Even,1955,4
5/31/1955,4,55.0575835,289.90097,MaxDS_Even,1955,5
6/30/1955,4,64.3098577,292.3827,MaxDS_Even,1955,6
7/31/1955,4,48.135133,370.49435,MaxDS_Even,1955,7
8/31/1955,4,36.9652534,568.805,MaxDS_Even,1955,8
9/30/1955,4,65.70610405,885.0913,MaxDS_Even,1955,9
10/31/1955,4,136.2199804,1775.9998,MaxDS_Even,1955,10
11/30/1955,4,197.779741,1894.8215,MaxDS_Even,1955,11
12/31/1955,4,190.8185875,1871.8844,MaxDS_Even,1955,12
1/31/1956,4,103.4180365,557.9306,MaxDS_Even,1956,1
2/29/1956,1,37.5587431,193.8553,MaxDS_Even,1956,2
3/31/1956,1,27.6094845,190.36967,MaxDS_Even,1956,3
4/30/1956,1,23.7288375,214.63506,MaxDS_Even,1956,4
5/31/1956,1,22.0826265,217.36208,MaxDS_Even,1956,5
6/30/1956,1,19.342071,193.90884,MaxDS_Even,1956,6
7/31/1956,1,19.2847395,180.96599,MaxDS_Even,1956,7
8/31/1956,1,19.151133,215.00313,MaxDS_Even,1956,8
9/30/1956,1,19.284792,244.03227,MaxDS_Even,1956,9
10/31/1956,1,17.734488,244.60445,MaxDS_Even,1956,10
11/30/1956,1,21.0124215,217.91327,MaxDS_Even,1956,11
12/31/1956,1,21.2057715,331.20877,MaxDS_Even,1956,12
1/31/1957,1,148.327852,1460.7656,MaxDS_Even,1957,1
2/28/1957,3,177.5411358,1401.2378,MaxDS_Even,1957,2
3/31/1957,3,99.6306544,501.00937,MaxDS_Even,1957,3
4/30/1957,3,44.24372875,249.13196,MaxDS_Even,1957,4
5/31/1957,3,30.86146255,239.12767,MaxDS_Even,1957,5
6/30/1957,3,29.649156,245.89735,MaxDS_Even,1957,6
7/31/1957,3,25.780407,296.84958,MaxDS_Even,1957,7
8/31/1957,3,37.62642775,774.9694,MaxDS_Even,1957,8
9/30/1957,3,89.6547595,1287.0419,MaxDS_Even,1957,9
10/31/1957,3,156.1632715,1654.6617,MaxDS_Even,1957,10
11/30/1957,3,111.806983,527.30035,MaxDS_Even,1957,11
12/31/1957,3,30.28433755,674.64233,MaxDS_Even,1957,12
1/31/1958,3,97.63386175,895.44617,MaxDS_Even,1958,1
2/28/1958,2,41.6651428,300.35504,MaxDS_Even,1958,2
3/31/1958,1,37.09583755,239.7777,MaxDS_Even,1958,3
4/30/1958,1,28.540077,209.1197,MaxDS_Even,1958,4
5/31/1958,1,28.862775,186.1701,MaxDS_Even,1958,5
6/30/1958,1,22.2502665,169.61241,MaxDS_Even,1958,6
7/31/1958,1,15.895485,157.1705,MaxDS_Even,1958,7
8/31/1958,1,16.4496855,188.91884,MaxDS_Even,1958,8
9/30/1958,1,17.9905425,228.56369,MaxDS_Even,1958,9
10/31/1958,1,18.494385,236.95157,MaxDS_Even,1958,10
11/30/1958,1,20.7493515,228.78265,MaxDS_Even,1958,11
12/31/1958,1,19.8869475,390.21927,MaxDS_Even,1958,12
1/31/1959,1,175.8133233,1571.876,MaxDS_Even,1959,1
2/28/1959,3,188.4445945,1038.5172,MaxDS_Even,1959,2
3/31/1959,3,47.61376255,254.31786,MaxDS_Even,1959,3
4/30/1959,3,29.86368,240.68971,MaxDS_Even,1959,4
5/31/1959,3,29.056515,261.97354,MaxDS_Even,1959,5
6/30/1959,3,28.7352075,331.05457,MaxDS_Even,1959,6
7/31/1959,3,29.743236,408.22174,MaxDS_Even,1959,7
8/31/1959,3,41.37833305,718.6094,MaxDS_Even,1959,8
9/30/1959,3,83.287831,1260.5358,MaxDS_Even,1959,9
10/31/1959,3,149.3783335,1671.9469,MaxDS_Even,1959,10
11/30/1959,3,151.0473049,1511.7333,MaxDS_Even,1959,11
12/31/1959,3,173.3489425,1781.2589,MaxDS_Even,1959,12
1/31/1960,3,209.114362,1744.5657,MaxDS_Even,1960,1
2/29/1960,5,177.4675345,1358.7438,MaxDS_Even,1960,2
3/31/1960,4,104.1989935,525.07336,MaxDS_Even,1960,3
4/30/1960,4,34.84468525,249.38438,MaxDS_Even,1960,4
5/31/1960,4,31.66365775,264.7082,MaxDS_Even,1960,5
6/30/1960,4,31.4517004,340.64655,MaxDS_Even,1960,6
7/31/1960,4,30.2921494,430.63968,MaxDS_Even,1960,7
8/31/1960,4,77.77355125,1381.9039,MaxDS_Even,1960,8
9/30/1960,4,140.241718,1515.2998,MaxDS_Even,1960,9
10/31/1960,4,164.3329105,1816.2313,MaxDS_Even,1960,10
11/30/1960,4,171.47692,1614.2488,MaxDS_Even,1960,11
12/31/1960,4,155.8651159,1722.5122,MaxDS_Even,1960,12
1/31/1961,4,190.6814455,1639.4828,MaxDS_Even,1961,1
2/28/1961,4,156.9136765,1222.6042,MaxDS_Even,1961,2
3/31/1961,4,87.256,480.071,MaxDS_Even,1961,3
4/30/1961,4,28.294545,244.7299,MaxDS_Even,1961,4
5/31/1961,4,28.0572045,264.36456,MaxDS_Even,1961,5
6/30/1961,4,31.4556847,315.3771,MaxDS_Even,1961,6
7/31/1961,4,30.004038,412.824,MaxDS_Even,1961,7
8/31/1961,4,47.2321048,834.06085,MaxDS_Even,1961,8
9/30/1961,4,92.5218025,1249.1549,MaxDS_Even,1961,9
10/31/1961,4,153.4943605,1886.5515,MaxDS_Even,1961,10
11/30/1961,4,200.4383236,1820.9539,MaxDS_Even,1961,11
12/31/1961,4,178.2988225,1803.8865,MaxDS_Even,1961,12
1/31/1962,4,218.9355475,1615.1666,MaxDS_Even,1962,1
2/28/1962,4,141.8917255,1130.0015,MaxDS_Even,1962,2
3/31/1962,3,109.1331529,463.87448,MaxDS_Even,1962,3
4/30/1962,3,51.87307045,244.1265,MaxDS_Even,1962,4
5/31/1962,3,29.512857,246.07635,MaxDS_Even,1962,5
6/30/1962,3,26.6862075,275.43875,MaxDS_Even,1962,6
7/31/1962,3,27.0895845,349.9341,MaxDS_Even,1962,7
8/31/1962,3,36.5418175,739.3159,MaxDS_Even,1962,8
9/30/1962,3,96.1240315,1314.8901,MaxDS_Even,1962,9
10/31/1962,3,164.774119,1774.7684,MaxDS_Even,1962,10
11/30/1962,3,142.22395,1006.2005,MaxDS_Even,1962,11
12/31/1962,3,27.371841,490.37912,MaxDS_Even,1962,12
1/31/1963,3,71.8636915,602.1448,MaxDS_Even,1963,1
2/28/1963,2,29.6784675,321.40787,MaxDS_Even,1963,2
3/31/1963,3,29.138295,254.29758,MaxDS_Even,1963,3
4/30/1963,2,26.953056,241.79672,MaxDS_Even,1963,4
5/31/1963,1,27.186726,222.18575,MaxDS_Even,1963,5
6/30/1963,1,25.043202,210.5179,MaxDS_Even,1963,6
7/31/1963,1,21.1242855,210.9183,MaxDS_Even,1963,7
8/31/1963,1,18.309123,242.79948,MaxDS_Even,1963,8
9/30/1963,1,17.3263575,261.8995,MaxDS_Even,1963,9
10/31/1963,1,18.30099,306.0658,MaxDS_Even,1963,10
11/30/1963,1,19.3348095,227.73181,MaxDS_Even,1963,11
12/31/1963,1,19.081746,273.022,MaxDS_Even,1963,12
1/31/1964,1,124.4451655,1103.8037,MaxDS_Even,1964,1
2/29/1964,2,136.225954,953.8976,MaxDS_Even,1964,2
3/31/1964,3,44.58800305,344.54123,MaxDS_Even,1964,3
4/30/1964,4,36.8423215,323.25894,MaxDS_Even,1964,4
5/31/1964,4,37.60510975,332.8367,MaxDS_Even,1964,5
6/30/1964,4,50.95213,307.10062,MaxDS_Even,1964,6
7/31/1964,4,35.80766605,353.88922,MaxDS_Even,1964,7
8/31/1964,4,41.5228594,782.0208,MaxDS_Even,1964,8
9/30/1964,4,92.5750405,1282.7273,MaxDS_Even,1964,9
10/31/1964,4,150.3603751,1819.7039,MaxDS_Even,1964,10
11/30/1964,4,171.5787334,1488.6703,MaxDS_Even,1964,11
12/31/1964,4,152.239135,1739.8153,MaxDS_Even,1964,12
1/31/1965,4,94.3636492,598.6417,MaxDS_Even,1965,1
2/28/1965,1,27.2998995,212.62358,MaxDS_Even,1965,2
3/31/1965,1,26.976723,221.64903,MaxDS_Even,1965,3
4/30/1965,1,30.1976355,232.18405,MaxDS_Even,1965,4
5/31/1965,1,28.42449,212.45221,MaxDS_Even,1965,5
6/30/1965,1,21.519564,205.30261,MaxDS_Even,1965,6
7/31/1965,1,21.154806,202.35464,MaxDS_Even,1965,7
8/31/1965,1,19.1515725,237.36974,MaxDS_Even,1965,8
9/30/1965,1,19.3674525,248.57838,MaxDS_Even,1965,9
10/31/1965,1,19.078089,304.5627,MaxDS_Even,1965,10
11/30/1965,1,19.4552025,230.46979,MaxDS_Even,1965,11
12/31/1965,1,19.7450805,247.1547,MaxDS_Even,1965,12
1/31/1966,1,64.37550745,758.6153,MaxDS_Even,1966,1
2/28/1966,2,98.70193345,652.9219,MaxDS_Even,1966,2
3/31/1966,3,38.33593525,258.2519,MaxDS_Even,1966,3
4/30/1966,3,30.2646127,236.64745,MaxDS_Even,1966,4
5/31/1966,3,29.602194,256.48297,MaxDS_Even,1966,5
6/30/1966,3,27.993681,288.8635,MaxDS_Even,1966,6
7/31/1966,3,27.907635,371.50284,MaxDS_Even,1966,7
8/31/1966,3,39.21564475,705.5144,MaxDS_Even,1966,8
9/30/1966,3,68.4812602,1052.455,MaxDS_Even,1966,9
10/31/1966,3,132.7860895,1774.0553,MaxDS_Even,1966,10
11/30/1966,3,171.2784175,1640.5189,MaxDS_Even,1966,11
12/31/1966,3,153.8885155,1716.07,MaxDS_Even,1966,12
1/31/1967,3,114.020997,650.0973,MaxDS_Even,1967,1
2/28/1967,1,37.1193187,241.28514,MaxDS_Even,1967,2
3/31/1967,2,27.931563,237.18242,MaxDS_Even,1967,3
4/30/1967,1,28.929735,231.35783,MaxDS_Even,1967,4
5/31/1967,1,27.8500575,221.93231,MaxDS_Even,1967,5
6/30/1967,1,20.8848105,194.8702,MaxDS_Even,1967,6
7/31/1967,1,16.7503785,158.57056,MaxDS_Even,1967,7
8/31/1967,1,14.4453435,187.30925,MaxDS_Even,1967,8
9/30/1967,1,17.616978,220.3724,MaxDS_Even,1967,9
10/31/1967,1,17.755671,251.39545,MaxDS_Even,1967,10
11/30/1967,1,21.38433,223.85855,MaxDS_Even,1967,11
12/31/1967,1,19.02846,391.75436,MaxDS_Even,1967,12
1/31/1968,1,153.528532,1389.7502,MaxDS_Even,1968,1
2/29/1968,3,178.144438,1026.1375,MaxDS_Even,1968,2
3/31/1968,3,43.072222,255.62714,MaxDS_Even,1968,3
4/30/1968,3,27.204918,240.00969,MaxDS_Even,1968,4
5/31/1968,3,28.496397,246.4556,MaxDS_Even,1968,5
6/30/1968,3,29.084415,293.3008,MaxDS_Even,1968,6
7/31/1968,3,28.0523895,455.5841,MaxDS_Even,1968,7
8/31/1968,3,35.46264505,738.9042,MaxDS_Even,1968,8
9/30/1968,3,74.380669,1246.8314,MaxDS_Even,1968,9
10/31/1968,3,146.5757404,1690.7189,MaxDS_Even,1968,10
11/30/1968,3,158.8541845,1696.9255,MaxDS_Even,1968,11
12/31/1968,3,158.733772,1716.2883,MaxDS_Even,1968,12
1/31/1969,3,154.3891465,956.13885,MaxDS_Even,1969,1
2/28/1969,1,35.330425,243.38637,MaxDS_Even,1969,2
3/31/1969,1,21.8640525,192.81761,MaxDS_Even,1969,3
4/30/1969,1,19.8135345,186.71649,MaxDS_Even,1969,4
5/31/1969,1,15.1641795,178.91774,MaxDS_Even,1969,5
6/30/1969,1,12.0599925,176.02435,MaxDS_Even,1969,6
7/31/1969,1,12.373212,172.86612,MaxDS_Even,1969,7
8/31/1969,1,16.9402455,182.53265,MaxDS_Even,1969,8
9/30/1969,1,17.7685425,229.34453,MaxDS_Even,1969,9
10/31/1969,1,17.241135,240.16788,MaxDS_Even,1969,10
11/30/1969,1,21.7346805,246.68625,MaxDS_Even,1969,11
12/31/1969,1,20.811948,495.33316,MaxDS_Even,1969,12
1/31/1970,1,39.94891555,438.24567,MaxDS_Even,1970,1
2/28/1970,1,28.425156,218.99115,MaxDS_Even,1970,2
3/31/1970,1,18.348633,199.76082,MaxDS_Even,1970,3
4/30/1970,1,26.164485,206.64746,MaxDS_Even,1970,4
5/31/1970,1,25.604517,233.32162,MaxDS_Even,1970,5
6/30/1970,1,26.5446,270.14514,MaxDS_Even,1970,6
7/31/1970,1,25.8478845,223.12428,MaxDS_Even,1970,7
8/31/1970,1,16.5424305,236.35257,MaxDS_Even,1970,8
9/30/1970,1,19.534089,266.34692,MaxDS_Even,1970,9
10/31/1970,1,19.074264,276.98026,MaxDS_Even,1970,10
11/30/1970,1,18.75099,224.6712,MaxDS_Even,1970,11
12/31/1970,1,17.4738645,246.10533,MaxDS_Even,1970,12
1/31/1971,1,23.033796,259.3569,MaxDS_Even,1971,1
2/28/1971,1,22.6195455,216.10983,MaxDS_Even,1971,2
3/31/1971,1,23.401641,235.49033,MaxDS_Even,1971,3
4/30/1971,1,23.382003,240.48596,MaxDS_Even,1971,4
5/31/1971,1,25.5029865,234.07199,MaxDS_Even,1971,5
6/30/1971,1,25.633773,221.33698,MaxDS_Even,1971,6
7/31/1971,1,22.104069,211.78532,MaxDS_Even,1971,7
8/31/1971,1,20.057874,257.31732,MaxDS_Even,1971,8
9/30/1971,1,20.010819,288.68964,MaxDS_Even,1971,9
10/31/1971,1,17.9561535,268.0967,MaxDS_Even,1971,10
11/30/1971,1,18.129855,208.82237,MaxDS_Even,1971,11
12/31/1971,1,16.7093745,323.04645,MaxDS_Even,1971,12
1/31/1972,1,60.05276425,635.84515,MaxDS_Even,1972,1
2/29/1972,3,59.2971523,702.3789,MaxDS_Even,1972,2
3/31/1972,3,77.0345035,535.90485,MaxDS_Even,1972,3
4/30/1972,3,40.61980555,293.21268,MaxDS_Even,1972,4
5/31/1972,3,30.34824025,269.35626,MaxDS_Even,1972,5
6/30/1972,3,32.7104143,333.6391,MaxDS_Even,1972,6
7/31/1972,3,32.20693045,475.109,MaxDS_Even,1972,7
8/31/1972,3,34.89974155,713.45483,MaxDS_Even,1972,8
9/30/1972,3,57.3874015,862.962,MaxDS_Even,1972,9
10/31/1972,3,112.1503368,1586.0844,MaxDS_Even,1972,10
11/30/1972,3,175.468744,1685.2522,MaxDS_Even,1972,11
12/31/1972,3,112.1221731,1198.3362,MaxDS_Even,1972,12
1/31/1973,3,63.6353311,522.5578,MaxDS_Even,1973,1
2/28/1973,2,34.5400744,250.07198,MaxDS_Even,1973,2
3/31/1973,2,26.30139,241.0947,MaxDS_Even,1973,3
4/30/1973,1,35.928697,232.59831,MaxDS_Even,1973,4
5/31/1973,2,29.893959,231.23744,MaxDS_Even,1973,5
6/30/1973,2,26.1477705,235.71465,MaxDS_Even,1973,6
7/31/1973,2,23.669103,231.77347,MaxDS_Even,1973,7
8/31/1973,2,20.711898,289.18045,MaxDS_Even,1973,8
9/30/1973,2,20.9388225,309.40045,MaxDS_Even,1973,9
10/31/1973,2,19.9285515,273.77322,MaxDS_Even,1973,10
11/30/1973,2,19.947435,223.16171,MaxDS_Even,1973,11
12/31/1973,2,18.3037245,228.04408,MaxDS_Even,1973,12
1/31/1974,2,23.795175,228.17708,MaxDS_Even,1974,1
2/28/1974,1,24.100335,206.21548,MaxDS_Even,1974,2
3/31/1974,1,20.6789295,215.29724,MaxDS_Even,1974,3
4/30/1974,1,25.5236415,205.3834,MaxDS_Even,1974,4
5/31/1974,1,22.1185635,180.26483,MaxDS_Even,1974,5
6/30/1974,1,18.9085485,188.34364,MaxDS_Even,1974,6
7/31/1974,1,20.306175,186.34271,MaxDS_Even,1974,7
8/31/1974,1,19.0866285,219.37047,MaxDS_Even,1974,8
9/30/1974,1,18.5980755,258.4865,MaxDS_Even,1974,9
10/31/1974,1,17.669472,256.00574,MaxDS_Even,1974,10
11/30/1974,1,18.9666225,215.00117,MaxDS_Even,1974,11
12/31/1974,1,20.4274335,321.05237,MaxDS_Even,1974,12
1/31/1975,1,152.7450585,1249.1703,MaxDS_Even,1975,1
2/28/1975,3,208.6961901,1586.5975,MaxDS_Even,1975,2
3/31/1975,3,85.9908964,439.39746,MaxDS_Even,1975,3
4/30/1975,2,29.952735,230.79515,MaxDS_Even,1975,4
5/31/1975,1,24.8266545,219.0696,MaxDS_Even,1975,5
6/30/1975,1,23.051085,208.99539,MaxDS_Even,1975,6
7/31/1975,1,21.166575,192.27286,MaxDS_Even,1975,7
8/31/1975,1,16.9889355,236.12599,MaxDS_Even,1975,8
9/30/1975,1,18.0785595,263.7563,MaxDS_Even,1975,9
10/31/1975,1,17.989905,295.11063,MaxDS_Even,1975,10
11/30/1975,1,19.3402755,221.97499,MaxDS_Even,1975,11
12/31/1975,1,20.7890235,313.51144,MaxDS_Even,1975,12
1/31/1976,1,159.939094,1343.0375,MaxDS_Even,1976,1
2/29/1976,4,198.047299,1582.0652,MaxDS_Even,1976,2
3/31/1976,4,144.777949,697.3036,MaxDS_Even,1976,3
4/30/1976,5,65.2410211,401.63998,MaxDS_Even,1976,4
5/31/1976,5,55.8618706,487.65375,MaxDS_Even,1976,5
6/30/1976,5,75.2844439,896.9855,MaxDS_Even,1976,6
7/31/1976,5,131.1494029,1560.4635,MaxDS_Even,1976,7
8/31/1976,5,130.999966,1365.9532,MaxDS_Even,1976,8
9/30/1976,5,120.0395785,1204.5641,MaxDS_Even,1976,9
10/31/1976,5,159.8743021,1926.4403,MaxDS_Even,1976,10
11/30/1976,5,226.0758805,2231.9822,MaxDS_Even,1976,11
12/31/1976,5,225.9774415,1579.1328,MaxDS_Even,1976,12
1/31/1977,5,207.039163,1903.2261,MaxDS_Even,1977,1
2/28/1977,5,202.976374,1146.3071,MaxDS_Even,1977,2
3/31/1977,5,98.8188205,474.25864,MaxDS_Even,1977,3
4/30/1977,5,96.16083355,713.5823,MaxDS_Even,1977,4
5/31/1977,5,92.4439633,958.80414,MaxDS_Even,1977,5
6/30/1977,5,123.2896045,1092.3337,MaxDS_Even,1977,6
7/31/1977,5,156.5390326,1439.2231,MaxDS_Even,1977,7
8/31/1977,5,173.9517745,1708.5343,MaxDS_Even,1977,8
9/30/1977,5,161.3779279,1594.9111,MaxDS_Even,1977,9
10/31/1977,5,203.3747185,1753.6761,MaxDS_Even,1977,10
11/30/1977,5,223.756408,1981.6,MaxDS_Even,1977,11
12/31/1977,5,223.9736635,1885.5647,MaxDS_Even,1977,12
1/31/1978,5,220.936219,1672.8655,MaxDS_Even,1978,1
2/28/1978,3,87.2659351,472.8637,MaxDS_Even,1978,2
3/31/1978,2,56.9760553,231.16943,MaxDS_Even,1978,3
4/30/1978,2,38.50428475,224.2936,MaxDS_Even,1978,4
5/31/1978,2,25.1024535,208.7846,MaxDS_Even,1978,5
6/30/1978,2,19.293519,208.51044,MaxDS_Even,1978,6
7/31/1978,2,19.993284,191.83662,MaxDS_Even,1978,7
8/31/1978,2,18.9486555,246.18445,MaxDS_Even,1978,8
9/30/1978,2,18.7816725,343.9512,MaxDS_Even,1978,9
10/31/1978,2,19.8468675,321.1255,MaxDS_Even,1978,10
11/30/1978,2,19.746822,238.25323,MaxDS_Even,1978,11
12/31/1978,2,20.5048185,279.99564,MaxDS_Even,1978,12
1/31/1979,2,104.0574255,1187.9286,MaxDS_Even,1979,1
2/28/1979,4,133.9009981,1000.39844,MaxDS_Even,1979,2
3/31/1979,3,56.1822334,271.11322,MaxDS_Even,1979,3
4/30/1979,4,42.0039451,235.28307,MaxDS_Even,1979,4
5/31/1979,3,31.6635124,235.05336,MaxDS_Even,1979,5
6/30/1979,3,28.1064975,249.64804,MaxDS_Even,1979,6
7/31/1979,3,25.6114215,265.43283,MaxDS_Even,1979,7
8/31/1979,3,32.0801653,728.8387,MaxDS_Even,1979,8
9/30/1979,3,79.09791205,951.07306,MaxDS_Even,1979,9
10/31/1979,3,119.9381755,1743.4254,MaxDS_Even,1979,10
11/30/1979,3,172.0970686,1719.6177,MaxDS_Even,1979,11
12/31/1979,3,143.1094878,1719.5487,MaxDS_Even,1979,12
1/31/1980,3,222.5935054,1759.9784,MaxDS_Even,1980,1
2/29/1980,2,67.6163821,399.50854,MaxDS_Even,1980,2
3/31/1980,1,23.181621,197.94826,MaxDS_Even,1980,3
4/30/1980,1,22.6185705,199.3303,MaxDS_Even,1980,4
5/31/1980,1,20.8997775,212.97902,MaxDS_Even,1980,5
6/30/1980,1,21.795921,241.0574,MaxDS_Even,1980,6
7/31/1980,1,23.338149,216.24257,MaxDS_Even,1980,7
8/31/1980,1,19.4060415,223.30379,MaxDS_Even,1980,8
9/30/1980,1,19.524795,242.37169,MaxDS_Even,1980,9
10/31/1980,1,19.5714315,260.25708,MaxDS_Even,1980,10
11/30/1980,1,18.86907,227.75728,MaxDS_Even,1980,11
12/31/1980,1,18.326946,327.33408,MaxDS_Even,1980,12
1/31/1981,1,144.532336,1404.5106,MaxDS_Even,1981,1
2/28/1981,3,164.170489,1042.6312,MaxDS_Even,1981,2
3/31/1981,4,48.97674655,270.83636,MaxDS_Even,1981,3
4/30/1981,4,29.390319,240.02777,MaxDS_Even,1981,4
5/31/1981,4,32.429524,248.28516,MaxDS_Even,1981,5
6/30/1981,4,30.133539,302.7667,MaxDS_Even,1981,6
7/31/1981,4,29.571639,450.58115,MaxDS_Even,1981,7
8/31/1981,4,54.056008,958.8371,MaxDS_Even,1981,8
9/30/1981,4,91.0978285,1105.096,MaxDS_Even,1981,9
10/31/1981,4,122.7696648,1675.6967,MaxDS_Even,1981,10
11/30/1981,4,177.5493865,1797.3826,MaxDS_Even,1981,11
12/31/1981,4,177.9085036,1601.8474,MaxDS_Even,1981,12
1/31/1982,4,62.3762125,369.8928,MaxDS_Even,1982,1
2/28/1982,1,29.884428,213.85277,MaxDS_Even,1982,2
3/31/1982,1,26.3092845,214.91812,MaxDS_Even,1982,3
4/30/1982,1,26.3855775,187.53023,MaxDS_Even,1982,4
5/31/1982,1,19.608945,178.7276,MaxDS_Even,1982,5
6/30/1982,1,14.82942,172.83928,MaxDS_Even,1982,6
7/31/1982,1,14.8915575,171.41655,MaxDS_Even,1982,7
8/31/1982,1,17.8958055,189.13065,MaxDS_Even,1982,8
9/30/1982,1,17.778159,237.70537,MaxDS_Even,1982,9
10/31/1982,1,17.7169305,240.92154,MaxDS_Even,1982,10
11/30/1982,1,19.333644,234.20572,MaxDS_Even,1982,11
12/31/1982,1,21.362625,189.7927,MaxDS_Even,1982,12
1/31/1983,1,22.6199025,208.59116,MaxDS_Even,1983,1
2/28/1983,1,16.1781855,188.1858,MaxDS_Even,1983,2
3/31/1983,1,11.0744865,190.38937,MaxDS_Even,1983,3
4/30/1983,1,7.329027,193.6397,MaxDS_Even,1983,4
5/31/1983,1,3.5973705,169.63802,MaxDS_Even,1983,5
6/30/1983,1,6.8637405,167.04044,MaxDS_Even,1983,6
7/31/1983,1,9.4092675,163.8918,MaxDS_Even,1983,7
8/31/1983,1,12.2130135,165.3799,MaxDS_Even,1983,8
9/30/1983,1,16.338426,203.40956,MaxDS_Even,1983,9
10/31/1983,1,16.081068,237.94298,MaxDS_Even,1983,10
11/30/1983,1,16.891155,235.45354,MaxDS_Even,1983,11
12/31/1983,1,24.05931,219.22202,MaxDS_Even,1983,12
1/31/1984,1,23.4526905,213.85059,MaxDS_Even,1984,1
2/29/1984,1,20.52426,183.68765,MaxDS_Even,1984,2
3/31/1984,1,21.491535,202.1875,MaxDS_Even,1984,3
4/30/1984,1,25.327977,209.12859,MaxDS_Even,1984,4
5/31/1984,1,24.1322985,225.16055,MaxDS_Even,1984,5
6/30/1984,1,22.6780605,233.58418,MaxDS_Even,1984,6
7/31/1984,1,22.0512015,199.59769,MaxDS_Even,1984,7
8/31/1984,1,16.8431715,235.6831,MaxDS_Even,1984,8
9/30/1984,1,19.139727,264.6825,MaxDS_Even,1984,9
10/31/1984,1,19.571571,266.5895,MaxDS_Even,1984,10
11/30/1984,1,19.1850795,223.81412,MaxDS_Even,1984,11
12/31/1984,1,15.2288205,230.97614,MaxDS_Even,1984,12
1/31/1985,1,23.2014375,275.28436,MaxDS_Even,1985,1
2/28/1985,3,26.976618,386.13187,MaxDS_Even,1985,2
3/31/1985,3,36.0130855,435.5925,MaxDS_Even,1985,3
4/30/1985,3,37.16933905,293.371,MaxDS_Even,1985,4
5/31/1985,4,38.007544,284.21213,MaxDS_Even,1985,5
6/30/1985,4,37.42812475,325.10675,MaxDS_Even,1985,6
7/31/1985,4,31.1108005,401.0435,MaxDS_Even,1985,7
8/31/1985,4,67.939327,1305.516,MaxDS_Even,1985,8
9/30/1985,4,136.150258,1601.8337,MaxDS_Even,1985,9
10/31/1985,4,147.908788,1746.3871,MaxDS_Even,1985,10
11/30/1985,4,167.4688111,1774.0327,MaxDS_Even,1985,11
12/31/1985,4,172.1778205,1764.6304,MaxDS_Even,1985,12
1/31/1986,4,225.3051265,1741.3876,MaxDS_Even,1986,1
2/28/1986,3,124.9797115,692.2812,MaxDS_Even,1986,2
3/31/1986,1,49.3384885,239.7166,MaxDS_Even,1986,3
4/30/1986,1,14.847432,191.82011,MaxDS_Even,1986,4
5/31/1986,1,18.3846765,175.0903,MaxDS_Even,1986,5
6/30/1986,1,19.7831925,190.6834,MaxDS_Even,1986,6
7/31/1986,1,21.9808485,209.5475,MaxDS_Even,1986,7
8/31/1986,1,16.9740375,226.63467,MaxDS_Even,1986,8
9/30/1986,1,17.937012,257.79556,MaxDS_Even,1986,9
10/31/1986,1,18.9072855,265.52686,MaxDS_Even,1986,10
11/30/1986,1,21.419868,229.46289,MaxDS_Even,1986,11
12/31/1986,1,19.9915875,324.43106,MaxDS_Even,1986,12
1/31/1987,1,111.2246596,1300.3914,MaxDS_Even,1987,1
2/28/1987,4,172.108195,1257.672,MaxDS_Even,1987,2
3/31/1987,4,90.5025034,435.9601,MaxDS_Even,1987,3
4/30/1987,4,43.03359025,258.90628,MaxDS_Even,1987,4
5/31/1987,4,41.275696,257.44498,MaxDS_Even,1987,5
6/30/1987,4,53.8909531,308.18744,MaxDS_Even,1987,6
7/31/1987,4,50.6090014,369.1525,MaxDS_Even,1987,7
8/31/1987,4,42.59300305,624.2058,MaxDS_Even,1987,8
9/30/1987,4,72.10401775,994.44507,MaxDS_Even,1987,9
10/31/1987,4,133.5729289,1775.9777,MaxDS_Even,1987,10
11/30/1987,4,187.778122,1870.3993,MaxDS_Even,1987,11
12/31/1987,4,209.682823,2010.787,MaxDS_Even,1987,12
1/31/1988,4,202.9795774,1471.1208,MaxDS_Even,1988,1
2/29/1988,4,75.44370475,432.6217,MaxDS_Even,1988,2
3/31/1988,5,35.9747359,252.08127,MaxDS_Even,1988,3
4/30/1988,5,47.25432055,302.35052,MaxDS_Even,1988,4
5/31/1988,5,50.73836005,385.805,MaxDS_Even,1988,5
6/30/1988,5,61.1975836,769.0917,MaxDS_Even,1988,6
7/31/1988,5,113.0505634,1407.7018,MaxDS_Even,1988,7
8/31/1988,5,126.0846565,1554.5315,MaxDS_Even,1988,8
9/30/1988,5,128.3806735,1486.6614,MaxDS_Even,1988,9
10/31/1988,5,166.704937,1810.3744,MaxDS_Even,1988,10
11/30/1988,5,206.9178955,2082.6836,MaxDS_Even,1988,11
12/31/1988,5,223.1678545,1898.7697,MaxDS_Even,1988,12
1/31/1989,5,207.746875,1693.0779,MaxDS_Even,1989,1
2/28/1989,4,178.9029085,1361.1163,MaxDS_Even,1989,2
3/31/1989,5,113.57632,876.2305,MaxDS_Even,1989,3
4/30/1989,3,60.7072981,414.40237,MaxDS_Even,1989,4
5/31/1989,4,30.26353255,242.11285,MaxDS_Even,1989,5
6/30/1989,4,29.0587275,266.611,MaxDS_Even,1989,6
7/31/1989,4,25.6905375,344.629,MaxDS_Even,1989,7
8/31/1989,4,51.81511,1068.9442,MaxDS_Even,1989,8
9/30/1989,4,126.4052815,1512.1537,MaxDS_Even,1989,9
10/31/1989,4,163.1856003,1677.8093,MaxDS_Even,1989,10
11/30/1989,4,166.5066055,1721.4775,MaxDS_Even,1989,11
12/31/1989,4,166.2882385,1755.1292,MaxDS_Even,1989,12
1/31/1990,4,199.0822081,1819.1807,MaxDS_Even,1990,1
2/28/1990,4,152.189146,1044.1377,MaxDS_Even,1990,2
3/31/1990,5,62.8816315,420.47028,MaxDS_Even,1990,3
4/30/1990,5,40.6669474,377.28235,MaxDS_Even,1990,4
5/31/1990,5,48.9901615,345.67096,MaxDS_Even,1990,5
6/30/1990,5,51.2974645,389.7706,MaxDS_Even,1990,6
7/31/1990,5,69.4955296,671.1539,MaxDS_Even,1990,7
8/31/1990,5,89.9245804,1061.5829,MaxDS_Even,1990,8
9/30/1990,5,110.9310498,1252.7584,MaxDS_Even,1990,9
10/31/1990,5,163.72378,1626.7094,MaxDS_Even,1990,10
11/30/1990,5,201.566536,1949.0062,MaxDS_Even,1990,11
12/31/1990,5,224.675952,2003.6376,MaxDS_Even,1990,12
1/31/1991,5,229.495282,1704.2882,MaxDS_Even,1991,1
2/28/1991,5,217.483216,1961.542,MaxDS_Even,1991,2
3/31/1991,5,248.146822,1428.593,MaxDS_Even,1991,3
4/30/1991,5,121.9002865,476.29315,MaxDS_Even,1991,4
5/31/1991,5,53.15570155,253.56569,MaxDS_Even,1991,5
6/30/1991,5,45.8580115,377.56488,MaxDS_Even,1991,6
7/31/1991,5,68.04827395,862.8779,MaxDS_Even,1991,7
8/31/1991,5,157.8412945,1527.061,MaxDS_Even,1991,8
9/30/1991,5,183.04849,1599.4802,MaxDS_Even,1991,9
10/31/1991,5,195.6486535,1562.166,MaxDS_Even,1991,10
11/30/1991,5,208.7217745,2022.7773,MaxDS_Even,1991,11
12/31/1991,5,225.361813,2041.7429,MaxDS_Even,1991,12
1/31/1992,5,225.7313725,1778.491,MaxDS_Even,1992,1
2/29/1992,5,186.6733309,1177.2803,MaxDS_Even,1992,2
3/31/1992,5,96.06368275,431.94,MaxDS_Even,1992,3
4/30/1992,5,40.17361525,247.42784,MaxDS_Even,1992,4
5/31/1992,5,35.94267625,257.88516,MaxDS_Even,1992,5
6/30/1992,5,40.79751445,370.63226,MaxDS_Even,1992,6
7/31/1992,5,50.743909,399.04343,MaxDS_Even,1992,7
8/31/1992,5,39.8340634,595.8547,MaxDS_Even,1992,8
9/30/1992,5,73.20195745,1045.8291,MaxDS_Even,1992,9
10/31/1992,5,147.377833,1759.248,MaxDS_Even,1992,10
11/30/1992,5,220.2573376,2346.0024,MaxDS_Even,1992,11
12/31/1992,5,223.2906325,1614.1403,MaxDS_Even,1992,12
1/31/1993,5,226.7185954,1612.7893,MaxDS_Even,1993,1
2/28/1993,3,109.5000648,534.67615,MaxDS_Even,1993,2
3/31/1993,2,59.6025298,237.94914,MaxDS_Even,1993,3
4/30/1993,2,37.8019621,237.82503,MaxDS_Even,1993,4
5/31/1993,2,28.1510655,233.60178,MaxDS_Even,1993,5
6/30/1993,2,26.004462,226.84198,MaxDS_Even,1993,6
7/31/1993,2,23.644146,208.66235,MaxDS_Even,1993,7
8/31/1993,2,21.4139625,265.153,MaxDS_Even,1993,8
9/30/1993,2,19.8381915,350.07892,MaxDS_Even,1993,9
10/31/1993,2,18.039843,352.21448,MaxDS_Even,1993,10
11/30/1993,2,20.1008055,236.84274,MaxDS_Even,1993,11
12/31/1993,2,20.391504,298.3789,MaxDS_Even,1993,12
1/31/1994,2,151.8854215,1256.7537,MaxDS_Even,1994,1
2/28/1994,4,212.754439,1424.9781,MaxDS_Even,1994,2
3/31/1994,4,112.696639,561.90784,MaxDS_Even,1994,3
4/30/1994,4,42.95845,279.25488,MaxDS_Even,1994,4
5/31/1994,5,52.2151702,305.45126,MaxDS_Even,1994,5
6/30/1994,5,50.906986,419.57956,MaxDS_Even,1994,6
7/31/1994,5,79.5772222,940.52264,MaxDS_Even,1994,7
8/31/1994,5,146.2610035,1612.6456,MaxDS_Even,1994,8
9/30/1994,5,194.938918,1779.3502,MaxDS_Even,1994,9
10/31/1994,5,211.3688545,1744.5681,MaxDS_Even,1994,10
11/30/1994,5,209.9808304,2204.4602,MaxDS_Even,1994,11
12/31/1994,5,219.681706,2207.9866,MaxDS_Even,1994,12
1/31/1995,5,219.3111348,1770.6846,MaxDS_Even,1995,1
2/28/1995,1,83.923552,349.37183,MaxDS_Even,1995,2
3/31/1995,2,28.98558,238.85217,MaxDS_Even,1995,3
4/30/1995,1,34.3421305,221.87787,MaxDS_Even,1995,4
5/31/1995,1,25.6877355,180.97221,MaxDS_Even,1995,5
6/30/1995,1,17.8133085,170.43694,MaxDS_Even,1995,6
7/31/1995,1,15.6039435,164.36086,MaxDS_Even,1995,7
8/31/1995,1,14.775,163.49454,MaxDS_Even,1995,8
9/30/1995,1,16.987866,224.89638,MaxDS_Even,1995,9
10/31/1995,1,16.36227,262.62543,MaxDS_Even,1995,10
11/30/1995,1,17.853831,233.90137,MaxDS_Even,1995,11
12/31/1995,1,18.4169955,362.6804,MaxDS_Even,1995,12
1/31/1996,1,52.483264,385.2021,MaxDS_Even,1996,1
2/29/1996,2,28.3864845,236.08122,MaxDS_Even,1996,2
3/31/1996,1,36.10306,228.98807,MaxDS_Even,1996,3
4/30/1996,1,30.123165,220.33762,MaxDS_Even,1996,4
5/31/1996,1,25.9796175,213.30344,MaxDS_Even,1996,5
6/30/1996,1,22.41108,195.16637,MaxDS_Even,1996,6
7/31/1996,1,19.043454,192.802,MaxDS_Even,1996,7
8/31/1996,1,18.118179,235.09387,MaxDS_Even,1996,8
9/30/1996,1,17.744865,265.4066,MaxDS_Even,1996,9
10/31/1996,1,18.3128655,259.29874,MaxDS_Even,1996,10
11/30/1996,1,18.70776,225.18883,MaxDS_Even,1996,11
12/31/1996,1,18.745782,265.93253,MaxDS_Even,1996,12
1/31/1997,1,30.3084742,246.77686,MaxDS_Even,1997,1
2/28/1997,1,14.613753,179.69887,MaxDS_Even,1997,2
3/31/1997,1,20.2295295,172.92815,MaxDS_Even,1997,3
4/30/1997,1,19.930236,205.3997,MaxDS_Even,1997,4
5/31/1997,1,25.603827,262.0726,MaxDS_Even,1997,5
6/30/1997,1,26.762691,272.002,MaxDS_Even,1997,6
7/31/1997,1,25.346184,203.37117,MaxDS_Even,1997,7
8/31/1997,1,18.7925085,232.52983,MaxDS_Even,1997,8
9/30/1997,1,19.410054,248.14932,MaxDS_Even,1997,9
10/31/1997,1,18.917793,268.1564,MaxDS_Even,1997,10
11/30/1997,1,18.364746,229.1745,MaxDS_Even,1997,11
12/31/1997,1,17.371818,313.8279,MaxDS_Even,1997,12
1/31/1998,1,74.5329787,766.10956,MaxDS_Even,1998,1
2/28/1998,1,61.87419925,323.41983,MaxDS_Even,1998,2
3/31/1998,1,56.3685094,226.56528,MaxDS_Even,1998,3
4/30/1998,1,24.1622355,188.39824,MaxDS_Even,1998,4
5/31/1998,1,18.43059,177.46973,MaxDS_Even,1998,5
6/30/1998,1,17.378733,167.77287,MaxDS_Even,1998,6
7/31/1998,1,14.7282195,168.36044,MaxDS_Even,1998,7
8/31/1998,1,14.6203035,169.26659,MaxDS_Even,1998,8
9/30/1998,1,17.152323,219.28244,MaxDS_Even,1998,9
10/31/1998,1,17.605824,243.37856,MaxDS_Even,1998,10
11/30/1998,1,17.0558205,246.50189,MaxDS_Even,1998,11
12/31/1998,1,20.502546,204.61139,MaxDS_Even,1998,12
1/31/1999,1,22.447653,202.52292,MaxDS_Even,1999,1
2/28/1999,2,24.823902,217.61647,MaxDS_Even,1999,2
3/31/1999,1,28.209522,217.80348,MaxDS_Even,1999,3
4/30/1999,1,27.6097275,221.56438,MaxDS_Even,1999,4
5/31/1999,1,27.804162,224.56252,MaxDS_Even,1999,5
6/30/1999,1,24.51195,227.23807,MaxDS_Even,1999,6
7/31/1999,1,21.6703605,196.74461,MaxDS_Even,1999,7
8/31/1999,1,18.624666,237.29129,MaxDS_Even,1999,8
9/30/1999,1,19.2444645,262.72345,MaxDS_Even,1999,9
10/31/1999,1,18.9926355,258.82162,MaxDS_Even,1999,10
11/30/1999,1,18.2751705,230.02107,MaxDS_Even,1999,11
12/31/1999,1,18.130374,326.72748,MaxDS_Even,1999,12
1/31/2000,1,165.9049705,1386.3363,MaxDS_Even,2000,1
2/29/2000,2,172.9175665,1043.7126,MaxDS_Even,2000,2
3/31/2000,2,57.8269285,255.07767,MaxDS_Even,2000,3
4/30/2000,2,28.698015,224.10762,MaxDS_Even,2000,4
5/31/2000,2,26.065437,217.89644,MaxDS_Even,2000,5
6/30/2000,2,24.4263135,238.64542,MaxDS_Even,2000,6
7/31/2000,2,23.235978,221.30717,MaxDS_Even,2000,7
8/31/2000,2,20.565798,274.5156,MaxDS_Even,2000,8
9/30/2000,2,20.5202865,335.02145,MaxDS_Even,2000,9
10/31/2000,2,19.87614,276.91376,MaxDS_Even,2000,10
11/30/2000,2,20.4160245,229.3088,MaxDS_Even,2000,11
12/31/2000,2,18.763509,345.30984,MaxDS_Even,2000,12
1/31/2001,2,98.3952421,1211.9524,MaxDS_Even,2001,1
2/28/2001,4,164.1281095,1330.479,MaxDS_Even,2001,2
3/31/2001,4,74.0047027,356.67337,MaxDS_Even,2001,3
4/30/2001,4,30.158688,239.30069,MaxDS_Even,2001,4
5/31/2001,4,36.4733719,249.40547,MaxDS_Even,2001,5
6/30/2001,4,32.5869865,301.67242,MaxDS_Even,2001,6
7/31/2001,4,31.6693435,381.81445,MaxDS_Even,2001,7
8/31/2001,4,43.028788,763.023,MaxDS_Even,2001,8
9/30/2001,4,85.301014,1193.9333,MaxDS_Even,2001,9
10/31/2001,4,148.3107235,1858.1053,MaxDS_Even,2001,10
11/30/2001,4,186.0809755,1785.3075,MaxDS_Even,2001,11
12/31/2001,4,168.7713295,1728.5553,MaxDS_Even,2001,12
1/31/2002,4,123.7666945,755.2283,MaxDS_Even,2002,1
2/28/2002,3,28.87353,240.88641,MaxDS_Even,2002,2
3/31/2002,3,27.5633325,234.05191,MaxDS_Even,2002,3
4/30/2002,3,25.4068065,244.58708,MaxDS_Even,2002,4
5/31/2002,4,28.125765,255.60959,MaxDS_Even,2002,5
6/30/2002,4,29.892321,301.1494,MaxDS_Even,2002,6
7/31/2002,4,29.85876,392.96448,MaxDS_Even,2002,7
8/31/2002,4,47.01660775,877.30475,MaxDS_Even,2002,8
9/30/2002,4,90.027112,1269.6881,MaxDS_Even,2002,9
10/31/2002,4,138.2011864,1730.351,MaxDS_Even,2002,10
11/30/2002,4,168.553903,1742.6843,MaxDS_Even,2002,11
12/31/2002,4,156.9977401,1724.6488,MaxDS_Even,2002,12
1/31/2003,4,104.1641665,658.3717,MaxDS_Even,2003,1
2/28/2003,2,28.14219,215.86069,MaxDS_Even,2003,2
3/31/2003,3,25.310319,231.27477,MaxDS_Even,2003,3
4/30/2003,3,25.3916055,244.94617,MaxDS_Even,2003,4
5/31/2003,2,27.985551,236.38005,MaxDS_Even,2003,5
6/30/2003,2,25.211112,219.3288,MaxDS_Even,2003,6
7/31/2003,2,21.286008,214.18677,MaxDS_Even,2003,7
8/31/2003,2,20.7399495,312.14847,MaxDS_Even,2003,8
9/30/2003,2,20.492778,376.13458,MaxDS_Even,2003,9
10/31/2003,2,18.4544625,308.5568,MaxDS_Even,2003,10
11/30/2003,2,18.228852,230.65343,MaxDS_Even,2003,11
12/31/2003,2,18.1553235,357.69324,MaxDS_Even,2003,12
1/31/2004,2,55.6032673,542.0955,MaxDS_Even,2004,1
2/29/2004,3,28.916277,279.94623,MaxDS_Even,2004,2
3/31/2004,2,27.676584,245.15663,MaxDS_Even,2004,3
4/30/2004,3,26.3757225,237.59485,MaxDS_Even,2004,4
5/31/2004,3,28.092924,243.83131,MaxDS_Even,2004,5
6/30/2004,3,29.68182,277.8614,MaxDS_Even,2004,6
7/31/2004,3,29.00559,384.42172,MaxDS_Even,2004,7
8/31/2004,3,38.862943,756.4293,MaxDS_Even,2004,8
9/30/2004,3,80.4392332,1319.6809,MaxDS_Even,2004,9
10/31/2004,3,168.6286414,1689.5651,MaxDS_Even,2004,10
11/30/2004,3,155.941114,1645.7708,MaxDS_Even,2004,11
12/31/2004,3,148.6296214,1709.3981,MaxDS_Even,2004,12
1/31/2005,3,164.121013,962.684,MaxDS_Even,2005,1
2/28/2005,3,55.3976455,322.43262,MaxDS_Even,2005,2
3/31/2005,3,43.35236275,242.38248,MaxDS_Even,2005,3
4/30/2005,3,40.43791,232.02579,MaxDS_Even,2005,4
5/31/2005,3,27.416817,231.47438,MaxDS_Even,2005,5
6/30/2005,3,21.4364505,211.36647,MaxDS_Even,2005,6
7/31/2005,3,17.6259795,193.06635,MaxDS_Even,2005,7
8/31/2005,3,20.376936,247.62737,MaxDS_Even,2005,8
9/30/2005,3,51.57457,756.49963,MaxDS_Even,2005,9
10/31/2005,3,97.16965945,1320.4757,MaxDS_Even,2005,10
11/30/2005,3,77.609548,1111.9094,MaxDS_Even,2005,11
12/31/2005,3,131.491021,1608.2284,MaxDS_Even,2005,12
1/31/2006,3,67.1891671,406.6473,MaxDS_Even,2006,1
2/28/2006,1,22.093785,207.22078,MaxDS_Even,2006,2
3/31/2006,1,24.71202,204.81142,MaxDS_Even,2006,3
4/30/2006,1,29.4273795,199.48892,MaxDS_Even,2006,4
5/31/2006,1,17.6799,181.80923,MaxDS_Even,2006,5
6/30/2006,1,14.2293345,171.52136,MaxDS_Even,2006,6
7/31/2006,1,15.739359,167.66153,MaxDS_Even,2006,7
8/31/2006,1,19.975095,199.20221,MaxDS_Even,2006,8
9/30/2006,1,16.650585,266.32104,MaxDS_Even,2006,9
10/31/2006,1,19.7293785,254.32643,MaxDS_Even,2006,10
11/30/2006,1,24.0568995,240.7531,MaxDS_Even,2006,11
12/31/2006,1,20.044086,378.10452,MaxDS_Even,2006,12
1/31/2007,1,97.269532,921.26013,MaxDS_Even,2007,1
2/28/2007,3,113.6790796,908.3078,MaxDS_Even,2007,2
3/31/2007,3,90.73908475,452.00217,MaxDS_Even,2007,3
4/30/2007,4,40.1342083,244.69035,MaxDS_Even,2007,4
5/31/2007,4,33.05964475,269.13675,MaxDS_Even,2007,5
6/30/2007,4,33.64646545,329.0403,MaxDS_Even,2007,6
7/31/2007,4,32.970853,434.73123,MaxDS_Even,2007,7
8/31/2007,4,68.59697305,1435.7618,MaxDS_Even,2007,8
9/30/2007,4,145.3820065,1594.1553,MaxDS_Even,2007,9
10/31/2007,4,152.9791261,1774.0203,MaxDS_Even,2007,10
11/30/2007,4,159.16323,1628.9478,MaxDS_Even,2007,11
12/31/2007,4,165.2270296,1810.1011,MaxDS_Even,2007,12
1/31/2008,4,184.853737,1496.1927,MaxDS_Even,2008,1
2/29/2008,3,104.933809,460.11884,MaxDS_Even,2008,2
3/31/2008,4,38.1568726,248.80045,MaxDS_Even,2008,3
4/30/2008,4,32.68275505,241.80597,MaxDS_Even,2008,4
5/31/2008,5,30.8459785,267.1632,MaxDS_Even,2008,5
6/30/2008,5,35.21689525,371.79214,MaxDS_Even,2008,6
7/31/2008,5,45.01103995,507.86588,MaxDS_Even,2008,7
8/31/2008,5,52.7120848,921.48706,MaxDS_Even,2008,8
9/30/2008,5,106.5614041,1454.6306,MaxDS_Even,2008,9
10/31/2008,5,184.269202,2044.2972,MaxDS_Even,2008,10
11/30/2008,5,222.5755675,2099.9285,MaxDS_Even,2008,11
12/31/2008,5,208.450939,2178.077,MaxDS_Even,2008,12
1/31/2009,5,220.992193,1714.8506,MaxDS_Even,2009,1
2/28/2009,5,178.8401088,1428.8711,MaxDS_Even,2009,2
3/31/2009,4,113.4999286,569.935,MaxDS_Even,2009,3
4/30/2009,4,37.22130595,249.07892,MaxDS_Even,2009,4
5/31/2009,4,28.986942,243.45578,MaxDS_Even,2009,5
6/30/2009,4,28.38339,262.38235,MaxDS_Even,2009,6
7/31/2009,4,27.4824,284.4831,MaxDS_Even,2009,7
8/31/2009,4,24.401463,378.00803,MaxDS_Even,2009,8
9/30/2009,4,41.81629825,738.6364,MaxDS_Even,2009,9
10/31/2009,4,109.675981,1622.8351,MaxDS_Even,2009,10
11/30/2009,4,170.869129,1675.2443,MaxDS_Even,2009,11
12/31/2009,4,123.3988593,1482.0698,MaxDS_Even,2009,12
1/31/2010,4,198.3410058,1781.5658,MaxDS_Even,2010,1
2/28/2010,3,121.474411,584.7181,MaxDS_Even,2010,2
3/31/2010,4,40.1760691,247.33449,MaxDS_Even,2010,3
4/30/2010,4,27.946641,241.49411,MaxDS_Even,2010,4
5/31/2010,3,28.195638,236.77516,MaxDS_Even,2010,5
6/30/2010,3,28.183809,225.4925,MaxDS_Even,2010,6
7/31/2010,3,25.423455,217.87245,MaxDS_Even,2010,7
8/31/2010,3,24.1931655,414.85062,MaxDS_Even,2010,8
9/30/2010,3,80.61627805,1342.6947,MaxDS_Even,2010,9
10/31/2010,3,137.5546525,1682.4156,MaxDS_Even,2010,10
11/30/2010,3,95.95877425,915.1762,MaxDS_Even,2010,11
12/31/2010,3,64.806379,727.55585,MaxDS_Even,2010,12
1/31/2011,3,52.79882455,347.26584,MaxDS_Even,2011,1
2/28/2011,2,27.9162825,202.52013,MaxDS_Even,2011,2
3/31/2011,2,30.4527355,217.05785,MaxDS_Even,2011,3
4/30/2011,1,23.600565,223.81075,MaxDS_Even,2011,4
5/31/2011,1,19.443654,197.15364,MaxDS_Even,2011,5
6/30/2011,1,17.2951515,188.04855,MaxDS_Even,2011,6
7/31/2011,1,17.6098245,178.77051,MaxDS_Even,2011,7
8/31/2011,1,16.550748,184.0125,MaxDS_Even,2011,8
9/30/2011,1,17.8603365,223.57872,MaxDS_Even,2011,9
10/31/2011,1,17.3586615,245.26561,MaxDS_Even,2011,10
11/30/2011,1,18.299751,229.23412,MaxDS_Even,2011,11
12/31/2011,1,20.6665125,346.84406,MaxDS_Even,2011,12
1/31/2012,1,118.1999406,1125.2047,MaxDS_Even,2012,1
2/29/2012,4,159.5979775,1335.35,MaxDS_Even,2012,2
3/31/2012,4,80.8828585,539.52844,MaxDS_Even,2012,3
4/30/2012,3,41.7939115,291.59537,MaxDS_Even,2012,4
5/31/2012,3,27.803874,225.25267,MaxDS_Even,2012,5
6/30/2012,3,26.75328,232.43658,MaxDS_Even,2012,6
7/31/2012,3,25.2609855,335.2252,MaxDS_Even,2012,7
8/31/2012,3,31.4937094,734.6568,MaxDS_Even,2012,8
9/30/2012,3,66.2254567,1135.4022,MaxDS_Even,2012,9
10/31/2012,3,152.764524,1664.1337,MaxDS_Even,2012,10
11/30/2012,3,150.031981,1673.2344,MaxDS_Even,2012,11
12/31/2012,3,169.91398,1737.775,MaxDS_Even,2012,12
1/31/2013,3,88.98527455,494.56604,MaxDS_Even,2013,1
2/28/2013,2,22.9174695,228.90723,MaxDS_Even,2013,2
3/31/2013,3,26.3361105,250.81055,MaxDS_Even,2013,3
4/30/2013,4,24.8979075,258.8124,MaxDS_Even,2013,4
5/31/2013,4,29.83707,290.11194,MaxDS_Even,2013,5
6/30/2013,4,35.994532,324.3233,MaxDS_Even,2013,6
7/31/2013,4,32.33283775,370.64587,MaxDS_Even,2013,7
8/31/2013,4,52.4185405,1044.7028,MaxDS_Even,2013,8
9/30/2013,4,105.4397125,1227.7415,MaxDS_Even,2013,9
10/31/2013,4,159.495805,1778.3707,MaxDS_Even,2013,10
11/30/2013,4,175.036684,1574.9987,MaxDS_Even,2013,11
12/31/2013,4,166.4245711,1786.5491,MaxDS_Even,2013,12
1/31/2014,4,201.1449925,1754.2144,MaxDS_Even,2014,1
2/28/2014,5,172.992265,1698.8374,MaxDS_Even,2014,2
3/31/2014,5,159.9354631,1106.6937,MaxDS_Even,2014,3
4/30/2014,5,73.3709995,391.0925,MaxDS_Even,2014,4
5/31/2014,5,39.90133195,274.89688,MaxDS_Even,2014,5
6/30/2014,5,46.6316896,486.3379,MaxDS_Even,2014,6
7/31/2014,5,90.19197595,1120.7621,MaxDS_Even,2014,7
8/31/2014,5,165.339388,1653.3215,MaxDS_Even,2014,8
9/30/2014,5,185.9000689,1535.4872,MaxDS_Even,2014,9
10/31/2014,5,195.621493,1745.371,MaxDS_Even,2014,10
11/30/2014,5,224.9859664,2064.6443,MaxDS_Even,2014,11
12/31/2014,5,224.0274145,1709.1232,MaxDS_Even,2014,12
1/31/2015,5,97.7953741,585.7902,MaxDS_Even,2015,1
2/28/2015,5,28.809825,284.33167,MaxDS_Even,2015,2
3/31/2015,5,32.11535425,373.56595,MaxDS_Even,2015,3
4/30/2015,5,46.2296059,268.43875,MaxDS_Even,2015,4
5/31/2015,5,46.673197,318.7829,MaxDS_Even,2015,5
6/30/2015,5,56.5279954,441.11932,MaxDS_Even,2015,6
7/31/2015,5,59.7079171,437.49792,MaxDS_Even,2015,7
8/31/2015,5,46.6683064,586.7394,MaxDS_Even,2015,8
9/30/2015,5,73.4018422,969.4953,MaxDS_Even,2015,9
10/31/2015,5,134.9321595,1662.3224,MaxDS_Even,2015,10
11/30/2015,5,211.2169039,2162.6477,MaxDS_Even,2015,11
12/31/2015,5,221.5541361,1528.5223,MaxDS_Even,2015,12
1/31/2016,5,215.9250726,2278.7258,MaxDS_Even,2016,1
2/29/2016,3,211.172518,730.4047,MaxDS_Even,2016,2
3/31/2016,4,54.5515831,245.39438,MaxDS_Even,2016,3
4/30/2016,3,27.3668205,245.79877,MaxDS_Even,2016,4
5/31/2016,3,27.354726,240.12372,MaxDS_Even,2016,5
6/30/2016,3,28.08957,247.31445,MaxDS_Even,2016,6
7/31/2016,3,25.3185465,377.76224,MaxDS_Even,2016,7
8/31/2016,3,38.42661655,760.3723,MaxDS_Even,2016,8
9/30/2016,3,75.3778897,1177.7201,MaxDS_Even,2016,9
10/31/2016,3,172.566931,1779.8527,MaxDS_Even,2016,10
11/30/2016,3,181.8596125,1699.294,MaxDS_Even,2016,11
12/31/2016,3,165.3081948,1809.7491,MaxDS_Even,2016,12
1/31/2017,3,114.2322076,637.3295,MaxDS_Even,2017,1
2/28/2017,1,38.658256,226.33598,MaxDS_Even,2017,2
3/31/2017,1,20.6319195,201.13338,MaxDS_Even,2017,3
4/30/2017,1,19.6478355,170.84854,MaxDS_Even,2017,4
5/31/2017,1,15.7278105,173.06184,MaxDS_Even,2017,5
6/30/2017,1,14.465961,175.46089,MaxDS_Even,2017,6
7/31/2017,1,14.969304,170.65118,MaxDS_Even,2017,7
8/31/2017,1,18.017925,206.24214,MaxDS_Even,2017,8
9/30/2017,1,18.45756,251.96611,MaxDS_Even,2017,9
10/31/2017,1,21.027132,247.64842,MaxDS_Even,2017,10
11/30/2017,1,26.8968105,241.38004,MaxDS_Even,2017,11
12/31/2017,1,18.413079,249.25504,MaxDS_Even,2017,12
1/31/2018,1,65.94608545,900.05646,MaxDS_Even,2018,1
2/28/2018,3,132.4107445,965.5586,MaxDS_Even,2018,2
3/31/2018,3,47.7957265,305.84763,MaxDS_Even,2018,3
4/30/2018,3,38.81971705,257.2676,MaxDS_Even,2018,4
5/31/2018,3,30.0320025,231.11736,MaxDS_Even,2018,5
6/30/2018,3,27.0691125,223.92142,MaxDS_Even,2018,6
7/31/2018,3,24.891222,327.44193,MaxDS_Even,2018,7
8/31/2018,3,33.27749875,717.22546,MaxDS_Even,2018,8
9/30/2018,3,59.3506525,1036.0297,MaxDS_Even,2018,9
10/31/2018,3,148.620832,1687.8655,MaxDS_Even,2018,10
11/30/2018,3,158.9348395,1701.921,MaxDS_Even,2018,11
12/31/2018,3,169.696924,1735.5671,MaxDS_Even,2018,12
1/31/2019,3,222.7128805,1494.4532,MaxDS_Even,2019,1
2/28/2019,3,95.36555245,499.00803,MaxDS_Even,2019,2
3/31/2019,2,37.8850567,233.22029,MaxDS_Even,2019,3
4/30/2019,1,28.3901775,223.3741,MaxDS_Even,2019,4
5/31/2019,1,23.826732,193.85352,MaxDS_Even,2019,5
6/30/2019,1,20.1300525,192.0087,MaxDS_Even,2019,6
7/31/2019,1,17.7127785,172.60957,MaxDS_Even,2019,7
8/31/2019,1,17.7983235,201.15901,MaxDS_Even,2019,8
9/30/2019,1,19.1975445,239.27066,MaxDS_Even,2019,9
10/31/2019,1,20.215791,259.93427,MaxDS_Even,2019,10
11/30/2019,1,22.233042,233.72482,MaxDS_Even,2019,11
12/31/2019,1,19.7504625,366.78107,MaxDS_Even,2019,12
1/31/2020,1,59.8283524,532.2972,MaxDS_Even,2020,1
2/29/2020,3,35.217052,433.80728,MaxDS_Even,2020,2
3/31/2020,4,43.53949945,410.9257,MaxDS_Even,2020,3
4/30/2020,4,37.8371083,318.10165,MaxDS_Even,2020,4
5/31/2020,4,44.79563695,298.7368,MaxDS_Even,2020,5
6/30/2020,4,39.4182712,314.68777,MaxDS_Even,2020,6
7/31/2020,4,31.138759,397.3913,MaxDS_Even,2020,7
8/31/2020,4,41.7122134,770.2378,MaxDS_Even,2020,8
9/30/2020,4,78.68817325,1100.1842,MaxDS_Even,2020,9
10/31/2020,4,135.8843958,1764.0924,MaxDS_Even,2020,10
11/30/2020,4,182.0398009,1809.0125,MaxDS_Even,2020,11
12/31/2020,4,184.9559551,1807.6447,MaxDS_Even,2020,12
1/31/2021,4,207.197338,1782.2693,MaxDS_Even,2021,1
2/28/2021,5,177.2634175,841.4163,MaxDS_Even,2021,2
3/31/2021,5,77.057788,535.03705,MaxDS_Even,2021,3
4/30/2021,5,63.90203125,576.4908,MaxDS_Even,2021,4
5/31/2021,5,73.3464211,730.79065,MaxDS_Even,2021,5
6/30/2021,5,106.7529355,1182.8834,MaxDS_Even,2021,6
7/31/2021,5,153.701014,1346.971,MaxDS_Even,2021,7
8/31/2021,5,127.450006,1164.4794,MaxDS_Even,2021,8
9/30/2021,5,143.0274505,1358.8975,MaxDS_Even,2021,9
11/30/1920,NA,NA,NA,MaxDS_Hist,1920,11
12/31/1920,NA,NA,NA,MaxDS_Hist,1920,12
1/31/1921,NA,NA,NA,MaxDS_Hist,1921,1
2/28/1921,NA,NA,NA,MaxDS_Hist,1921,2
3/31/1921,5,NA,NA,MaxDS_Hist,1921,3
4/30/1921,5,NA,NA,MaxDS_Hist,1921,4
5/31/1921,2,NA,NA,MaxDS_Hist,1921,5
6/30/1921,2,NA,NA,MaxDS_Hist,1921,6
7/31/1921,2,NA,NA,MaxDS_Hist,1921,7
8/31/1921,2,NA,NA,MaxDS_Hist,1921,8
9/30/1921,2,NA,NA,MaxDS_Hist,1921,9
10/31/1921,2,NA,NA,MaxDS_Hist,1921,10
11/30/1921,2,30.68037925,219.66287,MaxDS_Hist,1921,11
12/31/1921,2,20.303715,472.31808,MaxDS_Hist,1921,12
1/31/1922,2,145.7614555,1111.218,MaxDS_Hist,1922,1
2/28/1922,3,70.56539395,471.16837,MaxDS_Hist,1922,2
3/31/1922,3,61.92748,273.36276,MaxDS_Hist,1922,3
4/30/1922,2,39.048364,239.116,MaxDS_Hist,1922,4
5/31/1922,2,28.73091,232.36401,MaxDS_Hist,1922,5
6/30/1922,2,21.88497,214.66035,MaxDS_Hist,1922,6
7/31/1922,2,18.774009,201.573,MaxDS_Hist,1922,7
8/31/1922,2,19.7596965,227.09566,MaxDS_Hist,1922,8
9/30/1922,2,19.3910775,335.10052,MaxDS_Hist,1922,9
10/31/1922,2,17.623833,257.6822,MaxDS_Hist,1922,10
11/30/1922,2,17.48961,232.28188,MaxDS_Hist,1922,11
12/31/1922,2,20.528703,359.71725,MaxDS_Hist,1922,12
1/31/1923,2,34.55712025,434.07736,MaxDS_Hist,1923,1
2/28/1923,2,30.16818,232.85995,MaxDS_Hist,1923,2
3/31/1923,3,32.04074695,235.47218,MaxDS_Hist,1923,3
4/30/1923,4,30.9305551,245.85562,MaxDS_Hist,1923,4
5/31/1923,3,32.69484475,242.95605,MaxDS_Hist,1923,5
6/30/1923,3,28.243845,223.34348,MaxDS_Hist,1923,6
7/31/1923,3,27.5059845,266.6388,MaxDS_Hist,1923,7
8/31/1923,3,28.9420575,697.54767,MaxDS_Hist,1923,8
9/30/1923,3,62.93377225,907.75854,MaxDS_Hist,1923,9
10/31/1923,3,121.26049,1683.8341,MaxDS_Hist,1923,10
11/30/1923,3,145.8287155,1408.5403,MaxDS_Hist,1923,11
12/31/1923,3,141.093412,1772.3711,MaxDS_Hist,1923,12
1/31/1924,3,196.3655425,1827.926,MaxDS_Hist,1924,1
2/29/1924,5,175.008318,1269.857,MaxDS_Hist,1924,2
3/31/1924,5,87.2135749,645.8146,MaxDS_Hist,1924,3
4/30/1924,5,75.9402175,406.0868,MaxDS_Hist,1924,4
5/31/1924,5,68.9023135,600.09296,MaxDS_Hist,1924,5
6/30/1924,5,88.6375318,1086.3229,MaxDS_Hist,1924,6
7/31/1924,5,160.5922855,1329.509,MaxDS_Hist,1924,7
8/31/1924,5,153.47005,1254.8098,MaxDS_Hist,1924,8
9/30/1924,5,152.1093175,1323.822,MaxDS_Hist,1924,9
10/31/1924,5,164.394841,1417.8354,MaxDS_Hist,1924,10
11/30/1924,5,188.3668465,2168.1648,MaxDS_Hist,1924,11
12/31/1924,5,221.6991925,2309.063,MaxDS_Hist,1924,12
1/31/1925,5,208.4778316,1559.5565,MaxDS_Hist,1925,1
2/28/1925,5,122.0669545,1002.3507,MaxDS_Hist,1925,2
3/31/1925,4,66.1395007,438.53516,MaxDS_Hist,1925,3
4/30/1925,4,27.98589,245.77171,MaxDS_Hist,1925,4
5/31/1925,4,29.2142895,245.98685,MaxDS_Hist,1925,5
6/30/1925,4,29.199408,235.55254,MaxDS_Hist,1925,6
7/31/1925,4,26.1612195,258.83337,MaxDS_Hist,1925,7
8/31/1925,4,30.006735,627.0763,MaxDS_Hist,1925,8
9/30/1925,4,76.2467464,1083.53,MaxDS_Hist,1925,9
10/31/1925,4,139.723987,1762.5802,MaxDS_Hist,1925,10
11/30/1925,4,172.015114,1636.6885,MaxDS_Hist,1925,11
12/31/1925,4,165.6706891,1749.0128,MaxDS_Hist,1925,12
1/31/1926,4,202.0864131,1609.0211,MaxDS_Hist,1926,1
2/28/1926,5,141.8620855,1019.15674,MaxDS_Hist,1926,2
3/31/1926,4,61.700449,325.82016,MaxDS_Hist,1926,3
4/30/1926,5,51.6053956,244.26904,MaxDS_Hist,1926,4
5/31/1926,4,40.52228995,246.24113,MaxDS_Hist,1926,5
6/30/1926,4,29.1804705,254.46556,MaxDS_Hist,1926,6
7/31/1926,4,27.3511875,376.22525,MaxDS_Hist,1926,7
8/31/1926,4,36.4484116,676.50946,MaxDS_Hist,1926,8
9/30/1926,4,78.504505,1070.1014,MaxDS_Hist,1926,9
10/31/1926,4,130.095034,1705.2587,MaxDS_Hist,1926,10
11/30/1926,4,178.865887,1822.8958,MaxDS_Hist,1926,11
12/31/1926,4,146.3936425,1276.588,MaxDS_Hist,1926,12
1/31/1927,4,113.543431,894.9196,MaxDS_Hist,1927,1
2/28/1927,3,76.4586781,593.53345,MaxDS_Hist,1927,2
3/31/1927,1,26.3821695,240.03899,MaxDS_Hist,1927,3
4/30/1927,1,24.38262,233.67198,MaxDS_Hist,1927,4
5/31/1927,1,29.678673,221.40282,MaxDS_Hist,1927,5
6/30/1927,1,25.0095795,213.92497,MaxDS_Hist,1927,6
7/31/1927,1,24.9431025,194.08018,MaxDS_Hist,1927,7
8/31/1927,1,20.445309,219.452,MaxDS_Hist,1927,8
9/30/1927,1,18.67758,311.6593,MaxDS_Hist,1927,9
10/31/1927,1,18.8802015,245.92722,MaxDS_Hist,1927,10
11/30/1927,1,17.3064495,221.07126,MaxDS_Hist,1927,11
12/31/1927,1,21.877389,396.40646,MaxDS_Hist,1927,12
1/31/1928,1,147.4968063,1294.6144,MaxDS_Hist,1928,1
2/29/1928,3,161.0033781,899.5477,MaxDS_Hist,1928,2
3/31/1928,3,47.454268,295.68066,MaxDS_Hist,1928,3
4/30/1928,2,26.1550755,239.4489,MaxDS_Hist,1928,4
5/31/1928,2,28.018629,227.63817,MaxDS_Hist,1928,5
6/30/1928,2,27.173121,239.76518,MaxDS_Hist,1928,6
7/31/1928,2,25.161159,232.04791,MaxDS_Hist,1928,7
8/31/1928,2,19.108527,245.8178,MaxDS_Hist,1928,8
9/30/1928,2,18.366273,306.30945,MaxDS_Hist,1928,9
10/31/1928,2,18.649278,255.62776,MaxDS_Hist,1928,10
11/30/1928,2,17.16867,251.75793,MaxDS_Hist,1928,11
12/31/1928,2,23.415051,562.86066,MaxDS_Hist,1928,12
1/31/1929,2,136.933267,1305.6731,MaxDS_Hist,1929,1
2/28/1929,4,182.735047,1090.6833,MaxDS_Hist,1929,2
3/31/1929,5,69.6283339,459.719,MaxDS_Hist,1929,3
4/30/1929,5,42.39430675,329.47284,MaxDS_Hist,1929,4
5/31/1929,5,55.1530585,368.45782,MaxDS_Hist,1929,5
6/30/1929,5,60.349435,611.779,MaxDS_Hist,1929,6
7/31/1929,5,121.4361925,1313.9739,MaxDS_Hist,1929,7
8/31/1929,5,216.107407,1862.3215,MaxDS_Hist,1929,8
9/30/1929,5,210.366481,1784.2626,MaxDS_Hist,1929,9
10/31/1929,5,196.9493166,1664.188,MaxDS_Hist,1929,10
11/30/1929,5,208.0724305,1836.1787,MaxDS_Hist,1929,11
12/31/1929,5,221.1858334,2050.8938,MaxDS_Hist,1929,12
1/31/1930,5,186.2099808,1317.7941,MaxDS_Hist,1930,1
2/28/1930,4,83.19630895,503.46292,MaxDS_Hist,1930,2
3/31/1930,4,38.6977342,273.40942,MaxDS_Hist,1930,3
4/30/1930,4,27.815982,243.79887,MaxDS_Hist,1930,4
5/31/1930,4,31.0952965,247.38443,MaxDS_Hist,1930,5
6/30/1930,4,45.72441775,295.48013,MaxDS_Hist,1930,6
7/31/1930,4,31.3745794,366.95203,MaxDS_Hist,1930,7
8/31/1930,4,34.9321147,599.34875,MaxDS_Hist,1930,8
9/30/1930,4,61.53513475,917.8959,MaxDS_Hist,1930,9
10/31/1930,4,124.6297885,1635.8806,MaxDS_Hist,1930,10
11/30/1930,4,184.1741716,1901.4329,MaxDS_Hist,1930,11
12/31/1930,4,210.1145296,1942.2871,MaxDS_Hist,1930,12
1/31/1931,4,204.80881,1724.9855,MaxDS_Hist,1931,1
2/28/1931,5,192.6190351,1089.2687,MaxDS_Hist,1931,2
3/31/1931,5,87.67766605,669.4269,MaxDS_Hist,1931,3
4/30/1931,5,87.7122394,674.3516,MaxDS_Hist,1931,4
5/31/1931,5,86.49893455,834.78296,MaxDS_Hist,1931,5
6/30/1931,5,111.3903985,1325.5916,MaxDS_Hist,1931,6
7/31/1931,5,152.9989906,1382.0355,MaxDS_Hist,1931,7
8/31/1931,5,128.643415,1400.2185,MaxDS_Hist,1931,8
9/30/1931,5,159.4066713,1722.453,MaxDS_Hist,1931,9
10/31/1931,5,205.1442265,1747.9156,MaxDS_Hist,1931,10
11/30/1931,5,232.554529,1964.5084,MaxDS_Hist,1931,11
12/31/1931,5,229.3511775,2043.3195,MaxDS_Hist,1931,12
1/31/1932,5,195.623488,1132.4982,MaxDS_Hist,1932,1
2/29/1932,4,59.17017625,400.00238,MaxDS_Hist,1932,2
3/31/1932,5,42.5988541,282.8043,MaxDS_Hist,1932,3
4/30/1932,5,34.05640375,255.1665,MaxDS_Hist,1932,4
5/31/1932,5,66.18972055,291.46954,MaxDS_Hist,1932,5
6/30/1932,5,39.6269596,264.94354,MaxDS_Hist,1932,6
7/31/1932,5,29.67507,399.49484,MaxDS_Hist,1932,7
8/31/1932,5,57.4917229,937.6398,MaxDS_Hist,1932,8
9/30/1932,5,124.117615,1310.2699,MaxDS_Hist,1932,9
10/31/1932,5,174.04135,1646.3275,MaxDS_Hist,1932,10
11/30/1932,5,192.940327,2008.5443,MaxDS_Hist,1932,11
12/31/1932,5,210.3678775,2271.3962,MaxDS_Hist,1932,12
1/31/1933,5,221.866687,1674.3325,MaxDS_Hist,1933,1
2/28/1933,5,161.952106,1149.5504,MaxDS_Hist,1933,2
3/31/1933,5,130.271449,828.8859,MaxDS_Hist,1933,3
4/30/1933,5,99.635716,563.1081,MaxDS_Hist,1933,4
5/31/1933,5,83.155705,589.99097,MaxDS_Hist,1933,5
6/30/1933,5,86.5810345,805.3601,MaxDS_Hist,1933,6
7/31/1933,5,126.3672169,1338.4623,MaxDS_Hist,1933,7
8/31/1933,5,177.1893061,1663.8582,MaxDS_Hist,1933,8
9/30/1933,5,166.7617575,1629.2496,MaxDS_Hist,1933,9
10/31/1933,5,187.7738613,1561.8925,MaxDS_Hist,1933,10
11/30/1933,5,193.4976588,1932.863,MaxDS_Hist,1933,11
12/31/1933,5,225.002656,2109.97,MaxDS_Hist,1933,12
1/31/1934,5,202.083811,1462.1678,MaxDS_Hist,1934,1
2/28/1934,5,110.4639063,823.40546,MaxDS_Hist,1934,2
3/31/1934,5,65.54440075,411.19122,MaxDS_Hist,1934,3
4/30/1934,5,35.5869934,342.73984,MaxDS_Hist,1934,4
5/31/1934,5,54.55175695,459.94113,MaxDS_Hist,1934,5
6/30/1934,5,70.62415525,947.5881,MaxDS_Hist,1934,6
7/31/1934,5,153.2017225,1777.661,MaxDS_Hist,1934,7
8/31/1934,5,203.4277285,1949.0917,MaxDS_Hist,1934,8
9/30/1934,5,180.4766329,1696.8442,MaxDS_Hist,1934,9
10/31/1934,5,201.418507,1725.5255,MaxDS_Hist,1934,10
11/30/1934,5,219.774844,2047.9664,MaxDS_Hist,1934,11
12/31/1934,5,229.3809685,1849.8639,MaxDS_Hist,1934,12
1/31/1935,5,193.016308,1712.6617,MaxDS_Hist,1935,1
2/28/1935,4,135.7405563,675.0871,MaxDS_Hist,1935,2
3/31/1935,4,40.721029,253.27641,MaxDS_Hist,1935,3
4/30/1935,4,29.075244,256.87338,MaxDS_Hist,1935,4
5/31/1935,3,28.2015195,238.49507,MaxDS_Hist,1935,5
6/30/1935,3,28.860465,227.10023,MaxDS_Hist,1935,6
7/31/1935,3,24.2896425,258.911,MaxDS_Hist,1935,7
8/31/1935,3,23.034435,500.6839,MaxDS_Hist,1935,8
9/30/1935,3,65.0876227,1050.7079,MaxDS_Hist,1935,9
10/31/1935,3,145.8038635,1769.1355,MaxDS_Hist,1935,10
11/30/1935,3,175.2981715,1368.3743,MaxDS_Hist,1935,11
12/31/1935,3,138.0148135,1760.412,MaxDS_Hist,1935,12
1/31/1936,3,197.4607975,1638.4558,MaxDS_Hist,1936,1
2/29/1936,3,89.63259505,471.03354,MaxDS_Hist,1936,2
3/31/1936,2,45.039235,236.21974,MaxDS_Hist,1936,3
4/30/1936,3,36.15556555,234.28693,MaxDS_Hist,1936,4
5/31/1936,3,32.18226655,220.6298,MaxDS_Hist,1936,5
6/30/1936,3,25.216521,234.77867,MaxDS_Hist,1936,6
7/31/1936,3,26.0469015,281.70724,MaxDS_Hist,1936,7
8/31/1936,3,31.12218625,736.2034,MaxDS_Hist,1936,8
9/30/1936,3,88.0272442,1302.2179,MaxDS_Hist,1936,9
10/31/1936,3,127.948699,1781.4076,MaxDS_Hist,1936,10
11/30/1936,3,118.7853876,1207.4854,MaxDS_Hist,1936,11
12/31/1936,3,112.7261365,1469.3206,MaxDS_Hist,1936,12
1/31/1937,3,198.1307755,1734.1112,MaxDS_Hist,1937,1
2/28/1937,4,162.8694811,1191.6918,MaxDS_Hist,1937,2
3/31/1937,4,100.8500725,421.36426,MaxDS_Hist,1937,3
4/30/1937,3,58.135384,243.09158,MaxDS_Hist,1937,4
5/31/1937,3,30.9476266,227.09692,MaxDS_Hist,1937,5
6/30/1937,3,25.2586695,230.73885,MaxDS_Hist,1937,6
7/31/1937,3,25.0136745,275.8853,MaxDS_Hist,1937,7
8/31/1937,3,26.875296,586.8951,MaxDS_Hist,1937,8
9/30/1937,3,78.5817571,1190.2195,MaxDS_Hist,1937,9
10/31/1937,3,144.148099,1715.7349,MaxDS_Hist,1937,10
11/30/1937,3,152.0203975,1687.2097,MaxDS_Hist,1937,11
12/31/1937,3,163.3258915,1541.0796,MaxDS_Hist,1937,12
1/31/1938,3,71.3457268,462.30695,MaxDS_Hist,1938,1
2/28/1938,2,27.156153,224.27702,MaxDS_Hist,1938,2
3/31/1938,1,26.255544,212.02103,MaxDS_Hist,1938,3
4/30/1938,1,16.1648025,196.00279,MaxDS_Hist,1938,4
5/31/1938,1,15.420975,172.50172,MaxDS_Hist,1938,5
6/30/1938,1,13.22292,168.72372,MaxDS_Hist,1938,6
7/31/1938,1,13.3789965,169.92168,MaxDS_Hist,1938,7
8/31/1938,1,15.7639275,172.52663,MaxDS_Hist,1938,8
9/30/1938,1,17.450454,256.88583,MaxDS_Hist,1938,9
10/31/1938,1,16.058979,247.31517,MaxDS_Hist,1938,10
11/30/1938,1,15.2038395,243.37317,MaxDS_Hist,1938,11
12/31/1938,1,21.379086,600.6706,MaxDS_Hist,1938,12
1/31/1939,1,210.2722486,1819.348,MaxDS_Hist,1939,1
2/28/1939,4,217.2994765,1482.6227,MaxDS_Hist,1939,2
3/31/1939,4,129.5001991,841.3897,MaxDS_Hist,1939,3
4/30/1939,4,101.2382311,534.674,MaxDS_Hist,1939,4
5/31/1939,4,62.2750318,405.248,MaxDS_Hist,1939,5
6/30/1939,4,45.4800958,318.9191,MaxDS_Hist,1939,6
7/31/1939,4,44.7067825,459.76105,MaxDS_Hist,1939,7
8/31/1939,4,53.05385395,733.31726,MaxDS_Hist,1939,8
9/30/1939,4,76.92052345,1069.3593,MaxDS_Hist,1939,9
10/31/1939,4,141.459694,1868.1743,MaxDS_Hist,1939,10
11/30/1939,4,194.4986785,1962.9106,MaxDS_Hist,1939,11
12/31/1939,4,207.1283965,1997.9076,MaxDS_Hist,1939,12
1/31/1940,4,222.896905,1967.7084,MaxDS_Hist,1940,1
2/29/1940,3,136.1598825,595.5379,MaxDS_Hist,1940,2
3/31/1940,2,50.65989955,238.52734,MaxDS_Hist,1940,3
4/30/1940,1,33.6471181,232.13345,MaxDS_Hist,1940,4
5/31/1940,1,32.1632713,221.33229,MaxDS_Hist,1940,5
6/30/1940,1,26.548245,223.18176,MaxDS_Hist,1940,6
7/31/1940,1,25.7824995,201.9379,MaxDS_Hist,1940,7
8/31/1940,1,19.0234605,220.90076,MaxDS_Hist,1940,8
9/30/1940,1,17.7167865,303.77905,MaxDS_Hist,1940,9
10/31/1940,1,18.380163,240.98657,MaxDS_Hist,1940,10
11/30/1940,1,17.016756,223.4641,MaxDS_Hist,1940,11
12/31/1940,1,18.621555,441.90656,MaxDS_Hist,1940,12
1/31/1941,1,51.82900945,446.09058,MaxDS_Hist,1941,1
2/28/1941,1,42.1130374,225.61078,MaxDS_Hist,1941,2
3/31/1941,1,34.2386356,207.07771,MaxDS_Hist,1941,3
4/30/1941,1,24.877938,208.38313,MaxDS_Hist,1941,4
5/31/1941,1,23.2521855,186.79294,MaxDS_Hist,1941,5
6/30/1941,1,18.799242,185.1867,MaxDS_Hist,1941,6
7/31/1941,1,18.039573,174.79831,MaxDS_Hist,1941,7
8/31/1941,1,18.1193625,196.91502,MaxDS_Hist,1941,8
9/30/1941,1,17.338065,268.49634,MaxDS_Hist,1941,9
10/31/1941,1,16.9886325,234.53432,MaxDS_Hist,1941,10
11/30/1941,1,17.388522,227.95686,MaxDS_Hist,1941,11
12/31/1941,1,22.0807665,465.48676,MaxDS_Hist,1941,12
1/31/1942,1,50.6668222,472.77222,MaxDS_Hist,1942,1
2/28/1942,1,31.2631615,218.1584,MaxDS_Hist,1942,2
3/31/1942,1,26.5648455,222.7267,MaxDS_Hist,1942,3
4/30/1942,1,28.783236,216.84189,MaxDS_Hist,1942,4
5/31/1942,1,28.801053,213.35379,MaxDS_Hist,1942,5
6/30/1942,1,22.773216,190.42146,MaxDS_Hist,1942,6
7/31/1942,1,18.935967,175.07379,MaxDS_Hist,1942,7
8/31/1942,1,19.324755,212.69318,MaxDS_Hist,1942,8
9/30/1942,1,17.83926,279.13617,MaxDS_Hist,1942,9
10/31/1942,1,18.35577,263.17944,MaxDS_Hist,1942,10
11/30/1942,1,17.139858,211.07817,MaxDS_Hist,1942,11
12/31/1942,1,21.3236505,393.14383,MaxDS_Hist,1942,12
1/31/1943,1,54.5400805,575.4849,MaxDS_Hist,1943,1
2/28/1943,1,37.9155745,249.20047,MaxDS_Hist,1943,2
3/31/1943,1,26.563737,223.17336,MaxDS_Hist,1943,3
4/30/1943,1,24.878289,199.25685,MaxDS_Hist,1943,4
5/31/1943,1,18.876606,208.12764,MaxDS_Hist,1943,5
6/30/1943,1,20.2310145,205.70815,MaxDS_Hist,1943,6
7/31/1943,1,23.227635,204.05817,MaxDS_Hist,1943,7
8/31/1943,1,18.4785645,222.66924,MaxDS_Hist,1943,8
9/30/1943,1,18.3954525,286.73758,MaxDS_Hist,1943,9
10/31/1943,1,17.881641,247.67941,MaxDS_Hist,1943,10
11/30/1943,1,17.757696,227.43661,MaxDS_Hist,1943,11
12/31/1943,1,19.192968,453.1811,MaxDS_Hist,1943,12
1/31/1944,1,114.0716671,1558.8119,MaxDS_Hist,1944,1
2/29/1944,4,178.1810121,1121.2749,MaxDS_Hist,1944,2
3/31/1944,4,80.1161629,318.33395,MaxDS_Hist,1944,3
4/30/1944,4,30.3874306,239.8252,MaxDS_Hist,1944,4
5/31/1944,4,35.274337,258.78336,MaxDS_Hist,1944,5
6/30/1944,4,54.2782111,296.7676,MaxDS_Hist,1944,6
7/31/1944,4,36.2871244,327.87073,MaxDS_Hist,1944,7
8/31/1944,4,36.510496,587.97974,MaxDS_Hist,1944,8
9/30/1944,4,81.780979,1211.2203,MaxDS_Hist,1944,9
10/31/1944,4,159.0568053,1879.6371,MaxDS_Hist,1944,10
11/30/1944,4,204.2772565,1884.2284,MaxDS_Hist,1944,11
12/31/1944,4,183.5398015,1729.245,MaxDS_Hist,1944,12
1/31/1945,4,167.2413925,1142.7203,MaxDS_Hist,1945,1
2/28/1945,4,99.538759,776.01373,MaxDS_Hist,1945,2
3/31/1945,3,57.0316075,321.1564,MaxDS_Hist,1945,3
4/30/1945,3,43.5542596,243.08788,MaxDS_Hist,1945,4
5/31/1945,3,33.522841,238.52124,MaxDS_Hist,1945,5
6/30/1945,3,28.116444,252.1082,MaxDS_Hist,1945,6
7/31/1945,3,27.4814445,337.99493,MaxDS_Hist,1945,7
8/31/1945,3,35.7890527,679.1707,MaxDS_Hist,1945,8
9/30/1945,3,70.12921,1054.9778,MaxDS_Hist,1945,9
10/31/1945,3,122.324338,1670.289,MaxDS_Hist,1945,10
11/30/1945,3,154.6787635,1747.7672,MaxDS_Hist,1945,11
12/31/1945,3,146.716348,1770.4338,MaxDS_Hist,1945,12
1/31/1946,3,84.6913591,576.5135,MaxDS_Hist,1946,1
2/28/1946,2,26.0430795,197.16383,MaxDS_Hist,1946,2
3/31/1946,2,26.3575995,226.16216,MaxDS_Hist,1946,3
4/30/1946,2,29.691135,240.91753,MaxDS_Hist,1946,4
5/31/1946,3,28.8388095,236.54485,MaxDS_Hist,1946,5
6/30/1946,3,26.531205,243.95541,MaxDS_Hist,1946,6
7/31/1946,3,27.184665,297.3229,MaxDS_Hist,1946,7
8/31/1946,3,36.37632655,750.1407,MaxDS_Hist,1946,8
9/30/1946,3,85.9882972,1315.4777,MaxDS_Hist,1946,9
10/31/1946,3,144.798697,1685.5914,MaxDS_Hist,1946,10
11/30/1946,3,142.186615,1712.9209,MaxDS_Hist,1946,11
12/31/1946,3,156.4799065,1730.8059,MaxDS_Hist,1946,12
1/31/1947,3,210.0293545,1553.3252,MaxDS_Hist,1947,1
2/28/1947,4,173.2391035,1444.7139,MaxDS_Hist,1947,2
3/31/1947,4,150.8951605,727.5742,MaxDS_Hist,1947,3
4/30/1947,4,45.39244405,273.98267,MaxDS_Hist,1947,4
5/31/1947,5,29.856669,257.14737,MaxDS_Hist,1947,5
6/30/1947,5,31.2555292,333.00717,MaxDS_Hist,1947,6
7/31/1947,5,35.43791845,457.05975,MaxDS_Hist,1947,7
8/31/1947,5,43.27185025,681.8696,MaxDS_Hist,1947,8
9/30/1947,5,78.3039163,1061.997,MaxDS_Hist,1947,9
10/31/1947,5,133.4235775,1682.0568,MaxDS_Hist,1947,10
11/30/1947,5,200.1377455,2173.6313,MaxDS_Hist,1947,11
12/31/1947,5,215.7484609,2244.8835,MaxDS_Hist,1947,12
1/31/1948,5,224.363364,1716.6951,MaxDS_Hist,1948,1
2/29/1948,4,151.9153323,1184.7263,MaxDS_Hist,1948,2
3/31/1948,5,79.6342792,592.9565,MaxDS_Hist,1948,3
4/30/1948,4,47.57943145,367.70642,MaxDS_Hist,1948,4
5/31/1948,3,32.06630005,240.66823,MaxDS_Hist,1948,5
6/30/1948,3,27.0553755,220.20528,MaxDS_Hist,1948,6
7/31/1948,3,21.781863,221.7832,MaxDS_Hist,1948,7
8/31/1948,3,23.0196285,487.63736,MaxDS_Hist,1948,8
9/30/1948,3,94.73490445,1302.3939,MaxDS_Hist,1948,9
10/31/1948,3,168.1220283,1657.9868,MaxDS_Hist,1948,10
11/30/1948,3,156.2003871,1678.755,MaxDS_Hist,1948,11
12/31/1948,3,161.7933325,1751.4878,MaxDS_Hist,1948,12
1/31/1949,3,194.927025,1378.3646,MaxDS_Hist,1949,1
2/28/1949,4,143.8114285,1238.7067,MaxDS_Hist,1949,2
3/31/1949,5,138.6599965,727.3461,MaxDS_Hist,1949,3
4/30/1949,4,45.21923245,267.3666,MaxDS_Hist,1949,4
5/31/1949,4,26.768376,243.12608,MaxDS_Hist,1949,5
6/30/1949,4,28.2553305,273.21524,MaxDS_Hist,1949,6
7/31/1949,4,25.94943,354.30795,MaxDS_Hist,1949,7
8/31/1949,4,30.7536898,584.75146,MaxDS_Hist,1949,8
9/30/1949,4,59.287981,878.2759,MaxDS_Hist,1949,9
10/31/1949,4,126.0112804,1800.8666,MaxDS_Hist,1949,10
11/30/1949,4,181.0111305,1812.5928,MaxDS_Hist,1949,11
12/31/1949,4,170.3094745,1801.621,MaxDS_Hist,1949,12
1/31/1950,4,197.145559,1734.414,MaxDS_Hist,1950,1
2/28/1950,4,126.1539001,722.46356,MaxDS_Hist,1950,2
3/31/1950,4,42.81813595,274.298,MaxDS_Hist,1950,3
4/30/1950,4,26.0500215,242.84953,MaxDS_Hist,1950,4
5/31/1950,4,27.902925,246.69456,MaxDS_Hist,1950,5
6/30/1950,4,27.101418,267.2517,MaxDS_Hist,1950,6
7/31/1950,4,25.763337,304.0702,MaxDS_Hist,1950,7
8/31/1950,4,42.1835407,890.4819,MaxDS_Hist,1950,8
9/30/1950,4,125.430952,1633.1292,MaxDS_Hist,1950,9
10/31/1950,4,156.3763546,1714.4083,MaxDS_Hist,1950,10
11/30/1950,4,160.8188035,1733.7625,MaxDS_Hist,1950,11
12/31/1950,4,109.2920746,933.0762,MaxDS_Hist,1950,12
1/31/1951,4,38.5105918,230.37012,MaxDS_Hist,1951,1
2/28/1951,1,27.817035,201.08781,MaxDS_Hist,1951,2
3/31/1951,1,26.513736,210.15904,MaxDS_Hist,1951,3
4/30/1951,1,26.424555,214.07475,MaxDS_Hist,1951,4
5/31/1951,1,25.248228,221.28578,MaxDS_Hist,1951,5
6/30/1951,1,23.605653,218.92108,MaxDS_Hist,1951,6
7/31/1951,1,24.135228,201.43365,MaxDS_Hist,1951,7
8/31/1951,1,18.5492295,225.40857,MaxDS_Hist,1951,8
9/30/1951,1,18.00228,303.6761,MaxDS_Hist,1951,9
10/31/1951,1,17.8007655,247.98676,MaxDS_Hist,1951,10
11/30/1951,1,16.8849015,225.30441,MaxDS_Hist,1951,11
12/31/1951,1,20.1798015,451.0224,MaxDS_Hist,1951,12
1/31/1952,1,55.6627582,481.8173,MaxDS_Hist,1952,1
2/29/1952,1,47.5726912,227.7497,MaxDS_Hist,1952,2
3/31/1952,1,32.77996,228.08012,MaxDS_Hist,1952,3
4/30/1952,1,28.5826125,210.35286,MaxDS_Hist,1952,4
5/31/1952,1,20.809452,201.52599,MaxDS_Hist,1952,5
6/30/1952,1,16.5274335,179.59674,MaxDS_Hist,1952,6
7/31/1952,1,14.930844,171.93431,MaxDS_Hist,1952,7
8/31/1952,1,16.0474095,176.98073,MaxDS_Hist,1952,8
9/30/1952,1,17.375118,247.71274,MaxDS_Hist,1952,9
10/31/1952,1,18.113526,241.04338,MaxDS_Hist,1952,10
11/30/1952,1,20.3137785,232.32706,MaxDS_Hist,1952,11
12/31/1952,1,21.0124965,468.26657,MaxDS_Hist,1952,12
1/31/1953,1,37.3020721,416.1917,MaxDS_Hist,1953,1
2/28/1953,1,23.8106415,213.19913,MaxDS_Hist,1953,2
3/31/1953,2,22.9481895,227.74905,MaxDS_Hist,1953,3
4/30/1953,2,27.412101,241.2777,MaxDS_Hist,1953,4
5/31/1953,2,29.4675795,238.94476,MaxDS_Hist,1953,5
6/30/1953,2,27.0745425,218.01984,MaxDS_Hist,1953,6
7/31/1953,2,23.994861,208.01105,MaxDS_Hist,1953,7
8/31/1953,2,19.678407,250.2692,MaxDS_Hist,1953,8
9/30/1953,2,19.203969,415.19046,MaxDS_Hist,1953,9
10/31/1953,2,19.906125,349.45068,MaxDS_Hist,1953,10
11/30/1953,2,16.344747,221.40286,MaxDS_Hist,1953,11
12/31/1953,2,20.2484295,446.24707,MaxDS_Hist,1953,12
1/31/1954,2,124.8949696,1565.4222,MaxDS_Hist,1954,1
2/28/1954,2,176.6820318,1194.1453,MaxDS_Hist,1954,2
3/31/1954,2,47.7516085,285.29834,MaxDS_Hist,1954,3
4/30/1954,2,24.4620165,240.9817,MaxDS_Hist,1954,4
5/31/1954,2,28.061439,232.6655,MaxDS_Hist,1954,5
6/30/1954,2,26.6438145,237.27548,MaxDS_Hist,1954,6
7/31/1954,2,23.9323455,227.722,MaxDS_Hist,1954,7
8/31/1954,2,19.3385805,253.75543,MaxDS_Hist,1954,8
9/30/1954,2,18.790341,392.6331,MaxDS_Hist,1954,9
10/31/1954,2,19.557033,275.08224,MaxDS_Hist,1954,10
11/30/1954,2,18.103953,253.94011,MaxDS_Hist,1954,11
12/31/1954,2,24.7601145,557.9638,MaxDS_Hist,1954,12
1/31/1955,2,71.8397173,623.05475,MaxDS_Hist,1955,1
2/28/1955,3,31.6867684,287.64432,MaxDS_Hist,1955,2
3/31/1955,4,33.6175807,264.70377,MaxDS_Hist,1955,3
4/30/1955,4,31.4820187,292.49994,MaxDS_Hist,1955,4
5/31/1955,4,55.042735,289.89706,MaxDS_Hist,1955,5
6/30/1955,4,64.2409903,292.36514,MaxDS_Hist,1955,6
7/31/1955,4,52.5866677,363.3701,MaxDS_Hist,1955,7
8/31/1955,4,38.75397325,528.6501,MaxDS_Hist,1955,8
9/30/1955,4,64.4634043,958.69965,MaxDS_Hist,1955,9
10/31/1955,4,139.6129653,1811.9998,MaxDS_Hist,1955,10
11/30/1955,4,196.8720816,1897.0023,MaxDS_Hist,1955,11
12/31/1955,4,208.9848865,1956.5082,MaxDS_Hist,1955,12
1/31/1956,4,120.1822495,590.67725,MaxDS_Hist,1956,1
2/29/1956,1,37.12876645,202.31093,MaxDS_Hist,1956,2
3/31/1956,1,27.406023,188.2664,MaxDS_Hist,1956,3
4/30/1956,1,23.504988,213.24377,MaxDS_Hist,1956,4
5/31/1956,1,22.059645,217.43677,MaxDS_Hist,1956,5
6/30/1956,1,19.3434495,194.06596,MaxDS_Hist,1956,6
7/31/1956,1,19.2033645,177.38287,MaxDS_Hist,1956,7
8/31/1956,1,18.986178,208.55319,MaxDS_Hist,1956,8
9/30/1956,1,18.379779,265.0617,MaxDS_Hist,1956,9
10/31/1956,1,17.6805495,232.39337,MaxDS_Hist,1956,10
11/30/1956,1,18.7545135,224.12744,MaxDS_Hist,1956,11
12/31/1956,1,23.128881,494.83966,MaxDS_Hist,1956,12
1/31/1957,1,179.279137,1753.5156,MaxDS_Hist,1957,1
2/28/1957,3,182.5116241,1389.1528,MaxDS_Hist,1957,2
3/31/1957,3,99.600262,492.90985,MaxDS_Hist,1957,3
4/30/1957,3,42.52110895,244.61943,MaxDS_Hist,1957,4
5/31/1957,3,30.721918,239.0962,MaxDS_Hist,1957,5
6/30/1957,3,29.643279,245.71996,MaxDS_Hist,1957,6
7/31/1957,3,25.7614125,296.11197,MaxDS_Hist,1957,7
8/31/1957,3,37.6270291,774.75653,MaxDS_Hist,1957,8
9/30/1957,3,89.635522,1286.9144,MaxDS_Hist,1957,9
10/31/1957,3,155.822041,1653.2476,MaxDS_Hist,1957,10
11/30/1957,3,112.825972,540.39404,MaxDS_Hist,1957,11
12/31/1957,3,32.2361116,698.3426,MaxDS_Hist,1957,12
1/31/1958,3,102.3130915,912.12695,MaxDS_Hist,1958,1
2/28/1958,2,42.4194523,301.67477,MaxDS_Hist,1958,2
3/31/1958,1,37.0603237,239.78963,MaxDS_Hist,1958,3
4/30/1958,1,28.461264,208.94662,MaxDS_Hist,1958,4
5/31/1958,1,28.7634795,186.10251,MaxDS_Hist,1958,5
6/30/1958,1,22.251495,169.60606,MaxDS_Hist,1958,6
7/31/1958,1,15.8793735,157.0551,MaxDS_Hist,1958,7
8/31/1958,1,16.4413905,188.87254,MaxDS_Hist,1958,8
9/30/1958,1,17.372124,257.97766,MaxDS_Hist,1958,9
10/31/1958,1,17.8904205,239.99217,MaxDS_Hist,1958,10
11/30/1958,1,17.108478,229.5473,MaxDS_Hist,1958,11
12/31/1958,1,22.274838,558.41864,MaxDS_Hist,1958,12
1/31/1959,1,201.7960465,1741.9926,MaxDS_Hist,1959,1
2/28/1959,3,143.4660655,925.67395,MaxDS_Hist,1959,2
3/31/1959,3,37.87209775,252.36978,MaxDS_Hist,1959,3
4/30/1959,3,29.04654,238.46837,MaxDS_Hist,1959,4
5/31/1959,3,29.219925,264.93466,MaxDS_Hist,1959,5
6/30/1959,3,28.814511,332.08887,MaxDS_Hist,1959,6
7/31/1959,3,29.854095,407.18762,MaxDS_Hist,1959,7
8/31/1959,3,40.8609982,725.42065,MaxDS_Hist,1959,8
9/30/1959,3,77.3415055,1170.3773,MaxDS_Hist,1959,9
10/31/1959,3,150.582259,1647.3832,MaxDS_Hist,1959,10
11/30/1959,3,149.0512105,1384.1678,MaxDS_Hist,1959,11
12/31/1959,3,164.8126225,1704.4564,MaxDS_Hist,1959,12
1/31/1960,3,210.4126225,1777.6678,MaxDS_Hist,1960,1
2/29/1960,5,181.3128115,1311.1127,MaxDS_Hist,1960,2
3/31/1960,4,99.852259,496.81317,MaxDS_Hist,1960,3
4/30/1960,4,34.4539645,249.29437,MaxDS_Hist,1960,4
5/31/1960,4,31.476712,264.67038,MaxDS_Hist,1960,5
6/30/1960,4,31.4383852,340.96024,MaxDS_Hist,1960,6
7/31/1960,4,30.27869455,430.86856,MaxDS_Hist,1960,7
8/31/1960,4,59.7991,1061.093,MaxDS_Hist,1960,8
9/30/1960,4,110.525224,1387.5499,MaxDS_Hist,1960,9
10/31/1960,4,161.388661,1831.1421,MaxDS_Hist,1960,10
11/30/1960,4,173.989024,1684.4865,MaxDS_Hist,1960,11
12/31/1960,4,156.6075694,1729.1721,MaxDS_Hist,1960,12
1/31/1961,4,184.359262,1602.7048,MaxDS_Hist,1961,1
2/28/1961,4,154.5611725,1217.9208,MaxDS_Hist,1961,2
3/31/1961,4,87.13107025,482.44937,MaxDS_Hist,1961,3
4/30/1961,4,28.329543,244.79277,MaxDS_Hist,1961,4
5/31/1961,4,28.1435445,264.49103,MaxDS_Hist,1961,5
6/30/1961,4,31.5504529,315.4074,MaxDS_Hist,1961,6
7/31/1961,4,29.774391,417.14908,MaxDS_Hist,1961,7
8/31/1961,4,47.50974895,835.94543,MaxDS_Hist,1961,8
9/30/1961,4,92.01452245,1238.0569,MaxDS_Hist,1961,9
10/31/1961,4,153.1946545,1886.1316,MaxDS_Hist,1961,10
11/30/1961,4,201.3406735,1824.702,MaxDS_Hist,1961,11
12/31/1961,4,178.9124275,1805.6619,MaxDS_Hist,1961,12
1/31/1962,4,218.978896,1614.6302,MaxDS_Hist,1962,1
2/28/1962,4,141.7135036,1129.2214,MaxDS_Hist,1962,2
3/31/1962,3,109.053826,463.63083,MaxDS_Hist,1962,3
4/30/1962,3,51.8760145,244.12367,MaxDS_Hist,1962,4
5/31/1962,3,29.519271,246.07355,MaxDS_Hist,1962,5
6/30/1962,3,26.682921,275.49603,MaxDS_Hist,1962,6
7/31/1962,3,27.076425,349.83627,MaxDS_Hist,1962,7
8/31/1962,3,36.5477626,739.3069,MaxDS_Hist,1962,8
9/30/1962,3,96.0941236,1314.9021,MaxDS_Hist,1962,9
10/31/1962,3,164.0009226,1768.9954,MaxDS_Hist,1962,10
11/30/1962,3,135.8424865,983.5398,MaxDS_Hist,1962,11
12/31/1962,3,26.058096,483.96277,MaxDS_Hist,1962,12
1/31/1963,3,69.6557224,598.0507,MaxDS_Hist,1963,1
2/28/1963,2,29.514564,321.8584,MaxDS_Hist,1963,2
3/31/1963,3,29.0381925,254.2313,MaxDS_Hist,1963,3
4/30/1963,2,26.9197905,241.77527,MaxDS_Hist,1963,4
5/31/1963,1,27.2080575,222.16623,MaxDS_Hist,1963,5
6/30/1963,1,25.0522635,210.44286,MaxDS_Hist,1963,6
7/31/1963,1,25.650357,207.85611,MaxDS_Hist,1963,7
8/31/1963,1,20.951649,217.29906,MaxDS_Hist,1963,8
9/30/1963,1,17.2942545,299.19547,MaxDS_Hist,1963,9
10/31/1963,1,18.173778,268.19473,MaxDS_Hist,1963,10
11/30/1963,1,16.2471975,210.8614,MaxDS_Hist,1963,11
12/31/1963,1,21.050835,383.7206,MaxDS_Hist,1963,12
1/31/1964,1,136.2818539,1333.813,MaxDS_Hist,1964,1
2/29/1964,2,139.189441,945.5132,MaxDS_Hist,1964,2
3/31/1964,3,45.21800695,344.93887,MaxDS_Hist,1964,3
4/30/1964,4,37.245283,322.8045,MaxDS_Hist,1964,4
5/31/1964,4,37.993693,332.37558,MaxDS_Hist,1964,5
6/30/1964,4,50.97172945,307.0902,MaxDS_Hist,1964,6
7/31/1964,4,35.8156318,354.34586,MaxDS_Hist,1964,7
8/31/1964,4,42.722812,808.85474,MaxDS_Hist,1964,8
9/30/1964,4,96.0550045,1313.8444,MaxDS_Hist,1964,9
10/31/1964,4,151.821553,1821.7894,MaxDS_Hist,1964,10
11/30/1964,4,170.2584168,1468.4678,MaxDS_Hist,1964,11
12/31/1964,4,150.8695276,1740.338,MaxDS_Hist,1964,12
1/31/1965,4,94.399981,601.9903,MaxDS_Hist,1965,1
2/28/1965,1,27.3081705,212.55211,MaxDS_Hist,1965,2
3/31/1965,1,26.95785,221.66331,MaxDS_Hist,1965,3
4/30/1965,1,30.20421,232.17361,MaxDS_Hist,1965,4
5/31/1965,1,28.4372775,212.4243,MaxDS_Hist,1965,5
6/30/1965,1,21.4817415,205.22758,MaxDS_Hist,1965,6
7/31/1965,1,22.667988,197.71178,MaxDS_Hist,1965,7
8/31/1965,1,21.147549,218.58908,MaxDS_Hist,1965,8
9/30/1965,1,18.819141,285.7192,MaxDS_Hist,1965,9
10/31/1965,1,18.5222745,267.9391,MaxDS_Hist,1965,10
11/30/1965,1,17.1205575,220.33194,MaxDS_Hist,1965,11
12/31/1965,1,20.811342,306.64093,MaxDS_Hist,1965,12
1/31/1966,1,75.7710415,901.8534,MaxDS_Hist,1966,1
2/28/1966,2,100.6522113,660.81866,MaxDS_Hist,1966,2
3/31/1966,3,38.515528,258.2358,MaxDS_Hist,1966,3
4/30/1966,3,30.3721945,236.84563,MaxDS_Hist,1966,4
5/31/1966,3,29.698485,257.662,MaxDS_Hist,1966,5
6/30/1966,3,28.101609,290.17902,MaxDS_Hist,1966,6
7/31/1966,3,27.987039,371.9368,MaxDS_Hist,1966,7
8/31/1966,3,39.24782695,705.6206,MaxDS_Hist,1966,8
9/30/1966,3,68.612839,1056.2681,MaxDS_Hist,1966,9
10/31/1966,3,133.052479,1774.2019,MaxDS_Hist,1966,10
11/30/1966,3,171.095476,1639.4756,MaxDS_Hist,1966,11
12/31/1966,3,153.8896555,1716.6731,MaxDS_Hist,1966,12
1/31/1967,3,114.1962805,650.64374,MaxDS_Hist,1967,1
2/28/1967,1,37.1245114,241.29584,MaxDS_Hist,1967,2
3/31/1967,2,27.93513,237.18181,MaxDS_Hist,1967,3
4/30/1967,1,28.9328655,231.3506,MaxDS_Hist,1967,4
5/31/1967,1,27.8469405,221.93666,MaxDS_Hist,1967,5
6/30/1967,1,20.8833225,194.86295,MaxDS_Hist,1967,6
7/31/1967,1,16.7476935,158.57722,MaxDS_Hist,1967,7
8/31/1967,1,14.4473655,187.3527,MaxDS_Hist,1967,8
9/30/1967,1,18.9376125,227.59108,MaxDS_Hist,1967,9
10/31/1967,1,19.4262225,245.34116,MaxDS_Hist,1967,10
11/30/1967,1,17.2421565,215.50671,MaxDS_Hist,1967,11
12/31/1967,1,20.157255,563.4897,MaxDS_Hist,1967,12
1/31/1968,1,162.1220686,1539.6644,MaxDS_Hist,1968,1
2/29/1968,3,169.182556,926.4631,MaxDS_Hist,1968,2
3/31/1968,3,39.8045545,247.8808,MaxDS_Hist,1968,3
4/30/1968,3,27.4072725,239.96208,MaxDS_Hist,1968,4
5/31/1968,3,28.5513525,246.93063,MaxDS_Hist,1968,5
6/30/1968,3,29.1588405,294.66443,MaxDS_Hist,1968,6
7/31/1968,3,28.1369655,455.3551,MaxDS_Hist,1968,7
8/31/1968,3,35.4310813,738.2851,MaxDS_Hist,1968,8
9/30/1968,3,71.48145805,1178.0768,MaxDS_Hist,1968,9
10/31/1968,3,134.2967035,1573.8666,MaxDS_Hist,1968,10
11/30/1968,3,153.3818026,1701.5764,MaxDS_Hist,1968,11
12/31/1968,3,162.165913,1719.711,MaxDS_Hist,1968,12
1/31/1969,3,152.594929,948.40717,MaxDS_Hist,1969,1
2/28/1969,1,34.9345828,243.44778,MaxDS_Hist,1969,2
3/31/1969,1,21.834426,192.65604,MaxDS_Hist,1969,3
4/30/1969,1,19.9037685,185.88583,MaxDS_Hist,1969,4
5/31/1969,1,15.109005,178.2458,MaxDS_Hist,1969,5
6/30/1969,1,12.0868425,175.58022,MaxDS_Hist,1969,6
7/31/1969,1,12.33714,171.7407,MaxDS_Hist,1969,7
8/31/1969,1,16.870566,182.22098,MaxDS_Hist,1969,8
9/30/1969,1,18.6457125,281.31833,MaxDS_Hist,1969,9
10/31/1969,1,18.0631965,238.97212,MaxDS_Hist,1969,10
11/30/1969,1,18.054387,237.72026,MaxDS_Hist,1969,11
12/31/1969,1,21.5497905,541.91516,MaxDS_Hist,1969,12
1/31/1970,1,46.08349495,435.54892,MaxDS_Hist,1970,1
2/28/1970,1,25.360254,218.55327,MaxDS_Hist,1970,2
3/31/1970,1,18.800496,199.09506,MaxDS_Hist,1970,3
4/30/1970,1,25.7725815,207.41678,MaxDS_Hist,1970,4
5/31/1970,1,25.6928025,233.47212,MaxDS_Hist,1970,5
6/30/1970,1,27.07155,270.39676,MaxDS_Hist,1970,6
7/31/1970,1,25.6791345,230.30658,MaxDS_Hist,1970,7
8/31/1970,1,18.5046045,224.2848,MaxDS_Hist,1970,8
9/30/1970,1,18.864711,310.045,MaxDS_Hist,1970,9
10/31/1970,1,18.838611,250.18427,MaxDS_Hist,1970,10
11/30/1970,1,17.2189755,224.06758,MaxDS_Hist,1970,11
12/31/1970,1,18.099669,270.45245,MaxDS_Hist,1970,12
1/31/1971,1,25.482756,285.79495,MaxDS_Hist,1971,1
2/28/1971,1,22.4519535,218.52657,MaxDS_Hist,1971,2
3/31/1971,1,23.3725755,235.60698,MaxDS_Hist,1971,3
4/30/1971,1,23.5013145,241.02658,MaxDS_Hist,1971,4
5/31/1971,1,25.7380665,234.17781,MaxDS_Hist,1971,5
6/30/1971,1,25.5753915,220.79398,MaxDS_Hist,1971,6
7/31/1971,1,23.191779,203.74536,MaxDS_Hist,1971,7
8/31/1971,1,19.3140045,226.76262,MaxDS_Hist,1971,8
9/30/1971,1,18.2428785,320.35425,MaxDS_Hist,1971,9
10/31/1971,1,18.835254,286.24762,MaxDS_Hist,1971,10
11/30/1971,1,15.1566495,209.76744,MaxDS_Hist,1971,11
12/31/1971,1,17.59644,458.76532,MaxDS_Hist,1971,12
1/31/1972,1,67.5222751,784.40125,MaxDS_Hist,1972,1
2/29/1972,3,61.8990028,702.0511,MaxDS_Hist,1972,2
3/31/1972,3,78.20814775,541.5369,MaxDS_Hist,1972,3
4/30/1972,3,40.6107055,293.2053,MaxDS_Hist,1972,4
5/31/1972,3,30.34465495,269.3596,MaxDS_Hist,1972,5
6/30/1972,3,32.88815455,333.5145,MaxDS_Hist,1972,6
7/31/1972,3,32.2439206,474.9444,MaxDS_Hist,1972,7
8/31/1972,3,34.68205,701.559,MaxDS_Hist,1972,8
9/30/1972,3,56.352994,850.22644,MaxDS_Hist,1972,9
10/31/1972,3,110.7160315,1578.493,MaxDS_Hist,1972,10
11/30/1972,3,175.130335,1687.8204,MaxDS_Hist,1972,11
12/31/1972,3,111.315643,1183.8518,MaxDS_Hist,1972,12
1/31/1973,3,61.224556,508.99426,MaxDS_Hist,1973,1
2/28/1973,2,34.0953604,247.33951,MaxDS_Hist,1973,2
3/31/1973,2,26.320026,241.08142,MaxDS_Hist,1973,3
4/30/1973,1,35.9976385,232.44736,MaxDS_Hist,1973,4
5/31/1973,2,29.8996725,231.21739,MaxDS_Hist,1973,5
6/30/1973,2,26.142069,235.65373,MaxDS_Hist,1973,6
7/31/1973,2,24.6590955,203.63812,MaxDS_Hist,1973,7
8/31/1973,2,19.9479495,244.66713,MaxDS_Hist,1973,8
9/30/1973,2,18.7009065,365.25198,MaxDS_Hist,1973,9
10/31/1973,2,18.928194,268.8858,MaxDS_Hist,1973,10
11/30/1973,2,19.419372,229.54721,MaxDS_Hist,1973,11
12/31/1973,2,19.349205,271.43564,MaxDS_Hist,1973,12
1/31/1974,2,25.8216975,264.97055,MaxDS_Hist,1974,1
2/28/1974,1,24.3342825,208.17744,MaxDS_Hist,1974,2
3/31/1974,1,20.6039955,215.49644,MaxDS_Hist,1974,3
4/30/1974,1,25.3776555,206.1806,MaxDS_Hist,1974,4
5/31/1974,1,22.0901955,180.35204,MaxDS_Hist,1974,5
6/30/1974,1,18.9018705,188.32173,MaxDS_Hist,1974,6
7/31/1974,1,20.1684765,176.30557,MaxDS_Hist,1974,7
8/31/1974,1,18.391461,197.77094,MaxDS_Hist,1974,8
9/30/1974,1,17.672133,291.5218,MaxDS_Hist,1974,9
10/31/1974,1,18.6195855,254.45872,MaxDS_Hist,1974,10
11/30/1974,1,16.6648155,223.65535,MaxDS_Hist,1974,11
12/31/1974,1,23.380188,525.8217,MaxDS_Hist,1974,12
1/31/1975,1,175.575106,1405.5184,MaxDS_Hist,1975,1
2/28/1975,3,190.6251495,1430.6931,MaxDS_Hist,1975,2
3/31/1975,3,78.95673445,430.31488,MaxDS_Hist,1975,3
4/30/1975,2,29.932275,230.41925,MaxDS_Hist,1975,4
5/31/1975,1,24.7524375,219.07314,MaxDS_Hist,1975,5
6/30/1975,1,23.063514,208.95709,MaxDS_Hist,1975,6
7/31/1975,1,21.269172,190.74649,MaxDS_Hist,1975,7
8/31/1975,1,18.391338,222.57045,MaxDS_Hist,1975,8
9/30/1975,1,17.893467,283.00314,MaxDS_Hist,1975,9
10/31/1975,1,17.938509,268.9853,MaxDS_Hist,1975,10
11/30/1975,1,17.0612475,203.98601,MaxDS_Hist,1975,11
12/31/1975,1,23.7233685,488.8766,MaxDS_Hist,1975,12
1/31/1976,1,165.6648438,1582.8174,MaxDS_Hist,1976,1
2/29/1976,4,195.603709,1607.2609,MaxDS_Hist,1976,2
3/31/1976,4,176.14693,1194.2622,MaxDS_Hist,1976,3
4/30/1976,5,134.7998511,677.0327,MaxDS_Hist,1976,4
5/31/1976,5,74.19431605,514.1485,MaxDS_Hist,1976,5
6/30/1976,5,78.52076995,874.86597,MaxDS_Hist,1976,6
7/31/1976,5,127.0047078,1583.6444,MaxDS_Hist,1976,7
8/31/1976,5,138.9380995,1518.5199,MaxDS_Hist,1976,8
9/30/1976,5,119.6039104,1299.0289,MaxDS_Hist,1976,9
10/31/1976,5,159.646456,1927.2524,MaxDS_Hist,1976,10
11/30/1976,5,225.1615321,2209.0918,MaxDS_Hist,1976,11
12/31/1976,5,225.1598905,1590.7871,MaxDS_Hist,1976,12
1/31/1977,5,204.0837273,1891.8645,MaxDS_Hist,1977,1
2/28/1977,5,197.4076935,1126.011,MaxDS_Hist,1977,2
3/31/1977,5,96.6089476,442.3915,MaxDS_Hist,1977,3
4/30/1977,5,84.1011526,632.54596,MaxDS_Hist,1977,4
5/31/1977,5,84.8062825,970.682,MaxDS_Hist,1977,5
6/30/1977,5,127.5340525,1273.9059,MaxDS_Hist,1977,6
7/31/1977,5,144.2171545,1368.779,MaxDS_Hist,1977,7
8/31/1977,5,127.6489503,1327.6394,MaxDS_Hist,1977,8
9/30/1977,5,149.8924849,1536.9875,MaxDS_Hist,1977,9
10/31/1977,5,192.673282,1728.8561,MaxDS_Hist,1977,10
11/30/1977,5,225.208141,1686.4263,MaxDS_Hist,1977,11
12/31/1977,5,222.8449695,1832.7877,MaxDS_Hist,1977,12
1/31/1978,5,200.1326583,1336.6144,MaxDS_Hist,1978,1
2/28/1978,3,71.5012798,392.20746,MaxDS_Hist,1978,2
3/31/1978,2,47.2514905,233.55684,MaxDS_Hist,1978,3
4/30/1978,2,41.08942,225.11258,MaxDS_Hist,1978,4
5/31/1978,2,26.1782385,211.05,MaxDS_Hist,1978,5
6/30/1978,2,19.483767,209.47531,MaxDS_Hist,1978,6
7/31/1978,2,20.6867595,187.22896,MaxDS_Hist,1978,7
8/31/1978,2,19.9510095,230.14485,MaxDS_Hist,1978,8
9/30/1978,2,18.4241325,375.69495,MaxDS_Hist,1978,9
10/31/1978,2,19.7430585,280.7254,MaxDS_Hist,1978,10
11/30/1978,2,18.155871,224.86176,MaxDS_Hist,1978,11
12/31/1978,2,23.4755355,420.85226,MaxDS_Hist,1978,12
1/31/1979,2,94.3033945,1309.1312,MaxDS_Hist,1979,1
2/28/1979,4,125.3731084,953.47266,MaxDS_Hist,1979,2
3/31/1979,3,55.42715155,271.59616,MaxDS_Hist,1979,3
4/30/1979,4,42.9138019,236.02505,MaxDS_Hist,1979,4
5/31/1979,3,31.6503511,234.65956,MaxDS_Hist,1979,5
6/30/1979,3,27.9375,250.06557,MaxDS_Hist,1979,6
7/31/1979,3,25.71855,267.36575,MaxDS_Hist,1979,7
8/31/1979,3,32.36780155,733.24365,MaxDS_Hist,1979,8
9/30/1979,3,79.9702714,988.67316,MaxDS_Hist,1979,9
10/31/1979,3,121.1938285,1735.5659,MaxDS_Hist,1979,10
11/30/1979,3,168.3816661,1716.106,MaxDS_Hist,1979,11
12/31/1979,3,143.976244,1717.5677,MaxDS_Hist,1979,12
1/31/1980,3,221.4801558,1762.4003,MaxDS_Hist,1980,1
2/29/1980,2,68.2318681,403.51535,MaxDS_Hist,1980,2
3/31/1980,1,23.2861335,197.74872,MaxDS_Hist,1980,3
4/30/1980,1,22.528914,198.92754,MaxDS_Hist,1980,4
5/31/1980,1,20.7082095,212.5943,MaxDS_Hist,1980,5
6/30/1980,1,21.7853145,240.95284,MaxDS_Hist,1980,6
7/31/1980,1,23.9785005,218.19884,MaxDS_Hist,1980,7
8/31/1980,1,21.3253995,216.46022,MaxDS_Hist,1980,8
9/30/1980,1,18.784371,261.98135,MaxDS_Hist,1980,9
10/31/1980,1,17.8042965,233.61928,MaxDS_Hist,1980,10
11/30/1980,1,16.5241935,225.68748,MaxDS_Hist,1980,11
12/31/1980,1,20.185632,443.27338,MaxDS_Hist,1980,12
1/31/1981,1,163.8280045,1630.3665,MaxDS_Hist,1981,1
2/28/1981,3,172.1864988,1043.0555,MaxDS_Hist,1981,2
3/31/1981,4,49.443568,271.30188,MaxDS_Hist,1981,3
4/30/1981,4,29.40666,240.02556,MaxDS_Hist,1981,4
5/31/1981,4,32.51207425,248.29695,MaxDS_Hist,1981,5
6/30/1981,4,30.158652,302.71838,MaxDS_Hist,1981,6
7/31/1981,4,30.1648725,440.20316,MaxDS_Hist,1981,7
8/31/1981,4,54.5331265,983.5859,MaxDS_Hist,1981,8
9/30/1981,4,93.6255961,1139.6907,MaxDS_Hist,1981,9
10/31/1981,4,125.9084581,1719.899,MaxDS_Hist,1981,10
11/30/1981,4,179.6233885,1800.9517,MaxDS_Hist,1981,11
12/31/1981,4,174.5427391,1582.5779,MaxDS_Hist,1981,12
1/31/1982,4,62.486593,371.47076,MaxDS_Hist,1982,1
2/28/1982,1,29.991444,213.75714,MaxDS_Hist,1982,2
3/31/1982,1,26.3571975,215.48131,MaxDS_Hist,1982,3
4/30/1982,1,26.4310455,188.21674,MaxDS_Hist,1982,4
5/31/1982,1,19.75365,178.76604,MaxDS_Hist,1982,5
6/30/1982,1,14.895303,172.86508,MaxDS_Hist,1982,6
7/31/1982,1,14.8923495,171.3119,MaxDS_Hist,1982,7
8/31/1982,1,17.869506,189.60098,MaxDS_Hist,1982,8
9/30/1982,1,17.8709175,260.41922,MaxDS_Hist,1982,9
10/31/1982,1,18.5931105,249.31981,MaxDS_Hist,1982,10
11/30/1982,1,18.577821,220.63243,MaxDS_Hist,1982,11
12/31/1982,1,22.4628525,197.58574,MaxDS_Hist,1982,12
1/31/1983,1,22.9311855,211.02904,MaxDS_Hist,1983,1
2/28/1983,1,15.778374,187.77887,MaxDS_Hist,1983,2
3/31/1983,1,11.084367,189.09654,MaxDS_Hist,1983,3
4/30/1983,1,7.312674,192.65088,MaxDS_Hist,1983,4
5/31/1983,1,3.625404,169.62712,MaxDS_Hist,1983,5
6/30/1983,1,6.8706894,167.04478,MaxDS_Hist,1983,6
7/31/1983,1,9.409005,163.89261,MaxDS_Hist,1983,7
8/31/1983,1,12.210645,165.37302,MaxDS_Hist,1983,8
9/30/1983,1,16.3387305,203.4036,MaxDS_Hist,1983,9
10/31/1983,1,16.081137,237.92458,MaxDS_Hist,1983,10
11/30/1983,1,16.8941865,235.4472,MaxDS_Hist,1983,11
12/31/1983,1,24.056976,219.21892,MaxDS_Hist,1983,12
1/31/1984,1,23.44599,213.8505,MaxDS_Hist,1984,1
2/29/1984,1,20.5171275,183.6842,MaxDS_Hist,1984,2
3/31/1984,1,21.464445,201.95221,MaxDS_Hist,1984,3
4/30/1984,1,25.23039,209.1174,MaxDS_Hist,1984,4
5/31/1984,1,24.138279,225.0209,MaxDS_Hist,1984,5
6/30/1984,1,22.6622745,233.39705,MaxDS_Hist,1984,6
7/31/1984,1,23.6898105,204.94264,MaxDS_Hist,1984,7
8/31/1984,1,18.921462,225.61412,MaxDS_Hist,1984,8
9/30/1984,1,18.6307845,295.251,MaxDS_Hist,1984,9
10/31/1984,1,18.2148945,241.22046,MaxDS_Hist,1984,10
11/30/1984,1,16.2417525,217.52638,MaxDS_Hist,1984,11
12/31/1984,1,16.0993545,274.83444,MaxDS_Hist,1984,12
1/31/1985,1,24.1026165,319.4595,MaxDS_Hist,1985,1
2/28/1985,3,27.05325,381.22537,MaxDS_Hist,1985,2
3/31/1985,3,35.770294,433.51364,MaxDS_Hist,1985,3
4/30/1985,3,37.0828615,293.85236,MaxDS_Hist,1985,4
5/31/1985,4,38.0322877,284.35898,MaxDS_Hist,1985,5
6/30/1985,4,36.51102325,326.10168,MaxDS_Hist,1985,6
7/31/1985,4,31.0113982,403.07047,MaxDS_Hist,1985,7
8/31/1985,4,71.6057722,1367.5894,MaxDS_Hist,1985,8
9/30/1985,4,139.337299,1597.5552,MaxDS_Hist,1985,9
10/31/1985,4,146.8433725,1746.6174,MaxDS_Hist,1985,10
11/30/1985,4,164.593486,1738.0559,MaxDS_Hist,1985,11
12/31/1985,4,167.8994433,1724.1373,MaxDS_Hist,1985,12
1/31/1986,4,221.2492716,1729.8683,MaxDS_Hist,1986,1
2/28/1986,3,125.5693053,694.858,MaxDS_Hist,1986,2
3/31/1986,1,49.0034995,239.4922,MaxDS_Hist,1986,3
4/30/1986,1,15.2844315,191.78503,MaxDS_Hist,1986,4
5/31/1986,1,18.218538,175.01152,MaxDS_Hist,1986,5
6/30/1986,1,19.75305,190.37106,MaxDS_Hist,1986,6
7/31/1986,1,23.193441,209.27792,MaxDS_Hist,1986,7
8/31/1986,1,19.065159,222.16855,MaxDS_Hist,1986,8
9/30/1986,1,17.8136955,270.12128,MaxDS_Hist,1986,9
10/31/1986,1,17.684823,241.39502,MaxDS_Hist,1986,10
11/30/1986,1,17.8822245,223.562,MaxDS_Hist,1986,11
12/31/1986,1,21.727965,465.22162,MaxDS_Hist,1986,12
1/31/1987,1,129.6876636,1517.7699,MaxDS_Hist,1987,1
2/28/1987,4,177.6194965,1052.037,MaxDS_Hist,1987,2
3/31/1987,4,80.5356259,351.06207,MaxDS_Hist,1987,3
4/30/1987,4,33.81273445,245.70251,MaxDS_Hist,1987,4
5/31/1987,4,41.054764,254.65103,MaxDS_Hist,1987,5
6/30/1987,4,57.08158225,302.77548,MaxDS_Hist,1987,6
7/31/1987,4,52.14286855,362.41278,MaxDS_Hist,1987,7
8/31/1987,4,43.20572455,581.9732,MaxDS_Hist,1987,8
9/30/1987,4,70.94076175,1006.7735,MaxDS_Hist,1987,9
10/31/1987,4,136.902658,1832.8075,MaxDS_Hist,1987,10
11/30/1987,4,192.2519665,1896.4404,MaxDS_Hist,1987,11
12/31/1987,4,210.470563,2014.2743,MaxDS_Hist,1987,12
1/31/1988,4,200.6176855,1464.9957,MaxDS_Hist,1988,1
2/29/1988,4,74.8720432,431.39026,MaxDS_Hist,1988,2
3/31/1988,5,35.9103658,251.98488,MaxDS_Hist,1988,3
4/30/1988,5,47.2011595,302.2353,MaxDS_Hist,1988,4
5/31/1988,5,50.71021345,385.45782,MaxDS_Hist,1988,5
6/30/1988,5,61.1234893,767.4902,MaxDS_Hist,1988,6
7/31/1988,5,113.057506,1404.0453,MaxDS_Hist,1988,7
8/31/1988,5,126.0373009,1556.195,MaxDS_Hist,1988,8
9/30/1988,5,128.651395,1468.4719,MaxDS_Hist,1988,9
10/31/1988,5,165.5739544,1675.3533,MaxDS_Hist,1988,10
11/30/1988,5,202.159507,1997.5743,MaxDS_Hist,1988,11
12/31/1988,5,223.5292716,1998.7216,MaxDS_Hist,1988,12
1/31/1989,5,204.680959,1701.6216,MaxDS_Hist,1989,1
2/28/1989,4,181.569682,1208.743,MaxDS_Hist,1989,2
3/31/1989,5,98.6974105,739.35675,MaxDS_Hist,1989,3
4/30/1989,3,52.5318907,416.86877,MaxDS_Hist,1989,4
5/31/1989,4,30.61875655,242.38412,MaxDS_Hist,1989,5
6/30/1989,4,29.0100495,266.36295,MaxDS_Hist,1989,6
7/31/1989,4,25.751523,345.21774,MaxDS_Hist,1989,7
8/31/1989,4,51.2677846,1060.472,MaxDS_Hist,1989,8
9/30/1989,4,126.98443,1533.2513,MaxDS_Hist,1989,9
10/31/1989,4,164.23906,1678.2408,MaxDS_Hist,1989,10
11/30/1989,4,166.4060005,1720.0734,MaxDS_Hist,1989,11
12/31/1989,4,167.1019335,1753.5247,MaxDS_Hist,1989,12
1/31/1990,4,199.1386011,1814.0424,MaxDS_Hist,1990,1
2/28/1990,4,152.6323495,1045.8589,MaxDS_Hist,1990,2
3/31/1990,5,62.9797285,421.14624,MaxDS_Hist,1990,3
4/30/1990,5,40.7010847,377.09763,MaxDS_Hist,1990,4
5/31/1990,5,49.1575705,345.4775,MaxDS_Hist,1990,5
6/30/1990,5,51.35968,389.69852,MaxDS_Hist,1990,6
7/31/1990,5,67.3476727,679.38257,MaxDS_Hist,1990,7
8/31/1990,5,89.9443936,1048.3999,MaxDS_Hist,1990,8
9/30/1990,5,113.2073961,1237.5109,MaxDS_Hist,1990,9
10/31/1990,5,166.4891065,1639.9019,MaxDS_Hist,1990,10
11/30/1990,5,206.9242225,1971.1028,MaxDS_Hist,1990,11
12/31/1990,5,225.3387195,1922.1311,MaxDS_Hist,1990,12
1/31/1991,5,228.009235,1828.1636,MaxDS_Hist,1991,1
2/28/1991,5,228.7952935,1790.747,MaxDS_Hist,1991,2
3/31/1991,5,211.710598,1325.8915,MaxDS_Hist,1991,3
4/30/1991,5,124.0833723,515.45544,MaxDS_Hist,1991,4
5/31/1991,5,52.8944905,253.07306,MaxDS_Hist,1991,5
6/30/1991,5,46.428097,377.65207,MaxDS_Hist,1991,6
7/31/1991,5,67.68726445,859.8098,MaxDS_Hist,1991,7
8/31/1991,5,157.652026,1529.9456,MaxDS_Hist,1991,8
9/30/1991,5,183.3030235,1600.2573,MaxDS_Hist,1991,9
10/31/1991,5,193.6923423,1550.3425,MaxDS_Hist,1991,10
11/30/1991,5,204.317983,2007.9095,MaxDS_Hist,1991,11
12/31/1991,5,225.4165444,2061.4534,MaxDS_Hist,1991,12
1/31/1992,5,225.9368575,1751.571,MaxDS_Hist,1992,1
2/29/1992,5,184.9412035,1246.3967,MaxDS_Hist,1992,2
3/31/1992,5,100.913371,462.0515,MaxDS_Hist,1992,3
4/30/1992,5,40.377205,247.28703,MaxDS_Hist,1992,4
5/31/1992,5,36.142048,257.6566,MaxDS_Hist,1992,5
6/30/1992,5,40.7872687,369.99164,MaxDS_Hist,1992,6
7/31/1992,5,50.7382033,398.93347,MaxDS_Hist,1992,7
8/31/1992,5,40.6946038,578.74036,MaxDS_Hist,1992,8
9/30/1992,5,72.7028683,1046.301,MaxDS_Hist,1992,9
10/31/1992,5,145.480474,1730.591,MaxDS_Hist,1992,10
11/30/1992,5,220.7371465,2332.9678,MaxDS_Hist,1992,11
12/31/1992,5,223.1404746,1595.7063,MaxDS_Hist,1992,12
1/31/1993,5,226.8961818,1612.1367,MaxDS_Hist,1993,1
2/28/1993,3,110.0132785,537.36365,MaxDS_Hist,1993,2
3/31/1993,2,59.6019826,237.97061,MaxDS_Hist,1993,3
4/30/1993,2,37.7909497,237.89705,MaxDS_Hist,1993,4
5/31/1993,2,28.1525295,233.3753,MaxDS_Hist,1993,5
6/30/1993,2,25.9899795,226.73434,MaxDS_Hist,1993,6
7/31/1993,2,23.264634,202.82416,MaxDS_Hist,1993,7
8/31/1993,2,20.707245,240.11765,MaxDS_Hist,1993,8
9/30/1993,2,18.18186,377.45114,MaxDS_Hist,1993,9
10/31/1993,2,24.1784895,415.1478,MaxDS_Hist,1993,10
11/30/1993,2,25.880706,244.4547,MaxDS_Hist,1993,11
12/31/1993,2,23.9478195,431.2135,MaxDS_Hist,1993,12
1/31/1994,2,157.6731445,1252.0846,MaxDS_Hist,1994,1
2/28/1994,4,212.850712,1416.2308,MaxDS_Hist,1994,2
3/31/1994,4,130.4982378,613.312,MaxDS_Hist,1994,3
4/30/1994,4,46.54293205,282.6427,MaxDS_Hist,1994,4
5/31/1994,5,52.796821,309.99072,MaxDS_Hist,1994,5
6/30/1994,5,50.86220395,416.57404,MaxDS_Hist,1994,6
7/31/1994,5,79.4612158,935.5291,MaxDS_Hist,1994,7
8/31/1994,5,145.9734556,1614.784,MaxDS_Hist,1994,8
9/30/1994,5,196.0077421,1785.9167,MaxDS_Hist,1994,9
10/31/1994,5,212.4867955,1747.7238,MaxDS_Hist,1994,10
11/30/1994,5,220.3070359,2251.7556,MaxDS_Hist,1994,11
12/31/1994,5,224.495148,1575.5428,MaxDS_Hist,1994,12
1/31/1995,5,220.119808,1716.8347,MaxDS_Hist,1995,1
2/28/1995,1,97.2927595,380.61536,MaxDS_Hist,1995,2
3/31/1995,2,35.4767782,233.01242,MaxDS_Hist,1995,3
4/30/1995,1,30.9376174,223.67389,MaxDS_Hist,1995,4
5/31/1995,1,24.783318,180.25813,MaxDS_Hist,1995,5
6/30/1995,1,17.6240295,170.14111,MaxDS_Hist,1995,6
7/31/1995,1,15.599973,164.30844,MaxDS_Hist,1995,7
8/31/1995,1,14.7725115,163.64857,MaxDS_Hist,1995,8
9/30/1995,1,18.2844975,228.00325,MaxDS_Hist,1995,9
10/31/1995,1,17.6195505,256.1739,MaxDS_Hist,1995,10
11/30/1995,1,14.4035475,226.98708,MaxDS_Hist,1995,11
12/31/1995,1,21.3147555,584.66125,MaxDS_Hist,1995,12
1/31/1996,1,65.039965,513.2316,MaxDS_Hist,1996,1
2/29/1996,2,28.352778,232.5654,MaxDS_Hist,1996,2
3/31/1996,1,34.7015725,227.84677,MaxDS_Hist,1996,3
4/30/1996,1,30.6387436,219.49274,MaxDS_Hist,1996,4
5/31/1996,1,25.9850595,213.31471,MaxDS_Hist,1996,5
6/30/1996,1,22.6280805,194.35867,MaxDS_Hist,1996,6
7/31/1996,1,22.2440115,192.2004,MaxDS_Hist,1996,7
8/31/1996,1,20.0275845,219.4661,MaxDS_Hist,1996,8
9/30/1996,1,17.5134975,298.44547,MaxDS_Hist,1996,9
10/31/1996,1,16.936611,240.29932,MaxDS_Hist,1996,10
11/30/1996,1,15.6862455,219.65054,MaxDS_Hist,1996,11
12/31/1996,1,20.3954385,338.21286,MaxDS_Hist,1996,12
1/31/1997,1,35.58721855,288.27673,MaxDS_Hist,1997,1
2/28/1997,1,14.344146,179.84375,MaxDS_Hist,1997,2
3/31/1997,1,20.2165575,172.82686,MaxDS_Hist,1997,3
4/30/1997,1,19.89204,205.34511,MaxDS_Hist,1997,4
5/31/1997,1,25.5889005,262.05057,MaxDS_Hist,1997,5
6/30/1997,1,26.7765975,271.99097,MaxDS_Hist,1997,6
7/31/1997,1,26.4240825,217.42282,MaxDS_Hist,1997,7
8/31/1997,1,20.758734,222.00858,MaxDS_Hist,1997,8
9/30/1997,1,18.838524,290.2582,MaxDS_Hist,1997,9
10/31/1997,1,17.9046255,243.73543,MaxDS_Hist,1997,10
11/30/1997,1,16.877406,228.53972,MaxDS_Hist,1997,11
12/31/1997,1,18.6718275,358.33005,MaxDS_Hist,1997,12
1/31/1998,1,85.5657961,862.9939,MaxDS_Hist,1998,1
2/28/1998,1,62.3324251,329.86578,MaxDS_Hist,1998,2
3/31/1998,1,56.5536169,226.93257,MaxDS_Hist,1998,3
4/30/1998,1,24.17322,188.5588,MaxDS_Hist,1998,4
5/31/1998,1,18.430566,177.65549,MaxDS_Hist,1998,5
6/30/1998,1,17.3795925,167.97943,MaxDS_Hist,1998,6
7/31/1998,1,14.7278025,168.45724,MaxDS_Hist,1998,7
8/31/1998,1,14.619567,169.26703,MaxDS_Hist,1998,8
9/30/1998,1,17.0610285,225.53783,MaxDS_Hist,1998,9
10/31/1998,1,18.1763145,241.93571,MaxDS_Hist,1998,10
11/30/1998,1,15.5283735,237.25429,MaxDS_Hist,1998,11
12/31/1998,1,20.29293,237.2149,MaxDS_Hist,1998,12
1/31/1999,1,22.8587565,214.69893,MaxDS_Hist,1999,1
2/28/1999,2,24.678813,216.53986,MaxDS_Hist,1999,2
3/31/1999,1,28.298286,217.12698,MaxDS_Hist,1999,3
4/30/1999,1,27.61227,221.45909,MaxDS_Hist,1999,4
5/31/1999,1,27.804606,224.54361,MaxDS_Hist,1999,5
6/30/1999,1,24.510642,227.20018,MaxDS_Hist,1999,6
7/31/1999,1,24.4707435,199.5567,MaxDS_Hist,1999,7
8/31/1999,1,21.061182,223.03459,MaxDS_Hist,1999,8
9/30/1999,1,18.362592,285.3266,MaxDS_Hist,1999,9
10/31/1999,1,16.977729,240.78578,MaxDS_Hist,1999,10
11/30/1999,1,15.097044,221.34723,MaxDS_Hist,1999,11
12/31/1999,1,20.6181195,454.5699,MaxDS_Hist,1999,12
1/31/2000,1,169.7359576,1588.9749,MaxDS_Hist,2000,1
2/29/2000,2,170.563837,1022.9157,MaxDS_Hist,2000,2
3/31/2000,2,57.38320345,255.18404,MaxDS_Hist,2000,3
4/30/2000,2,28.9357545,224.30147,MaxDS_Hist,2000,4
5/31/2000,2,26.20185,218.04399,MaxDS_Hist,2000,5
6/30/2000,2,24.4290225,238.66733,MaxDS_Hist,2000,6
7/31/2000,2,22.436028,206.20006,MaxDS_Hist,2000,7
8/31/2000,2,19.246014,230.25867,MaxDS_Hist,2000,8
9/30/2000,2,18.0709425,340.22876,MaxDS_Hist,2000,9
10/31/2000,2,18.4882485,264.2928,MaxDS_Hist,2000,10
11/30/2000,2,18.4655235,232.30678,MaxDS_Hist,2000,11
12/31/2000,2,20.6046525,481.6664,MaxDS_Hist,2000,12
1/31/2001,2,102.5770585,1441.8999,MaxDS_Hist,2001,1
2/28/2001,4,177.5996605,1327.8068,MaxDS_Hist,2001,2
3/31/2001,4,75.4768075,357.33902,MaxDS_Hist,2001,3
4/30/2001,4,30.1538775,239.29695,MaxDS_Hist,2001,4
5/31/2001,4,36.452299,249.40341,MaxDS_Hist,2001,5
6/30/2001,4,34.080643,300.82654,MaxDS_Hist,2001,6
7/31/2001,4,33.68256925,375.71893,MaxDS_Hist,2001,7
8/31/2001,4,42.217051,723.5739,MaxDS_Hist,2001,8
9/30/2001,4,81.74182,1140.8062,MaxDS_Hist,2001,9
10/31/2001,4,145.9023595,1861.2899,MaxDS_Hist,2001,10
11/30/2001,4,189.1547119,1812.6254,MaxDS_Hist,2001,11
12/31/2001,4,172.068181,1755.4972,MaxDS_Hist,2001,12
1/31/2002,4,126.4619481,766.1966,MaxDS_Hist,2002,1
2/28/2002,3,28.879962,240.8088,MaxDS_Hist,2002,2
3/31/2002,3,27.509415,233.98795,MaxDS_Hist,2002,3
4/30/2002,3,25.4024145,244.60812,MaxDS_Hist,2002,4
5/31/2002,4,28.2543225,255.77852,MaxDS_Hist,2002,5
6/30/2002,4,29.96364,301.42346,MaxDS_Hist,2002,6
7/31/2002,4,29.8726725,392.7558,MaxDS_Hist,2002,7
8/31/2002,4,46.3103692,861.12933,MaxDS_Hist,2002,8
9/30/2002,4,87.3990244,1229.1362,MaxDS_Hist,2002,9
10/31/2002,4,136.7999839,1731.9503,MaxDS_Hist,2002,10
11/30/2002,4,169.3450203,1748.4971,MaxDS_Hist,2002,11
12/31/2002,4,156.5559075,1713.0964,MaxDS_Hist,2002,12
1/31/2003,4,103.0568988,654.1238,MaxDS_Hist,2003,1
2/28/2003,2,28.137375,215.876,MaxDS_Hist,2003,2
3/31/2003,3,25.307007,231.31076,MaxDS_Hist,2003,3
4/30/2003,3,25.3934745,244.94353,MaxDS_Hist,2003,4
5/31/2003,2,28.0149405,236.43039,MaxDS_Hist,2003,5
6/30/2003,2,25.2244395,219.29695,MaxDS_Hist,2003,6
7/31/2003,2,23.6808405,209.29022,MaxDS_Hist,2003,7
8/31/2003,2,19.8955305,256.62857,MaxDS_Hist,2003,8
9/30/2003,2,18.9410265,426.4781,MaxDS_Hist,2003,9
10/31/2003,2,19.519542,310.49713,MaxDS_Hist,2003,10
11/30/2003,2,16.554465,228.47704,MaxDS_Hist,2003,11
12/31/2003,2,20.411016,489.97833,MaxDS_Hist,2003,12
1/31/2004,2,62.091982,592.65204,MaxDS_Hist,2004,1
2/29/2004,3,26.5499775,252.12958,MaxDS_Hist,2004,2
3/31/2004,2,26.566521,240.95302,MaxDS_Hist,2004,3
4/30/2004,3,25.208715,239.25374,MaxDS_Hist,2004,4
5/31/2004,3,27.712623,245.08281,MaxDS_Hist,2004,5
6/30/2004,3,29.67993,277.8633,MaxDS_Hist,2004,6
7/31/2004,3,29.00166,384.50922,MaxDS_Hist,2004,7
8/31/2004,3,38.8534126,756.38293,MaxDS_Hist,2004,8
9/30/2004,3,80.4359614,1319.6853,MaxDS_Hist,2004,9
10/31/2004,3,168.675199,1689.3544,MaxDS_Hist,2004,10
11/30/2004,3,156.0944155,1648.4138,MaxDS_Hist,2004,11
12/31/2004,3,148.9593465,1710.9938,MaxDS_Hist,2004,12
1/31/2005,3,164.258839,963.54895,MaxDS_Hist,2005,1
2/28/2005,3,55.4720818,322.83017,MaxDS_Hist,2005,2
3/31/2005,3,43.35838195,242.38335,MaxDS_Hist,2005,3
4/30/2005,3,40.4583901,232.06227,MaxDS_Hist,2005,4
5/31/2005,3,27.4295145,231.5153,MaxDS_Hist,2005,5
6/30/2005,3,21.4437285,211.39511,MaxDS_Hist,2005,6
7/31/2005,3,17.624814,193.10207,MaxDS_Hist,2005,7
8/31/2005,3,20.3725545,247.55878,MaxDS_Hist,2005,8
9/30/2005,3,51.40897075,755.6595,MaxDS_Hist,2005,9
10/31/2005,3,98.704336,1343.5157,MaxDS_Hist,2005,10
11/30/2005,3,80.3330365,1141.1432,MaxDS_Hist,2005,11
12/31/2005,3,132.7693315,1621.504,MaxDS_Hist,2005,12
1/31/2006,3,67.499116,408.61826,MaxDS_Hist,2006,1
2/28/2006,1,22.066917,207.22986,MaxDS_Hist,2006,2
3/31/2006,1,24.73515,204.81508,MaxDS_Hist,2006,3
4/30/2006,1,29.3484555,199.22165,MaxDS_Hist,2006,4
5/31/2006,1,17.647632,181.65971,MaxDS_Hist,2006,5
6/30/2006,1,14.23635,171.51231,MaxDS_Hist,2006,6
7/31/2006,1,15.6079005,166.96176,MaxDS_Hist,2006,7
8/31/2006,1,18.3692685,177.66533,MaxDS_Hist,2006,8
9/30/2006,1,17.6306715,268.25656,MaxDS_Hist,2006,9
10/31/2006,1,18.229035,237.82379,MaxDS_Hist,2006,10
11/30/2006,1,19.2349755,240.79103,MaxDS_Hist,2006,11
12/31/2006,1,20.689257,484.55972,MaxDS_Hist,2006,12
1/31/2007,1,102.9814564,1002.7939,MaxDS_Hist,2007,1
2/28/2007,3,112.028257,891.7648,MaxDS_Hist,2007,2
3/31/2007,3,89.2876795,462.86954,MaxDS_Hist,2007,3
4/30/2007,4,40.0700605,244.65016,MaxDS_Hist,2007,4
5/31/2007,4,33.0832855,269.1022,MaxDS_Hist,2007,5
6/30/2007,4,33.6736003,328.84482,MaxDS_Hist,2007,6
7/31/2007,4,33.00438895,434.12064,MaxDS_Hist,2007,7
8/31/2007,4,49.6488535,1002.86554,MaxDS_Hist,2007,8
9/30/2007,4,107.1754195,1434.526,MaxDS_Hist,2007,9
10/31/2007,4,150.500407,1793.8127,MaxDS_Hist,2007,10
11/30/2007,4,163.1222476,1678.0813,MaxDS_Hist,2007,11
12/31/2007,4,166.362652,1816.5032,MaxDS_Hist,2007,12
1/31/2008,4,219.6171136,1753.3495,MaxDS_Hist,2008,1
2/29/2008,3,136.2353419,620.9557,MaxDS_Hist,2008,2
3/31/2008,4,48.9737398,254.50342,MaxDS_Hist,2008,3
4/30/2008,4,35.29520755,245.11996,MaxDS_Hist,2008,4
5/31/2008,5,33.2590165,271.32306,MaxDS_Hist,2008,5
6/30/2008,5,35.34496,376.76712,MaxDS_Hist,2008,6
7/31/2008,5,43.7727577,516.61053,MaxDS_Hist,2008,7
8/31/2008,5,52.7263747,937.237,MaxDS_Hist,2008,8
9/30/2008,5,107.7591366,1481.7233,MaxDS_Hist,2008,9
10/31/2008,5,186.1647085,2051.103,MaxDS_Hist,2008,10
11/30/2008,5,222.301141,2048.3992,MaxDS_Hist,2008,11
12/31/2008,5,203.500546,2169.1453,MaxDS_Hist,2008,12
1/31/2009,5,221.07207,1740.3425,MaxDS_Hist,2009,1
2/28/2009,5,180.2323366,1417.3075,MaxDS_Hist,2009,2
3/31/2009,4,112.0674445,561.34106,MaxDS_Hist,2009,3
4/30/2009,4,37.11384955,249.08356,MaxDS_Hist,2009,4
5/31/2009,4,28.952793,243.51248,MaxDS_Hist,2009,5
6/30/2009,4,28.3824645,262.44836,MaxDS_Hist,2009,6
7/31/2009,4,27.2632605,286.0161,MaxDS_Hist,2009,7
8/31/2009,4,24.3542175,382.308,MaxDS_Hist,2009,8
9/30/2009,4,42.1555081,739.5992,MaxDS_Hist,2009,9
10/31/2009,4,108.1561045,1611.9417,MaxDS_Hist,2009,10
11/30/2009,4,167.21389,1672.2351,MaxDS_Hist,2009,11
12/31/2009,4,122.691418,1486.0491,MaxDS_Hist,2009,12
1/31/2010,4,198.6369355,1780.5885,MaxDS_Hist,2010,1
2/28/2010,3,121.7694003,585.03827,MaxDS_Hist,2010,2
3/31/2010,4,40.1057653,247.30215,MaxDS_Hist,2010,3
4/30/2010,4,27.93375,241.49214,MaxDS_Hist,2010,4
5/31/2010,3,28.285089,236.76758,MaxDS_Hist,2010,5
6/30/2010,3,28.2247875,225.47116,MaxDS_Hist,2010,6
7/31/2010,3,25.4301105,217.64818,MaxDS_Hist,2010,7
8/31/2010,3,24.177225,411.4756,MaxDS_Hist,2010,8
9/30/2010,3,80.36698,1342.3326,MaxDS_Hist,2010,9
10/31/2010,3,137.556904,1682.2083,MaxDS_Hist,2010,10
11/30/2010,3,95.27015725,909.0268,MaxDS_Hist,2010,11
12/31/2010,3,64.3357015,724.20154,MaxDS_Hist,2010,12
1/31/2011,3,52.61822005,346.7729,MaxDS_Hist,2011,1
2/28/2011,2,27.907191,202.4957,MaxDS_Hist,2011,2
3/31/2011,2,30.43915525,217.04774,MaxDS_Hist,2011,3
4/30/2011,1,23.5426605,223.69124,MaxDS_Hist,2011,4
5/31/2011,1,19.407996,197.13736,MaxDS_Hist,2011,5
6/30/2011,1,17.2922055,188.00085,MaxDS_Hist,2011,6
7/31/2011,1,17.5952655,178.68402,MaxDS_Hist,2011,7
8/31/2011,1,16.5423525,183.96506,MaxDS_Hist,2011,8
9/30/2011,1,17.717379,243.50502,MaxDS_Hist,2011,9
10/31/2011,1,18.2629185,256.0611,MaxDS_Hist,2011,10
11/30/2011,1,16.4961,224.05414,MaxDS_Hist,2011,11
12/31/2011,1,22.367955,476.54492,MaxDS_Hist,2011,12
1/31/2012,1,126.5042335,1267.7911,MaxDS_Hist,2012,1
2/29/2012,4,155.454049,1176.0298,MaxDS_Hist,2012,2
3/31/2012,4,64.4090947,447.34674,MaxDS_Hist,2012,3
4/30/2012,3,34.83277795,275.4668,MaxDS_Hist,2012,4
5/31/2012,3,27.495864,226.14946,MaxDS_Hist,2012,5
6/30/2012,3,26.6779305,232.51236,MaxDS_Hist,2012,6
7/31/2012,3,25.179408,334.42435,MaxDS_Hist,2012,7
8/31/2012,3,31.355416,729.29364,MaxDS_Hist,2012,8
9/30/2012,3,66.47672125,1137.6676,MaxDS_Hist,2012,9
10/31/2012,3,153.3821674,1685.4458,MaxDS_Hist,2012,10
11/30/2012,3,157.4133784,1681.6521,MaxDS_Hist,2012,11
12/31/2012,3,169.494859,1744.7126,MaxDS_Hist,2012,12
1/31/2013,3,96.8086414,567.5406,MaxDS_Hist,2013,1
2/28/2013,2,24.894441,238.89725,MaxDS_Hist,2013,2
3/31/2013,3,27.573435,262.69986,MaxDS_Hist,2013,3
4/30/2013,4,26.0625045,261.43738,MaxDS_Hist,2013,4
5/31/2013,4,30.3339304,289.54373,MaxDS_Hist,2013,5
6/30/2013,4,35.032315,326.3368,MaxDS_Hist,2013,6
7/31/2013,4,32.216287,372.63712,MaxDS_Hist,2013,7
8/31/2013,4,53.2349173,1061.947,MaxDS_Hist,2013,8
9/30/2013,4,111.861532,1322.1047,MaxDS_Hist,2013,9
10/31/2013,4,165.6461335,1779.1049,MaxDS_Hist,2013,10
11/30/2013,4,170.930518,1540.897,MaxDS_Hist,2013,11
12/31/2013,4,174.1589524,1735.9446,MaxDS_Hist,2013,12
1/31/2014,4,207.8334865,1810.6248,MaxDS_Hist,2014,1
2/28/2014,5,163.036018,1409.0469,MaxDS_Hist,2014,2
3/31/2014,5,130.68031,814.59924,MaxDS_Hist,2014,3
4/30/2014,5,44.0302381,306.64517,MaxDS_Hist,2014,4
5/31/2014,5,35.4702745,271.56378,MaxDS_Hist,2014,5
6/30/2014,5,45.32683705,483.44788,MaxDS_Hist,2014,6
7/31/2014,5,89.2908202,1122.6375,MaxDS_Hist,2014,7
8/31/2014,5,165.090412,1652.7651,MaxDS_Hist,2014,8
9/30/2014,5,186.032896,1533.1414,MaxDS_Hist,2014,9
10/31/2014,5,187.2990456,1591.7695,MaxDS_Hist,2014,10
11/30/2014,5,197.4529714,1869.6821,MaxDS_Hist,2014,11
12/31/2014,5,225.30943,2127.9792,MaxDS_Hist,2014,12
1/31/2015,5,127.335151,732.17474,MaxDS_Hist,2015,1
2/28/2015,5,29.6241075,289.75894,MaxDS_Hist,2015,2
3/31/2015,5,32.3587471,378.25034,MaxDS_Hist,2015,3
4/30/2015,5,42.6745843,297.56818,MaxDS_Hist,2015,4
5/31/2015,5,56.4514216,410.78064,MaxDS_Hist,2015,5
6/30/2015,5,63.3230965,544.65375,MaxDS_Hist,2015,6
7/31/2015,5,72.00913555,573.7214,MaxDS_Hist,2015,7
8/31/2015,5,51.777889,607.178,MaxDS_Hist,2015,8
9/30/2015,5,75.5023264,959.08795,MaxDS_Hist,2015,9
10/31/2015,5,139.259722,1783.1869,MaxDS_Hist,2015,10
11/30/2015,5,211.8439923,2212.1736,MaxDS_Hist,2015,11
12/31/2015,5,221.610871,1555.9578,MaxDS_Hist,2015,12
1/31/2016,5,213.4105375,2258.6904,MaxDS_Hist,2016,1
2/29/2016,3,172.0005619,905.74066,MaxDS_Hist,2016,2
3/31/2016,4,42.2149648,248.37715,MaxDS_Hist,2016,3
4/30/2016,3,28.386759,244.58832,MaxDS_Hist,2016,4
5/31/2016,3,28.223535,240.32835,MaxDS_Hist,2016,5
6/30/2016,3,28.010193,248.10657,MaxDS_Hist,2016,6
7/31/2016,3,25.3873965,378.4115,MaxDS_Hist,2016,7
8/31/2016,3,38.4213811,760.45575,MaxDS_Hist,2016,8
9/30/2016,3,74.5389124,1163.3702,MaxDS_Hist,2016,9
10/31/2016,3,170.426239,1776.9465,MaxDS_Hist,2016,10
11/30/2016,3,181.3270758,1699.1299,MaxDS_Hist,2016,11
12/31/2016,3,164.562193,1809.4858,MaxDS_Hist,2016,12
1/31/2017,3,113.855848,637.5115,MaxDS_Hist,2017,1
2/28/2017,1,38.605588,226.2687,MaxDS_Hist,2017,2
3/31/2017,1,20.635212,201.0874,MaxDS_Hist,2017,3
4/30/2017,1,19.6196025,170.93405,MaxDS_Hist,2017,4
5/31/2017,1,15.7635885,173.17686,MaxDS_Hist,2017,5
6/30/2017,1,14.468847,175.47467,MaxDS_Hist,2017,6
7/31/2017,1,14.7781935,164.99332,MaxDS_Hist,2017,7
8/31/2017,1,17.490363,204.03949,MaxDS_Hist,2017,8
9/30/2017,1,18.8133405,287.97797,MaxDS_Hist,2017,9
10/31/2017,1,19.5794565,233.1011,MaxDS_Hist,2017,10
11/30/2017,1,22.729554,245.7719,MaxDS_Hist,2017,11
12/31/2017,1,16.2094185,275.7788,MaxDS_Hist,2017,12
1/31/2018,1,47.28667375,779.94147,MaxDS_Hist,2018,1
2/28/2018,3,113.0122936,837.83746,MaxDS_Hist,2018,2
3/31/2018,3,45.8711728,296.17538,MaxDS_Hist,2018,3
4/30/2018,3,37.707097,252.6852,MaxDS_Hist,2018,4
5/31/2018,3,30.154152,231.3947,MaxDS_Hist,2018,5
6/30/2018,3,27.2322105,223.87129,MaxDS_Hist,2018,6
7/31/2018,3,25.033527,328.69235,MaxDS_Hist,2018,7
8/31/2018,3,33.79536655,726.9468,MaxDS_Hist,2018,8
9/30/2018,3,62.8339339,1114.898,MaxDS_Hist,2018,9
10/31/2018,3,157.2987685,1685.3345,MaxDS_Hist,2018,10
11/30/2018,3,156.418546,1702.6702,MaxDS_Hist,2018,11
12/31/2018,3,169.3509055,1744.1747,MaxDS_Hist,2018,12
1/31/2019,3,224.118415,1479.6947,MaxDS_Hist,2019,1
2/28/2019,3,101.538148,524.139,MaxDS_Hist,2019,2
3/31/2019,2,38.07949795,233.04688,MaxDS_Hist,2019,3
4/30/2019,1,28.336839,223.2919,MaxDS_Hist,2019,4
5/31/2019,1,23.757282,193.85298,MaxDS_Hist,2019,5
6/30/2019,1,20.116242,192.3315,MaxDS_Hist,2019,6
7/31/2019,1,19.106898,174.5744,MaxDS_Hist,2019,7
8/31/2019,1,18.3271275,182.40933,MaxDS_Hist,2019,8
9/30/2019,1,18.151563,259.6184,MaxDS_Hist,2019,9
10/31/2019,1,19.586058,226.67099,MaxDS_Hist,2019,10
11/30/2019,1,20.0092485,232.58391,MaxDS_Hist,2019,11
12/31/2019,1,21.884559,512.344,MaxDS_Hist,2019,12
1/31/2020,1,75.5561629,655.4583,MaxDS_Hist,2020,1
2/29/2020,3,34.3244605,424.55246,MaxDS_Hist,2020,2
3/31/2020,4,43.1067127,409.78766,MaxDS_Hist,2020,3
4/30/2020,4,37.4452162,317.70703,MaxDS_Hist,2020,4
5/31/2020,4,44.85325825,298.50388,MaxDS_Hist,2020,5
6/30/2020,4,39.4337524,314.99207,MaxDS_Hist,2020,6
7/31/2020,4,31.1319475,397.52722,MaxDS_Hist,2020,7
8/31/2020,4,40.430956,731.1511,MaxDS_Hist,2020,8
9/30/2020,4,74.544601,1043.5208,MaxDS_Hist,2020,9
10/31/2020,4,131.9790835,1727.9191,MaxDS_Hist,2020,10
11/30/2020,4,182.249464,1826.0077,MaxDS_Hist,2020,11
12/31/2020,4,182.7598705,1843.5919,MaxDS_Hist,2020,12
1/31/2021,4,202.216165,1821.6158,MaxDS_Hist,2021,1
2/28/2021,5,198.6234265,997.06647,MaxDS_Hist,2021,2
3/31/2021,5,84.8791627,562.4552,MaxDS_Hist,2021,3
4/30/2021,5,69.67615975,598.07526,MaxDS_Hist,2021,4
5/31/2021,5,73.92084145,735.3086,MaxDS_Hist,2021,5
6/30/2021,5,106.8510895,1182.2086,MaxDS_Hist,2021,6
7/31/2021,5,155.4730015,1413.223,MaxDS_Hist,2021,7
8/31/2021,5,128.9881795,1304.5575,MaxDS_Hist,2021,8
9/30/2021,5,151.2252475,1476.468,MaxDS_Hist,2021,9
11/30/1920,NA,NA,NA,MaxWater,1920,11
12/31/1920,NA,NA,NA,MaxWater,1920,12
1/31/1921,NA,NA,NA,MaxWater,1921,1
2/28/1921,NA,NA,NA,MaxWater,1921,2
3/31/1921,5,NA,NA,MaxWater,1921,3
4/30/1921,5,NA,NA,MaxWater,1921,4
5/31/1921,2,NA,NA,MaxWater,1921,5
6/30/1921,2,NA,NA,MaxWater,1921,6
7/31/1921,2,NA,NA,MaxWater,1921,7
8/31/1921,2,NA,NA,MaxWater,1921,8
9/30/1921,2,NA,NA,MaxWater,1921,9
10/31/1921,2,NA,NA,MaxWater,1921,10
11/30/1921,2,27.017595,483.0651,MaxWater,1921,11
12/31/1921,2,147.7265305,1590.4188,MaxWater,1921,12
1/31/1922,2,221.256579,1225.3677,MaxWater,1922,1
2/28/1922,3,52.5710725,401.629,MaxWater,1922,2
3/31/1922,3,57.5722867,296.28906,MaxWater,1922,3
4/30/1922,2,40.2354973,239.2331,MaxWater,1922,4
5/31/1922,2,29.2451745,230.555,MaxWater,1922,5
6/30/1922,2,21.7562535,213.95485,MaxWater,1922,6
7/31/1922,2,18.7287855,201.56953,MaxWater,1922,7
8/31/1922,2,19.4650755,259.1043,MaxWater,1922,8
9/30/1922,2,40.2334225,953.9337,MaxWater,1922,9
10/31/1922,2,133.641004,1685.1438,MaxWater,1922,10
11/30/1922,2,139.6213671,1764.7284,MaxWater,1922,11
12/31/1922,2,132.412312,1692.9175,MaxWater,1922,12
1/31/1923,2,97.4442199,668.0902,MaxWater,1923,1
2/28/1923,2,30.5987524,230.06871,MaxWater,1923,2
3/31/1923,3,31.64359375,233.12294,MaxWater,1923,3
4/30/1923,4,31.1580193,245.11154,MaxWater,1923,4
5/31/1923,3,32.305321,241.79109,MaxWater,1923,5
6/30/1923,3,27.984285,222.37497,MaxWater,1923,6
7/31/1923,3,27.155136,261.11798,MaxWater,1923,7
8/31/1923,3,28.89756,700.80975,MaxWater,1923,8
9/30/1923,3,77.1215596,1220.5781,MaxWater,1923,9
10/31/1923,3,136.828729,1704.1465,MaxWater,1923,10
11/30/1923,3,120.479305,1413.1625,MaxWater,1923,11
12/31/1923,3,145.6786345,1761.4706,MaxWater,1923,12
1/31/1924,3,191.7976594,1631.9949,MaxWater,1924,1
2/29/1924,5,156.8019565,1480.8854,MaxWater,1924,2
3/31/1924,5,125.6749291,884.6024,MaxWater,1924,3
4/30/1924,5,85.79821075,421.2446,MaxWater,1924,4
5/31/1924,5,71.2259869,586.825,MaxWater,1924,5
6/30/1924,5,87.17469805,1039.0704,MaxWater,1924,6
7/31/1924,5,154.5714895,1441.3712,MaxWater,1924,7
8/31/1924,5,155.2476805,1453.5369,MaxWater,1924,8
9/30/1924,5,163.9285411,1451.9927,MaxWater,1924,9
10/31/1924,5,185.4155005,1501.2084,MaxWater,1924,10
11/30/1924,5,201.439996,2182.443,MaxWater,1924,11
12/31/1924,5,221.5102831,2318.0352,MaxWater,1924,12
1/31/1925,5,204.8646415,1571.4991,MaxWater,1925,1
2/28/1925,5,121.8802396,1008.2133,MaxWater,1925,2
3/31/1925,4,66.2456575,438.59937,MaxWater,1925,3
4/30/1925,4,28.007433,245.7506,MaxWater,1925,4
5/31/1925,4,29.228115,245.97028,MaxWater,1925,5
6/30/1925,4,29.206824,235.57443,MaxWater,1925,6
7/31/1925,4,26.181978,258.91754,MaxWater,1925,7
8/31/1925,4,30.052323,626.2782,MaxWater,1925,8
9/30/1925,4,76.1824105,1086.2202,MaxWater,1925,9
10/31/1925,4,139.0833925,1761.9124,MaxWater,1925,10
11/30/1925,4,173.9991814,1675.7113,MaxWater,1925,11
12/31/1925,4,167.1854185,1749.6921,MaxWater,1925,12
1/31/1926,4,201.2673145,1595.5431,MaxWater,1926,1
2/28/1926,5,141.3532351,1018.41675,MaxWater,1926,2
3/31/1926,4,61.6410436,325.9962,MaxWater,1926,3
4/30/1926,5,51.6256363,244.3079,MaxWater,1926,4
5/31/1926,4,40.520332,246.26146,MaxWater,1926,5
6/30/1926,4,27.6697125,254.7536,MaxWater,1926,6
7/31/1926,4,26.902743,375.56824,MaxWater,1926,7
8/31/1926,4,48.80731975,968.42096,MaxWater,1926,8
9/30/1926,4,102.1237261,1277.1793,MaxWater,1926,9
10/31/1926,4,137.9767204,1761.6173,MaxWater,1926,10
11/30/1926,4,178.269667,1759.66,MaxWater,1926,11
12/31/1926,4,138.050239,1264.524,MaxWater,1926,12
1/31/1927,4,114.743794,901.1995,MaxWater,1927,1
2/28/1927,3,80.376841,621.83655,MaxWater,1927,2
3/31/1927,1,26.7308805,240.8292,MaxWater,1927,3
4/30/1927,1,24.2730075,233.7676,MaxWater,1927,4
5/31/1927,1,29.513175,221.96365,MaxWater,1927,5
6/30/1927,1,24.987243,214.22849,MaxWater,1927,6
7/31/1927,1,21.801501,208.423,MaxWater,1927,7
8/31/1927,1,21.759462,357.62317,MaxWater,1927,8
9/30/1927,1,71.1960505,986.05707,MaxWater,1927,9
10/31/1927,1,144.978988,1836.2385,MaxWater,1927,10
11/30/1927,1,125.5106665,1493.3961,MaxWater,1927,11
12/31/1927,1,148.8332995,1426.0948,MaxWater,1927,12
1/31/1928,1,204.670414,1483.2042,MaxWater,1928,1
2/29/1928,3,168.7320736,817.10834,MaxWater,1928,2
3/31/1928,3,47.10831505,281.53473,MaxWater,1928,3
4/30/1928,2,24.409539,232.85635,MaxWater,1928,4
5/31/1928,2,26.651862,221.3496,MaxWater,1928,5
6/30/1928,2,27.3300195,236.2114,MaxWater,1928,6
7/31/1928,2,24.748458,296.13477,MaxWater,1928,7
8/31/1928,2,25.4469015,435.57538,MaxWater,1928,8
9/30/1928,2,61.125376,1172.1691,MaxWater,1928,9
10/31/1928,2,170.005636,1707.7473,MaxWater,1928,10
11/30/1928,2,159.4188265,1724.7971,MaxWater,1928,11
12/31/1928,2,156.1771225,1763.5226,MaxWater,1928,12
1/31/1929,2,212.093695,1458.6823,MaxWater,1929,1
2/28/1929,4,173.542372,1222.6376,MaxWater,1929,2
3/31/1929,5,86.0066911,563.2044,MaxWater,1929,3
4/30/1929,5,54.4235212,310.81506,MaxWater,1929,4
5/31/1929,5,48.2631607,320.89536,MaxWater,1929,5
6/30/1929,5,50.224639,547.69086,MaxWater,1929,6
7/31/1929,5,97.180327,1113.6685,MaxWater,1929,7
8/31/1929,5,135.7046605,1445.1025,MaxWater,1929,8
9/30/1929,5,128.5215889,1462.2065,MaxWater,1929,9
10/31/1929,5,169.728502,1831.803,MaxWater,1929,10
11/30/1929,5,204.0314896,2059.962,MaxWater,1929,11
12/31/1929,5,219.4455123,2128.2869,MaxWater,1929,12
1/31/1930,5,187.6807803,1360.9868,MaxWater,1930,1
2/28/1930,4,82.12082725,495.9854,MaxWater,1930,2
3/31/1930,4,37.44625075,267.57285,MaxWater,1930,3
4/30/1930,4,27.5352855,242.02852,MaxWater,1930,4
5/31/1930,4,30.0256305,243.26028,MaxWater,1930,5
6/30/1930,4,30.0819945,288.22708,MaxWater,1930,6
7/31/1930,4,28.8104145,426.97037,MaxWater,1930,7
8/31/1930,4,40.058461,714.56213,MaxWater,1930,8
9/30/1930,4,67.6616857,938.0733,MaxWater,1930,9
10/31/1930,4,112.8863635,1485.8503,MaxWater,1930,10
11/30/1930,4,168.1861305,1829.5087,MaxWater,1930,11
12/31/1930,4,196.5587725,1916.2157,MaxWater,1930,12
1/31/1931,4,222.5567575,1947.4594,MaxWater,1931,1
2/28/1931,5,171.6429325,1002.08844,MaxWater,1931,2
3/31/1931,5,87.619318,604.6997,MaxWater,1931,3
4/30/1931,5,77.7167935,572.68567,MaxWater,1931,4
5/31/1931,5,79.67578375,840.4149,MaxWater,1931,5
6/30/1931,5,106.3958875,1279.4794,MaxWater,1931,6
7/31/1931,5,155.9636404,1499.7551,MaxWater,1931,7
8/31/1931,5,154.1987779,1610.1155,MaxWater,1931,8
9/30/1931,5,175.7338111,1733.8772,MaxWater,1931,9
10/31/1931,5,208.0610989,1570.3652,MaxWater,1931,10
11/30/1931,5,214.497271,1889.4175,MaxWater,1931,11
12/31/1931,5,226.6966105,1922.5919,MaxWater,1931,12
1/31/1932,5,169.3320784,1008.5941,MaxWater,1932,1
2/29/1932,4,53.918524,378.43658,MaxWater,1932,2
3/31/1932,5,40.367515,273.2602,MaxWater,1932,3
4/30/1932,5,32.405185,249.56766,MaxWater,1932,4
5/31/1932,5,61.61647375,287.0602,MaxWater,1932,5
6/30/1932,5,38.3333446,265.42566,MaxWater,1932,6
7/31/1932,5,30.6687256,314.09412,MaxWater,1932,7
8/31/1932,5,41.4456985,719.38257,MaxWater,1932,8
9/30/1932,5,96.165385,1148.402,MaxWater,1932,9
10/31/1932,5,148.9899925,1522.769,MaxWater,1932,10
11/30/1932,5,189.2647105,2029.1475,MaxWater,1932,11
12/31/1932,5,222.943095,2281.0166,MaxWater,1932,12
1/31/1933,5,232.585879,1797.7428,MaxWater,1933,1
2/28/1933,5,173.3169655,1166.716,MaxWater,1933,2
3/31/1933,5,135.0422635,860.2182,MaxWater,1933,3
4/30/1933,5,95.6766955,560.825,MaxWater,1933,4
5/31/1933,5,88.0638895,531.98505,MaxWater,1933,5
6/30/1933,5,81.7984096,738.27527,MaxWater,1933,6
7/31/1933,5,116.1174798,1366.8354,MaxWater,1933,7
8/31/1933,5,176.910864,1619.283,MaxWater,1933,8
9/30/1933,5,156.3132385,1603.1482,MaxWater,1933,9
10/31/1933,5,181.7593068,1535.5602,MaxWater,1933,10
11/30/1933,5,190.2715585,1936.2238,MaxWater,1933,11
12/31/1933,5,225.090607,2183.476,MaxWater,1933,12
1/31/1934,5,198.7122895,1447.868,MaxWater,1934,1
2/28/1934,5,99.992251,693.2828,MaxWater,1934,2
3/31/1934,5,53.4427621,366.8326,MaxWater,1934,3
4/30/1934,5,30.747682,314.6594,MaxWater,1934,4
5/31/1934,5,49.83748075,435.56198,MaxWater,1934,5
6/30/1934,5,66.76727875,924.89545,MaxWater,1934,6
7/31/1934,5,150.543385,1781.8595,MaxWater,1934,7
8/31/1934,5,200.848336,1950.6655,MaxWater,1934,8
9/30/1934,5,179.6051941,1696.226,MaxWater,1934,9
10/31/1934,5,200.0830255,1723.9169,MaxWater,1934,10
11/30/1934,5,220.594219,2087.6062,MaxWater,1934,11
12/31/1934,5,229.5016774,1863.6493,MaxWater,1934,12
1/31/1935,5,193.181494,1710.6671,MaxWater,1935,1
2/28/1935,4,134.3491293,666.559,MaxWater,1935,2
3/31/1935,4,40.36474195,252.36926,MaxWater,1935,3
4/30/1935,4,29.03013,256.59222,MaxWater,1935,4
5/31/1935,3,28.2068205,238.40689,MaxWater,1935,5
6/30/1935,3,27.7901505,226.49843,MaxWater,1935,6
7/31/1935,3,23.775261,257.78,MaxWater,1935,7
8/31/1935,3,23.0699385,500.6182,MaxWater,1935,8
9/30/1935,3,62.8451173,1016.1522,MaxWater,1935,9
10/31/1935,3,138.2361844,1707.2026,MaxWater,1935,10
11/30/1935,3,178.841377,1482.5693,MaxWater,1935,11
12/31/1935,3,146.6346385,1759.9769,MaxWater,1935,12
1/31/1936,3,189.1088583,1586.8025,MaxWater,1936,1
2/29/1936,3,91.08481825,481.19232,MaxWater,1936,2
3/31/1936,2,45.2814622,235.75572,MaxWater,1936,3
4/30/1936,3,35.8572589,234.07669,MaxWater,1936,4
5/31/1936,3,31.9359895,220.34459,MaxWater,1936,5
6/30/1936,3,25.1095575,233.8148,MaxWater,1936,6
7/31/1936,3,25.839063,276.0018,MaxWater,1936,7
8/31/1936,3,30.5211013,734.6565,MaxWater,1936,8
9/30/1936,3,88.9790815,1302.8196,MaxWater,1936,9
10/31/1936,3,129.1808253,1751.4059,MaxWater,1936,10
11/30/1936,3,122.9318554,1261.9465,MaxWater,1936,11
12/31/1936,3,115.198198,1488.1661,MaxWater,1936,12
1/31/1937,3,201.293449,1733.9569,MaxWater,1937,1
2/28/1937,4,162.9818025,1187.9254,MaxWater,1937,2
3/31/1937,4,100.1737105,420.18607,MaxWater,1937,3
4/30/1937,3,57.9104392,242.95807,MaxWater,1937,4
5/31/1937,3,30.8150788,227.03627,MaxWater,1937,5
6/30/1937,3,25.2477195,230.66843,MaxWater,1937,6
7/31/1937,3,24.9972195,275.5522,MaxWater,1937,7
8/31/1937,3,26.948754,590.7328,MaxWater,1937,8
9/30/1937,3,79.8711655,1207.6959,MaxWater,1937,9
10/31/1937,3,145.262791,1714.9921,MaxWater,1937,10
11/30/1937,3,151.1514126,1686.595,MaxWater,1937,11
12/31/1937,3,162.5042935,1537.0876,MaxWater,1937,12
1/31/1938,3,71.10503005,460.22644,MaxWater,1938,1
2/28/1938,2,27.134175,224.15056,MaxWater,1938,2
3/31/1938,1,26.226732,211.87686,MaxWater,1938,3
4/30/1938,1,16.269129,195.59288,MaxWater,1938,4
5/31/1938,1,15.423552,172.42247,MaxWater,1938,5
6/30/1938,1,13.2204345,168.67137,MaxWater,1938,6
7/31/1938,1,13.350645,169.80917,MaxWater,1938,7
8/31/1938,1,17.034231,198.66464,MaxWater,1938,8
9/30/1938,1,26.424183,461.8123,MaxWater,1938,9
10/31/1938,1,55.6250299,847.54047,MaxWater,1938,10
11/30/1938,1,45.51030295,689.584,MaxWater,1938,11
12/31/1938,1,83.95839325,1160.8582,MaxWater,1938,12
1/31/1939,1,220.2980071,1613.611,MaxWater,1939,1
2/28/1939,4,167.060332,1220.8378,MaxWater,1939,2
3/31/1939,4,133.65514,771.96234,MaxWater,1939,3
4/30/1939,4,94.1285641,495.96335,MaxWater,1939,4
5/31/1939,4,57.547885,400.7408,MaxWater,1939,5
6/30/1939,4,39.9345544,322.47104,MaxWater,1939,6
7/31/1939,4,35.9711905,576.2069,MaxWater,1939,7
8/31/1939,4,83.6490115,1367.0583,MaxWater,1939,8
9/30/1939,4,126.5079955,1593.1042,MaxWater,1939,9
10/31/1939,4,168.2035953,1863.4044,MaxWater,1939,10
11/30/1939,4,184.9353325,1783.4053,MaxWater,1939,11
12/31/1939,4,181.6430211,1692.5603,MaxWater,1939,12
1/31/1940,4,222.5655355,1950.308,MaxWater,1940,1
2/29/1940,3,141.3731509,617.92206,MaxWater,1940,2
3/31/1940,2,53.12019055,243.6725,MaxWater,1940,3
4/30/1940,1,34.4144065,229.67097,MaxWater,1940,4
5/31/1940,1,32.3593114,220.64684,MaxWater,1940,5
6/30/1940,1,26.619765,222.75266,MaxWater,1940,6
7/31/1940,1,23.63976,256.65067,MaxWater,1940,7
8/31/1940,1,26.088792,455.70416,MaxWater,1940,8
9/30/1940,1,49.6128751,956.0997,MaxWater,1940,9
10/31/1940,1,148.2371935,1701.4348,MaxWater,1940,10
11/30/1940,1,148.5139969,1713.1719,MaxWater,1940,11
12/31/1940,1,156.651676,1754.0804,MaxWater,1940,12
1/31/1941,1,117.451351,636.13293,MaxWater,1941,1
2/28/1941,1,42.06942955,217.67534,MaxWater,1941,2
3/31/1941,1,28.1179455,201.53552,MaxWater,1941,3
4/30/1941,1,26.0244285,210.96965,MaxWater,1941,4
5/31/1941,1,24.9590175,182.22542,MaxWater,1941,5
6/30/1941,1,18.948159,183.1943,MaxWater,1941,6
7/31/1941,1,18.538632,179.61745,MaxWater,1941,7
8/31/1941,1,18.7430235,239.95418,MaxWater,1941,8
9/30/1941,1,29.625861,555.6137,MaxWater,1941,9
10/31/1941,1,76.6805791,1248.6495,MaxWater,1941,10
11/30/1941,1,88.90892875,1214.2964,MaxWater,1941,11
12/31/1941,1,135.0618145,1581.0897,MaxWater,1941,12
1/31/1942,1,85.1097961,496.4613,MaxWater,1942,1
2/28/1942,1,26.48571,211.60039,MaxWater,1942,2
3/31/1942,1,25.94487,214.30649,MaxWater,1942,3
4/30/1942,1,29.439435,213.01546,MaxWater,1942,4
5/31/1942,1,28.8817425,210.13377,MaxWater,1942,5
6/30/1942,1,22.596354,189.21759,MaxWater,1942,6
7/31/1942,1,18.9120165,174.79047,MaxWater,1942,7
8/31/1942,1,18.9562155,246.35252,MaxWater,1942,8
9/30/1942,1,36.9369928,632.19196,MaxWater,1942,9
10/31/1942,1,90.60636025,1220.9769,MaxWater,1942,10
11/30/1942,1,81.082843,1198.249,MaxWater,1942,11
12/31/1942,1,130.698778,1657.2905,MaxWater,1942,12
1/31/1943,1,123.140407,749.7979,MaxWater,1943,1
2/28/1943,1,28.7128095,216.51007,MaxWater,1943,2
3/31/1943,1,24.261816,214.91814,MaxWater,1943,3
4/30/1943,1,24.198438,202.74684,MaxWater,1943,4
5/31/1943,1,21.670077,205.09235,MaxWater,1943,5
6/30/1943,1,20.0366505,207.24039,MaxWater,1943,6
7/31/1943,1,23.049747,260.65756,MaxWater,1943,7
8/31/1943,1,24.9086775,434.31372,MaxWater,1943,8
9/30/1943,1,51.83602045,888.73724,MaxWater,1943,9
10/31/1943,1,125.2342165,1778.9635,MaxWater,1943,10
11/30/1943,1,128.7643548,1629.6088,MaxWater,1943,11
12/31/1943,1,142.7591515,1744.6621,MaxWater,1943,12
1/31/1944,1,178.8506395,1482.2811,MaxWater,1944,1
2/29/1944,4,147.1216665,1436.309,MaxWater,1944,2
3/31/1944,4,110.018437,605.1305,MaxWater,1944,3
4/30/1944,4,42.681544,250.96758,MaxWater,1944,4
5/31/1944,4,38.14520755,260.78345,MaxWater,1944,5
6/30/1944,4,33.59791,318.60065,MaxWater,1944,6
7/31/1944,4,30.5462155,359.32364,MaxWater,1944,7
8/31/1944,4,58.1009218,1249.5249,MaxWater,1944,8
9/30/1944,4,147.705469,1667.5828,MaxWater,1944,9
10/31/1944,4,167.7194515,1839.1008,MaxWater,1944,10
11/30/1944,4,169.7754415,1719.028,MaxWater,1944,11
12/31/1944,4,155.8713745,1717.3813,MaxWater,1944,12
1/31/1945,4,148.0340455,1001.0676,MaxWater,1945,1
2/28/1945,4,71.4194449,660.0033,MaxWater,1945,2
3/31/1945,3,53.7324589,331.55054,MaxWater,1945,3
4/30/1945,3,42.063151,242.02686,MaxWater,1945,4
5/31/1945,3,31.448212,237.35938,MaxWater,1945,5
6/30/1945,3,27.513315,247.07391,MaxWater,1945,6
7/31/1945,3,27.0240555,328.1722,MaxWater,1945,7
8/31/1945,3,39.4989319,758.2352,MaxWater,1945,8
9/30/1945,3,84.63645955,1202.2424,MaxWater,1945,9
10/31/1945,3,132.3072325,1686.7814,MaxWater,1945,10
11/30/1945,3,149.6299315,1738.2821,MaxWater,1945,11
12/31/1945,3,146.7484219,1750.4147,MaxWater,1945,12
1/31/1946,3,70.01795455,462.41122,MaxWater,1946,1
2/28/1946,2,22.9963605,197.19676,MaxWater,1946,2
3/31/1946,2,26.389458,223.73123,MaxWater,1946,3
4/30/1946,2,29.843025,240.56235,MaxWater,1946,4
5/31/1946,3,28.771125,238.3225,MaxWater,1946,5
6/30/1946,3,26.518332,243.21896,MaxWater,1946,6
7/31/1946,3,27.1425705,296.30707,MaxWater,1946,7
8/31/1946,3,34.97271295,716.4933,MaxWater,1946,8
9/30/1946,3,82.0956133,1281.4344,MaxWater,1946,9
10/31/1946,3,149.1469705,1694.7574,MaxWater,1946,10
11/30/1946,3,146.8140859,1707.2527,MaxWater,1946,11
12/31/1946,3,149.2982343,1720.1031,MaxWater,1946,12
1/31/1947,3,210.7375795,1514.6631,MaxWater,1947,1
2/28/1947,4,160.526308,1360.3649,MaxWater,1947,2
3/31/1947,4,143.8254306,716.02423,MaxWater,1947,3
4/30/1947,4,44.7018805,273.7422,MaxWater,1947,4
5/31/1947,5,29.862435,256.99484,MaxWater,1947,5
6/30/1947,5,31.33057825,332.7435,MaxWater,1947,6
7/31/1947,5,34.4905072,465.935,MaxWater,1947,7
8/31/1947,5,43.5525211,662.5497,MaxWater,1947,8
9/30/1947,5,77.5450411,1038.7484,MaxWater,1947,9
10/31/1947,5,131.93203,1670.1675,MaxWater,1947,10
11/30/1947,5,199.4408236,2172.1277,MaxWater,1947,11
12/31/1947,5,216.0633289,2243.9634,MaxWater,1947,12
1/31/1948,5,224.385802,1713.1488,MaxWater,1948,1
2/29/1948,4,150.9669036,1177.1967,MaxWater,1948,2
3/31/1948,5,79.6067254,580.8285,MaxWater,1948,3
4/30/1948,4,47.1973063,364.6039,MaxWater,1948,4
5/31/1948,3,31.4991415,240.33601,MaxWater,1948,5
6/30/1948,3,26.853285,220.91418,MaxWater,1948,6
7/31/1948,3,21.755832,222.46738,MaxWater,1948,7
8/31/1948,3,22.947348,482.91547,MaxWater,1948,8
9/30/1948,3,93.37422895,1289.8722,MaxWater,1948,9
10/31/1948,3,167.5072975,1656.826,MaxWater,1948,10
11/30/1948,3,156.7009126,1676.6838,MaxWater,1948,11
12/31/1948,3,161.0215041,1749.7479,MaxWater,1948,12
1/31/1949,3,195.2676085,1376.0715,MaxWater,1949,1
2/28/1949,4,142.966546,1233.7952,MaxWater,1949,2
3/31/1949,5,138.3236823,734.9589,MaxWater,1949,3
4/30/1949,4,45.3255688,268.72375,MaxWater,1949,4
5/31/1949,4,26.7962955,243.04442,MaxWater,1949,5
6/30/1949,4,28.076655,273.0706,MaxWater,1949,6
7/31/1949,4,25.8519495,354.3948,MaxWater,1949,7
8/31/1949,4,30.7978135,586.3044,MaxWater,1949,8
9/30/1949,4,59.4135805,880.74457,MaxWater,1949,9
10/31/1949,4,126.182517,1804.724,MaxWater,1949,10
11/30/1949,4,180.9005505,1809.9183,MaxWater,1949,11
12/31/1949,4,169.76065,1798.7443,MaxWater,1949,12
1/31/1950,4,196.6609735,1729.8258,MaxWater,1950,1
2/28/1950,4,125.3055976,717.7525,MaxWater,1950,2
3/31/1950,4,42.6141529,273.5494,MaxWater,1950,3
4/30/1950,4,26.060388,242.84576,MaxWater,1950,4
5/31/1950,4,27.9465495,246.816,MaxWater,1950,5
6/30/1950,4,27.1498125,267.25797,MaxWater,1950,6
7/31/1950,4,25.7625795,303.04034,MaxWater,1950,7
8/31/1950,4,41.911645,885.6363,MaxWater,1950,8
9/30/1950,4,125.0804704,1632.0181,MaxWater,1950,9
10/31/1950,4,156.5412385,1714.6864,MaxWater,1950,10
11/30/1950,4,160.882729,1733.771,MaxWater,1950,11
12/31/1950,4,107.936512,916.5313,MaxWater,1950,12
1/31/1951,4,37.91986375,228.01945,MaxWater,1951,1
2/28/1951,1,27.8498925,201.01674,MaxWater,1951,2
3/31/1951,1,26.5288245,209.9211,MaxWater,1951,3
4/30/1951,1,26.394267,214.04369,MaxWater,1951,4
5/31/1951,1,25.2289575,221.22607,MaxWater,1951,5
6/30/1951,1,23.591991,218.84335,MaxWater,1951,6
7/31/1951,1,23.484117,270.10474,MaxWater,1951,7
8/31/1951,1,24.995613,440.23947,MaxWater,1951,8
9/30/1951,1,44.12671345,866.8127,MaxWater,1951,9
10/31/1951,1,139.3808641,1688.0295,MaxWater,1951,10
11/30/1951,1,148.5095965,1732.179,MaxWater,1951,11
12/31/1951,1,141.5385421,1739.7942,MaxWater,1951,12
1/31/1952,1,115.8119883,621.0739,MaxWater,1952,1
2/29/1952,1,37.5097516,219.70969,MaxWater,1952,2
3/31/1952,1,29.96871,220.1107,MaxWater,1952,3
4/30/1952,1,28.340799,210.0939,MaxWater,1952,4
5/31/1952,1,21.453951,198.0023,MaxWater,1952,5
6/30/1952,1,16.8593085,176.21301,MaxWater,1952,6
7/31/1952,1,14.8484025,169.54124,MaxWater,1952,7
8/31/1952,1,15.8393895,187.41774,MaxWater,1952,8
9/30/1952,1,20.1276555,278.6689,MaxWater,1952,9
10/31/1952,1,23.0218365,320.01068,MaxWater,1952,10
11/30/1952,1,25.143537,506.5647,MaxWater,1952,11
12/31/1952,1,76.737904,1241.3374,MaxWater,1952,12
1/31/1953,1,78.299533,444.79642,MaxWater,1953,1
2/28/1953,1,21.5171385,211.53877,MaxWater,1953,2
3/31/1953,2,22.6045605,222.13356,MaxWater,1953,3
4/30/1953,2,27.61119,240.54446,MaxWater,1953,4
5/31/1953,2,29.563128,238.75893,MaxWater,1953,5
6/30/1953,2,27.085506,217.2258,MaxWater,1953,6
7/31/1953,2,23.3512665,205.7717,MaxWater,1953,7
8/31/1953,2,20.877921,348.01962,MaxWater,1953,8
9/30/1953,2,77.1328741,1129.888,MaxWater,1953,9
10/31/1953,2,147.5311915,1710.5734,MaxWater,1953,10
11/30/1953,2,133.6293931,1715.3694,MaxWater,1953,11
12/31/1953,2,184.9102525,1743.4623,MaxWater,1953,12
1/31/1954,2,214.6445305,1725.1948,MaxWater,1954,1
2/28/1954,2,125.532184,661.5401,MaxWater,1954,2
3/31/1954,2,26.280198,235.87743,MaxWater,1954,3
4/30/1954,2,23.1274635,240.09099,MaxWater,1954,4
5/31/1954,2,26.641662,231.61005,MaxWater,1954,5
6/30/1954,2,26.5577955,239.12238,MaxWater,1954,6
7/31/1954,2,24.8062635,307.6293,MaxWater,1954,7
8/31/1954,2,24.895848,448.94342,MaxWater,1954,8
9/30/1954,2,47.7069547,978.16205,MaxWater,1954,9
10/31/1954,2,155.120941,1652.8019,MaxWater,1954,10
11/30/1954,2,150.417985,1723.6725,MaxWater,1954,11
12/31/1954,2,176.9128105,1735.8463,MaxWater,1954,12
1/31/1955,2,147.8470741,915.5293,MaxWater,1955,1
2/28/1955,3,46.8374311,391.9896,MaxWater,1955,2
3/31/1955,4,34.6007908,313.0109,MaxWater,1955,3
4/30/1955,4,30.45576505,297.3164,MaxWater,1955,4
5/31/1955,4,41.9092567,297.6888,MaxWater,1955,5
6/30/1955,4,40.6958578,304.18884,MaxWater,1955,6
7/31/1955,4,36.4616413,404.60025,MaxWater,1955,7
8/31/1955,4,39.0102538,714.0463,MaxWater,1955,8
9/30/1955,4,73.4148895,1065.0282,MaxWater,1955,9
10/31/1955,4,141.1596261,1788.7688,MaxWater,1955,10
11/30/1955,4,176.9751201,1693.736,MaxWater,1955,11
12/31/1955,4,161.1146193,1775.7386,MaxWater,1955,12
1/31/1956,4,95.0026135,533.71936,MaxWater,1956,1
2/29/1956,1,33.0493021,190.55869,MaxWater,1956,2
3/31/1956,1,26.980476,192.07712,MaxWater,1956,3
4/30/1956,1,23.80698,211.10822,MaxWater,1956,4
5/31/1956,1,22.1809005,216.29768,MaxWater,1956,5
6/30/1956,1,19.29483,192.75577,MaxWater,1956,6
7/31/1956,1,19.216986,180.43932,MaxWater,1956,7
8/31/1956,1,18.6573525,245.60367,MaxWater,1956,8
9/30/1956,1,29.93334,543.52594,MaxWater,1956,9
10/31/1956,1,61.6831324,879.81445,MaxWater,1956,10
11/30/1956,1,44.35135045,629.93005,MaxWater,1956,11
12/31/1956,1,78.4490326,1093.6089,MaxWater,1956,12
1/31/1957,1,218.7468205,1735.6888,MaxWater,1957,1
2/28/1957,3,163.105273,1328.8883,MaxWater,1957,2
3/31/1957,3,85.723042,440.68503,MaxWater,1957,3
4/30/1957,3,32.85626875,234.06987,MaxWater,1957,4
5/31/1957,3,29.9992725,240.68028,MaxWater,1957,5
6/30/1957,3,29.711883,245.18507,MaxWater,1957,6
7/31/1957,3,25.6015365,289.38867,MaxWater,1957,7
8/31/1957,3,38.4822286,764.87854,MaxWater,1957,8
9/30/1957,3,85.1403139,1314.5433,MaxWater,1957,9
10/31/1957,3,150.782215,1661.2792,MaxWater,1957,10
11/30/1957,3,110.6905639,517.1282,MaxWater,1957,11
12/31/1957,3,28.0715475,662.35443,MaxWater,1957,12
1/31/1958,3,96.020206,844.3118,MaxWater,1958,1
2/28/1958,2,40.219429,292.56284,MaxWater,1958,2
3/31/1958,1,37.04665225,239.7802,MaxWater,1958,3
4/30/1958,1,28.213206,207.67838,MaxWater,1958,4
5/31/1958,1,28.483335,185.76189,MaxWater,1958,5
6/30/1958,1,22.27557,169.30302,MaxWater,1958,6
7/31/1958,1,15.783831,156.34682,MaxWater,1958,7
8/31/1958,1,16.5101205,203.29881,MaxWater,1958,8
9/30/1958,1,22.069698,329.21378,MaxWater,1958,9
10/31/1958,1,25.6397415,345.95947,MaxWater,1958,10
11/30/1958,1,23.515017,423.5623,MaxWater,1958,11
12/31/1958,1,67.5807571,1060.9719,MaxWater,1958,12
1/31/1959,1,210.011029,1756.1383,MaxWater,1959,1
2/28/1959,3,152.5472485,875.41846,MaxWater,1959,2
3/31/1959,3,41.8617985,254.36108,MaxWater,1959,3
4/30/1959,3,29.432382,240.1224,MaxWater,1959,4
5/31/1959,3,29.2407,257.79364,MaxWater,1959,5
6/30/1959,3,28.686765,327.49295,MaxWater,1959,6
7/31/1959,3,29.6149845,405.27496,MaxWater,1959,7
8/31/1959,3,41.0341585,727.0956,MaxWater,1959,8
9/30/1959,3,81.4838038,1265.1604,MaxWater,1959,9
10/31/1959,3,157.8808326,1636.8148,MaxWater,1959,10
11/30/1959,3,149.875194,1651.9662,MaxWater,1959,11
12/31/1959,3,167.4361045,1638.2322,MaxWater,1959,12
1/31/1960,3,204.3102966,1721.5299,MaxWater,1960,1
2/29/1960,5,181.3667706,1313.8833,MaxWater,1960,2
3/31/1960,4,98.50630945,492.78027,MaxWater,1960,3
4/30/1960,4,34.3006915,249.18782,MaxWater,1960,4
5/31/1960,4,31.4060548,264.34998,MaxWater,1960,5
6/30/1960,4,31.45706695,340.45035,MaxWater,1960,6
7/31/1960,4,30.3256825,430.66553,MaxWater,1960,7
8/31/1960,4,82.33615045,1463.6622,MaxWater,1960,8
9/30/1960,4,152.209324,1622.1273,MaxWater,1960,9
10/31/1960,4,169.1716975,1823.6893,MaxWater,1960,10
11/30/1960,4,167.3360695,1553.3427,MaxWater,1960,11
12/31/1960,4,151.911556,1716.1615,MaxWater,1960,12
1/31/1961,4,189.6799726,1636.5459,MaxWater,1961,1
2/28/1961,4,154.4536705,1203.7515,MaxWater,1961,2
3/31/1961,4,85.68954595,475.30545,MaxWater,1961,3
4/30/1961,4,28.317885,244.70656,MaxWater,1961,4
5/31/1961,4,28.10472,263.99588,MaxWater,1961,5
6/30/1961,4,31.5208642,314.84244,MaxWater,1961,6
7/31/1961,4,29.9634195,395.2177,MaxWater,1961,7
8/31/1961,4,42.515959,756.6613,MaxWater,1961,8
9/30/1961,4,81.113395,1108.204,MaxWater,1961,9
10/31/1961,4,136.9165375,1763.395,MaxWater,1961,10
11/30/1961,4,193.0562764,1801.6061,MaxWater,1961,11
12/31/1961,4,175.0236025,1795.7235,MaxWater,1961,12
1/31/1962,4,218.585425,1616.2664,MaxWater,1962,1
2/28/1962,4,140.2378819,1127.1018,MaxWater,1962,2
3/31/1962,3,109.312321,468.68253,MaxWater,1962,3
4/30/1962,3,52.0790713,244.09914,MaxWater,1962,4
5/31/1962,3,29.5646295,245.97787,MaxWater,1962,5
6/30/1962,3,26.693664,275.38715,MaxWater,1962,6
7/31/1962,3,27.115575,349.7628,MaxWater,1962,7
8/31/1962,3,36.60253105,739.41364,MaxWater,1962,8
9/30/1962,3,95.72623705,1314.9304,MaxWater,1962,9
10/31/1962,3,163.1317638,1768.4825,MaxWater,1962,10
11/30/1962,3,133.3050745,975.7268,MaxWater,1962,11
12/31/1962,3,25.636326,479.45786,MaxWater,1962,12
1/31/1963,3,68.0364892,592.7595,MaxWater,1963,1
2/28/1963,2,29.2878795,320.2533,MaxWater,1963,2
3/31/1963,3,29.027001,254.36937,MaxWater,1963,3
4/30/1963,2,26.960745,241.7959,MaxWater,1963,4
5/31/1963,1,27.167637,222.06548,MaxWater,1963,5
6/30/1963,1,24.99735,210.46452,MaxWater,1963,6
7/31/1963,1,21.2316885,217.30606,MaxWater,1963,7
8/31/1963,1,21.933183,342.06747,MaxWater,1963,8
9/30/1963,1,67.87148845,973.955,MaxWater,1963,9
10/31/1963,1,153.0080194,1770.2614,MaxWater,1963,10
11/30/1963,1,134.03419,1460.5809,MaxWater,1963,11
12/31/1963,1,127.2696295,758.3771,MaxWater,1963,12
1/31/1964,1,90.1207687,617.2875,MaxWater,1964,1
2/29/1964,2,132.1023175,666.6334,MaxWater,1964,2
3/31/1964,3,48.992128,332.9171,MaxWater,1964,3
4/30/1964,4,34.9590757,302.25455,MaxWater,1964,4
5/31/1964,4,36.449506,317.4788,MaxWater,1964,5
6/30/1964,4,37.2579085,322.811,MaxWater,1964,6
7/31/1964,4,32.41166305,373.2695,MaxWater,1964,7
8/31/1964,4,61.724104,1221.1779,MaxWater,1964,8
9/30/1964,4,139.006243,1576.1852,MaxWater,1964,9
10/31/1964,4,158.995858,1800.7195,MaxWater,1964,10
11/30/1964,4,174.3123423,1737.9083,MaxWater,1964,11
12/31/1964,4,166.6255531,1702.021,MaxWater,1964,12
1/31/1965,4,81.4684708,469.9422,MaxWater,1965,1
2/28/1965,1,25.1329035,212.42079,MaxWater,1965,2
3/31/1965,1,26.037126,222.82335,MaxWater,1965,3
4/30/1965,1,30.536725,231.05905,MaxWater,1965,4
5/31/1965,1,28.429536,210.87015,MaxWater,1965,5
6/30/1965,1,21.48879,204.6927,MaxWater,1965,6
7/31/1965,1,21.445503,210.67825,MaxWater,1965,7
8/31/1965,1,21.9967605,300.98187,MaxWater,1965,8
9/30/1965,1,57.5181709,794.1099,MaxWater,1965,9
10/31/1965,1,124.5635973,1780.9878,MaxWater,1965,10
11/30/1965,1,135.8430565,1802.6469,MaxWater,1965,11
12/31/1965,1,115.503547,1102.8578,MaxWater,1965,12
1/31/1966,1,81.1571767,888.0182,MaxWater,1966,1
2/28/1966,2,97.1265874,596.85956,MaxWater,1966,2
3/31/1966,3,37.5542401,241.64088,MaxWater,1966,3
4/30/1966,3,29.241993,232.61224,MaxWater,1966,4
5/31/1966,3,28.61439,248.57446,MaxWater,1966,5
6/30/1966,3,27.187815,276.1303,MaxWater,1966,6
7/31/1966,3,27.120891,364.86285,MaxWater,1966,7
8/31/1966,3,38.9742469,724.55444,MaxWater,1966,8
9/30/1966,3,80.4722875,1298.3068,MaxWater,1966,9
10/31/1966,3,164.4699385,1723.3707,MaxWater,1966,10
11/30/1966,3,161.861704,1692.906,MaxWater,1966,11
12/31/1966,3,152.94166,1716.3846,MaxWater,1966,12
1/31/1967,3,117.602173,657.4578,MaxWater,1967,1
2/28/1967,1,36.800398,238.0871,MaxWater,1967,2
3/31/1967,2,27.76563,236.36879,MaxWater,1967,3
4/30/1967,1,28.877715,230.84041,MaxWater,1967,4
5/31/1967,1,27.8479755,220.73131,MaxWater,1967,5
6/30/1967,1,20.781099,194.15605,MaxWater,1967,6
7/31/1967,1,16.7272245,158.21657,MaxWater,1967,7
8/31/1967,1,14.628237,193.01242,MaxWater,1967,8
9/30/1967,1,19.9517625,238.43582,MaxWater,1967,9
10/31/1967,1,22.207464,310.74963,MaxWater,1967,10
11/30/1967,1,23.0773845,470.73495,MaxWater,1967,11
12/31/1967,1,66.12523645,1219.4352,MaxWater,1967,12
1/31/1968,1,217.049788,1668.991,MaxWater,1968,1
2/29/1968,3,143.6282875,804.2052,MaxWater,1968,2
3/31/1968,3,35.546626,249.8745,MaxWater,1968,3
4/30/1968,3,27.170691,238.93254,MaxWater,1968,4
5/31/1968,3,28.749504,244.63623,MaxWater,1968,5
6/30/1968,3,29.1469575,291.1396,MaxWater,1968,6
7/31/1968,3,28.018695,453.2114,MaxWater,1968,7
8/31/1968,3,35.4746065,737.5194,MaxWater,1968,8
9/30/1968,3,70.4038018,1162.966,MaxWater,1968,9
10/31/1968,3,132.659521,1564.1765,MaxWater,1968,10
11/30/1968,3,152.4709141,1700.6124,MaxWater,1968,11
12/31/1968,3,161.4148924,1718.2424,MaxWater,1968,12
1/31/1969,3,151.6720278,944.4889,MaxWater,1969,1
2/28/1969,1,34.54726495,243.10536,MaxWater,1969,2
3/31/1969,1,21.708375,192.41054,MaxWater,1969,3
4/30/1969,1,19.844097,185.88614,MaxWater,1969,4
5/31/1969,1,15.1087875,178.18565,MaxWater,1969,5
6/30/1969,1,12.0706725,175.44402,MaxWater,1969,6
7/31/1969,1,12.3235245,171.78035,MaxWater,1969,7
8/31/1969,1,18.6348105,218.34688,MaxWater,1969,8
9/30/1969,1,28.21926,417.69525,MaxWater,1969,9
10/31/1969,1,35.169172,459.831,MaxWater,1969,10
11/30/1969,1,24.902637,500.75845,MaxWater,1969,11
12/31/1969,1,66.8349349,1126.7229,MaxWater,1969,12
1/31/1970,1,63.6690865,425.43268,MaxWater,1970,1
2/28/1970,1,21.818736,208.53206,MaxWater,1970,2
3/31/1970,1,17.8683105,193.52304,MaxWater,1970,3
4/30/1970,1,24.8562885,202.82782,MaxWater,1970,4
5/31/1970,1,25.357968,230.78636,MaxWater,1970,5
6/30/1970,1,27.282399,269.62225,MaxWater,1970,6
7/31/1970,1,25.8417225,306.04172,MaxWater,1970,7
8/31/1970,1,25.46934,460.00333,MaxWater,1970,8
9/30/1970,1,70.0411678,1087.0944,MaxWater,1970,9
10/31/1970,1,149.2210534,1687.3878,MaxWater,1970,10
11/30/1970,1,148.3314886,1721.1384,MaxWater,1970,11
12/31/1970,1,101.1656815,1154.0664,MaxWater,1970,12
1/31/1971,1,54.7774285,362.14908,MaxWater,1971,1
2/28/1971,1,24.1422915,211.29959,MaxWater,1971,2
3/31/1971,1,24.1117005,230.07002,MaxWater,1971,3
4/30/1971,1,24.006633,237.20662,MaxWater,1971,4
5/31/1971,1,25.406337,231.49986,MaxWater,1971,5
6/30/1971,1,25.899861,220.90651,MaxWater,1971,6
7/31/1971,1,22.2902235,210.30528,MaxWater,1971,7
8/31/1971,1,20.4219195,327.8645,MaxWater,1971,8
9/30/1971,1,60.876172,1033.6398,MaxWater,1971,9
10/31/1971,1,147.3605905,1790.6428,MaxWater,1971,10
11/30/1971,1,168.5818501,1799.1079,MaxWater,1971,11
12/31/1971,1,219.0653365,1750.393,MaxWater,1971,12
1/31/1972,1,176.9509578,1084.4703,MaxWater,1972,1
2/29/1972,3,78.03010825,731.2687,MaxWater,1972,2
3/31/1972,3,69.0727891,540.21814,MaxWater,1972,3
4/30/1972,3,33.0876175,255.43234,MaxWater,1972,4
5/31/1972,3,27.3523275,244.21478,MaxWater,1972,5
6/30/1972,3,29.360943,313.34756,MaxWater,1972,6
7/31/1972,3,30.2699251,484.70935,MaxWater,1972,7
8/31/1972,3,33.126919,750.0391,MaxWater,1972,8
9/30/1972,3,69.830131,1137.4801,MaxWater,1972,9
10/31/1972,3,147.1545355,1673.644,MaxWater,1972,10
11/30/1972,3,157.755196,1646.5771,MaxWater,1972,11
12/31/1972,3,113.7417625,1214.4354,MaxWater,1972,12
1/31/1973,3,64.9208065,496.70084,MaxWater,1973,1
2/28/1973,2,33.1130281,245.90744,MaxWater,1973,2
3/31/1973,2,26.184561,240.64098,MaxWater,1973,3
4/30/1973,1,36.117709,232.3363,MaxWater,1973,4
5/31/1973,2,29.885037,231.08546,MaxWater,1973,5
6/30/1973,2,26.0825025,235.35512,MaxWater,1973,6
7/31/1973,2,24.080796,250.56703,MaxWater,1973,7
8/31/1973,2,25.3856535,447.67163,MaxWater,1973,8
9/30/1973,2,57.4706215,1008.1149,MaxWater,1973,9
10/31/1973,2,130.3742628,1705.0392,MaxWater,1973,10
11/30/1973,2,119.098708,1443.2582,MaxWater,1973,11
12/31/1973,2,62.4223939,582.4473,MaxWater,1973,12
1/31/1974,2,25.8510315,194.95966,MaxWater,1974,1
2/28/1974,1,20.460123,203.04233,MaxWater,1974,2
3/31/1974,1,20.833653,203.42282,MaxWater,1974,3
4/30/1974,1,26.062131,203.39592,MaxWater,1974,4
5/31/1974,1,22.378017,179.22159,MaxWater,1974,5
6/30/1974,1,18.827376,187.80096,MaxWater,1974,6
7/31/1974,1,20.2766925,185.93903,MaxWater,1974,7
8/31/1974,1,18.753966,242.50452,MaxWater,1974,8
9/30/1974,1,29.524512,585.8438,MaxWater,1974,9
10/31/1974,1,63.0181123,775.9459,MaxWater,1974,10
11/30/1974,1,37.36903,481.40906,MaxWater,1974,11
12/31/1974,1,70.36206355,965.92065,MaxWater,1974,12
1/31/1975,1,214.5011356,1507.9097,MaxWater,1975,1
2/28/1975,3,194.6838715,1326.1215,MaxWater,1975,2
3/31/1975,3,74.9713315,427.05658,MaxWater,1975,3
4/30/1975,2,28.449042,228.94688,MaxWater,1975,4
5/31/1975,1,24.321753,215.46262,MaxWater,1975,5
6/30/1975,1,22.8831645,206.44504,MaxWater,1975,6
7/31/1975,1,21.0915735,190.77686,MaxWater,1975,7
8/31/1975,1,19.3703025,268.88477,MaxWater,1975,8
9/30/1975,1,50.3370202,870.06854,MaxWater,1975,9
10/31/1975,1,137.4810513,1791.2489,MaxWater,1975,10
11/30/1975,1,112.260646,1058.6027,MaxWater,1975,11
12/31/1975,1,85.975951,1047.6732,MaxWater,1975,12
1/31/1976,1,217.4185923,1600.0905,MaxWater,1976,1
2/29/1976,4,188.5277005,1468.808,MaxWater,1976,2
3/31/1976,4,141.280486,977.6537,MaxWater,1976,3
4/30/1976,5,86.650204,552.3055,MaxWater,1976,4
5/31/1976,5,69.6859723,582.8724,MaxWater,1976,5
6/30/1976,5,86.1192034,888.5878,MaxWater,1976,6
7/31/1976,5,127.4882245,1676.7123,MaxWater,1976,7
8/31/1976,5,142.9099308,1858.0614,MaxWater,1976,8
9/30/1976,5,126.8417704,1424.7836,MaxWater,1976,9
10/31/1976,5,160.0979673,1923.3407,MaxWater,1976,10
11/30/1976,5,220.638109,2136.8408,MaxWater,1976,11
12/31/1976,5,221.0231896,1860.2467,MaxWater,1976,12
1/31/1977,5,222.1106898,1811.3495,MaxWater,1977,1
2/28/1977,5,214.2317565,1511.2654,MaxWater,1977,2
3/31/1977,5,171.5478394,887.2042,MaxWater,1977,3
4/30/1977,5,115.8339931,775.348,MaxWater,1977,4
5/31/1977,5,97.83515725,938.8126,MaxWater,1977,5
6/30/1977,5,121.815043,1047.6749,MaxWater,1977,6
7/31/1977,5,143.2060999,1311.9901,MaxWater,1977,7
8/31/1977,5,171.235183,1748.3234,MaxWater,1977,8
9/30/1977,5,171.667699,1639.9656,MaxWater,1977,9
10/31/1977,5,205.0113681,1794.8801,MaxWater,1977,10
11/30/1977,5,224.70865,2047.8933,MaxWater,1977,11
12/31/1977,5,223.4702851,1775.1249,MaxWater,1977,12
1/31/1978,5,213.203998,1619.1287,MaxWater,1978,1
2/28/1978,3,88.2118159,475.545,MaxWater,1978,2
3/31/1978,2,56.9176075,230.28085,MaxWater,1978,3
4/30/1978,2,37.1409502,222.99223,MaxWater,1978,4
5/31/1978,2,24.9301545,207.38397,MaxWater,1978,5
6/30/1978,2,19.2089085,207.50528,MaxWater,1978,6
7/31/1978,2,19.829217,192.78766,MaxWater,1978,7
8/31/1978,2,21.3801105,279.78616,MaxWater,1978,8
9/30/1978,2,54.4089862,973.1699,MaxWater,1978,9
10/31/1978,2,110.141386,1485.5394,MaxWater,1978,10
11/30/1978,2,81.5709967,1082.345,MaxWater,1978,11
12/31/1978,2,148.9414,1723.5859,MaxWater,1978,12
1/31/1979,2,196.6618,1554.2964,MaxWater,1979,1
2/28/1979,4,115.0884445,698.4384,MaxWater,1979,2
3/31/1979,3,48.03074605,262.96198,MaxWater,1979,3
4/30/1979,4,43.6428775,237.60118,MaxWater,1979,4
5/31/1979,3,31.06838395,234.95778,MaxWater,1979,5
6/30/1979,3,27.148641,245.45992,MaxWater,1979,6
7/31/1979,3,24.764847,247.72064,MaxWater,1979,7
8/31/1979,3,32.0194489,744.4484,MaxWater,1979,8
9/30/1979,3,88.9567375,1281.6931,MaxWater,1979,9
10/31/1979,3,125.7835426,1762.2983,MaxWater,1979,10
11/30/1979,3,151.9863115,1712.0741,MaxWater,1979,11
12/31/1979,3,151.8081979,1707.8594,MaxWater,1979,12
1/31/1980,3,217.3853185,1719.0779,MaxWater,1980,1
2/29/1980,2,68.53955125,336.2692,MaxWater,1980,2
3/31/1980,1,24.094704,194.8121,MaxWater,1980,3
4/30/1980,1,22.452591,200.33548,MaxWater,1980,4
5/31/1980,1,20.045535,211.86307,MaxWater,1980,5
6/30/1980,1,21.7038075,239.40106,MaxWater,1980,6
7/31/1980,1,23.0314155,231.35452,MaxWater,1980,7
8/31/1980,1,23.3841495,260.9501,MaxWater,1980,8
9/30/1980,1,49.8324619,758.10876,MaxWater,1980,9
10/31/1980,1,113.9480056,1851.378,MaxWater,1980,10
11/30/1980,1,134.5117218,1804.817,MaxWater,1980,11
12/31/1980,1,140.664943,1785.5413,MaxWater,1980,12
1/31/1981,1,215.6133595,1787.8065,MaxWater,1981,1
2/28/1981,3,145.945081,894.3839,MaxWater,1981,2
3/31/1981,4,45.6029365,263.98514,MaxWater,1981,3
4/30/1981,4,28.75884,237.75441,MaxWater,1981,4
5/31/1981,4,29.534205,246.35516,MaxWater,1981,5
6/30/1981,4,29.19168,297.87836,MaxWater,1981,6
7/31/1981,4,29.1339255,436.65125,MaxWater,1981,7
8/31/1981,4,71.763343,1316.3036,MaxWater,1981,8
9/30/1981,4,135.0009214,1590.9852,MaxWater,1981,9
10/31/1981,4,148.766923,1804.5317,MaxWater,1981,10
11/30/1981,4,173.191822,1739.9882,MaxWater,1981,11
12/31/1981,4,165.6954955,1360.0272,MaxWater,1981,12
1/31/1982,4,41.0155195,280.45572,MaxWater,1982,1
2/28/1982,1,29.515233,215.05971,MaxWater,1982,2
3/31/1982,1,26.8934745,210.87979,MaxWater,1982,3
4/30/1982,1,26.518035,183.18144,MaxWater,1982,4
5/31/1982,1,19.2662205,176.15117,MaxWater,1982,5
6/30/1982,1,14.977212,172.46658,MaxWater,1982,6
7/31/1982,1,14.4849135,169.46303,MaxWater,1982,7
8/31/1982,1,18.3257625,204.76048,MaxWater,1982,8
9/30/1982,1,20.772759,274.832,MaxWater,1982,9
10/31/1982,1,18.87345,226.45995,MaxWater,1982,10
11/30/1982,1,17.211726,222.15671,MaxWater,1982,11
12/31/1982,1,23.4949425,207.82684,MaxWater,1982,12
1/31/1983,1,25.770243,199.21756,MaxWater,1983,1
2/28/1983,1,15.66039,190.38939,MaxWater,1983,2
3/31/1983,1,11.298669,188.93372,MaxWater,1983,3
4/30/1983,1,6.816468,191.84883,MaxWater,1983,4
5/31/1983,1,3.6044475,169.56735,MaxWater,1983,5
6/30/1983,1,6.84173475,167.03767,MaxWater,1983,6
7/31/1983,1,9.3851115,163.89427,MaxWater,1983,7
8/31/1983,1,12.19212,165.32077,MaxWater,1983,8
9/30/1983,1,15.6112155,201.37068,MaxWater,1983,9
10/31/1983,1,17.170521,241.5179,MaxWater,1983,10
11/30/1983,1,18.0562365,233.37875,MaxWater,1983,11
12/31/1983,1,25.08033,219.37917,MaxWater,1983,12
1/31/1984,1,22.53876,210.35844,MaxWater,1984,1
2/29/1984,1,20.453448,183.6259,MaxWater,1984,2
3/31/1984,1,21.395169,201.4165,MaxWater,1984,3
4/30/1984,1,25.0136955,209.01569,MaxWater,1984,4
5/31/1984,1,24.1214355,224.64703,MaxWater,1984,5
6/30/1984,1,22.6072425,232.99664,MaxWater,1984,6
7/31/1984,1,23.2273425,244.94754,MaxWater,1984,7
8/31/1984,1,24.877281,446.06387,MaxWater,1984,8
9/30/1984,1,60.62617,937.1042,MaxWater,1984,9
10/31/1984,1,128.5467715,1797.2246,MaxWater,1984,10
11/30/1984,1,136.8401005,1637.4718,MaxWater,1984,11
12/31/1984,1,166.969246,791.1723,MaxWater,1984,12
1/31/1985,1,43.82218525,283.71487,MaxWater,1985,1
2/28/1985,3,25.6243305,303.9317,MaxWater,1985,2
3/31/1985,3,30.125889,399.0926,MaxWater,1985,3
4/30/1985,3,35.411935,288.32162,MaxWater,1985,4
5/31/1985,4,38.41568395,282.34277,MaxWater,1985,5
6/30/1985,4,36.6966466,325.3877,MaxWater,1985,6
7/31/1985,4,31.10303425,402.32715,MaxWater,1985,7
8/31/1985,4,72.3961399,1372.9904,MaxWater,1985,8
9/30/1985,4,135.13372,1572.1562,MaxWater,1985,9
10/31/1985,4,136.2786505,1693.5815,MaxWater,1985,10
11/30/1985,4,155.660865,1706.7657,MaxWater,1985,11
12/31/1985,4,161.9610835,1699.8556,MaxWater,1985,12
1/31/1986,4,218.726577,1746.0167,MaxWater,1986,1
2/28/1986,3,130.4557015,728.31854,MaxWater,1986,2
3/31/1986,1,48.41509705,238.58301,MaxWater,1986,3
4/30/1986,1,14.9173185,189.47696,MaxWater,1986,4
5/31/1986,1,17.7567345,174.61469,MaxWater,1986,5
6/30/1986,1,19.748817,189.2285,MaxWater,1986,6
7/31/1986,1,23.6076,245.90555,MaxWater,1986,7
8/31/1986,1,23.5882575,294.72964,MaxWater,1986,8
9/30/1986,1,39.73000705,829.6732,MaxWater,1986,9
10/31/1986,1,80.3017606,1206.937,MaxWater,1986,10
11/30/1986,1,59.026123,923.2132,MaxWater,1986,11
12/31/1986,1,124.8810901,1637.5483,MaxWater,1986,12
1/31/1987,1,179.3141236,1413.9967,MaxWater,1987,1
2/28/1987,4,149.2872475,1263.6542,MaxWater,1987,2
3/31/1987,4,107.8021716,612.1031,MaxWater,1987,3
4/30/1987,4,46.7811835,267.1967,MaxWater,1987,4
5/31/1987,4,32.8306387,254.6183,MaxWater,1987,5
6/30/1987,4,30.7366696,310.73773,MaxWater,1987,6
7/31/1987,4,29.69973,488.6703,MaxWater,1987,7
8/31/1987,4,59.217928,1188.9299,MaxWater,1987,8
9/30/1987,4,114.6172626,1457.8534,MaxWater,1987,9
10/31/1987,4,143.2413601,1735.5594,MaxWater,1987,10
11/30/1987,4,181.6075585,1770.4911,MaxWater,1987,11
12/31/1987,4,170.6326645,1792.7562,MaxWater,1987,12
1/31/1988,4,187.7781933,1343.284,MaxWater,1988,1
2/29/1988,4,74.12377855,459.41666,MaxWater,1988,2
3/31/1988,5,31.1951491,276.11078,MaxWater,1988,3
4/30/1988,5,35.65084195,309.0751,MaxWater,1988,4
5/31/1988,5,47.07351655,380.3628,MaxWater,1988,5
6/30/1988,5,61.1100088,635.80853,MaxWater,1988,6
7/31/1988,5,103.4871291,1086.6864,MaxWater,1988,7
8/31/1988,5,114.6568405,1459.6768,MaxWater,1988,8
9/30/1988,5,126.595291,1450.0948,MaxWater,1988,9
10/31/1988,5,163.9639495,1682.08,MaxWater,1988,10
11/30/1988,5,204.7375885,2073.438,MaxWater,1988,11
12/31/1988,5,226.5876978,2242.9236,MaxWater,1988,12
1/31/1989,5,220.177036,1705.3201,MaxWater,1989,1
2/28/1989,4,173.8182805,1374.4966,MaxWater,1989,2
3/31/1989,5,132.5793591,783.54785,MaxWater,1989,3
4/30/1989,3,48.7429753,334.19986,MaxWater,1989,4
5/31/1989,4,29.55051,239.53809,MaxWater,1989,5
6/30/1989,4,28.20612,256.75278,MaxWater,1989,6
7/31/1989,4,25.3789785,335.36008,MaxWater,1989,7
8/31/1989,4,50.029357,1033.2904,MaxWater,1989,8
9/30/1989,4,129.2880138,1596.6031,MaxWater,1989,9
10/31/1989,4,164.456572,1686.462,MaxWater,1989,10
11/30/1989,4,165.336823,1710.7266,MaxWater,1989,11
12/31/1989,4,160.3050055,1740.758,MaxWater,1989,12
1/31/1990,4,196.2191779,1775.1755,MaxWater,1990,1
2/28/1990,4,153.2940055,1061.6709,MaxWater,1990,2
3/31/1990,5,63.8397844,419.8853,MaxWater,1990,3
4/30/1990,5,40.27080025,368.39468,MaxWater,1990,4
5/31/1990,5,51.2520526,343.0998,MaxWater,1990,5
6/30/1990,5,52.23267775,390.40805,MaxWater,1990,6
7/31/1990,5,69.91119355,670.01184,MaxWater,1990,7
8/31/1990,5,92.2076185,1035.5571,MaxWater,1990,8
9/30/1990,5,115.7017075,1229.1744,MaxWater,1990,9
10/31/1990,5,170.0197036,1652.6052,MaxWater,1990,10
11/30/1990,5,212.103385,1994.9742,MaxWater,1990,11
12/31/1990,5,226.4015785,1842.2621,MaxWater,1990,12
1/31/1991,5,226.536469,1899.9928,MaxWater,1991,1
2/28/1991,5,210.0525165,1369.4072,MaxWater,1991,2
3/31/1991,5,125.9355588,830.34485,MaxWater,1991,3
4/30/1991,5,84.44902075,464.5061,MaxWater,1991,4
5/31/1991,5,52.0155106,253.35011,MaxWater,1991,5
6/30/1991,5,46.388995,375.5545,MaxWater,1991,6
7/31/1991,5,67.1735035,854.8466,MaxWater,1991,7
8/31/1991,5,156.7986904,1525.631,MaxWater,1991,8
9/30/1991,5,182.9085265,1600.5437,MaxWater,1991,9
10/31/1991,5,196.2972565,1565.743,MaxWater,1991,10
11/30/1991,5,210.415273,2054.0315,MaxWater,1991,11
12/31/1991,5,225.5261725,2087.0164,MaxWater,1991,12
1/31/1992,5,214.3405951,1755.1948,MaxWater,1992,1
2/29/1992,5,188.7770185,1160.715,MaxWater,1992,2
3/31/1992,5,94.13134855,420.864,MaxWater,1992,3
4/30/1992,5,40.68761275,247.76772,MaxWater,1992,4
5/31/1992,5,35.8651477,257.6308,MaxWater,1992,5
6/30/1992,5,40.84422025,369.6917,MaxWater,1992,6
7/31/1992,5,50.6384419,398.9596,MaxWater,1992,7
8/31/1992,5,40.9556182,574.5344,MaxWater,1992,8
9/30/1992,5,72.68741275,1039.1249,MaxWater,1992,9
10/31/1992,5,144.6733683,1711.1127,MaxWater,1992,10
11/30/1992,5,220.9592271,2331.7324,MaxWater,1992,11
12/31/1992,5,222.7021218,1567.4957,MaxWater,1992,12
1/31/1993,5,227.3296525,1604.348,MaxWater,1993,1
2/28/1993,3,110.755048,539.5951,MaxWater,1993,2
3/31/1993,2,59.8496875,237.88948,MaxWater,1993,3
4/30/1993,2,37.9400845,238.11342,MaxWater,1993,4
5/31/1993,2,28.1817675,233.88472,MaxWater,1993,5
6/30/1993,2,25.9784865,226.75912,MaxWater,1993,6
7/31/1993,2,23.5987905,208.90422,MaxWater,1993,7
8/31/1993,2,21.2040825,319.956,MaxWater,1993,8
9/30/1993,2,52.2640591,1097.5662,MaxWater,1993,9
10/31/1993,2,142.2697609,1852.9066,MaxWater,1993,10
11/30/1993,2,110.3207793,1335.3978,MaxWater,1993,11
12/31/1993,2,177.0461335,1832.8558,MaxWater,1993,12
1/31/1994,2,180.0339025,1357.2863,MaxWater,1994,1
2/28/1994,4,100.6233693,932.67,MaxWater,1994,2
3/31/1994,4,83.9250283,565.7097,MaxWater,1994,3
4/30/1994,4,38.9084575,279.1557,MaxWater,1994,4
5/31/1994,5,37.2906835,301.80087,MaxWater,1994,5
6/30/1994,5,44.58532405,424.05884,MaxWater,1994,6
7/31/1994,5,65.165365,918.27325,MaxWater,1994,7
8/31/1994,5,108.6965386,1758.2087,MaxWater,1994,8
9/30/1994,5,140.6143099,1810.8635,MaxWater,1994,9
10/31/1994,5,183.0342229,1876.5906,MaxWater,1994,10
11/30/1994,5,211.1615455,2123.4287,MaxWater,1994,11
12/31/1994,5,217.464805,2161.8445,MaxWater,1994,12
1/31/1995,5,219.5127865,1670.402,MaxWater,1995,1
2/28/1995,1,77.60153095,323.3333,MaxWater,1995,2
3/31/1995,2,29.2117995,237.71432,MaxWater,1995,3
4/30/1995,1,36.6492283,223.4073,MaxWater,1995,4
5/31/1995,1,26.293686,180.18764,MaxWater,1995,5
6/30/1995,1,17.7287595,170.52936,MaxWater,1995,6
7/31/1995,1,15.6695565,164.2164,MaxWater,1995,7
8/31/1995,1,14.9223795,168.14891,MaxWater,1995,8
9/30/1995,1,18.864597,235.16475,MaxWater,1995,9
10/31/1995,1,19.062795,305.14853,MaxWater,1995,10
11/30/1995,1,21.6905295,467.8076,MaxWater,1995,11
12/31/1995,1,78.7996795,1081.4067,MaxWater,1995,12
1/31/1996,1,116.4927421,632.19525,MaxWater,1996,1
2/29/1996,2,28.800558,226.72218,MaxWater,1996,2
3/31/1996,1,32.7945178,222.00589,MaxWater,1996,3
4/30/1996,1,30.3771934,218.7456,MaxWater,1996,4
5/31/1996,1,26.0744955,211.59615,MaxWater,1996,5
6/30/1996,1,22.5518145,193.05719,MaxWater,1996,6
7/31/1996,1,19.58799,200.58856,MaxWater,1996,7
8/31/1996,1,21.593181,316.67374,MaxWater,1996,8
9/30/1996,1,56.2600783,880.7808,MaxWater,1996,9
10/31/1996,1,132.2931934,1786.038,MaxWater,1996,10
11/30/1996,1,134.9814445,1541.1083,MaxWater,1996,11
12/31/1996,1,112.5867259,764.8871,MaxWater,1996,12
1/31/1997,1,40.2740065,234.75343,MaxWater,1997,1
2/28/1997,1,10.278951,183.88289,MaxWater,1997,2
3/31/1997,1,17.5983975,172.33707,MaxWater,1997,3
4/30/1997,1,23.0968005,204.32391,MaxWater,1997,4
5/31/1997,1,26.42778,262.30466,MaxWater,1997,5
6/30/1997,1,25.8713625,270.8582,MaxWater,1997,6
7/31/1997,1,27.48903,265.16602,MaxWater,1997,7
8/31/1997,1,25.655862,371.7725,MaxWater,1997,8
9/30/1997,1,47.3255164,838.33997,MaxWater,1997,9
10/31/1997,1,124.531435,1783.7389,MaxWater,1997,10
11/30/1997,1,141.045703,1722.8662,MaxWater,1997,11
12/31/1997,1,143.6388696,1633.116,MaxWater,1997,12
1/31/1998,1,204.476671,1305.3834,MaxWater,1998,1
2/28/1998,1,61.68448045,321.72546,MaxWater,1998,2
3/31/1998,1,42.079225,215.76198,MaxWater,1998,3
4/30/1998,1,23.6166825,189.71712,MaxWater,1998,4
5/31/1998,1,19.558185,176.23827,MaxWater,1998,5
6/30/1998,1,17.1846975,165.51447,MaxWater,1998,6
7/31/1998,1,14.9524155,169.64919,MaxWater,1998,7
8/31/1998,1,14.712192,169.31255,MaxWater,1998,8
9/30/1998,1,17.0387505,224.90173,MaxWater,1998,9
10/31/1998,1,18.158073,241.38893,MaxWater,1998,10
11/30/1998,1,15.505275,236.8391,MaxWater,1998,11
12/31/1998,1,20.2140975,236.3489,MaxWater,1998,12
1/31/1999,1,22.8286395,214.3665,MaxWater,1999,1
2/28/1999,2,24.6867375,216.44861,MaxWater,1999,2
3/31/1999,1,28.284261,217.03091,MaxWater,1999,3
4/30/1999,1,27.579579,221.35371,MaxWater,1999,4
5/31/1999,1,27.7674825,224.40227,MaxWater,1999,5
6/30/1999,1,24.4870515,227.03708,MaxWater,1999,6
7/31/1999,1,22.2158475,210.69542,MaxWater,1999,7
8/31/1999,1,22.433613,341.01196,MaxWater,1999,8
9/30/1999,1,55.8913111,915.1351,MaxWater,1999,9
10/31/1999,1,126.4032751,1687.4801,MaxWater,1999,10
11/30/1999,1,144.8357356,1654.1284,MaxWater,1999,11
12/31/1999,1,186.4658395,1792.7449,MaxWater,1999,12
1/31/2000,1,181.1183845,1440.6624,MaxWater,2000,1
2/29/2000,2,100.2762706,519.85016,MaxWater,2000,2
3/31/2000,2,36.55648645,231.18103,MaxWater,2000,3
4/30/2000,2,29.5859475,221.74255,MaxWater,2000,4
5/31/2000,2,27.674748,219.19868,MaxWater,2000,5
6/30/2000,2,24.6148515,238.02211,MaxWater,2000,6
7/31/2000,2,24.249111,257.1379,MaxWater,2000,7
8/31/2000,2,25.7389185,440.96692,MaxWater,2000,8
9/30/2000,2,34.8243961,780.8806,MaxWater,2000,9
10/31/2000,2,133.7621575,1705.788,MaxWater,2000,10
11/30/2000,2,151.031667,1774.5197,MaxWater,2000,11
12/31/2000,2,160.838896,1738.0193,MaxWater,2000,12
1/31/2001,2,205.681537,1772.4741,MaxWater,2001,1
2/28/2001,4,159.731671,1279.3353,MaxWater,2001,2
3/31/2001,4,76.78208755,396.15594,MaxWater,2001,3
4/30/2001,4,32.220049,241.76668,MaxWater,2001,4
5/31/2001,4,32.9363965,245.36768,MaxWater,2001,5
6/30/2001,4,28.72227,300.9216,MaxWater,2001,6
7/31/2001,4,29.226255,418.48627,MaxWater,2001,7
8/31/2001,4,55.61416,1072.6171,MaxWater,2001,8
9/30/2001,4,118.2717663,1548.5402,MaxWater,2001,9
10/31/2001,4,157.9865305,1806.2357,MaxWater,2001,10
11/30/2001,4,159.2964931,1599.286,MaxWater,2001,11
12/31/2001,4,159.25213,1717.7815,MaxWater,2001,12
1/31/2002,4,110.9730075,647.9796,MaxWater,2002,1
2/28/2002,3,26.403951,226.27942,MaxWater,2002,2
3/31/2002,3,26.7450525,233.4391,MaxWater,2002,3
4/30/2002,3,25.325826,244.60849,MaxWater,2002,4
5/31/2002,4,28.405641,255.6569,MaxWater,2002,5
6/30/2002,4,30.4884175,300.25815,MaxWater,2002,6
7/31/2002,4,29.933295,390.37387,MaxWater,2002,7
8/31/2002,4,61.694293,1158.324,MaxWater,2002,8
9/30/2002,4,115.058149,1410.7725,MaxWater,2002,9
10/31/2002,4,139.7751445,1712.6234,MaxWater,2002,10
11/30/2002,4,157.4121244,1634.0941,MaxWater,2002,11
12/31/2002,4,151.9969135,1722.3181,MaxWater,2002,12
1/31/2003,4,103.4402494,654.2973,MaxWater,2003,1
2/28/2003,2,27.9564,214.95782,MaxWater,2003,2
3/31/2003,3,25.297281,231.28346,MaxWater,2003,3
4/30/2003,3,25.4782905,244.74312,MaxWater,2003,4
5/31/2003,2,27.986691,236.02237,MaxWater,2003,5
6/30/2003,2,25.1799345,219.30452,MaxWater,2003,6
7/31/2003,2,21.7795995,230.64081,MaxWater,2003,7
8/31/2003,2,22.865763,448.1961,MaxWater,2003,8
9/30/2003,2,48.2757463,900.4866,MaxWater,2003,9
10/31/2003,2,142.4665135,1786.8169,MaxWater,2003,10
11/30/2003,2,139.721365,1661.7513,MaxWater,2003,11
12/31/2003,2,180.4588375,1734.8748,MaxWater,2003,12
1/31/2004,2,128.8648458,670.75116,MaxWater,2004,1
2/29/2004,3,29.000532,253.40355,MaxWater,2004,2
3/31/2004,2,28.3551405,236.87498,MaxWater,2004,3
4/30/2004,3,26.575269,236.12811,MaxWater,2004,4
5/31/2004,3,28.572171,243.00716,MaxWater,2004,5
6/30/2004,3,29.782275,276.57602,MaxWater,2004,6
7/31/2004,3,29.050173,376.05362,MaxWater,2004,7
8/31/2004,3,39.1491799,755.9669,MaxWater,2004,8
9/30/2004,3,80.2356577,1302.1648,MaxWater,2004,9
10/31/2004,3,163.4397604,1668.464,MaxWater,2004,10
11/30/2004,3,148.8622983,1656.4177,MaxWater,2004,11
12/31/2004,3,151.7486215,1698.7196,MaxWater,2004,12
1/31/2005,3,155.0364528,905.4556,MaxWater,2005,1
2/28/2005,3,52.6952755,310.58734,MaxWater,2005,2
3/31/2005,3,42.6989803,241.60974,MaxWater,2005,3
4/30/2005,3,40.087075,231.23593,MaxWater,2005,4
5/31/2005,3,27.301053,231.24379,MaxWater,2005,5
6/30/2005,3,21.4606725,211.69678,MaxWater,2005,6
7/31/2005,3,17.6865645,192.92079,MaxWater,2005,7
8/31/2005,3,20.405475,247.63565,MaxWater,2005,8
9/30/2005,3,50.62656025,751.7319,MaxWater,2005,9
10/31/2005,3,95.64170605,1305.9181,MaxWater,2005,10
11/30/2005,3,76.17788755,1086.8153,MaxWater,2005,11
12/31/2005,3,128.1982336,1584.6799,MaxWater,2005,12
1/31/2006,3,65.17253845,400.649,MaxWater,2006,1
2/28/2006,1,21.7641585,209.31366,MaxWater,2006,2
3/31/2006,1,24.978333,205.30801,MaxWater,2006,3
4/30/2006,1,29.238702,198.63068,MaxWater,2006,4
5/31/2006,1,17.63217,181.36548,MaxWater,2006,5
6/30/2006,1,14.2521885,171.52742,MaxWater,2006,6
7/31/2006,1,15.6890145,167.47227,MaxWater,2006,7
8/31/2006,1,22.7279895,215.36029,MaxWater,2006,8
9/30/2006,1,23.475825,386.6412,MaxWater,2006,9
10/31/2006,1,26.907783,527.07465,MaxWater,2006,10
11/30/2006,1,43.00052455,814.3924,MaxWater,2006,11
12/31/2006,1,108.1790185,1555.8889,MaxWater,2006,12
1/31/2007,1,162.4779709,1380.5529,MaxWater,2007,1
2/28/2007,3,114.426267,741.7354,MaxWater,2007,2
3/31/2007,3,72.204865,430.9048,MaxWater,2007,3
4/30/2007,4,37.198714,239.84242,MaxWater,2007,4
5/31/2007,4,31.8719044,263.88724,MaxWater,2007,5
6/30/2007,4,33.0316378,326.49103,MaxWater,2007,6
7/31/2007,4,32.803045,431.84833,MaxWater,2007,7
8/31/2007,4,68.9641015,1429.705,MaxWater,2007,8
9/30/2007,4,141.7392505,1587.5707,MaxWater,2007,9
10/31/2007,4,142.947736,1720.3523,MaxWater,2007,10
11/30/2007,4,148.3874455,1694.5222,MaxWater,2007,11
12/31/2007,4,166.2004585,1721.7539,MaxWater,2007,12
1/31/2008,4,201.704419,1512.5396,MaxWater,2008,1
2/29/2008,3,130.481095,544.9007,MaxWater,2008,2
3/31/2008,4,40.24112605,247.51111,MaxWater,2008,3
4/30/2008,4,32.8745515,240.97354,MaxWater,2008,4
5/31/2008,5,30.75282055,267.06586,MaxWater,2008,5
6/30/2008,5,35.37603355,370.93686,MaxWater,2008,6
7/31/2008,5,42.7133215,518.1086,MaxWater,2008,7
8/31/2008,5,52.41470725,902.27014,MaxWater,2008,8
9/30/2008,5,104.6167608,1400.9965,MaxWater,2008,9
10/31/2008,5,178.806892,1983.8777,MaxWater,2008,10
11/30/2008,5,221.6797555,2093.335,MaxWater,2008,11
12/31/2008,5,216.2996965,2184.1553,MaxWater,2008,12
1/31/2009,5,221.2796725,1721.8031,MaxWater,2009,1
2/28/2009,5,183.3678895,1430.6628,MaxWater,2009,2
3/31/2009,4,115.4415795,568.3961,MaxWater,2009,3
4/30/2009,4,37.75162825,249.3145,MaxWater,2009,4
5/31/2009,4,28.962615,243.2359,MaxWater,2009,5
6/30/2009,4,28.3639395,261.45975,MaxWater,2009,6
7/31/2009,4,26.733315,290.26663,MaxWater,2009,7
8/31/2009,4,24.4192545,402.55728,MaxWater,2009,8
9/30/2009,4,45.8087749,796.3798,MaxWater,2009,9
10/31/2009,4,113.4088141,1645.8148,MaxWater,2009,10
11/30/2009,4,171.5107495,1670.4421,MaxWater,2009,11
12/31/2009,4,125.3006215,1526.4266,MaxWater,2009,12
1/31/2010,4,205.3384996,1778.8425,MaxWater,2010,1
2/28/2010,3,123.3239755,592.0313,MaxWater,2010,2
3/31/2010,4,40.47965395,247.34277,MaxWater,2010,3
4/30/2010,4,28.009995,241.28453,MaxWater,2010,4
5/31/2010,3,28.19478,236.75156,MaxWater,2010,5
6/30/2010,3,28.165173,225.50645,MaxWater,2010,6
7/31/2010,3,25.417092,217.75076,MaxWater,2010,7
8/31/2010,3,24.112449,409.3093,MaxWater,2010,8
9/30/2010,3,80.2171555,1342.8206,MaxWater,2010,9
10/31/2010,3,137.5271785,1686.8099,MaxWater,2010,10
11/30/2010,3,88.7373274,898.76495,MaxWater,2010,11
12/31/2010,3,65.4352543,742.84985,MaxWater,2010,12
1/31/2011,3,52.9566775,345.70285,MaxWater,2011,1
2/28/2011,2,27.924183,202.69405,MaxWater,2011,2
3/31/2011,2,30.678427,217.71577,MaxWater,2011,3
4/30/2011,1,23.429943,223.63295,MaxWater,2011,4
5/31/2011,1,19.310307,197.10112,MaxWater,2011,5
6/30/2011,1,17.291832,187.91592,MaxWater,2011,6
7/31/2011,1,17.5475895,178.5291,MaxWater,2011,7
8/31/2011,1,16.1092185,185.04178,MaxWater,2011,8
9/30/2011,1,18.304623,234.66107,MaxWater,2011,9
10/31/2011,1,19.0932885,266.23062,MaxWater,2011,10
11/30/2011,1,18.695991,293.47137,MaxWater,2011,11
12/31/2011,1,28.586787,656.34186,MaxWater,2011,12
1/31/2012,1,149.928697,1382.0177,MaxWater,2012,1
2/29/2012,4,165.5718511,1274.663,MaxWater,2012,2
3/31/2012,4,85.82956645,592.33014,MaxWater,2012,3
4/30/2012,3,43.2436723,307.05923,MaxWater,2012,4
5/31/2012,3,27.762717,231.63759,MaxWater,2012,5
6/30/2012,3,27.446928,235.5087,MaxWater,2012,6
7/31/2012,3,25.4177235,335.3762,MaxWater,2012,7
8/31/2012,3,31.5488512,738.3437,MaxWater,2012,8
9/30/2012,3,69.35364805,1170.8694,MaxWater,2012,9
10/31/2012,3,154.40086,1679.6271,MaxWater,2012,10
11/30/2012,3,154.252945,1677.7792,MaxWater,2012,11
12/31/2012,3,167.150221,1750.9075,MaxWater,2012,12
1/31/2013,3,90.32312725,502.04102,MaxWater,2013,1
2/28/2013,2,22.8679785,229.47537,MaxWater,2013,2
3/31/2013,3,26.63574,250.3411,MaxWater,2013,3
4/30/2013,4,25.2026115,258.92297,MaxWater,2013,4
5/31/2013,4,29.907339,289.83914,MaxWater,2013,5
6/30/2013,4,34.1317777,328.02597,MaxWater,2013,6
7/31/2013,4,32.1034555,374.71692,MaxWater,2013,7
8/31/2013,4,57.7198312,1152.4907,MaxWater,2013,8
9/30/2013,4,120.8782879,1364.8353,MaxWater,2013,9
10/31/2013,4,166.848463,1773.0637,MaxWater,2013,10
11/30/2013,4,154.5560881,1331.3625,MaxWater,2013,11
12/31/2013,4,167.290897,1795.3381,MaxWater,2013,12
1/31/2014,4,215.5678735,1790.9686,MaxWater,2014,1
2/28/2014,5,172.6295455,1386.6903,MaxWater,2014,2
3/31/2014,5,129.6991263,891.8862,MaxWater,2014,3
4/30/2014,5,51.33014545,338.08102,MaxWater,2014,4
5/31/2014,5,36.8315371,272.06573,MaxWater,2014,5
6/30/2014,5,45.7436752,481.94296,MaxWater,2014,6
7/31/2014,5,90.7577665,1053.2457,MaxWater,2014,7
8/31/2014,5,160.6841809,1474.3168,MaxWater,2014,8
9/30/2014,5,175.5912655,1380.4865,MaxWater,2014,9
10/31/2014,5,165.781993,1517.6207,MaxWater,2014,10
11/30/2014,5,209.6687725,1894.9116,MaxWater,2014,11
12/31/2014,5,225.1350585,1764.9272,MaxWater,2014,12
1/31/2015,5,96.9088189,594.92633,MaxWater,2015,1
2/28/2015,5,28.0228095,289.60345,MaxWater,2015,2
3/31/2015,5,31.8927778,380.38873,MaxWater,2015,3
4/30/2015,5,46.8507463,269.2672,MaxWater,2015,4
5/31/2015,5,46.76605,318.47098,MaxWater,2015,5
6/30/2015,5,56.65342105,440.0113,MaxWater,2015,6
7/31/2015,5,59.79738145,436.2353,MaxWater,2015,7
8/31/2015,5,46.68460555,585.7003,MaxWater,2015,8
9/30/2015,5,73.36260055,968.64923,MaxWater,2015,9
10/31/2015,5,136.3607875,1715.444,MaxWater,2015,10
11/30/2015,5,211.922809,2191.6685,MaxWater,2015,11
12/31/2015,5,221.4486205,1521.527,MaxWater,2015,12
1/31/2016,5,214.177501,2277.494,MaxWater,2016,1
2/29/2016,3,208.8533191,724.8683,MaxWater,2016,2
3/31/2016,4,54.165961,245.28726,MaxWater,2016,3
4/30/2016,3,27.37572,245.85422,MaxWater,2016,4
5/31/2016,3,27.41937,240.07823,MaxWater,2016,5
6/30/2016,3,28.1436405,247.24542,MaxWater,2016,6
7/31/2016,3,25.351422,377.33905,MaxWater,2016,7
8/31/2016,3,38.361856,761.5422,MaxWater,2016,8
9/30/2016,3,73.65848755,1147.1711,MaxWater,2016,9
10/31/2016,3,168.6803746,1778.1412,MaxWater,2016,10
11/30/2016,3,182.066437,1700.1935,MaxWater,2016,11
12/31/2016,3,163.9690026,1811.3148,MaxWater,2016,12
1/31/2017,3,114.674881,640.54846,MaxWater,2017,1
2/28/2017,1,38.60374975,226.09297,MaxWater,2017,2
3/31/2017,1,20.889435,201.06436,MaxWater,2017,3
4/30/2017,1,20.1419625,172.0533,MaxWater,2017,4
5/31/2017,1,16.236267,174.19252,MaxWater,2017,5
6/30/2017,1,14.664786,176.30707,MaxWater,2017,6
7/31/2017,1,14.9874255,169.50381,MaxWater,2017,7
8/31/2017,1,20.257176,213.57524,MaxWater,2017,8
9/30/2017,1,28.782921,401.61243,MaxWater,2017,9
10/31/2017,1,34.350937,573.6724,MaxWater,2017,10
11/30/2017,1,38.49103795,825.9275,MaxWater,2017,11
12/31/2017,1,61.4535877,733.2215,MaxWater,2017,12
1/31/2018,1,70.5171577,861.1322,MaxWater,2018,1
2/28/2018,3,130.7936916,887.1868,MaxWater,2018,2
3/31/2018,3,44.876899,303.4788,MaxWater,2018,3
4/30/2018,3,35.1890992,253.02966,MaxWater,2018,4
5/31/2018,3,29.3415075,230.72545,MaxWater,2018,5
6/30/2018,3,26.4237855,225.39815,MaxWater,2018,6
7/31/2018,3,24.889218,323.67575,MaxWater,2018,7
8/31/2018,3,34.2338077,726.44617,MaxWater,2018,8
9/30/2018,3,61.8670144,1080.2971,MaxWater,2018,9
10/31/2018,3,151.3901086,1680.8887,MaxWater,2018,10
11/30/2018,3,156.004156,1703.0874,MaxWater,2018,11
12/31/2018,3,170.9242195,1732.9884,MaxWater,2018,12
1/31/2019,3,218.5531345,1544.3394,MaxWater,2019,1
2/28/2019,3,103.1756013,518.345,MaxWater,2019,2
3/31/2019,2,38.6792035,236.72427,MaxWater,2019,3
4/30/2019,1,28.426635,221.37148,MaxWater,2019,4
5/31/2019,1,23.840574,193.61122,MaxWater,2019,5
6/30/2019,1,20.109963,191.86288,MaxWater,2019,6
7/31/2019,1,17.697324,172.41135,MaxWater,2019,7
8/31/2019,1,18.817695,204.02545,MaxWater,2019,8
9/30/2019,1,28.8294705,464.1447,MaxWater,2019,9
10/31/2019,1,57.4780771,808.0616,MaxWater,2019,10
11/30/2019,1,56.91445255,1016.2961,MaxWater,2019,11
12/31/2019,1,120.4249726,1776.9348,MaxWater,2019,12
1/31/2020,1,152.0326981,942.0316,MaxWater,2020,1
2/29/2020,3,44.4623095,499.1416,MaxWater,2020,2
3/31/2020,4,49.9047208,525.1004,MaxWater,2020,3
4/30/2020,4,45.6287005,401.85553,MaxWater,2020,4
5/31/2020,4,48.37300255,321.4066,MaxWater,2020,5
6/30/2020,4,40.7810329,319.8209,MaxWater,2020,6
7/31/2020,4,32.16004225,397.8655,MaxWater,2020,7
8/31/2020,4,58.1593525,1131.6462,MaxWater,2020,8
9/30/2020,4,124.6735075,1567.0758,MaxWater,2020,9
10/31/2020,4,146.9308761,1731.9486,MaxWater,2020,10
11/30/2020,4,166.0676086,1739.7115,MaxWater,2020,11
12/31/2020,4,173.319502,1785.6328,MaxWater,2020,12
1/31/2021,4,195.3007825,1618.6467,MaxWater,2021,1
2/28/2021,5,181.858444,1138.8215,MaxWater,2021,2
3/31/2021,5,102.36271,708.78705,MaxWater,2021,3
4/30/2021,5,81.90861625,620.3409,MaxWater,2021,4
5/31/2021,5,77.2707571,723.3017,MaxWater,2021,5
6/30/2021,5,104.953588,1126.0175,MaxWater,2021,6
7/31/2021,5,155.722006,1448.0294,MaxWater,2021,7
8/31/2021,5,137.2203333,1380.0743,MaxWater,2021,8
9/30/2021,5,157.147026,1512.1542,MaxWater,2021,9
11/30/1920,NA,NA,NA,Summer_Even,1920,11
12/31/1920,NA,NA,NA,Summer_Even,1920,12
1/31/1921,NA,NA,NA,Summer_Even,1921,1
2/28/1921,NA,NA,NA,Summer_Even,1921,2
3/31/1921,5,NA,NA,Summer_Even,1921,3
4/30/1921,5,NA,NA,Summer_Even,1921,4
5/31/1921,2,NA,NA,Summer_Even,1921,5
6/30/1921,2,NA,NA,Summer_Even,1921,6
7/31/1921,2,NA,NA,Summer_Even,1921,7
8/31/1921,2,NA,NA,Summer_Even,1921,8
9/30/1921,2,NA,NA,Summer_Even,1921,9
10/31/1921,2,NA,NA,Summer_Even,1921,10
11/30/1921,2,27.017595,483.0651,Summer_Even,1921,11
12/31/1921,2,147.7265305,1590.4188,Summer_Even,1921,12
1/31/1922,2,221.256579,1225.3677,Summer_Even,1922,1
2/28/1922,3,52.5710725,401.629,Summer_Even,1922,2
3/31/1922,3,57.5722696,296.2891,Summer_Even,1922,3
4/30/1922,2,40.2355771,239.23332,Summer_Even,1922,4
5/31/1922,2,29.2454175,230.55525,Summer_Even,1922,5
6/30/1922,2,21.759585,213.97179,Summer_Even,1922,6
7/31/1922,2,18.735324,201.58917,Summer_Even,1922,7
8/31/1922,2,19.2809445,249.51082,Summer_Even,1922,8
9/30/1922,2,21.2558595,476.2843,Summer_Even,1922,9
10/31/1922,2,37.49158,838.41974,Summer_Even,1922,10
11/30/1922,2,124.248886,1508.7373,Summer_Even,1922,11
12/31/1922,2,139.1565805,1757.4977,Summer_Even,1922,12
1/31/1923,2,100.0830121,702.0519,Summer_Even,1923,1
2/28/1923,2,31.7524495,235.15689,Summer_Even,1923,2
3/31/1923,3,32.3863351,234.43884,Summer_Even,1923,3
4/30/1923,4,31.4074285,245.46518,Summer_Even,1923,4
5/31/1923,3,32.72557345,242.8513,Summer_Even,1923,5
6/30/1923,3,28.1365545,222.14587,Summer_Even,1923,6
7/31/1923,3,27.27726,262.02164,Summer_Even,1923,7
8/31/1923,3,28.950123,701.4675,Summer_Even,1923,8
9/30/1923,3,77.5387255,1229.047,Summer_Even,1923,9
10/31/1923,3,139.954609,1676.4933,Summer_Even,1923,10
11/30/1923,3,140.374585,1746.3156,Summer_Even,1923,11
12/31/1923,3,158.7181426,1756.2943,Summer_Even,1923,12
1/31/1924,3,205.331728,1714.9064,Summer_Even,1924,1
2/29/1924,5,174.786112,1316.6969,Summer_Even,1924,2
3/31/1924,5,91.7017264,676.58075,Summer_Even,1924,3
4/30/1924,5,76.28012845,407.6475,Summer_Even,1924,4
5/31/1924,5,68.5645144,586.5993,Summer_Even,1924,5
6/30/1924,5,86.9093716,1057.3093,Summer_Even,1924,6
7/31/1924,5,158.0025304,1434.7458,Summer_Even,1924,7
8/31/1924,5,158.9760505,1464.4662,Summer_Even,1924,8
9/30/1924,5,165.135841,1460.851,Summer_Even,1924,9
10/31/1924,5,187.1590878,1508.1328,Summer_Even,1924,10
11/30/1924,5,203.0045035,2187.1846,Summer_Even,1924,11
12/31/1924,5,222.3473395,2322.8633,Summer_Even,1924,12
1/31/1925,5,206.6035519,1575.8909,Summer_Even,1925,1
2/28/1925,5,122.5012945,1009.7074,Summer_Even,1925,2
3/31/1925,4,66.32473075,438.8748,Summer_Even,1925,3
4/30/1925,4,28.00341,245.7998,Summer_Even,1925,4
5/31/1925,4,29.218968,245.97401,Summer_Even,1925,5
6/30/1925,4,29.202717,235.55638,Summer_Even,1925,6
7/31/1925,4,26.256093,258.74677,Summer_Even,1925,7
8/31/1925,4,29.9622,623.0746,Summer_Even,1925,8
9/30/1925,4,75.97545205,1085.6411,Summer_Even,1925,9
10/31/1925,4,139.263769,1761.9027,Summer_Even,1925,10
11/30/1925,4,173.4291814,1666.8445,Summer_Even,1925,11
12/31/1925,4,166.8238561,1749.5541,Summer_Even,1925,12
1/31/1926,4,201.339904,1596.6614,Summer_Even,1926,1
2/28/1926,5,141.272563,1017.55554,Summer_Even,1926,2
3/31/1926,4,61.6029676,325.88205,Summer_Even,1926,3
4/30/1926,5,51.61234675,244.30672,Summer_Even,1926,4
5/31/1926,4,40.5140905,246.25912,Summer_Even,1926,5
6/30/1926,4,27.667335,254.74918,Summer_Even,1926,6
7/31/1926,4,26.89275,375.67694,Summer_Even,1926,7
8/31/1926,4,45.8315293,907.48566,Summer_Even,1926,8
9/30/1926,4,96.63609955,1237.4935,Summer_Even,1926,9
10/31/1926,4,137.021979,1762.8723,Summer_Even,1926,10
11/30/1926,4,178.5943533,1766.1562,Summer_Even,1926,11
12/31/1926,4,139.8036844,1265.5117,Summer_Even,1926,12
1/31/1927,4,113.2659123,884.8577,Summer_Even,1927,1
2/28/1927,3,77.8154719,607.89276,Summer_Even,1927,2
3/31/1927,1,26.709462,240.8607,Summer_Even,1927,3
4/30/1927,1,24.2867685,233.68016,Summer_Even,1927,4
5/31/1927,1,29.55747,221.9485,Summer_Even,1927,5
6/30/1927,1,24.9904245,214.1935,Summer_Even,1927,6
7/31/1927,1,21.7986,208.35298,Summer_Even,1927,7
8/31/1927,1,20.884767,312.35098,Summer_Even,1927,8
9/30/1927,1,25.456329,407.22052,Summer_Even,1927,9
10/31/1927,1,46.481734,863.6741,Summer_Even,1927,10
11/30/1927,1,132.2557045,1557.1847,Summer_Even,1927,11
12/31/1927,1,158.0321704,1848.0297,Summer_Even,1927,12
1/31/1928,1,228.4348426,1609.3867,Summer_Even,1928,1
2/29/1928,3,127.2020389,667.74005,Summer_Even,1928,2
3/31/1928,3,35.92395175,260.80798,Summer_Even,1928,3
4/30/1928,2,25.0346055,233.78499,Summer_Even,1928,4
5/31/1928,2,26.9712345,224.50961,Summer_Even,1928,5
6/30/1928,2,27.5384445,238.8731,Summer_Even,1928,6
7/31/1928,2,24.583296,282.22592,Summer_Even,1928,7
8/31/1928,2,24.58623,444.2875,Summer_Even,1928,8
9/30/1928,2,28.8604755,540.04517,Summer_Even,1928,9
10/31/1928,2,50.7363052,817.9627,Summer_Even,1928,10
11/30/1928,2,119.1777385,1508.132,Summer_Even,1928,11
12/31/1928,2,155.980501,1736.1852,Summer_Even,1928,12
1/31/1929,2,204.5240095,1417.3435,Summer_Even,1929,1
2/28/1929,4,151.0492315,1221.2295,Summer_Even,1929,2
3/31/1929,5,106.3080505,593.72406,Summer_Even,1929,3
4/30/1929,5,48.8134957,340.0018,Summer_Even,1929,4
5/31/1929,5,58.9595926,358.7411,Summer_Even,1929,5
6/30/1929,5,59.8649521,588.6613,Summer_Even,1929,6
7/31/1929,5,107.208337,1155.2938,Summer_Even,1929,7
8/31/1929,5,138.757837,1482.6976,Summer_Even,1929,8
9/30/1929,5,130.854445,1448.3978,Summer_Even,1929,9
10/31/1929,5,169.560865,1817.7406,Summer_Even,1929,10
11/30/1929,5,203.1022585,2051.7178,Summer_Even,1929,11
12/31/1929,5,219.3292266,2114.2046,Summer_Even,1929,12
1/31/1930,5,186.6820804,1351.4099,Summer_Even,1930,1
2/28/1930,4,81.87570445,497.74023,Summer_Even,1930,2
3/31/1930,4,37.55549125,268.32016,Summer_Even,1930,3
4/30/1930,4,27.558714,242.04752,Summer_Even,1930,4
5/31/1930,4,30.043245,243.25381,Summer_Even,1930,5
6/30/1930,4,30.084615,288.2414,Summer_Even,1930,6
7/31/1930,4,28.817226,427.23193,Summer_Even,1930,7
8/31/1930,4,37.436518,611.336,Summer_Even,1930,8
9/30/1930,4,62.72044975,883.45966,Summer_Even,1930,9
10/31/1930,4,110.5761906,1473.7751,Summer_Even,1930,10
11/30/1930,4,174.237601,1843.7341,Summer_Even,1930,11
12/31/1930,4,212.278033,1954.1063,Summer_Even,1930,12
1/31/1931,4,204.8153365,1689.1409,Summer_Even,1931,1
2/28/1931,5,183.0698479,932.966,Summer_Even,1931,2
3/31/1931,5,74.90054605,527.05646,Summer_Even,1931,3
4/30/1931,5,69.7737979,565.7214,Summer_Even,1931,4
5/31/1931,5,77.9171485,843.6573,Summer_Even,1931,5
6/30/1931,5,105.957757,1264.3901,Summer_Even,1931,6
7/31/1931,5,154.6764265,1533.9572,Summer_Even,1931,7
8/31/1931,5,161.2852345,1684.0273,Summer_Even,1931,8
9/30/1931,5,178.2823894,1787.0798,Summer_Even,1931,9
10/31/1931,5,205.3946161,1567.619,Summer_Even,1931,10
11/30/1931,5,209.5577479,1858.8922,Summer_Even,1931,11
12/31/1931,5,226.5030385,1990.8296,Summer_Even,1931,12
1/31/1932,5,179.428192,1054.9313,Summer_Even,1932,1
2/29/1932,4,55.7417146,386.49524,Summer_Even,1932,2
3/31/1932,5,41.1703942,277.40988,Summer_Even,1932,3
4/30/1932,5,32.59785925,249.76653,Summer_Even,1932,4
5/31/1932,5,61.8282715,287.28433,Summer_Even,1932,5
6/30/1932,5,38.4335734,265.67044,Summer_Even,1932,6
7/31/1932,5,31.1118835,313.76132,Summer_Even,1932,7
8/31/1932,5,41.6487211,719.3634,Summer_Even,1932,8
9/30/1932,5,98.0303965,1180.4336,Summer_Even,1932,9
10/31/1932,5,155.3867605,1581.146,Summer_Even,1932,10
11/30/1932,5,193.7716806,2058.3374,Summer_Even,1932,11
12/31/1932,5,212.148871,2279.6672,Summer_Even,1932,12
1/31/1933,5,221.8558855,1633.4281,Summer_Even,1933,1
2/28/1933,5,154.7652981,1108.4666,Summer_Even,1933,2
3/31/1933,5,122.8881421,799.7588,Summer_Even,1933,3
4/30/1933,5,94.904944,553.16156,Summer_Even,1933,4
5/31/1933,5,82.03743625,585.8836,Summer_Even,1933,5
6/30/1933,5,85.773202,797.4544,Summer_Even,1933,6
7/31/1933,5,123.5416585,1336.4015,Summer_Even,1933,7
8/31/1933,5,177.2720359,1699.0878,Summer_Even,1933,8
9/30/1933,5,172.294813,1670.5845,Summer_Even,1933,9
10/31/1933,5,190.6382965,1575.2612,Summer_Even,1933,10
11/30/1933,5,194.2289431,1954.017,Summer_Even,1933,11
12/31/1933,5,225.2048065,2155.716,Summer_Even,1933,12
1/31/1934,5,227.0727934,1655.1836,Summer_Even,1934,1
2/28/1934,5,126.0060079,769.0161,Summer_Even,1934,2
3/31/1934,5,55.961632,357.95486,Summer_Even,1934,3
4/30/1934,5,31.43835955,306.08835,Summer_Even,1934,4
5/31/1934,5,49.81404805,434.73944,Summer_Even,1934,5
6/30/1934,5,66.78409945,924.93024,Summer_Even,1934,6
7/31/1934,5,150.5532175,1781.6584,Summer_Even,1934,7
8/31/1934,5,200.858901,1950.7389,Summer_Even,1934,8
9/30/1934,5,179.630428,1696.3821,Summer_Even,1934,9
10/31/1934,5,200.106994,1724.1152,Summer_Even,1934,10
11/30/1934,5,220.58128,2087.0754,Summer_Even,1934,11
12/31/1934,5,229.4816875,1863.5541,Summer_Even,1934,12
1/31/1935,5,193.1359966,1709.6537,Summer_Even,1935,1
2/28/1935,4,134.212942,666.35815,Summer_Even,1935,2
3/31/1935,4,40.36579645,252.37105,Summer_Even,1935,3
4/30/1935,4,29.03022,256.58524,Summer_Even,1935,4
5/31/1935,3,28.2088995,238.40431,Summer_Even,1935,5
6/30/1935,3,28.1825775,226.68895,Summer_Even,1935,6
7/31/1935,3,23.9717925,258.24423,Summer_Even,1935,7
8/31/1935,3,23.0809365,500.85,Summer_Even,1935,8
9/30/1935,3,63.1708153,1021.5493,Summer_Even,1935,9
10/31/1935,3,140.8831105,1740.7135,Summer_Even,1935,10
11/30/1935,3,177.8534245,1427.1206,Summer_Even,1935,11
12/31/1935,3,143.169657,1768.4724,Summer_Even,1935,12
1/31/1936,3,194.3661535,1594.8859,Summer_Even,1936,1
2/29/1936,3,90.9488419,479.20425,Summer_Even,1936,2
3/31/1936,2,44.8593544,235.51923,Summer_Even,1936,3
4/30/1936,3,35.4726628,233.69989,Summer_Even,1936,4
5/31/1936,3,31.8299695,219.90935,Summer_Even,1936,5
6/30/1936,3,25.0613505,233.83232,Summer_Even,1936,6
7/31/1936,3,25.8287205,275.62173,Summer_Even,1936,7
8/31/1936,3,31.3515058,754.58636,Summer_Even,1936,8
9/30/1936,3,90.2615929,1307.756,Summer_Even,1936,9
10/31/1936,3,128.4327516,1754.1168,Summer_Even,1936,10
11/30/1936,3,125.646982,1282.846,Summer_Even,1936,11
12/31/1936,3,115.5093325,1485.9792,Summer_Even,1936,12
1/31/1937,3,202.313692,1733.6921,Summer_Even,1937,1
2/28/1937,4,163.3057306,1189.2096,Summer_Even,1937,2
3/31/1937,4,100.675168,420.38232,Summer_Even,1937,3
4/30/1937,3,58.07059495,243.06302,Summer_Even,1937,4
5/31/1937,3,30.9030697,227.04639,Summer_Even,1937,5
6/30/1937,3,25.240128,230.63837,Summer_Even,1937,6
7/31/1937,3,24.99954,275.58722,Summer_Even,1937,7
8/31/1937,3,27.00732,594.073,Summer_Even,1937,8
9/30/1937,3,80.8915738,1221.2316,Summer_Even,1937,9
10/31/1937,3,146.1339591,1714.6046,Summer_Even,1937,10
11/30/1937,3,150.5610949,1686.3271,Summer_Even,1937,11
12/31/1937,3,162.2859664,1537.2716,Summer_Even,1937,12
1/31/1938,3,71.1292978,459.72827,Summer_Even,1938,1
2/28/1938,2,27.121902,224.10237,Summer_Even,1938,2
3/31/1938,1,26.221656,211.8341,Summer_Even,1938,3
4/30/1938,1,16.376193,195.28436,Summer_Even,1938,4
5/31/1938,1,15.434853,172.37573,Summer_Even,1938,5
6/30/1938,1,13.2219,168.64769,Summer_Even,1938,6
7/31/1938,1,13.331721,169.74458,Summer_Even,1938,7
8/31/1938,1,16.767549,192.75235,Summer_Even,1938,8
9/30/1938,1,20.192217,306.83475,Summer_Even,1938,9
10/31/1938,1,21.1139055,428.5429,Summer_Even,1938,10
11/30/1938,1,51.6014398,897.8108,Summer_Even,1938,11
12/31/1938,1,139.3250725,1775.242,Summer_Even,1938,12
1/31/1939,1,192.4394965,1530.4957,Summer_Even,1939,1
2/28/1939,4,147.082801,1435.7068,Summer_Even,1939,2
3/31/1939,4,170.3367775,1127.3182,Summer_Even,1939,3
4/30/1939,4,104.578642,522.74347,Summer_Even,1939,4
5/31/1939,4,63.1924183,391.70505,Summer_Even,1939,5
6/30/1939,4,40.18715845,321.83853,Summer_Even,1939,6
7/31/1939,4,36.10065745,577.31665,Summer_Even,1939,7
8/31/1939,4,76.67028775,1241.023,Summer_Even,1939,8
9/30/1939,4,116.1428875,1512.6143,Summer_Even,1939,9
10/31/1939,4,166.947472,1882.7844,Summer_Even,1939,10
11/30/1939,4,185.8487005,1791.1067,Summer_Even,1939,11
12/31/1939,4,180.54904,1692.1967,Summer_Even,1939,12
1/31/1940,4,205.741843,1929.9417,Summer_Even,1940,1
2/29/1940,3,134.455078,602.8009,Summer_Even,1940,2
3/31/1940,2,52.87526725,241.55652,Summer_Even,1940,3
4/30/1940,1,33.531961,231.85791,Summer_Even,1940,4
5/31/1940,1,32.2640929,220.87871,Summer_Even,1940,5
6/30/1940,1,26.577576,222.80606,Summer_Even,1940,6
7/31/1940,1,23.3191935,239.45665,Summer_Even,1940,7
8/31/1940,1,23.6841195,418.8448,Summer_Even,1940,8
9/30/1940,1,26.72118,435.21426,Summer_Even,1940,9
10/31/1940,1,45.2361985,808.1209,Summer_Even,1940,10
11/30/1940,1,113.7670278,1264.061,Summer_Even,1940,11
12/31/1940,1,144.8012905,1760.7853,Summer_Even,1940,12
1/31/1941,1,129.2216515,679.1349,Summer_Even,1941,1
2/28/1941,1,43.97761,219.49953,Summer_Even,1941,2
3/31/1941,1,28.2788355,203.18198,Summer_Even,1941,3
4/30/1941,1,25.860372,211.36153,Summer_Even,1941,4
5/31/1941,1,24.877125,183.41098,Summer_Even,1941,5
6/30/1941,1,18.982545,183.42238,Summer_Even,1941,6
7/31/1941,1,18.597066,179.88051,Summer_Even,1941,7
8/31/1941,1,18.5449725,227.10753,Summer_Even,1941,8
9/30/1941,1,19.8701505,314.39142,Summer_Even,1941,9
10/31/1941,1,23.742744,494.60944,Summer_Even,1941,10
11/30/1941,1,65.2217836,951.80896,Summer_Even,1941,11
12/31/1941,1,127.6861,1482.5701,Summer_Even,1941,12
1/31/1942,1,90.2518915,523.65717,Summer_Even,1942,1
2/28/1942,1,27.301125,211.75104,Summer_Even,1942,2
3/31/1942,1,25.846476,214.39624,Summer_Even,1942,3
4/30/1942,1,29.216094,214.59953,Summer_Even,1942,4
5/31/1942,1,28.9060725,210.49553,Summer_Even,1942,5
6/30/1942,1,22.6065585,189.30365,Summer_Even,1942,6
7/31/1942,1,18.912144,174.80399,Summer_Even,1942,7
8/31/1942,1,18.7737345,234.29697,Summer_Even,1942,8
9/30/1942,1,20.7598455,352.70483,Summer_Even,1942,9
10/31/1942,1,26.1961995,495.03864,Summer_Even,1942,10
11/30/1942,1,61.1603227,944.33234,Summer_Even,1942,11
12/31/1942,1,124.032001,1573.215,Summer_Even,1942,12
1/31/1943,1,133.548778,852.9175,Summer_Even,1943,1
2/28/1943,1,31.7668021,235.15067,Summer_Even,1943,2
3/31/1943,1,24.5546265,215.68852,Summer_Even,1943,3
4/30/1943,1,24.041016,203.912,Summer_Even,1943,4
5/31/1943,1,21.677115,205.95784,Summer_Even,1943,5
6/30/1943,1,20.071161,207.76384,Summer_Even,1943,6
7/31/1943,1,22.994676,242.85034,Summer_Even,1943,7
8/31/1943,1,22.2617205,344.39337,Summer_Even,1943,8
9/30/1943,1,24.5019675,373.59015,Summer_Even,1943,9
10/31/1943,1,41.5987036,863.2281,Summer_Even,1943,10
11/30/1943,1,136.6486803,1659.9084,Summer_Even,1943,11
12/31/1943,1,146.8844695,1744.3792,Summer_Even,1943,12
1/31/1944,1,184.7195305,1501.5055,Summer_Even,1944,1
2/29/1944,4,144.8685505,1413.9562,Summer_Even,1944,2
3/31/1944,4,109.000474,602.335,Summer_Even,1944,3
4/30/1944,4,42.6885778,251.06363,Summer_Even,1944,4
5/31/1944,4,38.18078125,260.81125,Summer_Even,1944,5
6/30/1944,4,33.58993,318.82257,Summer_Even,1944,6
7/31/1944,4,30.51242305,359.72644,Summer_Even,1944,7
8/31/1944,4,45.44669095,949.1912,Summer_Even,1944,8
9/30/1944,4,119.1552064,1521.8907,Summer_Even,1944,9
10/31/1944,4,171.3731401,1896.0712,Summer_Even,1944,10
11/30/1944,4,181.0854756,1752.0417,Summer_Even,1944,11
12/31/1944,4,155.6136348,1712.3237,Summer_Even,1944,12
1/31/1945,4,152.659339,1099.7421,Summer_Even,1945,1
2/28/1945,4,79.5489046,704.0377,Summer_Even,1945,2
3/31/1945,3,56.6615293,332.37534,Summer_Even,1945,3
4/30/1945,3,42.377905,242.3841,Summer_Even,1945,4
5/31/1945,3,31.5570364,237.35252,Summer_Even,1945,5
6/30/1945,3,27.504693,247.32669,Summer_Even,1945,6
7/31/1945,3,27.060768,329.00858,Summer_Even,1945,7
8/31/1945,3,39.48693055,758.43054,Summer_Even,1945,8
9/30/1945,3,85.1515885,1211.0107,Summer_Even,1945,9
10/31/1945,3,132.8750095,1685.797,Summer_Even,1945,10
11/30/1945,3,149.2610959,1738.2166,Summer_Even,1945,11
12/31/1945,3,146.90365,1750.2065,Summer_Even,1945,12
1/31/1946,3,69.4695433,459.32968,Summer_Even,1946,1
2/28/1946,2,22.958721,197.11855,Summer_Even,1946,2
3/31/1946,2,26.381829,223.72864,Summer_Even,1946,3
4/30/1946,2,29.8193025,240.34183,Summer_Even,1946,4
5/31/1946,3,28.7003625,237.98979,Summer_Even,1946,5
6/30/1946,3,26.476071,243.28333,Summer_Even,1946,6
7/31/1946,3,27.131163,296.32123,Summer_Even,1946,7
8/31/1946,3,34.986715,716.3862,Summer_Even,1946,8
9/30/1946,3,82.1095099,1281.3843,Summer_Even,1946,9
10/31/1946,3,149.006722,1694.8875,Summer_Even,1946,10
11/30/1946,3,146.6718994,1707.4663,Summer_Even,1946,11
12/31/1946,3,149.182054,1719.7975,Summer_Even,1946,12
1/31/1947,3,210.6797958,1513.5316,Summer_Even,1947,1
2/28/1947,4,160.1853768,1359.0107,Summer_Even,1947,2
3/31/1947,4,143.6916145,716.04645,Summer_Even,1947,3
4/30/1947,4,44.6996347,273.7875,Summer_Even,1947,4
5/31/1947,5,29.864337,257.002,Summer_Even,1947,5
6/30/1947,5,31.2888913,332.5842,Summer_Even,1947,6
7/31/1947,5,34.6327621,463.8351,Summer_Even,1947,7
8/31/1947,5,43.47311155,664.15826,Summer_Even,1947,8
9/30/1947,5,77.3511556,1052.2601,Summer_Even,1947,9
10/31/1947,5,131.9587744,1674.8958,Summer_Even,1947,10
11/30/1947,5,199.5835488,2170.2986,Summer_Even,1947,11
12/31/1947,5,215.9215414,2242.352,Summer_Even,1947,12
1/31/1948,5,224.2952091,1715.426,Summer_Even,1948,1
2/29/1948,4,151.6046965,1179.8767,Summer_Even,1948,2
3/31/1948,5,78.85634605,599.4313,Summer_Even,1948,3
4/30/1948,4,47.741662,369.25797,Summer_Even,1948,4
5/31/1948,3,31.95093775,240.2319,Summer_Even,1948,5
6/30/1948,3,27.0543,220.24388,Summer_Even,1948,6
7/31/1948,3,21.768588,221.81029,Summer_Even,1948,7
8/31/1948,3,22.9634055,483.9054,Summer_Even,1948,8
9/30/1948,3,93.60456595,1292.033,Summer_Even,1948,9
10/31/1948,3,167.833537,1655.4182,Summer_Even,1948,10
11/30/1948,3,157.55068,1677.5776,Summer_Even,1948,11
12/31/1948,3,160.157347,1749.7871,Summer_Even,1948,12
1/31/1949,3,195.6661896,1368.1843,Summer_Even,1949,1
2/28/1949,4,142.395463,1228.9447,Summer_Even,1949,2
3/31/1949,5,138.057649,740.4317,Summer_Even,1949,3
4/30/1949,4,45.5144269,270.0886,Summer_Even,1949,4
5/31/1949,4,26.8162725,242.98486,Summer_Even,1949,5
6/30/1949,4,28.017774,273.0402,Summer_Even,1949,6
7/31/1949,4,25.8122775,354.39743,Summer_Even,1949,7
8/31/1949,4,30.8562613,588.23553,Summer_Even,1949,8
9/30/1949,4,59.5870657,883.58795,Summer_Even,1949,9
10/31/1949,4,126.3282745,1806.3151,Summer_Even,1949,10
11/30/1949,4,180.906222,1809.0813,Summer_Even,1949,11
12/31/1949,4,169.6226616,1798.1859,Summer_Even,1949,12
1/31/1950,4,196.6402084,1729.7854,Summer_Even,1950,1
2/28/1950,4,125.2774225,717.5321,Summer_Even,1950,2
3/31/1950,4,42.60934495,273.5212,Summer_Even,1950,3
4/30/1950,4,26.0626875,242.8469,Summer_Even,1950,4
5/31/1950,4,27.9485775,246.81915,Summer_Even,1950,5
6/30/1950,4,27.1513455,267.25925,Summer_Even,1950,6
7/31/1950,4,25.764528,303.0172,Summer_Even,1950,7
8/31/1950,4,41.9059336,885.5423,Summer_Even,1950,8
9/30/1950,4,125.0685175,1632.1375,Summer_Even,1950,9
10/31/1950,4,156.285394,1714.6608,Summer_Even,1950,10
11/30/1950,4,159.8973501,1733.5342,Summer_Even,1950,11
12/31/1950,4,106.2855355,913.9717,Summer_Even,1950,12
1/31/1951,4,37.674208,227.78542,Summer_Even,1951,1
2/28/1951,1,27.797442,201.03204,Summer_Even,1951,2
3/31/1951,1,26.5169955,209.90598,Summer_Even,1951,3
4/30/1951,1,26.3968455,214.04675,Summer_Even,1951,4
5/31/1951,1,25.2303225,221.22438,Summer_Even,1951,5
6/30/1951,1,23.5926045,218.84021,Summer_Even,1951,6
7/31/1951,1,23.001465,238.55556,Summer_Even,1951,7
8/31/1951,1,23.09385,403.77597,Summer_Even,1951,8
9/30/1951,1,26.977263,456.53946,Summer_Even,1951,9
10/31/1951,1,38.9292112,730.45746,Summer_Even,1951,10
11/30/1951,1,123.4473805,1637.9557,Summer_Even,1951,11
12/31/1951,1,156.8198944,1751.7596,Summer_Even,1951,12
1/31/1952,1,137.648503,664.16223,Summer_Even,1952,1
2/29/1952,1,38.7691495,226.49081,Summer_Even,1952,2
3/31/1952,1,29.9140275,219.89369,Summer_Even,1952,3
4/30/1952,1,28.1526405,210.97733,Summer_Even,1952,4
5/31/1952,1,21.37185,198.88863,Summer_Even,1952,5
6/30/1952,1,16.864149,176.44789,Summer_Even,1952,6
7/31/1952,1,14.8416555,169.53493,Summer_Even,1952,7
8/31/1952,1,15.840267,187.47067,Summer_Even,1952,8
9/30/1952,1,19.3486155,260.69022,Summer_Even,1952,9
10/31/1952,1,21.0412635,317.13675,Summer_Even,1952,10
11/30/1952,1,29.0692155,618.6598,Summer_Even,1952,11
12/31/1952,1,86.73568975,1351.8394,Summer_Even,1952,12
1/31/1953,1,82.6281985,456.30444,Summer_Even,1953,1
2/28/1953,1,21.532695,211.60963,Summer_Even,1953,2
3/31/1953,2,22.60149,222.14685,Summer_Even,1953,3
4/30/1953,2,27.61161,240.55573,Summer_Even,1953,4
5/31/1953,2,29.5668,238.78378,Summer_Even,1953,5
6/30/1953,2,27.0887505,217.23132,Summer_Even,1953,6
7/31/1953,2,23.354484,205.7597,Summer_Even,1953,7
8/31/1953,2,20.3241285,309.03244,Summer_Even,1953,8
9/30/1953,2,25.9897185,523.0756,Summer_Even,1953,9
10/31/1953,2,55.3345408,1039.5134,Summer_Even,1953,10
11/30/1953,2,157.1876955,1652.7958,Summer_Even,1953,11
12/31/1953,2,170.849883,1733.5612,Summer_Even,1953,12
1/31/1954,2,214.256332,1644.7053,Summer_Even,1954,1
2/28/1954,2,103.2545035,609.37897,Summer_Even,1954,2
3/31/1954,2,25.9477245,242.3997,Summer_Even,1954,3
4/30/1954,2,23.0558325,240.2925,Summer_Even,1954,4
5/31/1954,2,26.624799,232.11363,Summer_Even,1954,5
6/30/1954,2,26.511012,239.02992,Summer_Even,1954,6
7/31/1954,2,24.482991,284.197,Summer_Even,1954,7
8/31/1954,2,24.07122,447.69983,Summer_Even,1954,8
9/30/1954,2,27.03027,543.1547,Summer_Even,1954,9
10/31/1954,2,59.64333895,933.04205,Summer_Even,1954,10
11/30/1954,2,133.578703,1441.4855,Summer_Even,1954,11
12/31/1954,2,163.0981395,1735.5477,Summer_Even,1954,12
1/31/1955,2,169.8689785,1035.8885,Summer_Even,1955,1
2/28/1955,3,54.17956405,419.02612,Summer_Even,1955,2
3/31/1955,4,36.2123005,314.37677,Summer_Even,1955,3
4/30/1955,4,31.0031446,297.76392,Summer_Even,1955,4
5/31/1955,4,44.397757,296.22543,Summer_Even,1955,5
6/30/1955,4,41.504095,304.12527,Summer_Even,1955,6
7/31/1955,4,36.29348275,404.30106,Summer_Even,1955,7
8/31/1955,4,38.9656855,712.9931,Summer_Even,1955,8
9/30/1955,4,73.2447217,1063.8546,Summer_Even,1955,9
10/31/1955,4,141.1072174,1790.2659,Summer_Even,1955,10
11/30/1955,4,176.325226,1667.8707,Summer_Even,1955,11
12/31/1955,4,160.2926365,1772.6951,Summer_Even,1955,12
1/31/1956,4,95.8841185,542.6737,Summer_Even,1956,1
2/29/1956,1,33.6993187,190.6142,Summer_Even,1956,2
3/31/1956,1,27.0303495,192.30376,Summer_Even,1956,3
4/30/1956,1,23.7929655,211.59894,Summer_Even,1956,4
5/31/1956,1,22.170945,216.43712,Summer_Even,1956,5
6/30/1956,1,19.310736,193.02773,Summer_Even,1956,6
7/31/1956,1,19.24281,180.53464,Summer_Even,1956,7
8/31/1956,1,18.45828,234.78622,Summer_Even,1956,8
9/30/1956,1,20.598012,313.3372,Summer_Even,1956,9
10/31/1956,1,21.9913125,379.03186,Summer_Even,1956,10
11/30/1956,1,39.184081,648.6562,Summer_Even,1956,11
12/31/1956,1,100.7236009,1288.1152,Summer_Even,1956,12
1/31/1957,1,181.8437665,1473.7461,Summer_Even,1957,1
2/28/1957,3,171.5536306,1543.8511,Summer_Even,1957,2
3/31/1957,3,118.221307,620.7918,Summer_Even,1957,3
4/30/1957,3,36.4780345,240.01521,Summer_Even,1957,4
5/31/1957,3,30.8807713,242.21507,Summer_Even,1957,5
6/30/1957,3,29.617863,244.7741,Summer_Even,1957,6
7/31/1957,3,25.633791,289.49835,Summer_Even,1957,7
8/31/1957,3,38.40367975,764.94745,Summer_Even,1957,8
9/30/1957,3,85.7023054,1305.622,Summer_Even,1957,9
10/31/1957,3,148.1950249,1672.5787,Summer_Even,1957,10
11/30/1957,3,194.3674275,1526.7319,Summer_Even,1957,11
12/31/1957,3,163.2206524,1174.1841,Summer_Even,1957,12
1/31/1958,3,188.112028,957.02124,Summer_Even,1958,1
2/28/1958,2,46.6906162,268.90918,Summer_Even,1958,2
3/31/1958,1,32.44315555,236.66896,Summer_Even,1958,3
4/30/1958,1,29.524251,210.94594,Summer_Even,1958,4
5/31/1958,1,30.36349345,187.08267,Summer_Even,1958,5
6/30/1958,1,22.223868,169.54182,Summer_Even,1958,6
7/31/1958,1,16.083105,158.46648,Summer_Even,1958,7
8/31/1958,1,16.498308,199.53822,Summer_Even,1958,8
9/30/1958,1,19.4763585,277.85614,Summer_Even,1958,9
10/31/1958,1,21.1927965,316.06857,Summer_Even,1958,10
11/30/1958,1,31.3667533,656.393,Summer_Even,1958,11
12/31/1958,1,105.997543,1419.5621,Summer_Even,1958,12
1/31/1959,1,177.93445,1446.1785,Summer_Even,1959,1
2/28/1959,3,108.857404,596.0356,Summer_Even,1959,2
3/31/1959,3,37.6923112,248.3815,Summer_Even,1959,3
4/30/1959,3,29.114625,241.02953,Summer_Even,1959,4
5/31/1959,3,29.347293,257.51892,Summer_Even,1959,5
6/30/1959,3,28.6930155,327.36658,Summer_Even,1959,6
7/31/1959,3,29.6051655,405.42822,Summer_Even,1959,7
8/31/1959,3,41.022844,727.17957,Summer_Even,1959,8
9/30/1959,3,81.39595825,1267.4813,Summer_Even,1959,9
10/31/1959,3,158.2037205,1635.8961,Summer_Even,1959,10
11/30/1959,3,146.9138245,1563.8679,Summer_Even,1959,11
12/31/1959,3,161.4033243,1620.4313,Summer_Even,1959,12
1/31/1960,3,204.5995773,1750.7767,Summer_Even,1960,1
2/29/1960,5,184.2806875,1290.07,Summer_Even,1960,2
3/31/1960,4,96.3627475,478.00095,Summer_Even,1960,3
4/30/1960,4,34.095862,249.19456,Summer_Even,1960,4
5/31/1960,4,31.30138,264.38828,Summer_Even,1960,5
6/30/1960,4,31.45312825,340.73148,Summer_Even,1960,6
7/31/1960,4,30.29918605,431.0987,Summer_Even,1960,7
8/31/1960,4,78.0406846,1388.056,Summer_Even,1960,8
9/30/1960,4,138.9096565,1481.0237,Summer_Even,1960,9
10/31/1960,4,161.9294884,1812.427,Summer_Even,1960,10
11/30/1960,4,171.2985955,1587.2878,Summer_Even,1960,11
12/31/1960,4,153.5486815,1717.4297,Summer_Even,1960,12
1/31/1961,4,189.141562,1632.7864,Summer_Even,1961,1
2/28/1961,4,154.58613,1206.1691,Summer_Even,1961,2
3/31/1961,4,86.17056895,476.3811,Summer_Even,1961,3
4/30/1961,4,28.337115,244.7142,Summer_Even,1961,4
5/31/1961,4,28.113639,264.1947,Summer_Even,1961,5
6/30/1961,4,31.517239,315.12222,Summer_Even,1961,6
7/31/1961,4,29.8279455,418.0336,Summer_Even,1961,7
8/31/1961,4,47.848024,841.43823,Summer_Even,1961,8
9/30/1961,4,92.6107966,1245.9723,Summer_Even,1961,9
10/31/1961,4,153.665902,1886.1827,Summer_Even,1961,10
11/30/1961,4,200.7751594,1818.6025,Summer_Even,1961,11
12/31/1961,4,177.6604795,1798.4698,Summer_Even,1961,12
1/31/1962,4,218.7273835,1625.0342,Summer_Even,1962,1
2/28/1962,4,141.207013,1127.0771,Summer_Even,1962,2
3/31/1962,3,109.1031595,466.62433,Summer_Even,1962,3
4/30/1962,3,52.01565025,244.10184,Summer_Even,1962,4
5/31/1962,3,29.5362075,246.00755,Summer_Even,1962,5
6/30/1962,3,26.689023,275.34045,Summer_Even,1962,6
7/31/1962,3,27.105915,349.5625,Summer_Even,1962,7
8/31/1962,3,36.5945653,739.4132,Summer_Even,1962,8
9/30/1962,3,95.8155418,1314.8662,Summer_Even,1962,9
10/31/1962,3,163.2681505,1768.1871,Summer_Even,1962,10
11/30/1962,3,133.8040924,977.5284,Summer_Even,1962,11
12/31/1962,3,25.7331345,479.3188,Summer_Even,1962,12
1/31/1963,3,67.8182761,592.0284,Summer_Even,1963,1
2/28/1963,2,29.218968,319.42133,Summer_Even,1963,2
3/31/1963,3,28.998903,254.10036,Summer_Even,1963,3
4/30/1963,2,26.9476455,241.75845,Summer_Even,1963,4
5/31/1963,1,27.2353905,222.0987,Summer_Even,1963,5
6/30/1963,1,25.02354,210.36505,Summer_Even,1963,6
7/31/1963,1,21.240165,217.30708,Summer_Even,1963,7
8/31/1963,1,21.354678,311.4514,Summer_Even,1963,8
9/30/1963,1,23.9858115,408.96503,Summer_Even,1963,9
10/31/1963,1,44.783476,811.1471,Summer_Even,1963,10
11/30/1963,1,120.5896,1341.9835,Summer_Even,1963,11
12/31/1963,1,118.8111858,1104.9193,Summer_Even,1963,12
1/31/1964,1,159.5682805,1198.6001,Summer_Even,1964,1
2/29/1964,2,158.2485994,904.56305,Summer_Even,1964,2
3/31/1964,3,54.4621615,354.1596,Summer_Even,1964,3
4/30/1964,4,34.4564896,306.68723,Summer_Even,1964,4
5/31/1964,4,35.8028638,317.48883,Summer_Even,1964,5
6/30/1964,4,37.156363,322.56427,Summer_Even,1964,6
7/31/1964,4,32.35668655,372.84528,Summer_Even,1964,7
8/31/1964,4,64.116109,1270.2974,Summer_Even,1964,8
9/30/1964,4,142.880248,1581.095,Summer_Even,1964,9
10/31/1964,4,158.193925,1796.5668,Summer_Even,1964,10
11/30/1964,4,174.2377521,1735.5315,Summer_Even,1964,11
12/31/1964,4,166.7206405,1700.8021,Summer_Even,1964,12
1/31/1965,4,80.9469835,466.20615,Summer_Even,1965,1
2/28/1965,1,25.072854,212.40129,Summer_Even,1965,2
3/31/1965,1,26.045445,222.71196,Summer_Even,1965,3
4/30/1965,1,30.5543608,230.85684,Summer_Even,1965,4
5/31/1965,1,28.4334825,210.69583,Summer_Even,1965,5
6/30/1965,1,21.4830555,204.60226,Summer_Even,1965,6
7/31/1965,1,21.44529,210.66774,Summer_Even,1965,7
8/31/1965,1,21.4370595,275.70663,Summer_Even,1965,8
9/30/1965,1,23.7102375,354.60776,Summer_Even,1965,9
10/31/1965,1,34.4625715,748.35925,Summer_Even,1965,10
11/30/1965,1,108.1512196,1450.5062,Summer_Even,1965,11
12/31/1965,1,103.0439911,874.5904,Summer_Even,1965,12
1/31/1966,1,81.09795655,878.73816,Summer_Even,1966,1
2/28/1966,2,100.0144525,581.9783,Summer_Even,1966,2
3/31/1966,3,37.25567125,243.53032,Summer_Even,1966,3
4/30/1966,3,29.2700595,232.59567,Summer_Even,1966,4
5/31/1966,3,28.676958,249.19252,Summer_Even,1966,5
6/30/1966,3,27.2764845,278.53287,Summer_Even,1966,6
7/31/1966,3,27.2316645,365.98285,Summer_Even,1966,7
8/31/1966,3,39.0253702,724.6902,Summer_Even,1966,8
9/30/1966,3,80.2418935,1283.2078,Summer_Even,1966,9
10/31/1966,3,162.9469926,1737.4575,Summer_Even,1966,10
11/30/1966,3,159.763876,1693.2623,Summer_Even,1966,11
12/31/1966,3,154.0087285,1714.4725,Summer_Even,1966,12
1/31/1967,3,116.2865845,654.2377,Summer_Even,1967,1
2/28/1967,1,36.5572645,237.93443,Summer_Even,1967,2
3/31/1967,2,27.763041,236.31413,Summer_Even,1967,3
4/30/1967,1,29.095779,231.5365,Summer_Even,1967,4
5/31/1967,1,28.053621,221.85606,Summer_Even,1967,5
6/30/1967,1,20.8430655,194.66234,Summer_Even,1967,6
7/31/1967,1,16.6790055,158.60614,Summer_Even,1967,7
8/31/1967,1,14.65164,193.75009,Summer_Even,1967,8
9/30/1967,1,19.639488,233.72145,Summer_Even,1967,9
10/31/1967,1,21.4939515,311.06262,Summer_Even,1967,10
11/30/1967,1,25.0602975,530.87964,Summer_Even,1967,11
12/31/1967,1,70.8698053,1270.935,Summer_Even,1967,12
1/31/1968,1,217.916815,1625.4564,Summer_Even,1968,1
2/29/1968,3,136.1240836,765.1888,Summer_Even,1968,2
3/31/1968,3,35.1516046,249.98497,Summer_Even,1968,3
4/30/1968,3,27.1767795,238.89525,Summer_Even,1968,4
5/31/1968,3,28.755465,244.62032,Summer_Even,1968,5
6/30/1968,3,29.1469845,291.18698,Summer_Even,1968,6
7/31/1968,3,28.02006,453.2578,Summer_Even,1968,7
8/31/1968,3,35.4965458,737.46924,Summer_Even,1968,8
9/30/1968,3,70.495378,1164.0814,Summer_Even,1968,9
10/31/1968,3,132.6742156,1564.4532,Summer_Even,1968,10
11/30/1968,3,152.3886004,1700.6442,Summer_Even,1968,11
12/31/1968,3,161.5234546,1718.3923,Summer_Even,1968,12
1/31/1969,3,151.8469893,944.4896,Summer_Even,1969,1
2/28/1969,1,34.5792505,243.10368,Summer_Even,1969,2
3/31/1969,1,21.715443,192.42116,Summer_Even,1969,3
4/30/1969,1,19.845021,185.88664,Summer_Even,1969,4
5/31/1969,1,15.106638,178.19618,Summer_Even,1969,5
6/30/1969,1,12.069948,175.45795,Summer_Even,1969,6
7/31/1969,1,12.3235515,171.78592,Summer_Even,1969,7
8/31/1969,1,18.375243,210.86292,Summer_Even,1969,8
9/30/1969,1,22.1162595,301.15414,Summer_Even,1969,9
10/31/1969,1,21.0708,357.76947,Summer_Even,1969,10
11/30/1969,1,29.611716,646.12915,Summer_Even,1969,11
12/31/1969,1,78.22288225,1235.9352,Summer_Even,1969,12
1/31/1970,1,70.38791305,445.50552,Summer_Even,1970,1
2/28/1970,1,22.13484,209.36722,Summer_Even,1970,2
3/31/1970,1,17.8084095,193.60106,Summer_Even,1970,3
4/30/1970,1,24.847893,203.60832,Summer_Even,1970,4
5/31/1970,1,25.391373,230.93509,Summer_Even,1970,5
6/30/1970,1,27.30627,269.99258,Summer_Even,1970,6
7/31/1970,1,25.799142,303.00354,Summer_Even,1970,7
8/31/1970,1,24.533409,420.2491,Summer_Even,1970,8
9/30/1970,1,29.482791,474.13574,Summer_Even,1970,9
10/31/1970,1,42.6872155,737.6461,Summer_Even,1970,10
11/30/1970,1,126.1446291,1711.5161,Summer_Even,1970,11
12/31/1970,1,112.8062671,1114.4314,Summer_Even,1970,12
1/31/1971,1,56.1554377,317.03702,Summer_Even,1971,1
2/28/1971,1,22.9508535,210.80763,Summer_Even,1971,2
3/31/1971,1,23.684313,228.11604,Summer_Even,1971,3
4/30/1971,1,23.9695605,238.87025,Summer_Even,1971,4
5/31/1971,1,25.4736855,232.23409,Summer_Even,1971,5
6/30/1971,1,25.8335625,220.64221,Summer_Even,1971,6
7/31/1971,1,22.2377055,210.80833,Summer_Even,1971,7
8/31/1971,1,20.0650815,298.03378,Summer_Even,1971,8
9/30/1971,1,24.4281915,455.24094,Summer_Even,1971,9
10/31/1971,1,46.6557265,842.51056,Summer_Even,1971,10
11/30/1971,1,161.6749834,1728.1122,Summer_Even,1971,11
12/31/1971,1,197.3720343,1748.9105,Summer_Even,1971,12
1/31/1972,1,168.4725925,1163.9905,Summer_Even,1972,1
2/29/1972,3,81.273109,744.19336,Summer_Even,1972,2
3/31/1972,3,73.9742305,563.9124,Summer_Even,1972,3
4/30/1972,3,34.874311,258.28775,Summer_Even,1972,4
5/31/1972,3,27.385245,244.2112,Summer_Even,1972,5
6/30/1972,3,29.3762055,313.35492,Summer_Even,1972,6
7/31/1972,3,30.31680475,484.78827,Summer_Even,1972,7
8/31/1972,3,33.1102978,750.0582,Summer_Even,1972,8
9/30/1972,3,56.35745425,849.9538,Summer_Even,1972,9
10/31/1972,3,113.6319235,1529.5621,Summer_Even,1972,10
11/30/1972,3,155.78767,1663.8083,Summer_Even,1972,11
12/31/1972,3,121.3255128,1289.5934,Summer_Even,1972,12
1/31/1973,3,66.3140575,512.1554,Summer_Even,1973,1
2/28/1973,2,33.39996895,247.0279,Summer_Even,1973,2
3/31/1973,2,26.221596,240.79451,Summer_Even,1973,3
4/30/1973,1,36.1022164,232.26007,Summer_Even,1973,4
5/31/1973,2,29.9086755,231.04245,Summer_Even,1973,5
6/30/1973,2,26.08578,235.28836,Summer_Even,1973,6
7/31/1973,2,24.062292,250.16284,Summer_Even,1973,7
8/31/1973,2,24.732102,418.06274,Summer_Even,1973,8
9/30/1973,2,26.0275635,462.3572,Summer_Even,1973,9
10/31/1973,2,43.7105023,864.83185,Summer_Even,1973,10
11/30/1973,2,133.166593,1655.1608,Summer_Even,1973,11
12/31/1973,2,77.2344253,831.7655,Summer_Even,1973,12
1/31/1974,2,28.0381995,223.25504,Summer_Even,1974,1
2/28/1974,1,20.3526345,200.65318,Summer_Even,1974,2
3/31/1974,1,20.780022,204.52182,Summer_Even,1974,3
4/30/1974,1,26.0278905,203.66353,Summer_Even,1974,4
5/31/1974,1,22.36719,179.2601,Summer_Even,1974,5
6/30/1974,1,18.8266005,187.81027,Summer_Even,1974,6
7/31/1974,1,20.2775475,185.95499,Summer_Even,1974,7
8/31/1974,1,18.7434675,241.59792,Summer_Even,1974,8
9/30/1974,1,21.9029235,372.79355,Summer_Even,1974,9
10/31/1974,1,27.7721655,481.49753,Summer_Even,1974,10
11/30/1974,1,60.836842,803.12024,Summer_Even,1974,11
12/31/1974,1,119.098309,1385.8588,Summer_Even,1974,12
1/31/1975,1,222.7718926,1631.7369,Summer_Even,1975,1
2/28/1975,3,176.8015009,1346.314,Summer_Even,1975,2
3/31/1975,3,71.199043,447.18506,Summer_Even,1975,3
4/30/1975,2,28.79133,226.48802,Summer_Even,1975,4
5/31/1975,1,24.3646455,214.62396,Summer_Even,1975,5
6/30/1975,1,22.878198,206.64156,Summer_Even,1975,6
7/31/1975,1,21.114651,191.06073,Summer_Even,1975,7
8/31/1975,1,19.014762,250.08295,Summer_Even,1975,8
9/30/1975,1,22.2320985,386.61588,Summer_Even,1975,9
10/31/1975,1,32.81468725,691.1996,Summer_Even,1975,10
11/30/1975,1,79.236385,771.2999,Summer_Even,1975,11
12/31/1975,1,76.4991139,921.3339,Summer_Even,1975,12
1/31/1976,1,216.2108905,1585.9553,Summer_Even,1976,1
2/29/1976,4,187.95334,1489.2828,Summer_Even,1976,2
3/31/1976,4,142.3208785,989.54034,Summer_Even,1976,3
4/30/1976,5,93.5797168,594.3335,Summer_Even,1976,4
5/31/1976,5,73.22440405,601.7898,Summer_Even,1976,5
6/30/1976,5,88.59925345,899.0297,Summer_Even,1976,6
7/31/1976,5,129.1960015,1719.8483,Summer_Even,1976,7
8/31/1976,5,142.8311853,1680.3605,Summer_Even,1976,8
9/30/1976,5,119.5493215,1362.0062,Summer_Even,1976,9
10/31/1976,5,156.5016349,1911.3816,Summer_Even,1976,10
11/30/1976,5,221.3291485,2183.6094,Summer_Even,1976,11
12/31/1976,5,222.0446581,1762.7771,Summer_Even,1976,12
1/31/1977,5,221.4188209,1951.2987,Summer_Even,1977,1
2/28/1977,5,278.562763,2430.2144,Summer_Even,1977,2
3/31/1977,5,242.1935425,906.0949,Summer_Even,1977,3
4/30/1977,5,97.2249295,356.62906,Summer_Even,1977,4
5/31/1977,5,67.77447445,647.44653,Summer_Even,1977,5
6/30/1977,5,99.078769,1240.1515,Summer_Even,1977,6
7/31/1977,5,142.2285955,1264.5398,Summer_Even,1977,7
8/31/1977,5,102.5566525,1186.3113,Summer_Even,1977,8
9/30/1977,5,137.2522675,1457.1646,Summer_Even,1977,9
10/31/1977,5,174.9671611,1584.8488,Summer_Even,1977,10
11/30/1977,5,198.2280603,1889.9365,Summer_Even,1977,11
12/31/1977,5,224.2022905,1961.0691,Summer_Even,1977,12
1/31/1978,5,223.152322,1648.4752,Summer_Even,1978,1
2/28/1978,3,85.3724635,453.59583,Summer_Even,1978,2
3/31/1978,2,56.34708595,230.98686,Summer_Even,1978,3
4/30/1978,2,38.3385886,223.69687,Summer_Even,1978,4
5/31/1978,2,25.0809225,208.55928,Summer_Even,1978,5
6/30/1978,2,19.2361155,208.25099,Summer_Even,1978,6
7/31/1978,2,19.8535245,193.31743,Summer_Even,1978,7
8/31/1978,2,20.9366295,260.17593,Summer_Even,1978,8
9/30/1978,2,23.003061,456.8236,Summer_Even,1978,9
10/31/1978,2,42.1354612,847.0456,Summer_Even,1978,10
11/30/1978,2,113.1715801,1392.6649,Summer_Even,1978,11
12/31/1978,2,161.465155,1763.8945,Summer_Even,1978,12
1/31/1979,2,201.8394036,1568.2623,Summer_Even,1979,1
2/28/1979,4,114.3451075,698.49915,Summer_Even,1979,2
3/31/1979,3,49.000963,267.7364,Summer_Even,1979,3
4/30/1979,4,44.48964955,238.12614,Summer_Even,1979,4
5/31/1979,3,31.4503609,234.76103,Summer_Even,1979,5
6/30/1979,3,27.408195,246.79842,Summer_Even,1979,6
7/31/1979,3,25.16088,256.86313,Summer_Even,1979,7
8/31/1979,3,32.4907306,745.6083,Summer_Even,1979,8
9/30/1979,3,87.4933195,1284.4767,Summer_Even,1979,9
10/31/1979,3,130.4041821,1717.8893,Summer_Even,1979,10
11/30/1979,3,151.3676164,1698.4547,Summer_Even,1979,11
12/31/1979,3,147.132163,1718.3021,Summer_Even,1979,12
1/31/1980,3,220.4848816,1704.4113,Summer_Even,1980,1
2/29/1980,2,67.03542955,333.03366,Summer_Even,1980,2
3/31/1980,1,24.019359,195.2705,Summer_Even,1980,3
4/30/1980,1,22.578816,199.94102,Summer_Even,1980,4
5/31/1980,1,20.0165085,211.76543,Summer_Even,1980,5
6/30/1980,1,21.698577,239.38882,Summer_Even,1980,6
7/31/1980,1,23.003007,231.2045,Summer_Even,1980,7
8/31/1980,1,22.5011235,240.55013,Summer_Even,1980,8
9/30/1980,1,23.0989035,327.22858,Summer_Even,1980,9
10/31/1980,1,33.6000988,800.2629,Summer_Even,1980,10
11/30/1980,1,120.650134,1666.8127,Summer_Even,1980,11
12/31/1980,1,142.7757385,1742.0714,Summer_Even,1980,12
1/31/1981,1,219.1687345,1705.9427,Summer_Even,1981,1
2/28/1981,3,134.7135018,807.18317,Summer_Even,1981,2
3/31/1981,4,41.522164,271.2398,Summer_Even,1981,3
4/30/1981,4,28.91688,234.03639,Summer_Even,1981,4
5/31/1981,4,28.80807,242.83185,Summer_Even,1981,5
6/30/1981,4,29.0140275,299.27908,Summer_Even,1981,6
7/31/1981,4,29.50728,443.28568,Summer_Even,1981,7
8/31/1981,4,77.2858279,1410.4999,Summer_Even,1981,8
9/30/1981,4,140.908333,1586.3176,Summer_Even,1981,9
10/31/1981,4,154.9102861,1807.176,Summer_Even,1981,10
11/30/1981,4,167.908834,1717.6737,Summer_Even,1981,11
12/31/1981,4,174.3297045,1462.7599,Summer_Even,1981,12
1/31/1982,4,47.9878678,301.40695,Summer_Even,1982,1
2/28/1982,1,29.122041,214.8322,Summer_Even,1982,2
3/31/1982,1,26.7159945,211.23756,Summer_Even,1982,3
4/30/1982,1,26.7373305,180.6585,Summer_Even,1982,4
5/31/1982,1,18.9747525,174.25504,Summer_Even,1982,5
6/30/1982,1,15.051807,172.30666,Summer_Even,1982,6
7/31/1982,1,14.2632105,168.50041,Summer_Even,1982,7
8/31/1982,1,18.154857,204.76224,Summer_Even,1982,8
9/30/1982,1,20.7873855,275.1573,Summer_Even,1982,9
10/31/1982,1,18.880104,226.4865,Summer_Even,1982,10
11/30/1982,1,17.214018,222.1513,Summer_Even,1982,11
12/31/1982,1,23.4957255,207.83202,Summer_Even,1982,12
1/31/1983,1,25.7698245,199.22433,Summer_Even,1983,1
2/28/1983,1,15.658488,190.39395,Summer_Even,1983,2
3/31/1983,1,11.310702,188.90063,Summer_Even,1983,3
4/30/1983,1,6.796374,191.83582,Summer_Even,1983,4
5/31/1983,1,3.603333,169.56512,Summer_Even,1983,5
6/30/1983,1,6.841839,167.04099,Summer_Even,1983,6
7/31/1983,1,9.3855585,163.89505,Summer_Even,1983,7
8/31/1983,1,12.1917795,165.32176,Summer_Even,1983,8
9/30/1983,1,15.611235,201.37424,Summer_Even,1983,9
10/31/1983,1,17.1704985,241.51785,Summer_Even,1983,10
11/30/1983,1,18.0569985,233.37831,Summer_Even,1983,11
12/31/1983,1,25.080045,219.37943,Summer_Even,1983,12
1/31/1984,1,22.5368745,210.35846,Summer_Even,1984,1
2/29/1984,1,20.4515355,183.62486,Summer_Even,1984,2
3/31/1984,1,21.3941685,201.41508,Summer_Even,1984,3
4/30/1984,1,25.013115,209.00484,Summer_Even,1984,4
5/31/1984,1,24.123303,224.6661,Summer_Even,1984,5
6/30/1984,1,22.61154,233.02682,Summer_Even,1984,6
7/31/1984,1,23.090907,237.35893,Summer_Even,1984,7
8/31/1984,1,23.0352105,375.99136,Summer_Even,1984,8
9/30/1984,1,25.965498,390.35028,Summer_Even,1984,9
10/31/1984,1,42.4589647,850.02936,Summer_Even,1984,10
11/30/1984,1,133.4575296,1587.491,Summer_Even,1984,11
12/31/1984,1,121.627171,812.3772,Summer_Even,1984,12
1/31/1985,1,41.0676061,286.06653,Summer_Even,1985,1
2/28/1985,3,25.845927,317.0519,Summer_Even,1985,2
3/31/1985,3,30.92995375,421.43042,Summer_Even,1985,3
4/30/1985,3,35.68723075,288.81772,Summer_Even,1985,4
5/31/1985,4,38.5161037,282.42596,Summer_Even,1985,5
6/30/1985,4,36.7347511,325.38858,Summer_Even,1985,6
7/31/1985,4,31.0487959,400.502,Summer_Even,1985,7
8/31/1985,4,72.22887055,1373.3966,Summer_Even,1985,8
9/30/1985,4,136.3394125,1577.5593,Summer_Even,1985,9
10/31/1985,4,138.388648,1711.3175,Summer_Even,1985,10
11/30/1985,4,160.943833,1725.8485,Summer_Even,1985,11
12/31/1985,4,163.2832555,1708.4559,Summer_Even,1985,12
1/31/1986,4,223.4724255,1744.1993,Summer_Even,1986,1
2/28/1986,3,131.1708235,726.51373,Summer_Even,1986,2
3/31/1986,1,48.8181355,238.67531,Summer_Even,1986,3
4/30/1986,1,15.0080655,189.4993,Summer_Even,1986,4
5/31/1986,1,17.724912,174.60915,Summer_Even,1986,5
6/30/1986,1,19.7464395,189.17274,Summer_Even,1986,6
7/31/1986,1,23.3314905,243.34236,Summer_Even,1986,7
8/31/1986,1,22.597398,273.46088,Summer_Even,1986,8
9/30/1986,1,21.734085,336.6631,Summer_Even,1986,9
10/31/1986,1,28.299585,648.6774,Summer_Even,1986,10
11/30/1986,1,82.3078414,1195.1742,Summer_Even,1986,11
12/31/1986,1,144.3800206,1795.6968,Summer_Even,1986,12
1/31/1987,1,192.5133685,1564.4958,Summer_Even,1987,1
2/28/1987,4,132.8548885,1273.8783,Summer_Even,1987,2
3/31/1987,4,111.483337,660.83075,Summer_Even,1987,3
4/30/1987,4,49.2770197,273.33878,Summer_Even,1987,4
5/31/1987,4,33.3085324,252.9004,Summer_Even,1987,5
6/30/1987,4,30.67023895,310.2536,Summer_Even,1987,6
7/31/1987,4,29.692305,490.80246,Summer_Even,1987,7
8/31/1987,4,49.3587349,955.9837,Summer_Even,1987,8
9/30/1987,4,91.93907155,1248.8339,Summer_Even,1987,9
10/31/1987,4,135.3147976,1665.2954,Summer_Even,1987,10
11/30/1987,4,181.764927,1785.4856,Summer_Even,1987,11
12/31/1987,4,172.08112,1799.3542,Summer_Even,1987,12
1/31/1988,4,187.9076118,1358.8359,Summer_Even,1988,1
2/29/1988,4,74.54649625,460.83707,Summer_Even,1988,2
3/31/1988,5,31.9915474,275.47678,Summer_Even,1988,3
4/30/1988,5,36.3446545,309.0591,Summer_Even,1988,4
5/31/1988,5,47.1216901,380.92532,Summer_Even,1988,5
6/30/1988,5,61.135408,638.7176,Summer_Even,1988,6
7/31/1988,5,103.8596725,1090.4718,Summer_Even,1988,7
8/31/1988,5,114.2825785,1473.478,Summer_Even,1988,8
9/30/1988,5,126.116548,1467.8408,Summer_Even,1988,9
10/31/1988,5,163.650327,1683.4884,Summer_Even,1988,10
11/30/1988,5,204.945667,2014.5941,Summer_Even,1988,11
12/31/1988,5,223.5884148,1986.6079,Summer_Even,1988,12
1/31/1989,5,202.3764063,1694.0796,Summer_Even,1989,1
2/28/1989,4,180.6620283,1212.9495,Summer_Even,1989,2
3/31/1989,5,96.784006,606.95514,Summer_Even,1989,3
4/30/1989,3,39.6878584,311.75446,Summer_Even,1989,4
5/31/1989,4,25.4104755,237.57748,Summer_Even,1989,5
6/30/1989,4,27.4006125,250.82863,Summer_Even,1989,6
7/31/1989,4,25.1925525,332.66992,Summer_Even,1989,7
8/31/1989,4,49.0840975,1027.2001,Summer_Even,1989,8
9/30/1989,4,130.1403348,1589.7076,Summer_Even,1989,9
10/31/1989,4,164.939419,1682.5056,Summer_Even,1989,10
11/30/1989,4,163.1507875,1712.4265,Summer_Even,1989,11
12/31/1989,4,162.0403306,1741.7273,Summer_Even,1989,12
1/31/1990,4,194.8165476,1781.437,Summer_Even,1990,1
2/28/1990,4,153.0625,1057.7781,Summer_Even,1990,2
3/31/1990,5,63.6584275,418.4455,Summer_Even,1990,3
4/30/1990,5,40.15389895,368.58298,Summer_Even,1990,4
5/31/1990,5,51.492889,343.14374,Summer_Even,1990,5
6/30/1990,5,52.28717545,389.71524,Summer_Even,1990,6
7/31/1990,5,69.7363717,667.86804,Summer_Even,1990,7
8/31/1990,5,92.228053,1031.8464,Summer_Even,1990,8
9/30/1990,5,116.1093544,1227.4545,Summer_Even,1990,9
10/31/1990,5,170.4346266,1652.7272,Summer_Even,1990,10
11/30/1990,5,212.398018,1997.1086,Summer_Even,1990,11
12/31/1990,5,226.5109045,1836.0962,Summer_Even,1990,12
1/31/1991,5,224.7812794,1944.9564,Summer_Even,1991,1
2/28/1991,5,200.9692615,1215.0571,Summer_Even,1991,2
3/31/1991,5,100.5223795,678.9819,Summer_Even,1991,3
4/30/1991,5,71.1855967,444.01666,Summer_Even,1991,4
5/31/1991,5,51.71462755,253.67647,Summer_Even,1991,5
6/30/1991,5,46.39687525,375.499,Summer_Even,1991,6
7/31/1991,5,67.1397481,854.6195,Summer_Even,1991,7
8/31/1991,5,156.800845,1526.0071,Summer_Even,1991,8
9/30/1991,5,182.9616505,1600.9346,Summer_Even,1991,9
10/31/1991,5,196.3392085,1566.0715,Summer_Even,1991,10
11/30/1991,5,210.4285968,2052.8723,Summer_Even,1991,11
12/31/1991,5,222.5882785,2068.097,Summer_Even,1991,12
1/31/1992,5,223.9650679,1823.5165,Summer_Even,1992,1
2/29/1992,5,173.287867,983.26324,Summer_Even,1992,2
3/31/1992,5,85.3906123,359.98993,Summer_Even,1992,3
4/30/1992,5,39.0924877,247.25282,Summer_Even,1992,4
5/31/1992,5,35.6989585,257.89694,Summer_Even,1992,5
6/30/1992,5,40.88215945,369.90503,Summer_Even,1992,6
7/31/1992,5,50.644672,398.98248,Summer_Even,1992,7
8/31/1992,5,42.7825765,554.35364,Summer_Even,1992,8
9/30/1992,5,72.8474032,1036.0999,Summer_Even,1992,9
10/31/1992,5,143.427448,1655.0562,Summer_Even,1992,10
11/30/1992,5,224.192629,2313.8767,Summer_Even,1992,11
12/31/1992,5,222.969637,1542.0083,Summer_Even,1992,12
1/31/1993,5,227.8591711,1590.6212,Summer_Even,1993,1
2/28/1993,3,112.1726181,541.6807,Summer_Even,1993,2
3/31/1993,2,59.93173045,237.86057,Summer_Even,1993,3
4/30/1993,2,37.9519576,238.12448,Summer_Even,1993,4
5/31/1993,2,28.163067,233.32565,Summer_Even,1993,5
6/30/1993,2,25.8783285,226.2939,Summer_Even,1993,6
7/31/1993,2,23.559324,209.00192,Summer_Even,1993,7
8/31/1993,2,20.9573655,290.26584,Summer_Even,1993,8
9/30/1993,2,21.753339,498.89478,Summer_Even,1993,9
10/31/1993,2,51.6009895,1041.6549,Summer_Even,1993,10
11/30/1993,2,151.9347265,1770.2289,Summer_Even,1993,11
12/31/1993,2,176.9191945,1820.7396,Summer_Even,1993,12
1/31/1994,2,176.9755561,1360.629,Summer_Even,1994,1
2/28/1994,4,99.7708915,923.6239,Summer_Even,1994,2
3/31/1994,4,83.4553369,576.3045,Summer_Even,1994,3
4/30/1994,4,38.85264595,278.72897,Summer_Even,1994,4
5/31/1994,5,37.7497843,301.54782,Summer_Even,1994,5
6/30/1994,5,44.722999,423.98166,Summer_Even,1994,6
7/31/1994,5,65.12538805,920.59955,Summer_Even,1994,7
8/31/1994,5,107.3619805,1726.4025,Summer_Even,1994,8
9/30/1994,5,137.8638205,1763.3527,Summer_Even,1994,9
10/31/1994,5,180.751276,1854.813,Summer_Even,1994,10
11/30/1994,5,210.991315,2133.7812,Summer_Even,1994,11
12/31/1994,5,219.641236,2168.4863,Summer_Even,1994,12
1/31/1995,5,219.4571545,1685.8708,Summer_Even,1995,1
2/28/1995,1,78.3467005,326.50327,Summer_Even,1995,2
3/31/1995,2,29.25927,237.74612,Summer_Even,1995,3
4/30/1995,1,36.5398909,223.21527,Summer_Even,1995,4
5/31/1995,1,26.248638,180.18134,Summer_Even,1995,5
6/30/1995,1,17.717793,170.55139,Summer_Even,1995,6
7/31/1995,1,15.670065,164.20384,Summer_Even,1995,7
8/31/1995,1,14.937057,168.65573,Summer_Even,1995,8
9/30/1995,1,18.7479885,232.69301,Summer_Even,1995,9
10/31/1995,1,18.802503,304.0457,Summer_Even,1995,10
11/30/1995,1,23.04459,502.80307,Summer_Even,1995,11
12/31/1995,1,82.3645393,1107.5087,Summer_Even,1995,12
1/31/1996,1,118.5720736,638.7341,Summer_Even,1996,1
2/29/1996,2,28.8693195,226.85783,Summer_Even,1996,2
3/31/1996,1,32.8957042,222.06122,Summer_Even,1996,3
4/30/1996,1,30.2593915,218.73312,Summer_Even,1996,4
5/31/1996,1,26.080725,211.57858,Summer_Even,1996,5
6/30/1996,1,22.53588,193.03679,Summer_Even,1996,6
7/31/1996,1,19.579497,200.55634,Summer_Even,1996,7
8/31/1996,1,20.959488,291.07205,Summer_Even,1996,8
9/30/1996,1,22.81578,395.8683,Summer_Even,1996,9
10/31/1996,1,39.487777,818.3978,Summer_Even,1996,10
11/30/1996,1,125.688478,1541.1201,Summer_Even,1996,11
12/31/1996,1,107.5301875,962.35815,Summer_Even,1996,12
1/31/1997,1,46.36550245,262.56265,Summer_Even,1997,1
2/28/1997,1,10.248507,180.91814,Summer_Even,1997,2
3/31/1997,1,17.313432,172.2935,Summer_Even,1997,3
4/30/1997,1,23.16699,205.31741,Summer_Even,1997,4
5/31/1997,1,26.180793,263.13412,Summer_Even,1997,5
6/30/1997,1,25.906224,271.04227,Summer_Even,1997,6
7/31/1997,1,26.741415,253.79819,Summer_Even,1997,7
8/31/1997,1,23.832672,316.28317,Summer_Even,1997,8
9/30/1997,1,23.5087665,362.68887,Summer_Even,1997,9
10/31/1997,1,38.12864905,775.86743,Summer_Even,1997,10
11/30/1997,1,136.616518,1712.5142,Summer_Even,1997,11
12/31/1997,1,145.052746,1777.714,Summer_Even,1997,12
1/31/1998,1,169.507285,1298.963,Summer_Even,1998,1
2/28/1998,1,62.67801325,342.752,Summer_Even,1998,2
3/31/1998,1,44.057923,218.12576,Summer_Even,1998,3
4/30/1998,1,23.721831,188.61871,Summer_Even,1998,4
5/31/1998,1,18.945426,176.02518,Summer_Even,1998,5
6/30/1998,1,17.2181535,165.81181,Summer_Even,1998,6
7/31/1998,1,14.8202355,168.75346,Summer_Even,1998,7
8/31/1998,1,14.6533635,169.18124,Summer_Even,1998,8
9/30/1998,1,17.0417865,224.97566,Summer_Even,1998,9
10/31/1998,1,18.1615695,241.4432,Summer_Even,1998,10
11/30/1998,1,15.5090175,236.88101,Summer_Even,1998,11
12/31/1998,1,20.222205,236.43037,Summer_Even,1998,12
1/31/1999,1,22.832391,214.40091,Summer_Even,1999,1
2/28/1999,2,24.6873795,216.45764,Summer_Even,1999,2
3/31/1999,1,28.2850155,217.03764,Summer_Even,1999,3
4/30/1999,1,27.580302,221.35904,Summer_Even,1999,4
5/31/1999,1,27.768342,224.40898,Summer_Even,1999,5
6/30/1999,1,24.488109,227.04927,Summer_Even,1999,6
7/31/1999,1,22.217325,210.71564,Summer_Even,1999,7
8/31/1999,1,21.707034,301.96304,Summer_Even,1999,8
9/30/1999,1,23.832894,402.37958,Summer_Even,1999,9
10/31/1999,1,40.55463745,795.8604,Summer_Even,1999,10
11/30/1999,1,134.9038219,1614.5522,Summer_Even,1999,11
12/31/1999,1,172.718437,1794.2711,Summer_Even,1999,12
1/31/2000,1,183.3205795,1449.3553,Summer_Even,2000,1
2/29/2000,2,105.166198,540.025,Summer_Even,2000,2
3/31/2000,2,37.3285999,233.1527,Summer_Even,2000,3
4/30/2000,2,29.937291,222.67174,Summer_Even,2000,4
5/31/2000,2,27.6347805,219.39339,Summer_Even,2000,5
6/30/2000,2,24.62004,238.23732,Summer_Even,2000,6
7/31/2000,2,23.776707,232.2945,Summer_Even,2000,7
8/31/2000,2,23.7818025,408.29068,Summer_Even,2000,8
9/30/2000,2,24.707661,464.53387,Summer_Even,2000,9
10/31/2000,2,48.1273411,915.9814,Summer_Even,2000,10
11/30/2000,2,132.5143135,1502.0457,Summer_Even,2000,11
12/31/2000,2,143.706121,1755.2362,Summer_Even,2000,12
1/31/2001,2,196.448506,1612.0084,Summer_Even,2001,1
2/28/2001,4,129.4386021,1015.0067,Summer_Even,2001,2
3/31/2001,4,68.0403937,377.4209,Summer_Even,2001,3
4/30/2001,4,31.844191,245.96298,Summer_Even,2001,4
5/31/2001,4,33.2014123,246.06549,Summer_Even,2001,5
6/30/2001,4,28.73556,302.3051,Summer_Even,2001,6
7/31/2001,4,29.191401,415.1243,Summer_Even,2001,7
8/31/2001,4,47.50490395,877.1974,Summer_Even,2001,8
9/30/2001,4,93.6595966,1291.0192,Summer_Even,2001,9
10/31/2001,4,147.10771,1806.5712,Summer_Even,2001,10
11/30/2001,4,165.7684555,1572.8353,Summer_Even,2001,11
12/31/2001,4,159.170962,1721.1238,Summer_Even,2001,12
1/31/2002,4,112.8490428,667.4599,Summer_Even,2002,1
2/28/2002,3,26.734017,227.94759,Summer_Even,2002,2
3/31/2002,3,26.776533,233.96786,Summer_Even,2002,3
4/30/2002,3,25.3182,244.63039,Summer_Even,2002,4
5/31/2002,4,28.382583,255.75653,Summer_Even,2002,5
6/30/2002,4,30.49057495,300.29886,Summer_Even,2002,6
7/31/2002,4,29.939484,390.5338,Summer_Even,2002,7
8/31/2002,4,66.95589175,1246.2968,Summer_Even,2002,8
9/30/2002,4,128.4930091,1559.493,Summer_Even,2002,9
10/31/2002,4,144.322425,1709.9237,Summer_Even,2002,10
11/30/2002,4,152.6014555,1587.7616,Summer_Even,2002,11
12/31/2002,4,149.9472505,1723.2064,Summer_Even,2002,12
1/31/2003,4,104.4156049,660.1557,Summer_Even,2003,1
2/28/2003,2,27.9615645,215.00668,Summer_Even,2003,2
3/31/2003,3,25.299138,231.26985,Summer_Even,2003,3
4/30/2003,3,25.4724525,244.74382,Summer_Even,2003,4
5/31/2003,2,27.994071,236.04933,Summer_Even,2003,5
6/30/2003,2,25.1878875,219.29698,Summer_Even,2003,6
7/31/2003,2,21.653877,225.56676,Summer_Even,2003,7
8/31/2003,2,22.4792865,436.3136,Summer_Even,2003,8
9/30/2003,2,26.769675,544.15015,Summer_Even,2003,9
10/31/2003,2,53.89277995,1011.7697,Summer_Even,2003,10
11/30/2003,2,140.4658791,1480.9971,Summer_Even,2003,11
12/31/2003,2,152.8465413,1743.1486,Summer_Even,2003,12
1/31/2004,2,151.8567135,753.9476,Summer_Even,2004,1
2/29/2004,3,29.3978295,261.41748,Summer_Even,2004,2
3/31/2004,2,27.941217,240.17497,Summer_Even,2004,3
4/30/2004,3,26.5818825,236.2149,Summer_Even,2004,4
5/31/2004,3,28.520082,242.98872,Summer_Even,2004,5
6/30/2004,3,29.735967,276.01877,Summer_Even,2004,6
7/31/2004,3,29.00565,376.00613,Summer_Even,2004,7
8/31/2004,3,39.1667758,755.8167,Summer_Even,2004,8
9/30/2004,3,79.943698,1299.003,Summer_Even,2004,9
10/31/2004,3,163.3086006,1669.4253,Summer_Even,2004,10
11/30/2004,3,149.5982965,1652.1086,Summer_Even,2004,11
12/31/2004,3,152.0363005,1700.0907,Summer_Even,2004,12
1/31/2005,3,154.468576,908.911,Summer_Even,2005,1
2/28/2005,3,53.32032895,314.1768,Summer_Even,2005,2
3/31/2005,3,42.9074179,241.8444,Summer_Even,2005,3
4/30/2005,3,40.1400793,231.43184,Summer_Even,2005,4
5/31/2005,3,27.308922,231.29593,Summer_Even,2005,5
6/30/2005,3,21.443025,211.4742,Summer_Even,2005,6
7/31/2005,3,17.656302,192.85667,Summer_Even,2005,7
8/31/2005,3,20.381865,247.46498,Summer_Even,2005,8
9/30/2005,3,51.0432502,753.3728,Summer_Even,2005,9
10/31/2005,3,95.408311,1297.2136,Summer_Even,2005,10
11/30/2005,3,76.16951995,1095.5365,Summer_Even,2005,11
12/31/2005,3,130.524757,1582.9563,Summer_Even,2005,12
1/31/2006,3,65.3742415,403.69528,Summer_Even,2006,1
2/28/2006,1,21.8455695,208.4505,Summer_Even,2006,2
3/31/2006,1,24.8593185,204.76001,Summer_Even,2006,3
4/30/2006,1,29.227275,198.24692,Summer_Even,2006,4
5/31/2006,1,17.585151,181.34929,Summer_Even,2006,5
6/30/2006,1,14.2404585,171.47757,Summer_Even,2006,6
7/31/2006,1,15.670218,167.41322,Summer_Even,2006,7
8/31/2006,1,22.4184135,208.48985,Summer_Even,2006,8
9/30/2006,1,20.118555,300.70566,Summer_Even,2006,9
10/31/2006,1,20.657835,383.706,Summer_Even,2006,10
11/30/2006,1,37.242034,739.2304,Summer_Even,2006,11
12/31/2006,1,104.513377,1526.1781,Summer_Even,2006,12
1/31/2007,1,168.5779285,1446.3336,Summer_Even,2007,1
2/28/2007,3,127.273497,799.4417,Summer_Even,2007,2
3/31/2007,3,81.2262265,459.3514,Summer_Even,2007,3
4/30/2007,4,38.99701555,241.6704,Summer_Even,2007,4
5/31/2007,4,32.5872031,266.46317,Summer_Even,2007,5
6/30/2007,4,33.4321825,327.42697,Summer_Even,2007,6
7/31/2007,4,33.0138424,431.78885,Summer_Even,2007,7
8/31/2007,4,68.90711005,1429.8745,Summer_Even,2007,8
9/30/2007,4,141.855388,1587.597,Summer_Even,2007,9
10/31/2007,4,143.209651,1721.7235,Summer_Even,2007,10
11/30/2007,4,149.034424,1695.7664,Summer_Even,2007,11
12/31/2007,4,166.0901635,1723.2202,Summer_Even,2007,12
1/31/2008,4,201.5152645,1504.858,Summer_Even,2008,1
2/29/2008,3,129.8368525,541.8604,Summer_Even,2008,2
3/31/2008,4,40.23380155,247.55257,Summer_Even,2008,3
4/30/2008,4,32.87784895,240.97401,Summer_Even,2008,4
5/31/2008,5,30.5960563,267.08044,Summer_Even,2008,5
6/30/2008,5,35.29335505,370.98868,Summer_Even,2008,6
7/31/2008,5,42.3212926,520.8808,Summer_Even,2008,7
8/31/2008,5,52.39173055,905.5625,Summer_Even,2008,8
9/30/2008,5,104.7754345,1405.7625,Summer_Even,2008,9
10/31/2008,5,179.091949,1985.9885,Summer_Even,2008,10
11/30/2008,5,221.5557805,2084.8723,Summer_Even,2008,11
12/31/2008,5,216.096406,2183.7112,Summer_Even,2008,12
1/31/2009,5,221.2897615,1714.526,Summer_Even,2009,1
2/28/2009,5,182.6661055,1440.3522,Summer_Even,2009,2
3/31/2009,4,117.0204709,574.9854,Summer_Even,2009,3
4/30/2009,4,37.98236425,249.27054,Summer_Even,2009,4
5/31/2009,4,28.989189,243.25116,Summer_Even,2009,5
6/30/2009,4,28.3610505,261.49548,Summer_Even,2009,6
7/31/2009,4,26.744787,290.251,Summer_Even,2009,7
8/31/2009,4,24.4200345,401.42087,Summer_Even,2009,8
9/30/2009,4,45.4590115,790.3132,Summer_Even,2009,9
10/31/2009,4,112.0768951,1637.246,Summer_Even,2009,10
11/30/2009,4,168.5259588,1667.2278,Summer_Even,2009,11
12/31/2009,4,123.471577,1519.6888,Summer_Even,2009,12
1/31/2010,4,202.8616216,1778.4911,Summer_Even,2010,1
2/28/2010,3,122.9614441,589.4571,Summer_Even,2010,2
3/31/2010,4,40.39626295,247.3564,Summer_Even,2010,3
4/30/2010,4,28.0067775,241.32849,Summer_Even,2010,4
5/31/2010,3,28.312785,236.73895,Summer_Even,2010,5
6/30/2010,3,28.22022,225.49399,Summer_Even,2010,6
7/31/2010,3,25.43586,217.66536,Summer_Even,2010,7
8/31/2010,3,24.132396,406.843,Summer_Even,2010,8
9/30/2010,3,79.94884225,1342.4977,Summer_Even,2010,9
10/31/2010,3,137.4038305,1686.5416,Summer_Even,2010,10
11/30/2010,3,90.130909,899.0697,Summer_Even,2010,11
12/31/2010,3,65.4226687,739.5289,Summer_Even,2010,12
1/31/2011,3,52.78981,346.02512,Summer_Even,2011,1
2/28/2011,2,27.9085605,202.6116,Summer_Even,2011,2
3/31/2011,2,30.5917528,217.44432,Summer_Even,2011,3
4/30/2011,1,23.3625525,223.49954,Summer_Even,2011,4
5/31/2011,1,19.2758265,197.0943,Summer_Even,2011,5
6/30/2011,1,17.289102,187.86122,Summer_Even,2011,6
7/31/2011,1,17.5282995,178.44757,Summer_Even,2011,7
8/31/2011,1,16.1020155,185.00468,Summer_Even,2011,8
9/30/2011,1,18.272544,233.99254,Summer_Even,2011,9
10/31/2011,1,19.005609,265.1281,Summer_Even,2011,10
11/30/2011,1,18.743658,294.8972,Summer_Even,2011,11
12/31/2011,1,28.64364,657.6734,Summer_Even,2011,12
1/31/2012,1,150.1542175,1382.3539,Summer_Even,2012,1
2/29/2012,4,165.5965321,1274.8455,Summer_Even,2012,2
3/31/2012,4,85.8387805,592.4132,Summer_Even,2012,3
4/30/2012,3,43.246015,307.0613,Summer_Even,2012,4
5/31/2012,3,27.763833,231.64247,Summer_Even,2012,5
6/30/2012,3,27.4475925,235.51486,Summer_Even,2012,6
7/31/2012,3,25.419225,335.39554,Summer_Even,2012,7
8/31/2012,3,31.5518665,738.3348,Summer_Even,2012,8
9/30/2012,3,69.3047335,1170.0691,Summer_Even,2012,9
10/31/2012,3,154.2723421,1679.5553,Summer_Even,2012,10
11/30/2012,3,154.2438991,1677.6887,Summer_Even,2012,11
12/31/2012,3,167.0891313,1750.7413,Summer_Even,2012,12
1/31/2013,3,90.33566725,502.12006,Summer_Even,2013,1
2/28/2013,2,22.8684795,229.4883,Summer_Even,2013,2
3/31/2013,3,26.669142,250.33084,Summer_Even,2013,3
4/30/2013,4,25.234206,258.94562,Summer_Even,2013,4
5/31/2013,4,29.906964,289.87033,Summer_Even,2013,5
6/30/2013,4,34.1262886,328.07114,Summer_Even,2013,6
7/31/2013,4,32.1073372,374.66888,Summer_Even,2013,7
8/31/2013,4,57.7095883,1152.4218,Summer_Even,2013,8
9/30/2013,4,120.9272538,1365.4944,Summer_Even,2013,9
10/31/2013,4,166.8970726,1773.0789,Summer_Even,2013,10
11/30/2013,4,154.5380163,1331.2032,Summer_Even,2013,11
12/31/2013,4,167.271309,1795.2642,Summer_Even,2013,12
1/31/2014,4,215.5620595,1790.9574,Summer_Even,2014,1
2/28/2014,5,172.5967591,1388.1865,Summer_Even,2014,2
3/31/2014,5,129.7765864,895.6043,Summer_Even,2014,3
4/30/2014,5,51.94619005,340.66037,Summer_Even,2014,4
5/31/2014,5,36.9981595,272.17343,Summer_Even,2014,5
6/30/2014,5,45.752875,481.86,Summer_Even,2014,6
7/31/2014,5,90.8137405,1052.6248,Summer_Even,2014,7
8/31/2014,5,160.6071711,1476.0161,Summer_Even,2014,8
9/30/2014,5,175.7189455,1381.9644,Summer_Even,2014,9
10/31/2014,5,173.1388234,1664.7699,Summer_Even,2014,10
11/30/2014,5,229.1915433,1965.2135,Summer_Even,2014,11
12/31/2014,5,225.8568865,1854.388,Summer_Even,2014,12
1/31/2015,5,107.76631,644.5665,Summer_Even,2015,1
2/28/2015,5,28.57167,290.03024,Summer_Even,2015,2
3/31/2015,5,32.0069488,379.7095,Summer_Even,2015,3
4/30/2015,5,46.7989105,269.40436,Summer_Even,2015,4
5/31/2015,5,46.7354866,318.48624,Summer_Even,2015,5
6/30/2015,5,56.6580865,440.18155,Summer_Even,2015,6
7/31/2015,5,59.80376545,436.2386,Summer_Even,2015,7
8/31/2015,5,46.68822505,585.69604,Summer_Even,2015,8
9/30/2015,5,73.3641139,968.6575,Summer_Even,2015,9
10/31/2015,5,136.0925284,1708.025,Summer_Even,2015,10
11/30/2015,5,211.8367675,2187.9993,Summer_Even,2015,11
12/31/2015,5,221.7577315,1530.7335,Summer_Even,2015,12
1/31/2016,5,215.2953394,2276.8884,Summer_Even,2016,1
2/29/2016,3,209.0397604,723.59827,Summer_Even,2016,2
3/31/2016,4,54.192637,245.27414,Summer_Even,2016,3
4/30/2016,3,27.375531,245.81621,Summer_Even,2016,4
5/31/2016,3,27.41793,240.0788,Summer_Even,2016,5
6/30/2016,3,28.1431875,247.24622,Summer_Even,2016,6
7/31/2016,3,25.351398,377.3111,Summer_Even,2016,7
8/31/2016,3,38.3704117,760.7484,Summer_Even,2016,8
9/30/2016,3,74.3158999,1160.2827,Summer_Even,2016,9
10/31/2016,3,166.8644031,1745.4961,Summer_Even,2016,10
11/30/2016,3,179.605975,1699.5299,Summer_Even,2016,11
12/31/2016,3,164.9348448,1810.4276,Summer_Even,2016,12
1/31/2017,3,114.4833895,638.6129,Summer_Even,2017,1
2/28/2017,1,38.429686,225.88036,Summer_Even,2017,2
3/31/2017,1,20.688942,200.75386,Summer_Even,2017,3
4/30/2017,1,20.162484,171.925,Summer_Even,2017,4
5/31/2017,1,16.136226,174.24602,Summer_Even,2017,5
6/30/2017,1,14.6522205,176.37389,Summer_Even,2017,6
7/31/2017,1,14.966688,169.2378,Summer_Even,2017,7
8/31/2017,1,19.9065105,208.97614,Summer_Even,2017,8
9/30/2017,1,22.375866,292.61826,Summer_Even,2017,9
10/31/2017,1,21.4580655,367.5091,Summer_Even,2017,10
11/30/2017,1,31.11235945,717.56537,Summer_Even,2017,11
12/31/2017,1,65.4527875,821.6415,Summer_Even,2017,12
1/31/2018,1,94.11143845,1032.023,Summer_Even,2018,1
2/28/2018,3,150.992431,947.8308,Summer_Even,2018,2
3/31/2018,3,51.3531535,309.40836,Summer_Even,2018,3
4/30/2018,3,37.3274428,252.17905,Summer_Even,2018,4
5/31/2018,3,29.4077175,231.17752,Summer_Even,2018,5
6/30/2018,3,26.5277895,225.63867,Summer_Even,2018,6
7/31/2018,3,24.949104,324.32776,Summer_Even,2018,7
8/31/2018,3,34.11925195,726.44604,Summer_Even,2018,8
9/30/2018,3,61.62995425,1075.5677,Summer_Even,2018,9
10/31/2018,3,150.9470391,1680.8787,Summer_Even,2018,10
11/30/2018,3,156.1693021,1703.3501,Summer_Even,2018,11
12/31/2018,3,170.5606536,1732.8765,Summer_Even,2018,12
1/31/2019,3,218.8886365,1543.0243,Summer_Even,2019,1
2/28/2019,3,103.889341,521.57196,Summer_Even,2019,2
3/31/2019,2,38.73115045,236.86818,Summer_Even,2019,3
4/30/2019,1,28.444821,221.36838,Summer_Even,2019,4
5/31/2019,1,23.828748,193.71768,Summer_Even,2019,5
6/30/2019,1,20.111445,191.82262,Summer_Even,2019,6
7/31/2019,1,17.671944,172.50847,Summer_Even,2019,7
8/31/2019,1,18.4514115,198.85065,Summer_Even,2019,8
9/30/2019,1,21.0224835,298.63382,Summer_Even,2019,9
10/31/2019,1,24.2594535,438.86905,Summer_Even,2019,10
11/30/2019,1,43.4866006,828.55286,Summer_Even,2019,11
12/31/2019,1,120.3100435,1770.2552,Summer_Even,2019,12
1/31/2020,1,159.2115859,985.9083,Summer_Even,2020,1
2/29/2020,3,45.1492963,502.02103,Summer_Even,2020,2
3/31/2020,4,50.15412145,527.57654,Summer_Even,2020,3
4/30/2020,4,45.7008397,401.8399,Summer_Even,2020,4
5/31/2020,4,48.4434745,321.3322,Summer_Even,2020,5
6/30/2020,4,40.804591,319.7996,Summer_Even,2020,6
7/31/2020,4,32.23408525,399.87692,Summer_Even,2020,7
8/31/2020,4,58.9313776,1144.0043,Summer_Even,2020,8
9/30/2020,4,122.8436935,1495.3035,Summer_Even,2020,9
10/31/2020,4,149.0653864,1788.9158,Summer_Even,2020,10
11/30/2020,4,170.3896735,1758.5603,Summer_Even,2020,11
12/31/2020,4,176.216698,1806.8354,Summer_Even,2020,12
1/31/2021,4,193.6959618,1656.237,Summer_Even,2021,1
2/28/2021,5,184.524277,1105.2983,Summer_Even,2021,2
3/31/2021,5,98.729644,680.4025,Summer_Even,2021,3
4/30/2021,5,79.3464007,613.8316,Summer_Even,2021,4
5/31/2021,5,76.6034752,721.41534,Summer_Even,2021,5
6/30/2021,5,104.6883243,1127.7976,Summer_Even,2021,6
7/31/2021,5,155.378866,1450.6786,Summer_Even,2021,7
8/31/2021,5,137.562738,1384.8829,Summer_Even,2021,8
9/30/2021,5,157.4330149,1513.4519,Summer_Even,2021,9
11/30/1920,NA,NA,NA,Summer_Even_AltSMSCG,1920,11
12/31/1920,NA,NA,NA,Summer_Even_AltSMSCG,1920,12
1/31/1921,NA,NA,NA,Summer_Even_AltSMSCG,1921,1
2/28/1921,NA,NA,NA,Summer_Even_AltSMSCG,1921,2
3/31/1921,5,NA,NA,Summer_Even_AltSMSCG,1921,3
4/30/1921,5,NA,NA,Summer_Even_AltSMSCG,1921,4
5/31/1921,2,NA,NA,Summer_Even_AltSMSCG,1921,5
6/30/1921,2,NA,NA,Summer_Even_AltSMSCG,1921,6
7/31/1921,2,NA,NA,Summer_Even_AltSMSCG,1921,7
8/31/1921,2,NA,NA,Summer_Even_AltSMSCG,1921,8
9/30/1921,2,NA,NA,Summer_Even_AltSMSCG,1921,9
10/31/1921,2,NA,NA,Summer_Even_AltSMSCG,1921,10
11/30/1921,2,27.017595,483.0651,Summer_Even_AltSMSCG,1921,11
12/31/1921,2,147.7265305,1590.4188,Summer_Even_AltSMSCG,1921,12
1/31/1922,2,221.256579,1225.3677,Summer_Even_AltSMSCG,1922,1
2/28/1922,3,52.5710725,401.629,Summer_Even_AltSMSCG,1922,2
3/31/1922,3,57.5722696,296.2891,Summer_Even_AltSMSCG,1922,3
4/30/1922,2,40.2355771,239.23332,Summer_Even_AltSMSCG,1922,4
5/31/1922,2,29.2454175,230.55525,Summer_Even_AltSMSCG,1922,5
6/30/1922,2,21.759585,213.97179,Summer_Even_AltSMSCG,1922,6
7/31/1922,2,18.735324,201.58917,Summer_Even_AltSMSCG,1922,7
8/31/1922,2,19.2809445,249.51082,Summer_Even_AltSMSCG,1922,8
9/30/1922,2,21.2558595,476.2843,Summer_Even_AltSMSCG,1922,9
10/31/1922,2,37.49158,838.41974,Summer_Even_AltSMSCG,1922,10
11/30/1922,2,124.248886,1508.7373,Summer_Even_AltSMSCG,1922,11
12/31/1922,2,139.1565805,1757.4977,Summer_Even_AltSMSCG,1922,12
1/31/1923,2,100.0830121,702.0519,Summer_Even_AltSMSCG,1923,1
2/28/1923,2,31.7524495,235.15689,Summer_Even_AltSMSCG,1923,2
3/31/1923,3,32.3863351,234.43884,Summer_Even_AltSMSCG,1923,3
4/30/1923,4,31.4074285,245.46518,Summer_Even_AltSMSCG,1923,4
5/31/1923,3,32.72557345,242.8513,Summer_Even_AltSMSCG,1923,5
6/30/1923,3,28.1365545,222.14587,Summer_Even_AltSMSCG,1923,6
7/31/1923,3,27.27726,262.02164,Summer_Even_AltSMSCG,1923,7
8/31/1923,3,28.950123,701.4675,Summer_Even_AltSMSCG,1923,8
9/30/1923,3,77.5387255,1229.047,Summer_Even_AltSMSCG,1923,9
10/31/1923,3,139.954609,1676.4933,Summer_Even_AltSMSCG,1923,10
11/30/1923,3,140.374585,1746.3156,Summer_Even_AltSMSCG,1923,11
12/31/1923,3,158.7181426,1756.2943,Summer_Even_AltSMSCG,1923,12
1/31/1924,3,205.331728,1714.9064,Summer_Even_AltSMSCG,1924,1
2/29/1924,5,174.786112,1316.6969,Summer_Even_AltSMSCG,1924,2
3/31/1924,5,91.7017264,676.58075,Summer_Even_AltSMSCG,1924,3
4/30/1924,5,76.28012845,407.6475,Summer_Even_AltSMSCG,1924,4
5/31/1924,5,68.5645144,586.5993,Summer_Even_AltSMSCG,1924,5
6/30/1924,5,86.9093716,1057.3093,Summer_Even_AltSMSCG,1924,6
7/31/1924,5,158.0025304,1434.7458,Summer_Even_AltSMSCG,1924,7
8/31/1924,5,158.9760505,1464.4662,Summer_Even_AltSMSCG,1924,8
9/30/1924,5,165.135841,1460.851,Summer_Even_AltSMSCG,1924,9
10/31/1924,5,187.1590878,1508.1328,Summer_Even_AltSMSCG,1924,10
11/30/1924,5,203.0045035,2187.1846,Summer_Even_AltSMSCG,1924,11
12/31/1924,5,222.3473395,2322.8633,Summer_Even_AltSMSCG,1924,12
1/31/1925,5,206.6035519,1575.8909,Summer_Even_AltSMSCG,1925,1
2/28/1925,5,122.5012945,1009.7074,Summer_Even_AltSMSCG,1925,2
3/31/1925,4,66.32473075,438.8748,Summer_Even_AltSMSCG,1925,3
4/30/1925,4,28.00341,245.7998,Summer_Even_AltSMSCG,1925,4
5/31/1925,4,29.218968,245.97401,Summer_Even_AltSMSCG,1925,5
6/30/1925,4,29.202717,235.55638,Summer_Even_AltSMSCG,1925,6
7/31/1925,4,26.256093,258.74677,Summer_Even_AltSMSCG,1925,7
8/31/1925,4,29.9622,623.0746,Summer_Even_AltSMSCG,1925,8
9/30/1925,4,75.97545205,1085.6411,Summer_Even_AltSMSCG,1925,9
10/31/1925,4,139.263769,1761.9027,Summer_Even_AltSMSCG,1925,10
11/30/1925,4,173.4291814,1666.8445,Summer_Even_AltSMSCG,1925,11
12/31/1925,4,166.8238561,1749.5541,Summer_Even_AltSMSCG,1925,12
1/31/1926,4,201.339904,1596.6614,Summer_Even_AltSMSCG,1926,1
2/28/1926,5,141.272563,1017.55554,Summer_Even_AltSMSCG,1926,2
3/31/1926,4,61.6029676,325.88205,Summer_Even_AltSMSCG,1926,3
4/30/1926,5,51.61234675,244.30672,Summer_Even_AltSMSCG,1926,4
5/31/1926,4,40.5140905,246.25912,Summer_Even_AltSMSCG,1926,5
6/30/1926,4,27.667335,254.74918,Summer_Even_AltSMSCG,1926,6
7/31/1926,4,26.89275,375.67694,Summer_Even_AltSMSCG,1926,7
8/31/1926,4,45.8315293,907.48566,Summer_Even_AltSMSCG,1926,8
9/30/1926,4,96.63609955,1237.4935,Summer_Even_AltSMSCG,1926,9
10/31/1926,4,137.021979,1762.8723,Summer_Even_AltSMSCG,1926,10
11/30/1926,4,178.5943533,1766.1562,Summer_Even_AltSMSCG,1926,11
12/31/1926,4,139.8036844,1265.5117,Summer_Even_AltSMSCG,1926,12
1/31/1927,4,113.2659123,884.8577,Summer_Even_AltSMSCG,1927,1
2/28/1927,3,77.8154719,607.89276,Summer_Even_AltSMSCG,1927,2
3/31/1927,1,26.709462,240.8607,Summer_Even_AltSMSCG,1927,3
4/30/1927,1,24.2867685,233.68016,Summer_Even_AltSMSCG,1927,4
5/31/1927,1,29.55747,221.9485,Summer_Even_AltSMSCG,1927,5
6/30/1927,1,24.9904245,214.1935,Summer_Even_AltSMSCG,1927,6
7/31/1927,1,21.7986,208.35298,Summer_Even_AltSMSCG,1927,7
8/31/1927,1,20.884767,312.35098,Summer_Even_AltSMSCG,1927,8
9/30/1927,1,25.456329,407.22052,Summer_Even_AltSMSCG,1927,9
10/31/1927,1,46.481734,863.6741,Summer_Even_AltSMSCG,1927,10
11/30/1927,1,132.2557045,1557.1847,Summer_Even_AltSMSCG,1927,11
12/31/1927,1,158.0321704,1848.0297,Summer_Even_AltSMSCG,1927,12
1/31/1928,1,228.4348426,1609.3867,Summer_Even_AltSMSCG,1928,1
2/29/1928,3,127.2020389,667.74005,Summer_Even_AltSMSCG,1928,2
3/31/1928,3,35.92395175,260.80798,Summer_Even_AltSMSCG,1928,3
4/30/1928,2,25.0346055,233.78499,Summer_Even_AltSMSCG,1928,4
5/31/1928,2,26.9712345,224.50961,Summer_Even_AltSMSCG,1928,5
6/30/1928,2,27.5384445,238.8731,Summer_Even_AltSMSCG,1928,6
7/31/1928,2,24.583296,282.22592,Summer_Even_AltSMSCG,1928,7
8/31/1928,2,24.58623,444.2875,Summer_Even_AltSMSCG,1928,8
9/30/1928,2,28.8604755,540.04517,Summer_Even_AltSMSCG,1928,9
10/31/1928,2,50.7363052,817.9627,Summer_Even_AltSMSCG,1928,10
11/30/1928,2,119.1777385,1508.132,Summer_Even_AltSMSCG,1928,11
12/31/1928,2,155.980501,1736.1852,Summer_Even_AltSMSCG,1928,12
1/31/1929,2,204.5240095,1417.3435,Summer_Even_AltSMSCG,1929,1
2/28/1929,4,151.0492315,1221.2295,Summer_Even_AltSMSCG,1929,2
3/31/1929,5,106.3080505,593.72406,Summer_Even_AltSMSCG,1929,3
4/30/1929,5,48.8134957,340.0018,Summer_Even_AltSMSCG,1929,4
5/31/1929,5,58.9595926,358.7411,Summer_Even_AltSMSCG,1929,5
6/30/1929,5,59.8649521,588.6613,Summer_Even_AltSMSCG,1929,6
7/31/1929,5,107.208337,1155.2938,Summer_Even_AltSMSCG,1929,7
8/31/1929,5,138.757837,1482.6976,Summer_Even_AltSMSCG,1929,8
9/30/1929,5,130.854445,1448.3978,Summer_Even_AltSMSCG,1929,9
10/31/1929,5,169.560865,1817.7406,Summer_Even_AltSMSCG,1929,10
11/30/1929,5,203.1022585,2051.7178,Summer_Even_AltSMSCG,1929,11
12/31/1929,5,219.3292266,2114.2046,Summer_Even_AltSMSCG,1929,12
1/31/1930,5,186.6820804,1351.4099,Summer_Even_AltSMSCG,1930,1
2/28/1930,4,81.87570445,497.74023,Summer_Even_AltSMSCG,1930,2
3/31/1930,4,37.55549125,268.32016,Summer_Even_AltSMSCG,1930,3
4/30/1930,4,27.558714,242.04752,Summer_Even_AltSMSCG,1930,4
5/31/1930,4,30.043245,243.25381,Summer_Even_AltSMSCG,1930,5
6/30/1930,4,30.084615,288.2414,Summer_Even_AltSMSCG,1930,6
7/31/1930,4,28.817226,427.23193,Summer_Even_AltSMSCG,1930,7
8/31/1930,4,37.436518,611.336,Summer_Even_AltSMSCG,1930,8
9/30/1930,4,62.72044975,883.45966,Summer_Even_AltSMSCG,1930,9
10/31/1930,4,110.5761906,1473.7751,Summer_Even_AltSMSCG,1930,10
11/30/1930,4,174.237601,1843.7341,Summer_Even_AltSMSCG,1930,11
12/31/1930,4,212.278033,1954.1063,Summer_Even_AltSMSCG,1930,12
1/31/1931,4,204.8153365,1689.1409,Summer_Even_AltSMSCG,1931,1
2/28/1931,5,183.0698479,932.966,Summer_Even_AltSMSCG,1931,2
3/31/1931,5,74.90054605,527.05646,Summer_Even_AltSMSCG,1931,3
4/30/1931,5,69.7737979,565.7214,Summer_Even_AltSMSCG,1931,4
5/31/1931,5,77.9171485,843.6573,Summer_Even_AltSMSCG,1931,5
6/30/1931,5,105.957757,1264.3901,Summer_Even_AltSMSCG,1931,6
7/31/1931,5,154.6764265,1533.9572,Summer_Even_AltSMSCG,1931,7
8/31/1931,5,161.2852345,1684.0273,Summer_Even_AltSMSCG,1931,8
9/30/1931,5,178.2823894,1787.0798,Summer_Even_AltSMSCG,1931,9
10/31/1931,5,205.3946161,1567.619,Summer_Even_AltSMSCG,1931,10
11/30/1931,5,209.5577479,1858.8922,Summer_Even_AltSMSCG,1931,11
12/31/1931,5,226.5030385,1990.8296,Summer_Even_AltSMSCG,1931,12
1/31/1932,5,179.428192,1054.9313,Summer_Even_AltSMSCG,1932,1
2/29/1932,4,55.7417146,386.49524,Summer_Even_AltSMSCG,1932,2
3/31/1932,5,41.1703942,277.40988,Summer_Even_AltSMSCG,1932,3
4/30/1932,5,32.59785925,249.76653,Summer_Even_AltSMSCG,1932,4
5/31/1932,5,61.8282715,287.28433,Summer_Even_AltSMSCG,1932,5
6/30/1932,5,38.4335734,265.67044,Summer_Even_AltSMSCG,1932,6
7/31/1932,5,31.1118835,313.76132,Summer_Even_AltSMSCG,1932,7
8/31/1932,5,41.6487211,719.3634,Summer_Even_AltSMSCG,1932,8
9/30/1932,5,98.0303965,1180.4336,Summer_Even_AltSMSCG,1932,9
10/31/1932,5,155.3867605,1581.146,Summer_Even_AltSMSCG,1932,10
11/30/1932,5,193.7716806,2058.3374,Summer_Even_AltSMSCG,1932,11
12/31/1932,5,212.148871,2279.6672,Summer_Even_AltSMSCG,1932,12
1/31/1933,5,221.8558855,1633.4281,Summer_Even_AltSMSCG,1933,1
2/28/1933,5,154.7652981,1108.4666,Summer_Even_AltSMSCG,1933,2
3/31/1933,5,122.8881421,799.7588,Summer_Even_AltSMSCG,1933,3
4/30/1933,5,94.904944,553.16156,Summer_Even_AltSMSCG,1933,4
5/31/1933,5,82.03743625,585.8836,Summer_Even_AltSMSCG,1933,5
6/30/1933,5,85.773202,797.4544,Summer_Even_AltSMSCG,1933,6
7/31/1933,5,123.5416585,1336.4015,Summer_Even_AltSMSCG,1933,7
8/31/1933,5,177.2720359,1699.0878,Summer_Even_AltSMSCG,1933,8
9/30/1933,5,172.294813,1670.5845,Summer_Even_AltSMSCG,1933,9
10/31/1933,5,190.6382965,1575.2612,Summer_Even_AltSMSCG,1933,10
11/30/1933,5,194.2289431,1954.017,Summer_Even_AltSMSCG,1933,11
12/31/1933,5,225.2048065,2155.716,Summer_Even_AltSMSCG,1933,12
1/31/1934,5,227.0727934,1655.1836,Summer_Even_AltSMSCG,1934,1
2/28/1934,5,126.0060079,769.0161,Summer_Even_AltSMSCG,1934,2
3/31/1934,5,55.961632,357.95486,Summer_Even_AltSMSCG,1934,3
4/30/1934,5,31.43835955,306.08835,Summer_Even_AltSMSCG,1934,4
5/31/1934,5,49.81404805,434.73944,Summer_Even_AltSMSCG,1934,5
6/30/1934,5,66.78409945,924.93024,Summer_Even_AltSMSCG,1934,6
7/31/1934,5,150.5532175,1781.6584,Summer_Even_AltSMSCG,1934,7
8/31/1934,5,200.858901,1950.7389,Summer_Even_AltSMSCG,1934,8
9/30/1934,5,179.630428,1696.3821,Summer_Even_AltSMSCG,1934,9
10/31/1934,5,200.106994,1724.1152,Summer_Even_AltSMSCG,1934,10
11/30/1934,5,220.58128,2087.0754,Summer_Even_AltSMSCG,1934,11
12/31/1934,5,229.4816875,1863.5541,Summer_Even_AltSMSCG,1934,12
1/31/1935,5,193.1359966,1709.6537,Summer_Even_AltSMSCG,1935,1
2/28/1935,4,134.212942,666.35815,Summer_Even_AltSMSCG,1935,2
3/31/1935,4,40.36579645,252.37105,Summer_Even_AltSMSCG,1935,3
4/30/1935,4,29.03022,256.58524,Summer_Even_AltSMSCG,1935,4
5/31/1935,3,28.2088995,238.40431,Summer_Even_AltSMSCG,1935,5
6/30/1935,3,28.1825775,226.68895,Summer_Even_AltSMSCG,1935,6
7/31/1935,3,23.9717925,258.24423,Summer_Even_AltSMSCG,1935,7
8/31/1935,3,23.0809365,500.85,Summer_Even_AltSMSCG,1935,8
9/30/1935,3,63.1708153,1021.5493,Summer_Even_AltSMSCG,1935,9
10/31/1935,3,140.8831105,1740.7135,Summer_Even_AltSMSCG,1935,10
11/30/1935,3,177.8534245,1427.1206,Summer_Even_AltSMSCG,1935,11
12/31/1935,3,143.169657,1768.4724,Summer_Even_AltSMSCG,1935,12
1/31/1936,3,194.3661535,1594.8859,Summer_Even_AltSMSCG,1936,1
2/29/1936,3,90.9488419,479.20425,Summer_Even_AltSMSCG,1936,2
3/31/1936,2,44.8593544,235.51923,Summer_Even_AltSMSCG,1936,3
4/30/1936,3,35.4726628,233.69989,Summer_Even_AltSMSCG,1936,4
5/31/1936,3,31.8299695,219.90935,Summer_Even_AltSMSCG,1936,5
6/30/1936,3,25.0613505,233.83232,Summer_Even_AltSMSCG,1936,6
7/31/1936,3,25.8287205,275.62173,Summer_Even_AltSMSCG,1936,7
8/31/1936,3,31.3515058,754.58636,Summer_Even_AltSMSCG,1936,8
9/30/1936,3,90.2615929,1307.756,Summer_Even_AltSMSCG,1936,9
10/31/1936,3,128.4327516,1754.1168,Summer_Even_AltSMSCG,1936,10
11/30/1936,3,125.646982,1282.846,Summer_Even_AltSMSCG,1936,11
12/31/1936,3,115.5093325,1485.9792,Summer_Even_AltSMSCG,1936,12
1/31/1937,3,202.313692,1733.6921,Summer_Even_AltSMSCG,1937,1
2/28/1937,4,163.3057306,1189.2096,Summer_Even_AltSMSCG,1937,2
3/31/1937,4,100.675168,420.38232,Summer_Even_AltSMSCG,1937,3
4/30/1937,3,58.07059495,243.06302,Summer_Even_AltSMSCG,1937,4
5/31/1937,3,30.9030697,227.04639,Summer_Even_AltSMSCG,1937,5
6/30/1937,3,25.240128,230.63837,Summer_Even_AltSMSCG,1937,6
7/31/1937,3,24.99954,275.58722,Summer_Even_AltSMSCG,1937,7
8/31/1937,3,27.00732,594.073,Summer_Even_AltSMSCG,1937,8
9/30/1937,3,80.8915738,1221.2316,Summer_Even_AltSMSCG,1937,9
10/31/1937,3,146.1339591,1714.6046,Summer_Even_AltSMSCG,1937,10
11/30/1937,3,150.5610949,1686.3271,Summer_Even_AltSMSCG,1937,11
12/31/1937,3,162.2859664,1537.2716,Summer_Even_AltSMSCG,1937,12
1/31/1938,3,71.1292978,459.72827,Summer_Even_AltSMSCG,1938,1
2/28/1938,2,27.121902,224.10237,Summer_Even_AltSMSCG,1938,2
3/31/1938,1,26.221656,211.8341,Summer_Even_AltSMSCG,1938,3
4/30/1938,1,16.376193,195.28436,Summer_Even_AltSMSCG,1938,4
5/31/1938,1,15.434853,172.37573,Summer_Even_AltSMSCG,1938,5
6/30/1938,1,13.2219,168.64769,Summer_Even_AltSMSCG,1938,6
7/31/1938,1,13.331721,169.74458,Summer_Even_AltSMSCG,1938,7
8/31/1938,1,16.767549,192.75235,Summer_Even_AltSMSCG,1938,8
9/30/1938,1,20.192217,306.83475,Summer_Even_AltSMSCG,1938,9
10/31/1938,1,21.1139055,428.5429,Summer_Even_AltSMSCG,1938,10
11/30/1938,1,51.6014398,897.8108,Summer_Even_AltSMSCG,1938,11
12/31/1938,1,139.3250725,1775.242,Summer_Even_AltSMSCG,1938,12
1/31/1939,1,192.4394965,1530.4957,Summer_Even_AltSMSCG,1939,1
2/28/1939,4,147.082801,1435.7068,Summer_Even_AltSMSCG,1939,2
3/31/1939,4,170.3367775,1127.3182,Summer_Even_AltSMSCG,1939,3
4/30/1939,4,104.578642,522.74347,Summer_Even_AltSMSCG,1939,4
5/31/1939,4,63.1924183,391.70505,Summer_Even_AltSMSCG,1939,5
6/30/1939,4,40.18715845,321.83853,Summer_Even_AltSMSCG,1939,6
7/31/1939,4,36.10065745,577.31665,Summer_Even_AltSMSCG,1939,7
8/31/1939,4,76.67028775,1241.023,Summer_Even_AltSMSCG,1939,8
9/30/1939,4,116.1428875,1512.6143,Summer_Even_AltSMSCG,1939,9
10/31/1939,4,166.947472,1882.7844,Summer_Even_AltSMSCG,1939,10
11/30/1939,4,185.8487005,1791.1067,Summer_Even_AltSMSCG,1939,11
12/31/1939,4,180.54904,1692.1967,Summer_Even_AltSMSCG,1939,12
1/31/1940,4,205.741843,1929.9417,Summer_Even_AltSMSCG,1940,1
2/29/1940,3,134.455078,602.8009,Summer_Even_AltSMSCG,1940,2
3/31/1940,2,52.87526725,241.55652,Summer_Even_AltSMSCG,1940,3
4/30/1940,1,33.531961,231.85791,Summer_Even_AltSMSCG,1940,4
5/31/1940,1,32.2640929,220.87871,Summer_Even_AltSMSCG,1940,5
6/30/1940,1,26.577576,222.80606,Summer_Even_AltSMSCG,1940,6
7/31/1940,1,23.3191935,239.45665,Summer_Even_AltSMSCG,1940,7
8/31/1940,1,23.6841195,418.8448,Summer_Even_AltSMSCG,1940,8
9/30/1940,1,26.72118,435.21426,Summer_Even_AltSMSCG,1940,9
10/31/1940,1,45.2361985,808.1209,Summer_Even_AltSMSCG,1940,10
11/30/1940,1,113.7670278,1264.061,Summer_Even_AltSMSCG,1940,11
12/31/1940,1,144.8012905,1760.7853,Summer_Even_AltSMSCG,1940,12
1/31/1941,1,129.2216515,679.1349,Summer_Even_AltSMSCG,1941,1
2/28/1941,1,43.97761,219.49953,Summer_Even_AltSMSCG,1941,2
3/31/1941,1,28.2788355,203.18198,Summer_Even_AltSMSCG,1941,3
4/30/1941,1,25.860372,211.36153,Summer_Even_AltSMSCG,1941,4
5/31/1941,1,24.877125,183.41098,Summer_Even_AltSMSCG,1941,5
6/30/1941,1,18.982545,183.42238,Summer_Even_AltSMSCG,1941,6
7/31/1941,1,18.597066,179.88051,Summer_Even_AltSMSCG,1941,7
8/31/1941,1,18.5449725,227.10753,Summer_Even_AltSMSCG,1941,8
9/30/1941,1,19.8701505,314.39142,Summer_Even_AltSMSCG,1941,9
10/31/1941,1,23.742744,494.60944,Summer_Even_AltSMSCG,1941,10
11/30/1941,1,65.2217836,951.80896,Summer_Even_AltSMSCG,1941,11
12/31/1941,1,127.6861,1482.5701,Summer_Even_AltSMSCG,1941,12
1/31/1942,1,90.2518915,523.65717,Summer_Even_AltSMSCG,1942,1
2/28/1942,1,27.301125,211.75104,Summer_Even_AltSMSCG,1942,2
3/31/1942,1,25.846476,214.39624,Summer_Even_AltSMSCG,1942,3
4/30/1942,1,29.216094,214.59953,Summer_Even_AltSMSCG,1942,4
5/31/1942,1,28.9060725,210.49553,Summer_Even_AltSMSCG,1942,5
6/30/1942,1,22.6065585,189.30365,Summer_Even_AltSMSCG,1942,6
7/31/1942,1,18.912144,174.80399,Summer_Even_AltSMSCG,1942,7
8/31/1942,1,18.7737345,234.29697,Summer_Even_AltSMSCG,1942,8
9/30/1942,1,20.7598455,352.70483,Summer_Even_AltSMSCG,1942,9
10/31/1942,1,26.1961995,495.03864,Summer_Even_AltSMSCG,1942,10
11/30/1942,1,61.1603227,944.33234,Summer_Even_AltSMSCG,1942,11
12/31/1942,1,124.032001,1573.215,Summer_Even_AltSMSCG,1942,12
1/31/1943,1,133.548778,852.9175,Summer_Even_AltSMSCG,1943,1
2/28/1943,1,31.7668021,235.15067,Summer_Even_AltSMSCG,1943,2
3/31/1943,1,24.5546265,215.68852,Summer_Even_AltSMSCG,1943,3
4/30/1943,1,24.041016,203.912,Summer_Even_AltSMSCG,1943,4
5/31/1943,1,21.677115,205.95784,Summer_Even_AltSMSCG,1943,5
6/30/1943,1,20.071161,207.76384,Summer_Even_AltSMSCG,1943,6
7/31/1943,1,22.994676,242.85034,Summer_Even_AltSMSCG,1943,7
8/31/1943,1,22.2617205,344.39337,Summer_Even_AltSMSCG,1943,8
9/30/1943,1,24.5019675,373.59015,Summer_Even_AltSMSCG,1943,9
10/31/1943,1,41.5987036,863.2281,Summer_Even_AltSMSCG,1943,10
11/30/1943,1,136.6486803,1659.9084,Summer_Even_AltSMSCG,1943,11
12/31/1943,1,146.8844695,1744.3792,Summer_Even_AltSMSCG,1943,12
1/31/1944,1,184.7195305,1501.5055,Summer_Even_AltSMSCG,1944,1
2/29/1944,4,144.8685505,1413.9562,Summer_Even_AltSMSCG,1944,2
3/31/1944,4,109.000474,602.335,Summer_Even_AltSMSCG,1944,3
4/30/1944,4,42.6885778,251.06363,Summer_Even_AltSMSCG,1944,4
5/31/1944,4,38.18078125,260.81125,Summer_Even_AltSMSCG,1944,5
6/30/1944,4,33.58993,318.82257,Summer_Even_AltSMSCG,1944,6
7/31/1944,4,30.51242305,359.72644,Summer_Even_AltSMSCG,1944,7
8/31/1944,4,45.44669095,949.1912,Summer_Even_AltSMSCG,1944,8
9/30/1944,4,119.1552064,1521.8907,Summer_Even_AltSMSCG,1944,9
10/31/1944,4,171.3731401,1896.0712,Summer_Even_AltSMSCG,1944,10
11/30/1944,4,181.0854756,1752.0417,Summer_Even_AltSMSCG,1944,11
12/31/1944,4,155.6136348,1712.3237,Summer_Even_AltSMSCG,1944,12
1/31/1945,4,152.659339,1099.7421,Summer_Even_AltSMSCG,1945,1
2/28/1945,4,79.5489046,704.0377,Summer_Even_AltSMSCG,1945,2
3/31/1945,3,56.6615293,332.37534,Summer_Even_AltSMSCG,1945,3
4/30/1945,3,42.377905,242.3841,Summer_Even_AltSMSCG,1945,4
5/31/1945,3,31.5570364,237.35252,Summer_Even_AltSMSCG,1945,5
6/30/1945,3,27.504693,247.32669,Summer_Even_AltSMSCG,1945,6
7/31/1945,3,27.060768,329.00858,Summer_Even_AltSMSCG,1945,7
8/31/1945,3,39.48693055,758.43054,Summer_Even_AltSMSCG,1945,8
9/30/1945,3,85.1515885,1211.0107,Summer_Even_AltSMSCG,1945,9
10/31/1945,3,132.8750095,1685.797,Summer_Even_AltSMSCG,1945,10
11/30/1945,3,149.2610959,1738.2166,Summer_Even_AltSMSCG,1945,11
12/31/1945,3,146.90365,1750.2065,Summer_Even_AltSMSCG,1945,12
1/31/1946,3,69.4695433,459.32968,Summer_Even_AltSMSCG,1946,1
2/28/1946,2,22.958721,197.11855,Summer_Even_AltSMSCG,1946,2
3/31/1946,2,26.381829,223.72864,Summer_Even_AltSMSCG,1946,3
4/30/1946,2,29.8193025,240.34183,Summer_Even_AltSMSCG,1946,4
5/31/1946,3,28.7003625,237.98979,Summer_Even_AltSMSCG,1946,5
6/30/1946,3,26.476071,243.28333,Summer_Even_AltSMSCG,1946,6
7/31/1946,3,27.131163,296.32123,Summer_Even_AltSMSCG,1946,7
8/31/1946,3,34.986715,716.3862,Summer_Even_AltSMSCG,1946,8
9/30/1946,3,82.1095099,1281.3843,Summer_Even_AltSMSCG,1946,9
10/31/1946,3,149.006722,1694.8875,Summer_Even_AltSMSCG,1946,10
11/30/1946,3,146.6718994,1707.4663,Summer_Even_AltSMSCG,1946,11
12/31/1946,3,149.182054,1719.7975,Summer_Even_AltSMSCG,1946,12
1/31/1947,3,210.6797958,1513.5316,Summer_Even_AltSMSCG,1947,1
2/28/1947,4,160.1853768,1359.0107,Summer_Even_AltSMSCG,1947,2
3/31/1947,4,143.6916145,716.04645,Summer_Even_AltSMSCG,1947,3
4/30/1947,4,44.6996347,273.7875,Summer_Even_AltSMSCG,1947,4
5/31/1947,5,29.864337,257.002,Summer_Even_AltSMSCG,1947,5
6/30/1947,5,31.2888913,332.5842,Summer_Even_AltSMSCG,1947,6
7/31/1947,5,34.6327621,463.8351,Summer_Even_AltSMSCG,1947,7
8/31/1947,5,43.47311155,664.15826,Summer_Even_AltSMSCG,1947,8
9/30/1947,5,77.3511556,1052.2601,Summer_Even_AltSMSCG,1947,9
10/31/1947,5,131.9587744,1674.8958,Summer_Even_AltSMSCG,1947,10
11/30/1947,5,199.5835488,2170.2986,Summer_Even_AltSMSCG,1947,11
12/31/1947,5,215.9215414,2242.352,Summer_Even_AltSMSCG,1947,12
1/31/1948,5,224.2952091,1715.426,Summer_Even_AltSMSCG,1948,1
2/29/1948,4,151.6046965,1179.8767,Summer_Even_AltSMSCG,1948,2
3/31/1948,5,78.85634605,599.4313,Summer_Even_AltSMSCG,1948,3
4/30/1948,4,47.741662,369.25797,Summer_Even_AltSMSCG,1948,4
5/31/1948,3,31.95093775,240.2319,Summer_Even_AltSMSCG,1948,5
6/30/1948,3,27.0543,220.24388,Summer_Even_AltSMSCG,1948,6
7/31/1948,3,21.768588,221.81029,Summer_Even_AltSMSCG,1948,7
8/31/1948,3,22.9634055,483.9054,Summer_Even_AltSMSCG,1948,8
9/30/1948,3,93.60456595,1292.033,Summer_Even_AltSMSCG,1948,9
10/31/1948,3,167.833537,1655.4182,Summer_Even_AltSMSCG,1948,10
11/30/1948,3,157.55068,1677.5776,Summer_Even_AltSMSCG,1948,11
12/31/1948,3,160.157347,1749.7871,Summer_Even_AltSMSCG,1948,12
1/31/1949,3,195.6661896,1368.1843,Summer_Even_AltSMSCG,1949,1
2/28/1949,4,142.395463,1228.9447,Summer_Even_AltSMSCG,1949,2
3/31/1949,5,138.057649,740.4317,Summer_Even_AltSMSCG,1949,3
4/30/1949,4,45.5144269,270.0886,Summer_Even_AltSMSCG,1949,4
5/31/1949,4,26.8162725,242.98486,Summer_Even_AltSMSCG,1949,5
6/30/1949,4,28.017774,273.0402,Summer_Even_AltSMSCG,1949,6
7/31/1949,4,25.8122775,354.39743,Summer_Even_AltSMSCG,1949,7
8/31/1949,4,30.8562613,588.23553,Summer_Even_AltSMSCG,1949,8
9/30/1949,4,59.5870657,883.58795,Summer_Even_AltSMSCG,1949,9
10/31/1949,4,126.3282745,1806.3151,Summer_Even_AltSMSCG,1949,10
11/30/1949,4,180.906222,1809.0813,Summer_Even_AltSMSCG,1949,11
12/31/1949,4,169.6226616,1798.1859,Summer_Even_AltSMSCG,1949,12
1/31/1950,4,196.6402084,1729.7854,Summer_Even_AltSMSCG,1950,1
2/28/1950,4,125.2774225,717.5321,Summer_Even_AltSMSCG,1950,2
3/31/1950,4,42.60934495,273.5212,Summer_Even_AltSMSCG,1950,3
4/30/1950,4,26.0626875,242.8469,Summer_Even_AltSMSCG,1950,4
5/31/1950,4,27.9485775,246.81915,Summer_Even_AltSMSCG,1950,5
6/30/1950,4,27.1513455,267.25925,Summer_Even_AltSMSCG,1950,6
7/31/1950,4,25.764528,303.0172,Summer_Even_AltSMSCG,1950,7
8/31/1950,4,41.9059336,885.5423,Summer_Even_AltSMSCG,1950,8
9/30/1950,4,125.0685175,1632.1375,Summer_Even_AltSMSCG,1950,9
10/31/1950,4,156.285394,1714.6608,Summer_Even_AltSMSCG,1950,10
11/30/1950,4,159.8973501,1733.5342,Summer_Even_AltSMSCG,1950,11
12/31/1950,4,106.2855355,913.9717,Summer_Even_AltSMSCG,1950,12
1/31/1951,4,37.674208,227.78542,Summer_Even_AltSMSCG,1951,1
2/28/1951,1,27.797442,201.03204,Summer_Even_AltSMSCG,1951,2
3/31/1951,1,26.5169955,209.90598,Summer_Even_AltSMSCG,1951,3
4/30/1951,1,26.3968455,214.04675,Summer_Even_AltSMSCG,1951,4
5/31/1951,1,25.2303225,221.22438,Summer_Even_AltSMSCG,1951,5
6/30/1951,1,23.5926045,218.84021,Summer_Even_AltSMSCG,1951,6
7/31/1951,1,23.001465,238.55556,Summer_Even_AltSMSCG,1951,7
8/31/1951,1,23.09385,403.77597,Summer_Even_AltSMSCG,1951,8
9/30/1951,1,26.977263,456.53946,Summer_Even_AltSMSCG,1951,9
10/31/1951,1,38.9292112,730.45746,Summer_Even_AltSMSCG,1951,10
11/30/1951,1,123.4473805,1637.9557,Summer_Even_AltSMSCG,1951,11
12/31/1951,1,156.8198944,1751.7596,Summer_Even_AltSMSCG,1951,12
1/31/1952,1,137.648503,664.16223,Summer_Even_AltSMSCG,1952,1
2/29/1952,1,38.7691495,226.49081,Summer_Even_AltSMSCG,1952,2
3/31/1952,1,29.9140275,219.89369,Summer_Even_AltSMSCG,1952,3
4/30/1952,1,28.1526405,210.97733,Summer_Even_AltSMSCG,1952,4
5/31/1952,1,21.37185,198.88863,Summer_Even_AltSMSCG,1952,5
6/30/1952,1,16.864149,176.44789,Summer_Even_AltSMSCG,1952,6
7/31/1952,1,14.8416555,169.53493,Summer_Even_AltSMSCG,1952,7
8/31/1952,1,15.840267,187.47067,Summer_Even_AltSMSCG,1952,8
9/30/1952,1,19.3486155,260.69022,Summer_Even_AltSMSCG,1952,9
10/31/1952,1,21.0412635,317.13675,Summer_Even_AltSMSCG,1952,10
11/30/1952,1,29.0692155,618.6598,Summer_Even_AltSMSCG,1952,11
12/31/1952,1,86.73568975,1351.8394,Summer_Even_AltSMSCG,1952,12
1/31/1953,1,82.6281985,456.30444,Summer_Even_AltSMSCG,1953,1
2/28/1953,1,21.532695,211.60963,Summer_Even_AltSMSCG,1953,2
3/31/1953,2,22.60149,222.14685,Summer_Even_AltSMSCG,1953,3
4/30/1953,2,27.61161,240.55573,Summer_Even_AltSMSCG,1953,4
5/31/1953,2,29.5668,238.78378,Summer_Even_AltSMSCG,1953,5
6/30/1953,2,27.0887505,217.23132,Summer_Even_AltSMSCG,1953,6
7/31/1953,2,23.354484,205.7597,Summer_Even_AltSMSCG,1953,7
8/31/1953,2,20.3241285,309.03244,Summer_Even_AltSMSCG,1953,8
9/30/1953,2,25.9897185,523.0756,Summer_Even_AltSMSCG,1953,9
10/31/1953,2,55.3345408,1039.5134,Summer_Even_AltSMSCG,1953,10
11/30/1953,2,157.1876955,1652.7958,Summer_Even_AltSMSCG,1953,11
12/31/1953,2,170.849883,1733.5612,Summer_Even_AltSMSCG,1953,12
1/31/1954,2,214.256332,1644.7053,Summer_Even_AltSMSCG,1954,1
2/28/1954,2,103.2545035,609.37897,Summer_Even_AltSMSCG,1954,2
3/31/1954,2,25.9477245,242.3997,Summer_Even_AltSMSCG,1954,3
4/30/1954,2,23.0558325,240.2925,Summer_Even_AltSMSCG,1954,4
5/31/1954,2,26.624799,232.11363,Summer_Even_AltSMSCG,1954,5
6/30/1954,2,26.511012,239.02992,Summer_Even_AltSMSCG,1954,6
7/31/1954,2,24.482991,284.197,Summer_Even_AltSMSCG,1954,7
8/31/1954,2,24.07122,447.69983,Summer_Even_AltSMSCG,1954,8
9/30/1954,2,27.03027,543.1547,Summer_Even_AltSMSCG,1954,9
10/31/1954,2,59.64333895,933.04205,Summer_Even_AltSMSCG,1954,10
11/30/1954,2,133.578703,1441.4855,Summer_Even_AltSMSCG,1954,11
12/31/1954,2,163.0981395,1735.5477,Summer_Even_AltSMSCG,1954,12
1/31/1955,2,169.8689785,1035.8885,Summer_Even_AltSMSCG,1955,1
2/28/1955,3,54.17956405,419.02612,Summer_Even_AltSMSCG,1955,2
3/31/1955,4,36.2123005,314.37677,Summer_Even_AltSMSCG,1955,3
4/30/1955,4,31.0031446,297.76392,Summer_Even_AltSMSCG,1955,4
5/31/1955,4,44.397757,296.22543,Summer_Even_AltSMSCG,1955,5
6/30/1955,4,41.504095,304.12527,Summer_Even_AltSMSCG,1955,6
7/31/1955,4,36.29348275,404.30106,Summer_Even_AltSMSCG,1955,7
8/31/1955,4,38.9656855,712.9931,Summer_Even_AltSMSCG,1955,8
9/30/1955,4,73.2447217,1063.8546,Summer_Even_AltSMSCG,1955,9
10/31/1955,4,141.1072174,1790.2659,Summer_Even_AltSMSCG,1955,10
11/30/1955,4,176.325226,1667.8707,Summer_Even_AltSMSCG,1955,11
12/31/1955,4,160.2926365,1772.6951,Summer_Even_AltSMSCG,1955,12
1/31/1956,4,95.8841185,542.6737,Summer_Even_AltSMSCG,1956,1
2/29/1956,1,33.6993187,190.6142,Summer_Even_AltSMSCG,1956,2
3/31/1956,1,27.0303495,192.30376,Summer_Even_AltSMSCG,1956,3
4/30/1956,1,23.7929655,211.59894,Summer_Even_AltSMSCG,1956,4
5/31/1956,1,22.170945,216.43712,Summer_Even_AltSMSCG,1956,5
6/30/1956,1,19.310736,193.02773,Summer_Even_AltSMSCG,1956,6
7/31/1956,1,19.24281,180.53464,Summer_Even_AltSMSCG,1956,7
8/31/1956,1,18.45828,234.78622,Summer_Even_AltSMSCG,1956,8
9/30/1956,1,20.598012,313.3372,Summer_Even_AltSMSCG,1956,9
10/31/1956,1,21.9913125,379.03186,Summer_Even_AltSMSCG,1956,10
11/30/1956,1,39.184081,648.6562,Summer_Even_AltSMSCG,1956,11
12/31/1956,1,100.7236009,1288.1152,Summer_Even_AltSMSCG,1956,12
1/31/1957,1,181.8437665,1473.7461,Summer_Even_AltSMSCG,1957,1
2/28/1957,3,171.5536306,1543.8511,Summer_Even_AltSMSCG,1957,2
3/31/1957,3,118.221307,620.7918,Summer_Even_AltSMSCG,1957,3
4/30/1957,3,36.4780345,240.01521,Summer_Even_AltSMSCG,1957,4
5/31/1957,3,30.8807713,242.21507,Summer_Even_AltSMSCG,1957,5
6/30/1957,3,29.617863,244.7741,Summer_Even_AltSMSCG,1957,6
7/31/1957,3,25.633791,289.49835,Summer_Even_AltSMSCG,1957,7
8/31/1957,3,38.40367975,764.94745,Summer_Even_AltSMSCG,1957,8
9/30/1957,3,85.7023054,1305.622,Summer_Even_AltSMSCG,1957,9
10/31/1957,3,148.1950249,1672.5787,Summer_Even_AltSMSCG,1957,10
11/30/1957,3,194.3674275,1526.7319,Summer_Even_AltSMSCG,1957,11
12/31/1957,3,163.2206524,1174.1841,Summer_Even_AltSMSCG,1957,12
1/31/1958,3,188.112028,957.02124,Summer_Even_AltSMSCG,1958,1
2/28/1958,2,46.6906162,268.90918,Summer_Even_AltSMSCG,1958,2
3/31/1958,1,32.44315555,236.66896,Summer_Even_AltSMSCG,1958,3
4/30/1958,1,29.524251,210.94594,Summer_Even_AltSMSCG,1958,4
5/31/1958,1,30.36349345,187.08267,Summer_Even_AltSMSCG,1958,5
6/30/1958,1,22.223868,169.54182,Summer_Even_AltSMSCG,1958,6
7/31/1958,1,16.083105,158.46648,Summer_Even_AltSMSCG,1958,7
8/31/1958,1,16.498308,199.53822,Summer_Even_AltSMSCG,1958,8
9/30/1958,1,19.4763585,277.85614,Summer_Even_AltSMSCG,1958,9
10/31/1958,1,21.1927965,316.06857,Summer_Even_AltSMSCG,1958,10
11/30/1958,1,31.3667533,656.393,Summer_Even_AltSMSCG,1958,11
12/31/1958,1,105.997543,1419.5621,Summer_Even_AltSMSCG,1958,12
1/31/1959,1,177.93445,1446.1785,Summer_Even_AltSMSCG,1959,1
2/28/1959,3,108.857404,596.0356,Summer_Even_AltSMSCG,1959,2
3/31/1959,3,37.6923112,248.3815,Summer_Even_AltSMSCG,1959,3
4/30/1959,3,29.114625,241.02953,Summer_Even_AltSMSCG,1959,4
5/31/1959,3,29.347293,257.51892,Summer_Even_AltSMSCG,1959,5
6/30/1959,3,28.6930155,327.36658,Summer_Even_AltSMSCG,1959,6
7/31/1959,3,29.6051655,405.42822,Summer_Even_AltSMSCG,1959,7
8/31/1959,3,41.022844,727.17957,Summer_Even_AltSMSCG,1959,8
9/30/1959,3,81.39595825,1267.4813,Summer_Even_AltSMSCG,1959,9
10/31/1959,3,158.2037205,1635.8961,Summer_Even_AltSMSCG,1959,10
11/30/1959,3,146.9138245,1563.8679,Summer_Even_AltSMSCG,1959,11
12/31/1959,3,161.4033243,1620.4313,Summer_Even_AltSMSCG,1959,12
1/31/1960,3,204.5995773,1750.7767,Summer_Even_AltSMSCG,1960,1
2/29/1960,5,184.2806875,1290.07,Summer_Even_AltSMSCG,1960,2
3/31/1960,4,96.3627475,478.00095,Summer_Even_AltSMSCG,1960,3
4/30/1960,4,34.095862,249.19456,Summer_Even_AltSMSCG,1960,4
5/31/1960,4,31.30138,264.38828,Summer_Even_AltSMSCG,1960,5
6/30/1960,4,31.45312825,340.73148,Summer_Even_AltSMSCG,1960,6
7/31/1960,4,30.29918605,431.0987,Summer_Even_AltSMSCG,1960,7
8/31/1960,4,78.0406846,1388.056,Summer_Even_AltSMSCG,1960,8
9/30/1960,4,138.9096565,1481.0237,Summer_Even_AltSMSCG,1960,9
10/31/1960,4,161.9294884,1812.427,Summer_Even_AltSMSCG,1960,10
11/30/1960,4,171.2985955,1587.2878,Summer_Even_AltSMSCG,1960,11
12/31/1960,4,153.5486815,1717.4297,Summer_Even_AltSMSCG,1960,12
1/31/1961,4,189.141562,1632.7864,Summer_Even_AltSMSCG,1961,1
2/28/1961,4,154.58613,1206.1691,Summer_Even_AltSMSCG,1961,2
3/31/1961,4,86.17056895,476.3811,Summer_Even_AltSMSCG,1961,3
4/30/1961,4,28.337115,244.7142,Summer_Even_AltSMSCG,1961,4
5/31/1961,4,28.113639,264.1947,Summer_Even_AltSMSCG,1961,5
6/30/1961,4,31.517239,315.12222,Summer_Even_AltSMSCG,1961,6
7/31/1961,4,29.8279455,418.0336,Summer_Even_AltSMSCG,1961,7
8/31/1961,4,47.848024,841.43823,Summer_Even_AltSMSCG,1961,8
9/30/1961,4,92.6107966,1245.9723,Summer_Even_AltSMSCG,1961,9
10/31/1961,4,153.665902,1886.1827,Summer_Even_AltSMSCG,1961,10
11/30/1961,4,200.7751594,1818.6025,Summer_Even_AltSMSCG,1961,11
12/31/1961,4,177.6604795,1798.4698,Summer_Even_AltSMSCG,1961,12
1/31/1962,4,218.7273835,1625.0342,Summer_Even_AltSMSCG,1962,1
2/28/1962,4,141.207013,1127.0771,Summer_Even_AltSMSCG,1962,2
3/31/1962,3,109.1031595,466.62433,Summer_Even_AltSMSCG,1962,3
4/30/1962,3,52.01565025,244.10184,Summer_Even_AltSMSCG,1962,4
5/31/1962,3,29.5362075,246.00755,Summer_Even_AltSMSCG,1962,5
6/30/1962,3,26.689023,275.34045,Summer_Even_AltSMSCG,1962,6
7/31/1962,3,27.105915,349.5625,Summer_Even_AltSMSCG,1962,7
8/31/1962,3,36.5945653,739.4132,Summer_Even_AltSMSCG,1962,8
9/30/1962,3,95.8155418,1314.8662,Summer_Even_AltSMSCG,1962,9
10/31/1962,3,163.2681505,1768.1871,Summer_Even_AltSMSCG,1962,10
11/30/1962,3,133.8040924,977.5284,Summer_Even_AltSMSCG,1962,11
12/31/1962,3,25.7331345,479.3188,Summer_Even_AltSMSCG,1962,12
1/31/1963,3,67.8182761,592.0284,Summer_Even_AltSMSCG,1963,1
2/28/1963,2,29.218968,319.42133,Summer_Even_AltSMSCG,1963,2
3/31/1963,3,28.998903,254.10036,Summer_Even_AltSMSCG,1963,3
4/30/1963,2,26.9476455,241.75845,Summer_Even_AltSMSCG,1963,4
5/31/1963,1,27.2353905,222.0987,Summer_Even_AltSMSCG,1963,5
6/30/1963,1,25.02354,210.36505,Summer_Even_AltSMSCG,1963,6
7/31/1963,1,21.240165,217.30708,Summer_Even_AltSMSCG,1963,7
8/31/1963,1,21.354678,311.4514,Summer_Even_AltSMSCG,1963,8
9/30/1963,1,23.9858115,408.96503,Summer_Even_AltSMSCG,1963,9
10/31/1963,1,44.783476,811.1471,Summer_Even_AltSMSCG,1963,10
11/30/1963,1,120.5896,1341.9835,Summer_Even_AltSMSCG,1963,11
12/31/1963,1,118.8111858,1104.9193,Summer_Even_AltSMSCG,1963,12
1/31/1964,1,159.5682805,1198.6001,Summer_Even_AltSMSCG,1964,1
2/29/1964,2,158.2485994,904.56305,Summer_Even_AltSMSCG,1964,2
3/31/1964,3,54.4621615,354.1596,Summer_Even_AltSMSCG,1964,3
4/30/1964,4,34.4564896,306.68723,Summer_Even_AltSMSCG,1964,4
5/31/1964,4,35.8028638,317.48883,Summer_Even_AltSMSCG,1964,5
6/30/1964,4,37.156363,322.56427,Summer_Even_AltSMSCG,1964,6
7/31/1964,4,32.35668655,372.84528,Summer_Even_AltSMSCG,1964,7
8/31/1964,4,64.116109,1270.2974,Summer_Even_AltSMSCG,1964,8
9/30/1964,4,142.880248,1581.095,Summer_Even_AltSMSCG,1964,9
10/31/1964,4,158.193925,1796.5668,Summer_Even_AltSMSCG,1964,10
11/30/1964,4,174.2377521,1735.5315,Summer_Even_AltSMSCG,1964,11
12/31/1964,4,166.7206405,1700.8021,Summer_Even_AltSMSCG,1964,12
1/31/1965,4,80.9469835,466.20615,Summer_Even_AltSMSCG,1965,1
2/28/1965,1,25.072854,212.40129,Summer_Even_AltSMSCG,1965,2
3/31/1965,1,26.045445,222.71196,Summer_Even_AltSMSCG,1965,3
4/30/1965,1,30.5543608,230.85684,Summer_Even_AltSMSCG,1965,4
5/31/1965,1,28.4334825,210.69583,Summer_Even_AltSMSCG,1965,5
6/30/1965,1,21.4830555,204.60226,Summer_Even_AltSMSCG,1965,6
7/31/1965,1,21.44529,210.66774,Summer_Even_AltSMSCG,1965,7
8/31/1965,1,21.4370595,275.70663,Summer_Even_AltSMSCG,1965,8
9/30/1965,1,23.7102375,354.60776,Summer_Even_AltSMSCG,1965,9
10/31/1965,1,34.4625715,748.35925,Summer_Even_AltSMSCG,1965,10
11/30/1965,1,108.1512196,1450.5062,Summer_Even_AltSMSCG,1965,11
12/31/1965,1,103.0439911,874.5904,Summer_Even_AltSMSCG,1965,12
1/31/1966,1,81.09795655,878.73816,Summer_Even_AltSMSCG,1966,1
2/28/1966,2,100.0144525,581.9783,Summer_Even_AltSMSCG,1966,2
3/31/1966,3,37.25567125,243.53032,Summer_Even_AltSMSCG,1966,3
4/30/1966,3,29.2700595,232.59567,Summer_Even_AltSMSCG,1966,4
5/31/1966,3,28.676958,249.19252,Summer_Even_AltSMSCG,1966,5
6/30/1966,3,27.2764845,278.53287,Summer_Even_AltSMSCG,1966,6
7/31/1966,3,27.2316645,365.98285,Summer_Even_AltSMSCG,1966,7
8/31/1966,3,39.0253702,724.6902,Summer_Even_AltSMSCG,1966,8
9/30/1966,3,80.2418935,1283.2078,Summer_Even_AltSMSCG,1966,9
10/31/1966,3,162.9469926,1737.4575,Summer_Even_AltSMSCG,1966,10
11/30/1966,3,159.763876,1693.2623,Summer_Even_AltSMSCG,1966,11
12/31/1966,3,154.0087285,1714.4725,Summer_Even_AltSMSCG,1966,12
1/31/1967,3,116.2865845,654.2377,Summer_Even_AltSMSCG,1967,1
2/28/1967,1,36.5572645,237.93443,Summer_Even_AltSMSCG,1967,2
3/31/1967,2,27.763041,236.31413,Summer_Even_AltSMSCG,1967,3
4/30/1967,1,29.095779,231.5365,Summer_Even_AltSMSCG,1967,4
5/31/1967,1,28.053621,221.85606,Summer_Even_AltSMSCG,1967,5
6/30/1967,1,20.8430655,194.66234,Summer_Even_AltSMSCG,1967,6
7/31/1967,1,16.6790055,158.60614,Summer_Even_AltSMSCG,1967,7
8/31/1967,1,14.65164,193.75009,Summer_Even_AltSMSCG,1967,8
9/30/1967,1,19.639488,233.72145,Summer_Even_AltSMSCG,1967,9
10/31/1967,1,21.4939515,311.06262,Summer_Even_AltSMSCG,1967,10
11/30/1967,1,25.0602975,530.87964,Summer_Even_AltSMSCG,1967,11
12/31/1967,1,70.8698053,1270.935,Summer_Even_AltSMSCG,1967,12
1/31/1968,1,217.916815,1625.4564,Summer_Even_AltSMSCG,1968,1
2/29/1968,3,136.1240836,765.1888,Summer_Even_AltSMSCG,1968,2
3/31/1968,3,35.1516046,249.98497,Summer_Even_AltSMSCG,1968,3
4/30/1968,3,27.1767795,238.89525,Summer_Even_AltSMSCG,1968,4
5/31/1968,3,28.755465,244.62032,Summer_Even_AltSMSCG,1968,5
6/30/1968,3,29.1469845,291.18698,Summer_Even_AltSMSCG,1968,6
7/31/1968,3,28.02006,453.2578,Summer_Even_AltSMSCG,1968,7
8/31/1968,3,35.4965458,737.46924,Summer_Even_AltSMSCG,1968,8
9/30/1968,3,70.495378,1164.0814,Summer_Even_AltSMSCG,1968,9
10/31/1968,3,132.6742156,1564.4532,Summer_Even_AltSMSCG,1968,10
11/30/1968,3,152.3886004,1700.6442,Summer_Even_AltSMSCG,1968,11
12/31/1968,3,161.5234546,1718.3923,Summer_Even_AltSMSCG,1968,12
1/31/1969,3,151.8469893,944.4896,Summer_Even_AltSMSCG,1969,1
2/28/1969,1,34.5792505,243.10368,Summer_Even_AltSMSCG,1969,2
3/31/1969,1,21.715443,192.42116,Summer_Even_AltSMSCG,1969,3
4/30/1969,1,19.845021,185.88664,Summer_Even_AltSMSCG,1969,4
5/31/1969,1,15.106638,178.19618,Summer_Even_AltSMSCG,1969,5
6/30/1969,1,12.069948,175.45795,Summer_Even_AltSMSCG,1969,6
7/31/1969,1,12.3235515,171.78592,Summer_Even_AltSMSCG,1969,7
8/31/1969,1,18.375243,210.86292,Summer_Even_AltSMSCG,1969,8
9/30/1969,1,22.1162595,301.15414,Summer_Even_AltSMSCG,1969,9
10/31/1969,1,21.0708,357.76947,Summer_Even_AltSMSCG,1969,10
11/30/1969,1,29.611716,646.12915,Summer_Even_AltSMSCG,1969,11
12/31/1969,1,78.22288225,1235.9352,Summer_Even_AltSMSCG,1969,12
1/31/1970,1,70.38791305,445.50552,Summer_Even_AltSMSCG,1970,1
2/28/1970,1,22.13484,209.36722,Summer_Even_AltSMSCG,1970,2
3/31/1970,1,17.8084095,193.60106,Summer_Even_AltSMSCG,1970,3
4/30/1970,1,24.847893,203.60832,Summer_Even_AltSMSCG,1970,4
5/31/1970,1,25.391373,230.93509,Summer_Even_AltSMSCG,1970,5
6/30/1970,1,27.30627,269.99258,Summer_Even_AltSMSCG,1970,6
7/31/1970,1,25.799142,303.00354,Summer_Even_AltSMSCG,1970,7
8/31/1970,1,24.533409,420.2491,Summer_Even_AltSMSCG,1970,8
9/30/1970,1,29.482791,474.13574,Summer_Even_AltSMSCG,1970,9
10/31/1970,1,42.6872155,737.6461,Summer_Even_AltSMSCG,1970,10
11/30/1970,1,126.1446291,1711.5161,Summer_Even_AltSMSCG,1970,11
12/31/1970,1,112.8062671,1114.4314,Summer_Even_AltSMSCG,1970,12
1/31/1971,1,56.1554377,317.03702,Summer_Even_AltSMSCG,1971,1
2/28/1971,1,22.9508535,210.80763,Summer_Even_AltSMSCG,1971,2
3/31/1971,1,23.684313,228.11604,Summer_Even_AltSMSCG,1971,3
4/30/1971,1,23.9695605,238.87025,Summer_Even_AltSMSCG,1971,4
5/31/1971,1,25.4736855,232.23409,Summer_Even_AltSMSCG,1971,5
6/30/1971,1,25.8335625,220.64221,Summer_Even_AltSMSCG,1971,6
7/31/1971,1,22.2377055,210.80833,Summer_Even_AltSMSCG,1971,7
8/31/1971,1,20.0650815,298.03378,Summer_Even_AltSMSCG,1971,8
9/30/1971,1,24.4281915,455.24094,Summer_Even_AltSMSCG,1971,9
10/31/1971,1,46.6557265,842.51056,Summer_Even_AltSMSCG,1971,10
11/30/1971,1,161.6749834,1728.1122,Summer_Even_AltSMSCG,1971,11
12/31/1971,1,197.3720343,1748.9105,Summer_Even_AltSMSCG,1971,12
1/31/1972,1,168.4725925,1163.9905,Summer_Even_AltSMSCG,1972,1
2/29/1972,3,81.273109,744.19336,Summer_Even_AltSMSCG,1972,2
3/31/1972,3,73.9742305,563.9124,Summer_Even_AltSMSCG,1972,3
4/30/1972,3,34.874311,258.28775,Summer_Even_AltSMSCG,1972,4
5/31/1972,3,27.385245,244.2112,Summer_Even_AltSMSCG,1972,5
6/30/1972,3,29.3762055,313.35492,Summer_Even_AltSMSCG,1972,6
7/31/1972,3,30.31680475,484.78827,Summer_Even_AltSMSCG,1972,7
8/31/1972,3,33.1102978,750.0582,Summer_Even_AltSMSCG,1972,8
9/30/1972,3,56.35745425,849.9538,Summer_Even_AltSMSCG,1972,9
10/31/1972,3,113.6319235,1529.5621,Summer_Even_AltSMSCG,1972,10
11/30/1972,3,155.78767,1663.8083,Summer_Even_AltSMSCG,1972,11
12/31/1972,3,121.3255128,1289.5934,Summer_Even_AltSMSCG,1972,12
1/31/1973,3,66.3140575,512.1554,Summer_Even_AltSMSCG,1973,1
2/28/1973,2,33.39996895,247.0279,Summer_Even_AltSMSCG,1973,2
3/31/1973,2,26.221596,240.79451,Summer_Even_AltSMSCG,1973,3
4/30/1973,1,36.1022164,232.26007,Summer_Even_AltSMSCG,1973,4
5/31/1973,2,29.9086755,231.04245,Summer_Even_AltSMSCG,1973,5
6/30/1973,2,26.08578,235.28836,Summer_Even_AltSMSCG,1973,6
7/31/1973,2,24.062292,250.16284,Summer_Even_AltSMSCG,1973,7
8/31/1973,2,24.732102,418.06274,Summer_Even_AltSMSCG,1973,8
9/30/1973,2,26.0275635,462.3572,Summer_Even_AltSMSCG,1973,9
10/31/1973,2,43.7105023,864.83185,Summer_Even_AltSMSCG,1973,10
11/30/1973,2,133.166593,1655.1608,Summer_Even_AltSMSCG,1973,11
12/31/1973,2,77.2344253,831.7655,Summer_Even_AltSMSCG,1973,12
1/31/1974,2,28.0381995,223.25504,Summer_Even_AltSMSCG,1974,1
2/28/1974,1,20.3526345,200.65318,Summer_Even_AltSMSCG,1974,2
3/31/1974,1,20.780022,204.52182,Summer_Even_AltSMSCG,1974,3
4/30/1974,1,26.0278905,203.66353,Summer_Even_AltSMSCG,1974,4
5/31/1974,1,22.36719,179.2601,Summer_Even_AltSMSCG,1974,5
6/30/1974,1,18.8266005,187.81027,Summer_Even_AltSMSCG,1974,6
7/31/1974,1,20.2775475,185.95499,Summer_Even_AltSMSCG,1974,7
8/31/1974,1,18.7434675,241.59792,Summer_Even_AltSMSCG,1974,8
9/30/1974,1,21.9029235,372.79355,Summer_Even_AltSMSCG,1974,9
10/31/1974,1,27.7721655,481.49753,Summer_Even_AltSMSCG,1974,10
11/30/1974,1,60.836842,803.12024,Summer_Even_AltSMSCG,1974,11
12/31/1974,1,119.098309,1385.8588,Summer_Even_AltSMSCG,1974,12
1/31/1975,1,222.7718926,1631.7369,Summer_Even_AltSMSCG,1975,1
2/28/1975,3,176.8015009,1346.314,Summer_Even_AltSMSCG,1975,2
3/31/1975,3,71.199043,447.18506,Summer_Even_AltSMSCG,1975,3
4/30/1975,2,28.79133,226.48802,Summer_Even_AltSMSCG,1975,4
5/31/1975,1,24.3646455,214.62396,Summer_Even_AltSMSCG,1975,5
6/30/1975,1,22.878198,206.64156,Summer_Even_AltSMSCG,1975,6
7/31/1975,1,21.114651,191.06073,Summer_Even_AltSMSCG,1975,7
8/31/1975,1,19.014762,250.08295,Summer_Even_AltSMSCG,1975,8
9/30/1975,1,22.2320985,386.61588,Summer_Even_AltSMSCG,1975,9
10/31/1975,1,32.81468725,691.1996,Summer_Even_AltSMSCG,1975,10
11/30/1975,1,79.236385,771.2999,Summer_Even_AltSMSCG,1975,11
12/31/1975,1,76.4991139,921.3339,Summer_Even_AltSMSCG,1975,12
1/31/1976,1,216.2108905,1585.9553,Summer_Even_AltSMSCG,1976,1
2/29/1976,4,187.95334,1489.2828,Summer_Even_AltSMSCG,1976,2
3/31/1976,4,142.3208785,989.54034,Summer_Even_AltSMSCG,1976,3
4/30/1976,5,93.5797168,594.3335,Summer_Even_AltSMSCG,1976,4
5/31/1976,5,73.22440405,601.7898,Summer_Even_AltSMSCG,1976,5
6/30/1976,5,88.59925345,899.0297,Summer_Even_AltSMSCG,1976,6
7/31/1976,5,129.1960015,1719.8483,Summer_Even_AltSMSCG,1976,7
8/31/1976,5,142.8311853,1680.3605,Summer_Even_AltSMSCG,1976,8
9/30/1976,5,119.5493215,1362.0062,Summer_Even_AltSMSCG,1976,9
10/31/1976,5,156.5016349,1911.3816,Summer_Even_AltSMSCG,1976,10
11/30/1976,5,221.3291485,2183.6094,Summer_Even_AltSMSCG,1976,11
12/31/1976,5,222.0446581,1762.7771,Summer_Even_AltSMSCG,1976,12
1/31/1977,5,221.4188209,1951.2987,Summer_Even_AltSMSCG,1977,1
2/28/1977,5,278.562763,2430.2144,Summer_Even_AltSMSCG,1977,2
3/31/1977,5,242.1935425,906.0949,Summer_Even_AltSMSCG,1977,3
4/30/1977,5,97.2249295,356.62906,Summer_Even_AltSMSCG,1977,4
5/31/1977,5,67.77447445,647.44653,Summer_Even_AltSMSCG,1977,5
6/30/1977,5,99.078769,1240.1515,Summer_Even_AltSMSCG,1977,6
7/31/1977,5,142.2285955,1264.5398,Summer_Even_AltSMSCG,1977,7
8/31/1977,5,102.5566525,1186.3113,Summer_Even_AltSMSCG,1977,8
9/30/1977,5,137.2522675,1457.1646,Summer_Even_AltSMSCG,1977,9
10/31/1977,5,174.9671611,1584.8488,Summer_Even_AltSMSCG,1977,10
11/30/1977,5,198.2280603,1889.9365,Summer_Even_AltSMSCG,1977,11
12/31/1977,5,224.2022905,1961.0691,Summer_Even_AltSMSCG,1977,12
1/31/1978,5,223.152322,1648.4752,Summer_Even_AltSMSCG,1978,1
2/28/1978,3,85.3724635,453.59583,Summer_Even_AltSMSCG,1978,2
3/31/1978,2,56.34708595,230.98686,Summer_Even_AltSMSCG,1978,3
4/30/1978,2,38.3385886,223.69687,Summer_Even_AltSMSCG,1978,4
5/31/1978,2,25.0809225,208.55928,Summer_Even_AltSMSCG,1978,5
6/30/1978,2,19.2361155,208.25099,Summer_Even_AltSMSCG,1978,6
7/31/1978,2,19.8535245,193.31743,Summer_Even_AltSMSCG,1978,7
8/31/1978,2,20.9366295,260.17593,Summer_Even_AltSMSCG,1978,8
9/30/1978,2,23.003061,456.8236,Summer_Even_AltSMSCG,1978,9
10/31/1978,2,42.1354612,847.0456,Summer_Even_AltSMSCG,1978,10
11/30/1978,2,113.1715801,1392.6649,Summer_Even_AltSMSCG,1978,11
12/31/1978,2,161.465155,1763.8945,Summer_Even_AltSMSCG,1978,12
1/31/1979,2,201.8394036,1568.2623,Summer_Even_AltSMSCG,1979,1
2/28/1979,4,114.3451075,698.49915,Summer_Even_AltSMSCG,1979,2
3/31/1979,3,49.000963,267.7364,Summer_Even_AltSMSCG,1979,3
4/30/1979,4,44.48964955,238.12614,Summer_Even_AltSMSCG,1979,4
5/31/1979,3,31.4503609,234.76103,Summer_Even_AltSMSCG,1979,5
6/30/1979,3,27.408195,246.79842,Summer_Even_AltSMSCG,1979,6
7/31/1979,3,25.16088,256.86313,Summer_Even_AltSMSCG,1979,7
8/31/1979,3,32.4907306,745.6083,Summer_Even_AltSMSCG,1979,8
9/30/1979,3,87.4933195,1284.4767,Summer_Even_AltSMSCG,1979,9
10/31/1979,3,130.4041821,1717.8893,Summer_Even_AltSMSCG,1979,10
11/30/1979,3,151.3676164,1698.4547,Summer_Even_AltSMSCG,1979,11
12/31/1979,3,147.132163,1718.3021,Summer_Even_AltSMSCG,1979,12
1/31/1980,3,220.4848816,1704.4113,Summer_Even_AltSMSCG,1980,1
2/29/1980,2,67.03542955,333.03366,Summer_Even_AltSMSCG,1980,2
3/31/1980,1,24.019359,195.2705,Summer_Even_AltSMSCG,1980,3
4/30/1980,1,22.578816,199.94102,Summer_Even_AltSMSCG,1980,4
5/31/1980,1,20.0165085,211.76543,Summer_Even_AltSMSCG,1980,5
6/30/1980,1,21.698577,239.38882,Summer_Even_AltSMSCG,1980,6
7/31/1980,1,23.003007,231.2045,Summer_Even_AltSMSCG,1980,7
8/31/1980,1,22.5011235,240.55013,Summer_Even_AltSMSCG,1980,8
9/30/1980,1,23.0989035,327.22858,Summer_Even_AltSMSCG,1980,9
10/31/1980,1,33.6000988,800.2629,Summer_Even_AltSMSCG,1980,10
11/30/1980,1,120.650134,1666.8127,Summer_Even_AltSMSCG,1980,11
12/31/1980,1,142.7757385,1742.0714,Summer_Even_AltSMSCG,1980,12
1/31/1981,1,219.1687345,1705.9427,Summer_Even_AltSMSCG,1981,1
2/28/1981,3,134.7135018,807.18317,Summer_Even_AltSMSCG,1981,2
3/31/1981,4,41.522164,271.2398,Summer_Even_AltSMSCG,1981,3
4/30/1981,4,28.91688,234.03639,Summer_Even_AltSMSCG,1981,4
5/31/1981,4,28.80807,242.83185,Summer_Even_AltSMSCG,1981,5
6/30/1981,4,29.0140275,299.27908,Summer_Even_AltSMSCG,1981,6
7/31/1981,4,29.50728,443.28568,Summer_Even_AltSMSCG,1981,7
8/31/1981,4,77.2858279,1410.4999,Summer_Even_AltSMSCG,1981,8
9/30/1981,4,140.908333,1586.3176,Summer_Even_AltSMSCG,1981,9
10/31/1981,4,154.9102861,1807.176,Summer_Even_AltSMSCG,1981,10
11/30/1981,4,167.908834,1717.6737,Summer_Even_AltSMSCG,1981,11
12/31/1981,4,174.3297045,1462.7599,Summer_Even_AltSMSCG,1981,12
1/31/1982,4,47.9878678,301.40695,Summer_Even_AltSMSCG,1982,1
2/28/1982,1,29.122041,214.8322,Summer_Even_AltSMSCG,1982,2
3/31/1982,1,26.7159945,211.23756,Summer_Even_AltSMSCG,1982,3
4/30/1982,1,26.7373305,180.6585,Summer_Even_AltSMSCG,1982,4
5/31/1982,1,18.9747525,174.25504,Summer_Even_AltSMSCG,1982,5
6/30/1982,1,15.051807,172.30666,Summer_Even_AltSMSCG,1982,6
7/31/1982,1,14.2632105,168.50041,Summer_Even_AltSMSCG,1982,7
8/31/1982,1,18.154857,204.76224,Summer_Even_AltSMSCG,1982,8
9/30/1982,1,20.7873855,275.1573,Summer_Even_AltSMSCG,1982,9
10/31/1982,1,18.880104,226.4865,Summer_Even_AltSMSCG,1982,10
11/30/1982,1,17.214018,222.1513,Summer_Even_AltSMSCG,1982,11
12/31/1982,1,23.4957255,207.83202,Summer_Even_AltSMSCG,1982,12
1/31/1983,1,25.7698245,199.22433,Summer_Even_AltSMSCG,1983,1
2/28/1983,1,15.658488,190.39395,Summer_Even_AltSMSCG,1983,2
3/31/1983,1,11.310702,188.90063,Summer_Even_AltSMSCG,1983,3
4/30/1983,1,6.796374,191.83582,Summer_Even_AltSMSCG,1983,4
5/31/1983,1,3.603333,169.56512,Summer_Even_AltSMSCG,1983,5
6/30/1983,1,6.841839,167.04099,Summer_Even_AltSMSCG,1983,6
7/31/1983,1,9.3855585,163.89505,Summer_Even_AltSMSCG,1983,7
8/31/1983,1,12.1917795,165.32176,Summer_Even_AltSMSCG,1983,8
9/30/1983,1,15.611235,201.37424,Summer_Even_AltSMSCG,1983,9
10/31/1983,1,17.1704985,241.51785,Summer_Even_AltSMSCG,1983,10
11/30/1983,1,18.0569985,233.37831,Summer_Even_AltSMSCG,1983,11
12/31/1983,1,25.080045,219.37943,Summer_Even_AltSMSCG,1983,12
1/31/1984,1,22.5368745,210.35846,Summer_Even_AltSMSCG,1984,1
2/29/1984,1,20.4515355,183.62486,Summer_Even_AltSMSCG,1984,2
3/31/1984,1,21.3941685,201.41508,Summer_Even_AltSMSCG,1984,3
4/30/1984,1,25.013115,209.00484,Summer_Even_AltSMSCG,1984,4
5/31/1984,1,24.123303,224.6661,Summer_Even_AltSMSCG,1984,5
6/30/1984,1,22.61154,233.02682,Summer_Even_AltSMSCG,1984,6
7/31/1984,1,23.090907,237.35893,Summer_Even_AltSMSCG,1984,7
8/31/1984,1,23.0352105,375.99136,Summer_Even_AltSMSCG,1984,8
9/30/1984,1,25.965498,390.35028,Summer_Even_AltSMSCG,1984,9
10/31/1984,1,42.4589647,850.02936,Summer_Even_AltSMSCG,1984,10
11/30/1984,1,133.4575296,1587.491,Summer_Even_AltSMSCG,1984,11
12/31/1984,1,121.627171,812.3772,Summer_Even_AltSMSCG,1984,12
1/31/1985,1,41.0676061,286.06653,Summer_Even_AltSMSCG,1985,1
2/28/1985,3,25.845927,317.0519,Summer_Even_AltSMSCG,1985,2
3/31/1985,3,30.92995375,421.43042,Summer_Even_AltSMSCG,1985,3
4/30/1985,3,35.68723075,288.81772,Summer_Even_AltSMSCG,1985,4
5/31/1985,4,38.5161037,282.42596,Summer_Even_AltSMSCG,1985,5
6/30/1985,4,36.7347511,325.38858,Summer_Even_AltSMSCG,1985,6
7/31/1985,4,31.0487959,400.502,Summer_Even_AltSMSCG,1985,7
8/31/1985,4,72.22887055,1373.3966,Summer_Even_AltSMSCG,1985,8
9/30/1985,4,136.3394125,1577.5593,Summer_Even_AltSMSCG,1985,9
10/31/1985,4,138.388648,1711.3175,Summer_Even_AltSMSCG,1985,10
11/30/1985,4,160.943833,1725.8485,Summer_Even_AltSMSCG,1985,11
12/31/1985,4,163.2832555,1708.4559,Summer_Even_AltSMSCG,1985,12
1/31/1986,4,223.4724255,1744.1993,Summer_Even_AltSMSCG,1986,1
2/28/1986,3,131.1708235,726.51373,Summer_Even_AltSMSCG,1986,2
3/31/1986,1,48.8181355,238.67531,Summer_Even_AltSMSCG,1986,3
4/30/1986,1,15.0080655,189.4993,Summer_Even_AltSMSCG,1986,4
5/31/1986,1,17.724912,174.60915,Summer_Even_AltSMSCG,1986,5
6/30/1986,1,19.7464395,189.17274,Summer_Even_AltSMSCG,1986,6
7/31/1986,1,23.3314905,243.34236,Summer_Even_AltSMSCG,1986,7
8/31/1986,1,22.597398,273.46088,Summer_Even_AltSMSCG,1986,8
9/30/1986,1,21.734085,336.6631,Summer_Even_AltSMSCG,1986,9
10/31/1986,1,28.299585,648.6774,Summer_Even_AltSMSCG,1986,10
11/30/1986,1,82.3078414,1195.1742,Summer_Even_AltSMSCG,1986,11
12/31/1986,1,144.3800206,1795.6968,Summer_Even_AltSMSCG,1986,12
1/31/1987,1,192.5133685,1564.4958,Summer_Even_AltSMSCG,1987,1
2/28/1987,4,132.8548885,1273.8783,Summer_Even_AltSMSCG,1987,2
3/31/1987,4,111.483337,660.83075,Summer_Even_AltSMSCG,1987,3
4/30/1987,4,49.2770197,273.33878,Summer_Even_AltSMSCG,1987,4
5/31/1987,4,33.3085324,252.9004,Summer_Even_AltSMSCG,1987,5
6/30/1987,4,30.67023895,310.2536,Summer_Even_AltSMSCG,1987,6
7/31/1987,4,29.692305,490.80246,Summer_Even_AltSMSCG,1987,7
8/31/1987,4,49.3587349,955.9837,Summer_Even_AltSMSCG,1987,8
9/30/1987,4,91.93907155,1248.8339,Summer_Even_AltSMSCG,1987,9
10/31/1987,4,135.3147976,1665.2954,Summer_Even_AltSMSCG,1987,10
11/30/1987,4,181.764927,1785.4856,Summer_Even_AltSMSCG,1987,11
12/31/1987,4,172.08112,1799.3542,Summer_Even_AltSMSCG,1987,12
1/31/1988,4,187.9076118,1358.8359,Summer_Even_AltSMSCG,1988,1
2/29/1988,4,74.54649625,460.83707,Summer_Even_AltSMSCG,1988,2
3/31/1988,5,31.9915474,275.47678,Summer_Even_AltSMSCG,1988,3
4/30/1988,5,36.3446545,309.0591,Summer_Even_AltSMSCG,1988,4
5/31/1988,5,47.1216901,380.92532,Summer_Even_AltSMSCG,1988,5
6/30/1988,5,61.135408,638.7176,Summer_Even_AltSMSCG,1988,6
7/31/1988,5,103.8596725,1090.4718,Summer_Even_AltSMSCG,1988,7
8/31/1988,5,114.2825785,1473.478,Summer_Even_AltSMSCG,1988,8
9/30/1988,5,126.116548,1467.8408,Summer_Even_AltSMSCG,1988,9
10/31/1988,5,163.650327,1683.4884,Summer_Even_AltSMSCG,1988,10
11/30/1988,5,204.945667,2014.5941,Summer_Even_AltSMSCG,1988,11
12/31/1988,5,223.5884148,1986.6079,Summer_Even_AltSMSCG,1988,12
1/31/1989,5,202.3764063,1694.0796,Summer_Even_AltSMSCG,1989,1
2/28/1989,4,180.6620283,1212.9495,Summer_Even_AltSMSCG,1989,2
3/31/1989,5,96.784006,606.95514,Summer_Even_AltSMSCG,1989,3
4/30/1989,3,39.6878584,311.75446,Summer_Even_AltSMSCG,1989,4
5/31/1989,4,25.4104755,237.57748,Summer_Even_AltSMSCG,1989,5
6/30/1989,4,27.4006125,250.82863,Summer_Even_AltSMSCG,1989,6
7/31/1989,4,25.1925525,332.66992,Summer_Even_AltSMSCG,1989,7
8/31/1989,4,49.0840975,1027.2001,Summer_Even_AltSMSCG,1989,8
9/30/1989,4,130.1403348,1589.7076,Summer_Even_AltSMSCG,1989,9
10/31/1989,4,164.939419,1682.5056,Summer_Even_AltSMSCG,1989,10
11/30/1989,4,163.1507875,1712.4265,Summer_Even_AltSMSCG,1989,11
12/31/1989,4,162.0403306,1741.7273,Summer_Even_AltSMSCG,1989,12
1/31/1990,4,194.8165476,1781.437,Summer_Even_AltSMSCG,1990,1
2/28/1990,4,153.0625,1057.7781,Summer_Even_AltSMSCG,1990,2
3/31/1990,5,63.6584275,418.4455,Summer_Even_AltSMSCG,1990,3
4/30/1990,5,40.15389895,368.58298,Summer_Even_AltSMSCG,1990,4
5/31/1990,5,51.492889,343.14374,Summer_Even_AltSMSCG,1990,5
6/30/1990,5,52.28717545,389.71524,Summer_Even_AltSMSCG,1990,6
7/31/1990,5,69.7363717,667.86804,Summer_Even_AltSMSCG,1990,7
8/31/1990,5,92.228053,1031.8464,Summer_Even_AltSMSCG,1990,8
9/30/1990,5,116.1093544,1227.4545,Summer_Even_AltSMSCG,1990,9
10/31/1990,5,170.4346266,1652.7272,Summer_Even_AltSMSCG,1990,10
11/30/1990,5,212.398018,1997.1086,Summer_Even_AltSMSCG,1990,11
12/31/1990,5,226.5109045,1836.0962,Summer_Even_AltSMSCG,1990,12
1/31/1991,5,224.7812794,1944.9564,Summer_Even_AltSMSCG,1991,1
2/28/1991,5,200.9692615,1215.0571,Summer_Even_AltSMSCG,1991,2
3/31/1991,5,100.5223795,678.9819,Summer_Even_AltSMSCG,1991,3
4/30/1991,5,71.1855967,444.01666,Summer_Even_AltSMSCG,1991,4
5/31/1991,5,51.71462755,253.67647,Summer_Even_AltSMSCG,1991,5
6/30/1991,5,46.39687525,375.499,Summer_Even_AltSMSCG,1991,6
7/31/1991,5,67.1397481,854.6195,Summer_Even_AltSMSCG,1991,7
8/31/1991,5,156.800845,1526.0071,Summer_Even_AltSMSCG,1991,8
9/30/1991,5,182.9616505,1600.9346,Summer_Even_AltSMSCG,1991,9
10/31/1991,5,196.3392085,1566.0715,Summer_Even_AltSMSCG,1991,10
11/30/1991,5,210.4285968,2052.8723,Summer_Even_AltSMSCG,1991,11
12/31/1991,5,222.5882785,2068.097,Summer_Even_AltSMSCG,1991,12
1/31/1992,5,223.9650679,1823.5165,Summer_Even_AltSMSCG,1992,1
2/29/1992,5,173.287867,983.26324,Summer_Even_AltSMSCG,1992,2
3/31/1992,5,85.3906123,359.98993,Summer_Even_AltSMSCG,1992,3
4/30/1992,5,39.0924877,247.25282,Summer_Even_AltSMSCG,1992,4
5/31/1992,5,35.6989585,257.89694,Summer_Even_AltSMSCG,1992,5
6/30/1992,5,40.88215945,369.90503,Summer_Even_AltSMSCG,1992,6
7/31/1992,5,50.644672,398.98248,Summer_Even_AltSMSCG,1992,7
8/31/1992,5,42.7825765,554.35364,Summer_Even_AltSMSCG,1992,8
9/30/1992,5,72.8474032,1036.0999,Summer_Even_AltSMSCG,1992,9
10/31/1992,5,143.427448,1655.0562,Summer_Even_AltSMSCG,1992,10
11/30/1992,5,224.192629,2313.8767,Summer_Even_AltSMSCG,1992,11
12/31/1992,5,222.969637,1542.0083,Summer_Even_AltSMSCG,1992,12
1/31/1993,5,227.8591711,1590.6212,Summer_Even_AltSMSCG,1993,1
2/28/1993,3,112.1726181,541.6807,Summer_Even_AltSMSCG,1993,2
3/31/1993,2,59.93173045,237.86057,Summer_Even_AltSMSCG,1993,3
4/30/1993,2,37.9519576,238.12448,Summer_Even_AltSMSCG,1993,4
5/31/1993,2,28.163067,233.32565,Summer_Even_AltSMSCG,1993,5
6/30/1993,2,25.8783285,226.2939,Summer_Even_AltSMSCG,1993,6
7/31/1993,2,23.559324,209.00192,Summer_Even_AltSMSCG,1993,7
8/31/1993,2,20.9573655,290.26584,Summer_Even_AltSMSCG,1993,8
9/30/1993,2,21.753339,498.89478,Summer_Even_AltSMSCG,1993,9
10/31/1993,2,51.6009895,1041.6549,Summer_Even_AltSMSCG,1993,10
11/30/1993,2,151.9347265,1770.2289,Summer_Even_AltSMSCG,1993,11
12/31/1993,2,176.9191945,1820.7396,Summer_Even_AltSMSCG,1993,12
1/31/1994,2,176.9755561,1360.629,Summer_Even_AltSMSCG,1994,1
2/28/1994,4,99.7708915,923.6239,Summer_Even_AltSMSCG,1994,2
3/31/1994,4,83.4553369,576.3045,Summer_Even_AltSMSCG,1994,3
4/30/1994,4,38.85264595,278.72897,Summer_Even_AltSMSCG,1994,4
5/31/1994,5,37.7497843,301.54782,Summer_Even_AltSMSCG,1994,5
6/30/1994,5,44.722999,423.98166,Summer_Even_AltSMSCG,1994,6
7/31/1994,5,65.12538805,920.59955,Summer_Even_AltSMSCG,1994,7
8/31/1994,5,107.3619805,1726.4025,Summer_Even_AltSMSCG,1994,8
9/30/1994,5,137.8638205,1763.3527,Summer_Even_AltSMSCG,1994,9
10/31/1994,5,180.751276,1854.813,Summer_Even_AltSMSCG,1994,10
11/30/1994,5,210.991315,2133.7812,Summer_Even_AltSMSCG,1994,11
12/31/1994,5,219.641236,2168.4863,Summer_Even_AltSMSCG,1994,12
1/31/1995,5,219.4571545,1685.8708,Summer_Even_AltSMSCG,1995,1
2/28/1995,1,78.3467005,326.50327,Summer_Even_AltSMSCG,1995,2
3/31/1995,2,29.25927,237.74612,Summer_Even_AltSMSCG,1995,3
4/30/1995,1,36.5398909,223.21527,Summer_Even_AltSMSCG,1995,4
5/31/1995,1,26.248638,180.18134,Summer_Even_AltSMSCG,1995,5
6/30/1995,1,17.717793,170.55139,Summer_Even_AltSMSCG,1995,6
7/31/1995,1,15.670065,164.20384,Summer_Even_AltSMSCG,1995,7
8/31/1995,1,14.937057,168.65573,Summer_Even_AltSMSCG,1995,8
9/30/1995,1,18.7479885,232.69301,Summer_Even_AltSMSCG,1995,9
10/31/1995,1,18.802503,304.0457,Summer_Even_AltSMSCG,1995,10
11/30/1995,1,23.04459,502.80307,Summer_Even_AltSMSCG,1995,11
12/31/1995,1,82.3645393,1107.5087,Summer_Even_AltSMSCG,1995,12
1/31/1996,1,118.5720736,638.7341,Summer_Even_AltSMSCG,1996,1
2/29/1996,2,28.8693195,226.85783,Summer_Even_AltSMSCG,1996,2
3/31/1996,1,32.8957042,222.06122,Summer_Even_AltSMSCG,1996,3
4/30/1996,1,30.2593915,218.73312,Summer_Even_AltSMSCG,1996,4
5/31/1996,1,26.080725,211.57858,Summer_Even_AltSMSCG,1996,5
6/30/1996,1,22.53588,193.03679,Summer_Even_AltSMSCG,1996,6
7/31/1996,1,19.579497,200.55634,Summer_Even_AltSMSCG,1996,7
8/31/1996,1,20.959488,291.07205,Summer_Even_AltSMSCG,1996,8
9/30/1996,1,22.81578,395.8683,Summer_Even_AltSMSCG,1996,9
10/31/1996,1,39.487777,818.3978,Summer_Even_AltSMSCG,1996,10
11/30/1996,1,125.688478,1541.1201,Summer_Even_AltSMSCG,1996,11
12/31/1996,1,107.5301875,962.35815,Summer_Even_AltSMSCG,1996,12
1/31/1997,1,46.36550245,262.56265,Summer_Even_AltSMSCG,1997,1
2/28/1997,1,10.248507,180.91814,Summer_Even_AltSMSCG,1997,2
3/31/1997,1,17.313432,172.2935,Summer_Even_AltSMSCG,1997,3
4/30/1997,1,23.16699,205.31741,Summer_Even_AltSMSCG,1997,4
5/31/1997,1,26.180793,263.13412,Summer_Even_AltSMSCG,1997,5
6/30/1997,1,25.906224,271.04227,Summer_Even_AltSMSCG,1997,6
7/31/1997,1,26.741415,253.79819,Summer_Even_AltSMSCG,1997,7
8/31/1997,1,23.832672,316.28317,Summer_Even_AltSMSCG,1997,8
9/30/1997,1,23.5087665,362.68887,Summer_Even_AltSMSCG,1997,9
10/31/1997,1,38.12864905,775.86743,Summer_Even_AltSMSCG,1997,10
11/30/1997,1,136.616518,1712.5142,Summer_Even_AltSMSCG,1997,11
12/31/1997,1,145.052746,1777.714,Summer_Even_AltSMSCG,1997,12
1/31/1998,1,169.507285,1298.963,Summer_Even_AltSMSCG,1998,1
2/28/1998,1,62.67801325,342.752,Summer_Even_AltSMSCG,1998,2
3/31/1998,1,44.057923,218.12576,Summer_Even_AltSMSCG,1998,3
4/30/1998,1,23.721831,188.61871,Summer_Even_AltSMSCG,1998,4
5/31/1998,1,18.945426,176.02518,Summer_Even_AltSMSCG,1998,5
6/30/1998,1,17.2181535,165.81181,Summer_Even_AltSMSCG,1998,6
7/31/1998,1,14.8202355,168.75346,Summer_Even_AltSMSCG,1998,7
8/31/1998,1,14.6533635,169.18124,Summer_Even_AltSMSCG,1998,8
9/30/1998,1,17.0417865,224.97566,Summer_Even_AltSMSCG,1998,9
10/31/1998,1,18.1615695,241.4432,Summer_Even_AltSMSCG,1998,10
11/30/1998,1,15.5090175,236.88101,Summer_Even_AltSMSCG,1998,11
12/31/1998,1,20.222205,236.43037,Summer_Even_AltSMSCG,1998,12
1/31/1999,1,22.832391,214.40091,Summer_Even_AltSMSCG,1999,1
2/28/1999,2,24.6873795,216.45764,Summer_Even_AltSMSCG,1999,2
3/31/1999,1,28.2850155,217.03764,Summer_Even_AltSMSCG,1999,3
4/30/1999,1,27.580302,221.35904,Summer_Even_AltSMSCG,1999,4
5/31/1999,1,27.768342,224.40898,Summer_Even_AltSMSCG,1999,5
6/30/1999,1,24.488109,227.04927,Summer_Even_AltSMSCG,1999,6
7/31/1999,1,22.217325,210.71564,Summer_Even_AltSMSCG,1999,7
8/31/1999,1,21.707034,301.96304,Summer_Even_AltSMSCG,1999,8
9/30/1999,1,23.832894,402.37958,Summer_Even_AltSMSCG,1999,9
10/31/1999,1,40.55463745,795.8604,Summer_Even_AltSMSCG,1999,10
11/30/1999,1,134.9038219,1614.5522,Summer_Even_AltSMSCG,1999,11
12/31/1999,1,172.718437,1794.2711,Summer_Even_AltSMSCG,1999,12
1/31/2000,1,183.3205795,1449.3553,Summer_Even_AltSMSCG,2000,1
2/29/2000,2,105.166198,540.025,Summer_Even_AltSMSCG,2000,2
3/31/2000,2,37.3285999,233.1527,Summer_Even_AltSMSCG,2000,3
4/30/2000,2,29.937291,222.67174,Summer_Even_AltSMSCG,2000,4
5/31/2000,2,27.6347805,219.39339,Summer_Even_AltSMSCG,2000,5
6/30/2000,2,24.62004,238.23732,Summer_Even_AltSMSCG,2000,6
7/31/2000,2,23.776707,232.2945,Summer_Even_AltSMSCG,2000,7
8/31/2000,2,23.7818025,408.29068,Summer_Even_AltSMSCG,2000,8
9/30/2000,2,24.707661,464.53387,Summer_Even_AltSMSCG,2000,9
10/31/2000,2,48.1273411,915.9814,Summer_Even_AltSMSCG,2000,10
11/30/2000,2,132.5143135,1502.0457,Summer_Even_AltSMSCG,2000,11
12/31/2000,2,143.706121,1755.2362,Summer_Even_AltSMSCG,2000,12
1/31/2001,2,196.448506,1612.0084,Summer_Even_AltSMSCG,2001,1
2/28/2001,4,129.4386021,1015.0067,Summer_Even_AltSMSCG,2001,2
3/31/2001,4,68.0403937,377.4209,Summer_Even_AltSMSCG,2001,3
4/30/2001,4,31.844191,245.96298,Summer_Even_AltSMSCG,2001,4
5/31/2001,4,33.2014123,246.06549,Summer_Even_AltSMSCG,2001,5
6/30/2001,4,28.73556,302.3051,Summer_Even_AltSMSCG,2001,6
7/31/2001,4,29.191401,415.1243,Summer_Even_AltSMSCG,2001,7
8/31/2001,4,47.50490395,877.1974,Summer_Even_AltSMSCG,2001,8
9/30/2001,4,93.6595966,1291.0192,Summer_Even_AltSMSCG,2001,9
10/31/2001,4,147.10771,1806.5712,Summer_Even_AltSMSCG,2001,10
11/30/2001,4,165.7684555,1572.8353,Summer_Even_AltSMSCG,2001,11
12/31/2001,4,159.170962,1721.1238,Summer_Even_AltSMSCG,2001,12
1/31/2002,4,112.8490428,667.4599,Summer_Even_AltSMSCG,2002,1
2/28/2002,3,26.734017,227.94759,Summer_Even_AltSMSCG,2002,2
3/31/2002,3,26.776533,233.96786,Summer_Even_AltSMSCG,2002,3
4/30/2002,3,25.3182,244.63039,Summer_Even_AltSMSCG,2002,4
5/31/2002,4,28.382583,255.75653,Summer_Even_AltSMSCG,2002,5
6/30/2002,4,30.49057495,300.29886,Summer_Even_AltSMSCG,2002,6
7/31/2002,4,29.939484,390.5338,Summer_Even_AltSMSCG,2002,7
8/31/2002,4,66.95589175,1246.2968,Summer_Even_AltSMSCG,2002,8
9/30/2002,4,128.4930091,1559.493,Summer_Even_AltSMSCG,2002,9
10/31/2002,4,144.322425,1709.9237,Summer_Even_AltSMSCG,2002,10
11/30/2002,4,152.6014555,1587.7616,Summer_Even_AltSMSCG,2002,11
12/31/2002,4,149.9472505,1723.2064,Summer_Even_AltSMSCG,2002,12
1/31/2003,4,104.4156049,660.1557,Summer_Even_AltSMSCG,2003,1
2/28/2003,2,27.9615645,215.00668,Summer_Even_AltSMSCG,2003,2
3/31/2003,3,25.299138,231.26985,Summer_Even_AltSMSCG,2003,3
4/30/2003,3,25.4724525,244.74382,Summer_Even_AltSMSCG,2003,4
5/31/2003,2,27.994071,236.04933,Summer_Even_AltSMSCG,2003,5
6/30/2003,2,25.1878875,219.29698,Summer_Even_AltSMSCG,2003,6
7/31/2003,2,21.653877,225.56676,Summer_Even_AltSMSCG,2003,7
8/31/2003,2,22.4792865,436.3136,Summer_Even_AltSMSCG,2003,8
9/30/2003,2,26.769675,544.15015,Summer_Even_AltSMSCG,2003,9
10/31/2003,2,53.89277995,1011.7697,Summer_Even_AltSMSCG,2003,10
11/30/2003,2,140.4658791,1480.9971,Summer_Even_AltSMSCG,2003,11
12/31/2003,2,152.8465413,1743.1486,Summer_Even_AltSMSCG,2003,12
1/31/2004,2,151.8567135,753.9476,Summer_Even_AltSMSCG,2004,1
2/29/2004,3,29.3978295,261.41748,Summer_Even_AltSMSCG,2004,2
3/31/2004,2,27.941217,240.17497,Summer_Even_AltSMSCG,2004,3
4/30/2004,3,26.5818825,236.2149,Summer_Even_AltSMSCG,2004,4
5/31/2004,3,28.520082,242.98872,Summer_Even_AltSMSCG,2004,5
6/30/2004,3,29.735967,276.01877,Summer_Even_AltSMSCG,2004,6
7/31/2004,3,29.00565,376.00613,Summer_Even_AltSMSCG,2004,7
8/31/2004,3,39.1667758,755.8167,Summer_Even_AltSMSCG,2004,8
9/30/2004,3,79.943698,1299.003,Summer_Even_AltSMSCG,2004,9
10/31/2004,3,163.3086006,1669.4253,Summer_Even_AltSMSCG,2004,10
11/30/2004,3,149.5982965,1652.1086,Summer_Even_AltSMSCG,2004,11
12/31/2004,3,152.0363005,1700.0907,Summer_Even_AltSMSCG,2004,12
1/31/2005,3,154.468576,908.911,Summer_Even_AltSMSCG,2005,1
2/28/2005,3,53.32032895,314.1768,Summer_Even_AltSMSCG,2005,2
3/31/2005,3,42.9074179,241.8444,Summer_Even_AltSMSCG,2005,3
4/30/2005,3,40.1400793,231.43184,Summer_Even_AltSMSCG,2005,4
5/31/2005,3,27.308922,231.29593,Summer_Even_AltSMSCG,2005,5
6/30/2005,3,21.443025,211.4742,Summer_Even_AltSMSCG,2005,6
7/31/2005,3,17.656302,192.85667,Summer_Even_AltSMSCG,2005,7
8/31/2005,3,20.381865,247.46498,Summer_Even_AltSMSCG,2005,8
9/30/2005,3,51.0432502,753.3728,Summer_Even_AltSMSCG,2005,9
10/31/2005,3,95.408311,1297.2136,Summer_Even_AltSMSCG,2005,10
11/30/2005,3,76.16951995,1095.5365,Summer_Even_AltSMSCG,2005,11
12/31/2005,3,130.524757,1582.9563,Summer_Even_AltSMSCG,2005,12
1/31/2006,3,65.3742415,403.69528,Summer_Even_AltSMSCG,2006,1
2/28/2006,1,21.8455695,208.4505,Summer_Even_AltSMSCG,2006,2
3/31/2006,1,24.8593185,204.76001,Summer_Even_AltSMSCG,2006,3
4/30/2006,1,29.227275,198.24692,Summer_Even_AltSMSCG,2006,4
5/31/2006,1,17.585151,181.34929,Summer_Even_AltSMSCG,2006,5
6/30/2006,1,14.2404585,171.47757,Summer_Even_AltSMSCG,2006,6
7/31/2006,1,15.670218,167.41322,Summer_Even_AltSMSCG,2006,7
8/31/2006,1,22.4184135,208.48985,Summer_Even_AltSMSCG,2006,8
9/30/2006,1,20.118555,300.70566,Summer_Even_AltSMSCG,2006,9
10/31/2006,1,20.657835,383.706,Summer_Even_AltSMSCG,2006,10
11/30/2006,1,37.242034,739.2304,Summer_Even_AltSMSCG,2006,11
12/31/2006,1,104.513377,1526.1781,Summer_Even_AltSMSCG,2006,12
1/31/2007,1,168.5779285,1446.3336,Summer_Even_AltSMSCG,2007,1
2/28/2007,3,127.273497,799.4417,Summer_Even_AltSMSCG,2007,2
3/31/2007,3,81.2262265,459.3514,Summer_Even_AltSMSCG,2007,3
4/30/2007,4,38.99701555,241.6704,Summer_Even_AltSMSCG,2007,4
5/31/2007,4,32.5872031,266.46317,Summer_Even_AltSMSCG,2007,5
6/30/2007,4,33.4321825,327.42697,Summer_Even_AltSMSCG,2007,6
7/31/2007,4,33.0138424,431.78885,Summer_Even_AltSMSCG,2007,7
8/31/2007,4,68.90711005,1429.8745,Summer_Even_AltSMSCG,2007,8
9/30/2007,4,141.855388,1587.597,Summer_Even_AltSMSCG,2007,9
10/31/2007,4,143.209651,1721.7235,Summer_Even_AltSMSCG,2007,10
11/30/2007,4,149.034424,1695.7664,Summer_Even_AltSMSCG,2007,11
12/31/2007,4,166.0901635,1723.2202,Summer_Even_AltSMSCG,2007,12
1/31/2008,4,201.5152645,1504.858,Summer_Even_AltSMSCG,2008,1
2/29/2008,3,129.8368525,541.8604,Summer_Even_AltSMSCG,2008,2
3/31/2008,4,40.23380155,247.55257,Summer_Even_AltSMSCG,2008,3
4/30/2008,4,32.87784895,240.97401,Summer_Even_AltSMSCG,2008,4
5/31/2008,5,30.5960563,267.08044,Summer_Even_AltSMSCG,2008,5
6/30/2008,5,35.29335505,370.98868,Summer_Even_AltSMSCG,2008,6
7/31/2008,5,42.3212926,520.8808,Summer_Even_AltSMSCG,2008,7
8/31/2008,5,52.39173055,905.5625,Summer_Even_AltSMSCG,2008,8
9/30/2008,5,104.7754345,1405.7625,Summer_Even_AltSMSCG,2008,9
10/31/2008,5,179.091949,1985.9885,Summer_Even_AltSMSCG,2008,10
11/30/2008,5,221.5557805,2084.8723,Summer_Even_AltSMSCG,2008,11
12/31/2008,5,216.096406,2183.7112,Summer_Even_AltSMSCG,2008,12
1/31/2009,5,221.2897615,1714.526,Summer_Even_AltSMSCG,2009,1
2/28/2009,5,182.6661055,1440.3522,Summer_Even_AltSMSCG,2009,2
3/31/2009,4,117.0204709,574.9854,Summer_Even_AltSMSCG,2009,3
4/30/2009,4,37.98236425,249.27054,Summer_Even_AltSMSCG,2009,4
5/31/2009,4,28.989189,243.25116,Summer_Even_AltSMSCG,2009,5
6/30/2009,4,28.3610505,261.49548,Summer_Even_AltSMSCG,2009,6
7/31/2009,4,26.744787,290.251,Summer_Even_AltSMSCG,2009,7
8/31/2009,4,24.4200345,401.42087,Summer_Even_AltSMSCG,2009,8
9/30/2009,4,45.4590115,790.3132,Summer_Even_AltSMSCG,2009,9
10/31/2009,4,112.0768951,1637.246,Summer_Even_AltSMSCG,2009,10
11/30/2009,4,168.5259588,1667.2278,Summer_Even_AltSMSCG,2009,11
12/31/2009,4,123.471577,1519.6888,Summer_Even_AltSMSCG,2009,12
1/31/2010,4,202.8616216,1778.4911,Summer_Even_AltSMSCG,2010,1
2/28/2010,3,122.9614441,589.4571,Summer_Even_AltSMSCG,2010,2
3/31/2010,4,40.39626295,247.3564,Summer_Even_AltSMSCG,2010,3
4/30/2010,4,28.0067775,241.32849,Summer_Even_AltSMSCG,2010,4
5/31/2010,3,28.312785,236.73895,Summer_Even_AltSMSCG,2010,5
6/30/2010,3,28.22022,225.49399,Summer_Even_AltSMSCG,2010,6
7/31/2010,3,25.43586,217.66536,Summer_Even_AltSMSCG,2010,7
8/31/2010,3,24.132396,406.843,Summer_Even_AltSMSCG,2010,8
9/30/2010,3,79.94884225,1342.4977,Summer_Even_AltSMSCG,2010,9
10/31/2010,3,137.4038305,1686.5416,Summer_Even_AltSMSCG,2010,10
11/30/2010,3,90.130909,899.0697,Summer_Even_AltSMSCG,2010,11
12/31/2010,3,65.4226687,739.5289,Summer_Even_AltSMSCG,2010,12
1/31/2011,3,52.78981,346.02512,Summer_Even_AltSMSCG,2011,1
2/28/2011,2,27.9085605,202.6116,Summer_Even_AltSMSCG,2011,2
3/31/2011,2,30.5917528,217.44432,Summer_Even_AltSMSCG,2011,3
4/30/2011,1,23.3625525,223.49954,Summer_Even_AltSMSCG,2011,4
5/31/2011,1,19.2758265,197.0943,Summer_Even_AltSMSCG,2011,5
6/30/2011,1,17.289102,187.86122,Summer_Even_AltSMSCG,2011,6
7/31/2011,1,17.5282995,178.44757,Summer_Even_AltSMSCG,2011,7
8/31/2011,1,16.1020155,185.00468,Summer_Even_AltSMSCG,2011,8
9/30/2011,1,18.272544,233.99254,Summer_Even_AltSMSCG,2011,9
10/31/2011,1,19.005609,265.1281,Summer_Even_AltSMSCG,2011,10
11/30/2011,1,18.743658,294.8972,Summer_Even_AltSMSCG,2011,11
12/31/2011,1,28.64364,657.6734,Summer_Even_AltSMSCG,2011,12
1/31/2012,1,150.1542175,1382.3539,Summer_Even_AltSMSCG,2012,1
2/29/2012,4,165.5965321,1274.8455,Summer_Even_AltSMSCG,2012,2
3/31/2012,4,85.8387805,592.4132,Summer_Even_AltSMSCG,2012,3
4/30/2012,3,43.246015,307.0613,Summer_Even_AltSMSCG,2012,4
5/31/2012,3,27.763833,231.64247,Summer_Even_AltSMSCG,2012,5
6/30/2012,3,27.4475925,235.51486,Summer_Even_AltSMSCG,2012,6
7/31/2012,3,25.419225,335.39554,Summer_Even_AltSMSCG,2012,7
8/31/2012,3,31.5518665,738.3348,Summer_Even_AltSMSCG,2012,8
9/30/2012,3,69.3047335,1170.0691,Summer_Even_AltSMSCG,2012,9
10/31/2012,3,154.2723421,1679.5553,Summer_Even_AltSMSCG,2012,10
11/30/2012,3,154.2438991,1677.6887,Summer_Even_AltSMSCG,2012,11
12/31/2012,3,167.0891313,1750.7413,Summer_Even_AltSMSCG,2012,12
1/31/2013,3,90.33566725,502.12006,Summer_Even_AltSMSCG,2013,1
2/28/2013,2,22.8684795,229.4883,Summer_Even_AltSMSCG,2013,2
3/31/2013,3,26.669142,250.33084,Summer_Even_AltSMSCG,2013,3
4/30/2013,4,25.234206,258.94562,Summer_Even_AltSMSCG,2013,4
5/31/2013,4,29.906964,289.87033,Summer_Even_AltSMSCG,2013,5
6/30/2013,4,34.1262886,328.07114,Summer_Even_AltSMSCG,2013,6
7/31/2013,4,32.1073372,374.66888,Summer_Even_AltSMSCG,2013,7
8/31/2013,4,57.7095883,1152.4218,Summer_Even_AltSMSCG,2013,8
9/30/2013,4,120.9272538,1365.4944,Summer_Even_AltSMSCG,2013,9
10/31/2013,4,166.8970726,1773.0789,Summer_Even_AltSMSCG,2013,10
11/30/2013,4,154.5380163,1331.2032,Summer_Even_AltSMSCG,2013,11
12/31/2013,4,167.271309,1795.2642,Summer_Even_AltSMSCG,2013,12
1/31/2014,4,215.5620595,1790.9574,Summer_Even_AltSMSCG,2014,1
2/28/2014,5,172.5967591,1388.1865,Summer_Even_AltSMSCG,2014,2
3/31/2014,5,129.7765864,895.6043,Summer_Even_AltSMSCG,2014,3
4/30/2014,5,51.94619005,340.66037,Summer_Even_AltSMSCG,2014,4
5/31/2014,5,36.9981595,272.17343,Summer_Even_AltSMSCG,2014,5
6/30/2014,5,45.752875,481.86,Summer_Even_AltSMSCG,2014,6
7/31/2014,5,90.8137405,1052.6248,Summer_Even_AltSMSCG,2014,7
8/31/2014,5,160.6071711,1476.0161,Summer_Even_AltSMSCG,2014,8
9/30/2014,5,175.7189455,1381.9644,Summer_Even_AltSMSCG,2014,9
10/31/2014,5,173.1388234,1664.7699,Summer_Even_AltSMSCG,2014,10
11/30/2014,5,229.1915433,1965.2135,Summer_Even_AltSMSCG,2014,11
12/31/2014,5,225.8568865,1854.388,Summer_Even_AltSMSCG,2014,12
1/31/2015,5,107.76631,644.5665,Summer_Even_AltSMSCG,2015,1
2/28/2015,5,28.57167,290.03024,Summer_Even_AltSMSCG,2015,2
3/31/2015,5,32.0069488,379.7095,Summer_Even_AltSMSCG,2015,3
4/30/2015,5,46.7989105,269.40436,Summer_Even_AltSMSCG,2015,4
5/31/2015,5,46.7354866,318.48624,Summer_Even_AltSMSCG,2015,5
6/30/2015,5,56.6580865,440.18155,Summer_Even_AltSMSCG,2015,6
7/31/2015,5,59.80376545,436.2386,Summer_Even_AltSMSCG,2015,7
8/31/2015,5,46.68822505,585.69604,Summer_Even_AltSMSCG,2015,8
9/30/2015,5,73.3641139,968.6575,Summer_Even_AltSMSCG,2015,9
10/31/2015,5,136.0925284,1708.025,Summer_Even_AltSMSCG,2015,10
11/30/2015,5,211.8367675,2187.9993,Summer_Even_AltSMSCG,2015,11
12/31/2015,5,221.7577315,1530.7335,Summer_Even_AltSMSCG,2015,12
1/31/2016,5,215.2953394,2276.8884,Summer_Even_AltSMSCG,2016,1
2/29/2016,3,209.0397604,723.59827,Summer_Even_AltSMSCG,2016,2
3/31/2016,4,54.192637,245.27414,Summer_Even_AltSMSCG,2016,3
4/30/2016,3,27.375531,245.81621,Summer_Even_AltSMSCG,2016,4
5/31/2016,3,27.41793,240.0788,Summer_Even_AltSMSCG,2016,5
6/30/2016,3,28.1431875,247.24622,Summer_Even_AltSMSCG,2016,6
7/31/2016,3,25.351398,377.3111,Summer_Even_AltSMSCG,2016,7
8/31/2016,3,38.3704117,760.7484,Summer_Even_AltSMSCG,2016,8
9/30/2016,3,74.3158999,1160.2827,Summer_Even_AltSMSCG,2016,9
10/31/2016,3,166.8644031,1745.4961,Summer_Even_AltSMSCG,2016,10
11/30/2016,3,179.605975,1699.5299,Summer_Even_AltSMSCG,2016,11
12/31/2016,3,164.9348448,1810.4276,Summer_Even_AltSMSCG,2016,12
1/31/2017,3,114.4833895,638.6129,Summer_Even_AltSMSCG,2017,1
2/28/2017,1,38.429686,225.88036,Summer_Even_AltSMSCG,2017,2
3/31/2017,1,20.688942,200.75386,Summer_Even_AltSMSCG,2017,3
4/30/2017,1,20.162484,171.925,Summer_Even_AltSMSCG,2017,4
5/31/2017,1,16.136226,174.24602,Summer_Even_AltSMSCG,2017,5
6/30/2017,1,14.6522205,176.37389,Summer_Even_AltSMSCG,2017,6
7/31/2017,1,14.966688,169.2378,Summer_Even_AltSMSCG,2017,7
8/31/2017,1,19.9065105,208.97614,Summer_Even_AltSMSCG,2017,8
9/30/2017,1,22.375866,292.61826,Summer_Even_AltSMSCG,2017,9
10/31/2017,1,21.4580655,367.5091,Summer_Even_AltSMSCG,2017,10
11/30/2017,1,31.11235945,717.56537,Summer_Even_AltSMSCG,2017,11
12/31/2017,1,65.4527875,821.6415,Summer_Even_AltSMSCG,2017,12
1/31/2018,1,94.11143845,1032.023,Summer_Even_AltSMSCG,2018,1
2/28/2018,3,150.992431,947.8308,Summer_Even_AltSMSCG,2018,2
3/31/2018,3,51.3531535,309.40836,Summer_Even_AltSMSCG,2018,3
4/30/2018,3,37.3274428,252.17905,Summer_Even_AltSMSCG,2018,4
5/31/2018,3,29.4077175,231.17752,Summer_Even_AltSMSCG,2018,5
6/30/2018,3,26.5277895,225.63867,Summer_Even_AltSMSCG,2018,6
7/31/2018,3,24.949104,324.32776,Summer_Even_AltSMSCG,2018,7
8/31/2018,3,34.11925195,726.44604,Summer_Even_AltSMSCG,2018,8
9/30/2018,3,61.62995425,1075.5677,Summer_Even_AltSMSCG,2018,9
10/31/2018,3,150.9470391,1680.8787,Summer_Even_AltSMSCG,2018,10
11/30/2018,3,156.1693021,1703.3501,Summer_Even_AltSMSCG,2018,11
12/31/2018,3,170.5606536,1732.8765,Summer_Even_AltSMSCG,2018,12
1/31/2019,3,218.8886365,1543.0243,Summer_Even_AltSMSCG,2019,1
2/28/2019,3,103.889341,521.57196,Summer_Even_AltSMSCG,2019,2
3/31/2019,2,38.73115045,236.86818,Summer_Even_AltSMSCG,2019,3
4/30/2019,1,28.444821,221.36838,Summer_Even_AltSMSCG,2019,4
5/31/2019,1,23.828748,193.71768,Summer_Even_AltSMSCG,2019,5
6/30/2019,1,20.111445,191.82262,Summer_Even_AltSMSCG,2019,6
7/31/2019,1,17.671944,172.50847,Summer_Even_AltSMSCG,2019,7
8/31/2019,1,18.4514115,198.85065,Summer_Even_AltSMSCG,2019,8
9/30/2019,1,21.0224835,298.63382,Summer_Even_AltSMSCG,2019,9
10/31/2019,1,24.2594535,438.86905,Summer_Even_AltSMSCG,2019,10
11/30/2019,1,43.4866006,828.55286,Summer_Even_AltSMSCG,2019,11
12/31/2019,1,120.3100435,1770.2552,Summer_Even_AltSMSCG,2019,12
1/31/2020,1,159.2115859,985.9083,Summer_Even_AltSMSCG,2020,1
2/29/2020,3,45.1492963,502.02103,Summer_Even_AltSMSCG,2020,2
3/31/2020,4,50.15412145,527.57654,Summer_Even_AltSMSCG,2020,3
4/30/2020,4,45.7008397,401.8399,Summer_Even_AltSMSCG,2020,4
5/31/2020,4,48.4434745,321.3322,Summer_Even_AltSMSCG,2020,5
6/30/2020,4,40.804591,319.7996,Summer_Even_AltSMSCG,2020,6
7/31/2020,4,32.23408525,399.87692,Summer_Even_AltSMSCG,2020,7
8/31/2020,4,58.9313776,1144.0043,Summer_Even_AltSMSCG,2020,8
9/30/2020,4,122.8436935,1495.3035,Summer_Even_AltSMSCG,2020,9
10/31/2020,4,149.0653864,1788.9158,Summer_Even_AltSMSCG,2020,10
11/30/2020,4,170.3896735,1758.5603,Summer_Even_AltSMSCG,2020,11
12/31/2020,4,176.216698,1806.8354,Summer_Even_AltSMSCG,2020,12
1/31/2021,4,193.6959618,1656.237,Summer_Even_AltSMSCG,2021,1
2/28/2021,5,184.524277,1105.2983,Summer_Even_AltSMSCG,2021,2
3/31/2021,5,98.729644,680.4025,Summer_Even_AltSMSCG,2021,3
4/30/2021,5,79.3464007,613.8316,Summer_Even_AltSMSCG,2021,4
5/31/2021,5,76.6034752,721.41534,Summer_Even_AltSMSCG,2021,5
6/30/2021,5,104.6883243,1127.7976,Summer_Even_AltSMSCG,2021,6
7/31/2021,5,155.378866,1450.6786,Summer_Even_AltSMSCG,2021,7
8/31/2021,5,137.562738,1384.8829,Summer_Even_AltSMSCG,2021,8
9/30/2021,5,157.4330149,1513.4519,Summer_Even_AltSMSCG,2021,9
11/30/1920,NA,NA,NA,Summer_Hist,1920,11
12/31/1920,NA,NA,NA,Summer_Hist,1920,12
1/31/1921,NA,NA,NA,Summer_Hist,1921,1
2/28/1921,NA,NA,NA,Summer_Hist,1921,2
3/31/1921,5,NA,NA,Summer_Hist,1921,3
4/30/1921,5,NA,NA,Summer_Hist,1921,4
5/31/1921,2,NA,NA,Summer_Hist,1921,5
6/30/1921,2,NA,NA,Summer_Hist,1921,6
7/31/1921,2,NA,NA,Summer_Hist,1921,7
8/31/1921,2,NA,NA,Summer_Hist,1921,8
9/30/1921,2,NA,NA,Summer_Hist,1921,9
10/31/1921,2,NA,NA,Summer_Hist,1921,10
11/30/1921,2,27.017595,483.0651,Summer_Hist,1921,11
12/31/1921,2,147.7265305,1590.4188,Summer_Hist,1921,12
1/31/1922,2,221.256579,1225.3677,Summer_Hist,1922,1
2/28/1922,3,52.5710725,401.629,Summer_Hist,1922,2
3/31/1922,3,57.5722696,296.28906,Summer_Hist,1922,3
4/30/1922,2,40.232425,239.23004,Summer_Hist,1922,4
5/31/1922,2,29.24211,230.55193,Summer_Hist,1922,5
6/30/1922,2,21.759135,213.96048,Summer_Hist,1922,6
7/31/1922,2,18.7326465,201.59325,Summer_Hist,1922,7
8/31/1922,2,19.469865,259.2611,Summer_Hist,1922,8
9/30/1922,2,27.505641,732.1755,Summer_Hist,1922,9
10/31/1922,2,88.8692596,1559.6635,Summer_Hist,1922,10
11/30/1922,2,156.754447,1715.7643,Summer_Hist,1922,11
12/31/1922,2,137.1700279,1757.3342,Summer_Hist,1922,12
1/31/1923,2,95.5807873,672.1653,Summer_Hist,1923,1
2/28/1923,2,30.92887645,231.48499,Summer_Hist,1923,2
3/31/1923,3,32.2570021,234.86504,Summer_Hist,1923,3
4/30/1923,4,31.4651296,245.60533,Summer_Hist,1923,4
5/31/1923,3,32.77882,242.75087,Summer_Hist,1923,5
6/30/1923,3,28.142871,222.10924,Summer_Hist,1923,6
7/31/1923,3,27.274605,261.98422,Summer_Hist,1923,7
8/31/1923,3,28.9467825,701.3461,Summer_Hist,1923,8
9/30/1923,3,76.6664431,1215.5948,Summer_Hist,1923,9
10/31/1923,3,136.7881536,1703.5392,Summer_Hist,1923,10
11/30/1923,3,120.285505,1404.8433,Summer_Hist,1923,11
12/31/1923,3,144.9482365,1761.6512,Summer_Hist,1923,12
1/31/1924,3,191.9911915,1633.5391,Summer_Hist,1924,1
2/29/1924,5,156.8211085,1479.0515,Summer_Hist,1924,2
3/31/1924,5,125.560342,883.1574,Summer_Hist,1924,3
4/30/1924,5,85.7471929,421.09192,Summer_Hist,1924,4
5/31/1924,5,71.18982325,585.2056,Summer_Hist,1924,5
6/30/1924,5,86.9479435,1035.5704,Summer_Hist,1924,6
7/31/1924,5,156.3461275,1443.8846,Summer_Hist,1924,7
8/31/1924,5,158.2800805,1468.4758,Summer_Hist,1924,8
9/30/1924,5,165.18355,1459.7494,Summer_Hist,1924,9
10/31/1924,5,186.543408,1505.7134,Summer_Hist,1924,10
11/30/1924,5,202.156221,2184.676,Summer_Hist,1924,11
12/31/1924,5,222.053191,2322.5237,Summer_Hist,1924,12
1/31/1925,5,205.742926,1568.6853,Summer_Hist,1925,1
2/28/1925,5,120.9565461,1002.0393,Summer_Hist,1925,2
3/31/1925,4,66.0281797,438.26962,Summer_Hist,1925,3
4/30/1925,4,28.0059225,245.77223,Summer_Hist,1925,4
5/31/1925,4,29.225985,245.96455,Summer_Hist,1925,5
6/30/1925,4,29.203875,235.55643,Summer_Hist,1925,6
7/31/1925,4,26.1805005,258.88095,Summer_Hist,1925,7
8/31/1925,4,30.034722,625.4125,Summer_Hist,1925,8
9/30/1925,4,76.03849405,1084.2747,Summer_Hist,1925,9
10/31/1925,4,138.9668104,1761.9475,Summer_Hist,1925,10
11/30/1925,4,174.9174115,1692.3939,Summer_Hist,1925,11
12/31/1925,4,167.640592,1749.8414,Summer_Hist,1925,12
1/31/1926,4,201.0263613,1594.4537,Summer_Hist,1926,1
2/28/1926,5,141.6189805,1020.8,Summer_Hist,1926,2
3/31/1926,4,61.7020051,326.10898,Summer_Hist,1926,3
4/30/1926,5,51.6428845,244.31007,Summer_Hist,1926,4
5/31/1926,4,40.5184225,246.26472,Summer_Hist,1926,5
6/30/1926,4,27.670011,254.74077,Summer_Hist,1926,6
7/31/1926,4,26.907696,375.4023,Summer_Hist,1926,7
8/31/1926,4,49.48530055,981.8711,Summer_Hist,1926,8
9/30/1926,4,103.5360835,1290.1873,Summer_Hist,1926,9
10/31/1926,4,138.4399851,1765.296,Summer_Hist,1926,10
11/30/1926,4,178.2578395,1758.2655,Summer_Hist,1926,11
12/31/1926,4,137.357347,1262.0294,Summer_Hist,1926,12
1/31/1927,4,115.303192,910.1914,Summer_Hist,1927,1
2/28/1927,3,81.81217795,630.1441,Summer_Hist,1927,2
3/31/1927,1,26.7517545,240.81851,Summer_Hist,1927,3
4/30/1927,1,24.2789595,233.80301,Summer_Hist,1927,4
5/31/1927,1,29.497146,221.96492,Summer_Hist,1927,5
6/30/1927,1,24.984894,214.22838,Summer_Hist,1927,6
7/31/1927,1,21.614745,202.00314,Summer_Hist,1927,7
8/31/1927,1,20.584248,318.90814,Summer_Hist,1927,8
9/30/1927,1,44.18344555,651.53784,Summer_Hist,1927,9
10/31/1927,1,95.640928,1431.0874,Summer_Hist,1927,10
11/30/1927,1,162.5419335,1810.8865,Summer_Hist,1927,11
12/31/1927,1,160.276306,1860.8463,Summer_Hist,1927,12
1/31/1928,1,220.5353295,1754.7147,Summer_Hist,1928,1
2/29/1928,3,175.4672335,918.8227,Summer_Hist,1928,2
3/31/1928,3,49.3446958,287.0683,Summer_Hist,1928,3
4/30/1928,2,24.5368725,233.49428,Summer_Hist,1928,4
5/31/1928,2,26.684475,221.57518,Summer_Hist,1928,5
6/30/1928,2,27.336387,236.43153,Summer_Hist,1928,6
7/31/1928,2,25.240677,239.997,Summer_Hist,1928,7
8/31/1928,2,21.109749,327.62466,Summer_Hist,1928,8
9/30/1928,2,51.3619429,889.69604,Summer_Hist,1928,9
10/31/1928,2,108.1376194,1278.2441,Summer_Hist,1928,10
11/30/1928,2,147.732886,1696.135,Summer_Hist,1928,11
12/31/1928,2,159.260908,1747.6555,Summer_Hist,1928,12
1/31/1929,2,204.3092335,1432.2751,Summer_Hist,1929,1
2/28/1929,4,161.7597481,1271.774,Summer_Hist,1929,2
3/31/1929,5,110.246551,597.57477,Summer_Hist,1929,3
4/30/1929,5,49.3924618,340.901,Summer_Hist,1929,4
5/31/1929,5,59.0246866,358.64832,Summer_Hist,1929,5
6/30/1929,5,59.857126,588.45703,Summer_Hist,1929,6
7/31/1929,5,107.119759,1155.6147,Summer_Hist,1929,7
8/31/1929,5,138.960187,1480.5936,Summer_Hist,1929,8
9/30/1929,5,130.99497,1448.5377,Summer_Hist,1929,9
10/31/1929,5,169.8924055,1816.77,Summer_Hist,1929,10
11/30/1929,5,203.476093,2050.8315,Summer_Hist,1929,11
12/31/1929,5,219.376186,2115.967,Summer_Hist,1929,12
1/31/1930,5,186.932584,1352.0608,Summer_Hist,1930,1
2/28/1930,4,82.1804407,500.05197,Summer_Hist,1930,2
3/31/1930,4,37.8795163,269.62796,Summer_Hist,1930,3
4/30/1930,4,27.585054,242.0384,Summer_Hist,1930,4
5/31/1930,4,30.0397245,243.23367,Summer_Hist,1930,5
6/30/1930,4,30.080544,288.2216,Summer_Hist,1930,6
7/31/1930,4,28.8186945,427.13516,Summer_Hist,1930,7
8/31/1930,4,37.409785,605.4448,Summer_Hist,1930,8
9/30/1930,4,62.59039,889.68604,Summer_Hist,1930,9
10/31/1930,4,110.8320721,1477.8865,Summer_Hist,1930,10
11/30/1930,4,168.1398949,1833.6707,Summer_Hist,1930,11
12/31/1930,4,196.406782,1919.1263,Summer_Hist,1930,12
1/31/1931,4,219.1882285,1934.336,Summer_Hist,1931,1
2/28/1931,5,170.767555,1000.56793,Summer_Hist,1931,2
3/31/1931,5,87.54118525,603.2748,Summer_Hist,1931,3
4/30/1931,5,77.5277815,572.87213,Summer_Hist,1931,4
5/31/1931,5,79.65497875,841.9359,Summer_Hist,1931,5
6/30/1931,5,106.487572,1277.89,Summer_Hist,1931,6
7/31/1931,5,155.9954749,1502.221,Summer_Hist,1931,7
8/31/1931,5,154.8455056,1616.092,Summer_Hist,1931,8
9/30/1931,5,176.187115,1736.846,Summer_Hist,1931,9
10/31/1931,5,207.268816,1554.3352,Summer_Hist,1931,10
11/30/1931,5,211.2637465,1864.4297,Summer_Hist,1931,11
12/31/1931,5,226.6791799,1960.4084,Summer_Hist,1931,12
1/31/1932,5,174.5420665,1032.8611,Summer_Hist,1932,1
2/29/1932,4,55.0892698,385.13937,Summer_Hist,1932,2
3/31/1932,5,41.0959864,277.34222,Summer_Hist,1932,3
4/30/1932,5,32.54590945,249.59793,Summer_Hist,1932,4
5/31/1932,5,61.7327509,287.14154,Summer_Hist,1932,5
6/30/1932,5,38.3783461,265.5414,Summer_Hist,1932,6
7/31/1932,5,30.68183275,314.07755,Summer_Hist,1932,7
8/31/1932,5,41.4510622,719.33466,Summer_Hist,1932,8
9/30/1932,5,96.8543896,1160.4476,Summer_Hist,1932,9
10/31/1932,5,151.4634619,1544.9403,Summer_Hist,1932,10
11/30/1932,5,191.0617638,2041.1746,Summer_Hist,1932,11
12/31/1932,5,223.130263,2268.4097,Summer_Hist,1932,12
1/31/1933,5,231.332734,1800.3578,Summer_Hist,1933,1
2/28/1933,5,173.5992694,1159.0974,Summer_Hist,1933,2
3/31/1933,5,133.2730548,863.4633,Summer_Hist,1933,3
4/30/1933,5,96.5943955,568.4787,Summer_Hist,1933,4
5/31/1933,5,81.91030345,585.10406,Summer_Hist,1933,5
6/30/1933,5,85.73787625,798.1577,Summer_Hist,1933,6
7/31/1933,5,123.5040813,1336.3127,Summer_Hist,1933,7
8/31/1933,5,177.2711695,1699.8942,Summer_Hist,1933,8
9/30/1933,5,172.4001604,1671.4183,Summer_Hist,1933,9
10/31/1933,5,190.257052,1568.3876,Summer_Hist,1933,10
11/30/1933,5,192.989119,1945.8793,Summer_Hist,1933,11
12/31/1933,5,225.1745794,2171.5264,Summer_Hist,1933,12
1/31/1934,5,197.9095386,1447.1321,Summer_Hist,1934,1
2/28/1934,5,100.4634985,696.2993,Summer_Hist,1934,2
3/31/1934,5,53.5531597,366.97064,Summer_Hist,1934,3
4/30/1934,5,30.7631575,314.6075,Summer_Hist,1934,4
5/31/1934,5,49.8348445,435.42575,Summer_Hist,1934,5
6/30/1934,5,66.7500733,924.743,Summer_Hist,1934,6
7/31/1934,5,150.519844,1781.6498,Summer_Hist,1934,7
8/31/1934,5,200.8352545,1950.6091,Summer_Hist,1934,8
9/30/1934,5,179.6054905,1696.2374,Summer_Hist,1934,9
10/31/1934,5,200.0868445,1724.0286,Summer_Hist,1934,10
11/30/1934,5,220.5854268,2087.2063,Summer_Hist,1934,11
12/31/1934,5,229.4942161,1863.4249,Summer_Hist,1934,12
1/31/1935,5,193.143247,1710.1866,Summer_Hist,1935,1
2/28/1935,4,134.2712331,666.44086,Summer_Hist,1935,2
3/31/1935,4,40.3636219,252.36693,Summer_Hist,1935,3
4/30/1935,4,29.029752,256.5854,Summer_Hist,1935,4
5/31/1935,3,28.207155,238.40454,Summer_Hist,1935,5
6/30/1935,3,28.12986,226.6665,Summer_Hist,1935,6
7/31/1935,3,23.942661,258.12448,Summer_Hist,1935,7
8/31/1935,3,23.0639805,500.47824,Summer_Hist,1935,8
9/30/1935,3,62.699032,1014.0443,Summer_Hist,1935,9
10/31/1935,3,138.5869054,1715.4807,Summer_Hist,1935,10
11/30/1935,3,178.430806,1464.3224,Summer_Hist,1935,11
12/31/1935,3,145.2582766,1759.7823,Summer_Hist,1935,12
1/31/1936,3,190.2606544,1592.0742,Summer_Hist,1936,1
2/29/1936,3,90.5533417,478.41656,Summer_Hist,1936,2
3/31/1936,2,45.2308177,235.80663,Summer_Hist,1936,3
4/30/1936,3,35.8040836,233.96227,Summer_Hist,1936,4
5/31/1936,3,31.8407425,220.10307,Summer_Hist,1936,5
6/30/1936,3,25.0865985,233.80736,Summer_Hist,1936,6
7/31/1936,3,25.842288,275.82053,Summer_Hist,1936,7
8/31/1936,3,30.4677778,732.9091,Summer_Hist,1936,8
9/30/1936,3,88.924333,1302.6813,Summer_Hist,1936,9
10/31/1936,3,129.1361886,1753.2534,Summer_Hist,1936,10
11/30/1936,3,122.434405,1254.5764,Summer_Hist,1936,11
12/31/1936,3,114.813049,1485.7992,Summer_Hist,1936,12
1/31/1937,3,200.9288485,1733.9988,Summer_Hist,1937,1
2/28/1937,4,162.980614,1188.0698,Summer_Hist,1937,2
3/31/1937,4,100.5269395,420.3478,Summer_Hist,1937,3
4/30/1937,3,58.026343,243.0109,Summer_Hist,1937,4
5/31/1937,3,30.8659057,227.02577,Summer_Hist,1937,5
6/30/1937,3,25.2377055,230.66019,Summer_Hist,1937,6
7/31/1937,3,25.0008885,275.59406,Summer_Hist,1937,7
8/31/1937,3,26.951262,590.88086,Summer_Hist,1937,8
9/30/1937,3,79.9408195,1208.6986,Summer_Hist,1937,9
10/31/1937,3,145.3424343,1714.9534,Summer_Hist,1937,10
11/30/1937,3,151.1128321,1686.4956,Summer_Hist,1937,11
12/31/1937,3,162.472288,1536.8292,Summer_Hist,1937,12
1/31/1938,3,70.8024541,457.98422,Summer_Hist,1938,1
2/28/1938,2,27.090573,223.76367,Summer_Hist,1938,2
3/31/1938,1,26.2169445,211.88976,Summer_Hist,1938,3
4/30/1938,1,16.325469,195.33401,Summer_Hist,1938,4
5/31/1938,1,15.4316535,172.40778,Summer_Hist,1938,5
6/30/1938,1,13.221813,168.65706,Summer_Hist,1938,6
7/31/1938,1,13.344198,169.78448,Summer_Hist,1938,7
8/31/1938,1,17.029443,198.64943,Summer_Hist,1938,8
9/30/1938,1,22.871901,382.3138,Summer_Hist,1938,9
10/31/1938,1,29.1286425,610.64703,Summer_Hist,1938,10
11/30/1938,1,57.1571785,929.8205,Summer_Hist,1938,11
12/31/1938,1,124.6417158,1544.5905,Summer_Hist,1938,12
1/31/1939,1,179.3556453,1372.1084,Summer_Hist,1939,1
2/28/1939,4,165.3953763,1602.2992,Summer_Hist,1939,2
3/31/1939,4,180.3922501,1114.8263,Summer_Hist,1939,3
4/30/1939,4,105.9951205,522.41986,Summer_Hist,1939,4
5/31/1939,4,62.70158275,394.61456,Summer_Hist,1939,5
6/30/1939,4,40.07709145,322.16736,Summer_Hist,1939,6
7/31/1939,4,36.11185225,577.3754,Summer_Hist,1939,7
8/31/1939,4,83.6571625,1366.8074,Summer_Hist,1939,8
9/30/1939,4,125.3663995,1588.1304,Summer_Hist,1939,9
10/31/1939,4,166.8448435,1841.6421,Summer_Hist,1939,10
11/30/1939,4,183.774727,1773.3064,Summer_Hist,1939,11
12/31/1939,4,178.6201486,1652.0907,Summer_Hist,1939,12
1/31/1940,4,220.751767,1987.5781,Summer_Hist,1940,1
2/29/1940,3,146.4620283,645.18384,Summer_Hist,1940,2
3/31/1940,2,53.3305918,243.59357,Summer_Hist,1940,3
4/30/1940,1,34.3051945,229.82413,Summer_Hist,1940,4
5/31/1940,1,32.42218525,220.54399,Summer_Hist,1940,5
6/30/1940,1,26.61051,222.71213,Summer_Hist,1940,6
7/31/1940,1,22.7275605,212.1837,Summer_Hist,1940,7
8/31/1940,1,20.479236,335.0478,Summer_Hist,1940,8
9/30/1940,1,41.7109765,666.8553,Summer_Hist,1940,9
10/31/1940,1,90.9015205,1335.72,Summer_Hist,1940,10
11/30/1940,1,154.0993585,1611.622,Summer_Hist,1940,11
12/31/1940,1,157.6649793,1745.6971,Summer_Hist,1940,12
1/31/1941,1,117.2362216,642.3727,Summer_Hist,1941,1
2/28/1941,1,43.30599895,217.62411,Summer_Hist,1941,2
3/31/1941,1,28.8825675,201.90744,Summer_Hist,1941,3
4/30/1941,1,25.86195,211.6564,Summer_Hist,1941,4
5/31/1941,1,24.975837,183.12827,Summer_Hist,1941,5
6/30/1941,1,18.931188,183.42722,Summer_Hist,1941,6
7/31/1941,1,18.564225,179.88441,Summer_Hist,1941,7
8/31/1941,1,18.77529,240.18387,Summer_Hist,1941,8
9/30/1941,1,24.3900855,425.56644,Summer_Hist,1941,9
10/31/1941,1,38.1406162,772.0996,Summer_Hist,1941,10
11/30/1941,1,77.0311405,1081.0704,Summer_Hist,1941,11
12/31/1941,1,131.5805965,1533.0602,Summer_Hist,1941,12
1/31/1942,1,86.3290375,504.32587,Summer_Hist,1942,1
2/28/1942,1,26.764083,211.58087,Summer_Hist,1942,2
3/31/1942,1,25.906611,214.32585,Summer_Hist,1942,3
4/30/1942,1,29.359923,213.57996,Summer_Hist,1942,4
5/31/1942,1,28.891209,210.25874,Summer_Hist,1942,5
6/30/1942,1,22.5996705,189.24605,Summer_Hist,1942,6
7/31/1942,1,18.9118515,174.79414,Summer_Hist,1942,7
8/31/1942,1,18.956019,246.34555,Summer_Hist,1942,8
9/30/1942,1,26.7620175,485.9266,Summer_Hist,1942,9
10/31/1942,1,45.9387235,764.2043,Summer_Hist,1942,10
11/30/1942,1,70.975717,1068.7546,Summer_Hist,1942,11
12/31/1942,1,127.4637715,1616.8656,Summer_Hist,1942,12
1/31/1943,1,130.4409955,814.98004,Summer_Hist,1943,1
2/28/1943,1,29.96676,226.89746,Summer_Hist,1943,2
3/31/1943,1,24.3120255,215.09885,Summer_Hist,1943,3
4/30/1943,1,24.0771195,203.31244,Summer_Hist,1943,4
5/31/1943,1,21.632568,205.26642,Summer_Hist,1943,5
6/30/1943,1,20.038644,207.1933,Summer_Hist,1943,6
7/31/1943,1,22.276725,215.85498,Summer_Hist,1943,7
8/31/1943,1,20.0998005,295.53265,Summer_Hist,1943,8
9/30/1943,1,34.3363849,565.92804,Summer_Hist,1943,9
10/31/1943,1,83.3707204,1405.0505,Summer_Hist,1943,10
11/30/1943,1,156.4074396,1745.6223,Summer_Hist,1943,11
12/31/1943,1,135.0638209,1734.2323,Summer_Hist,1943,12
1/31/1944,1,214.0802448,1666.6975,Summer_Hist,1944,1
2/29/1944,4,170.7176088,1417.1896,Summer_Hist,1944,2
3/31/1944,4,102.6419388,543.883,Summer_Hist,1944,3
4/30/1944,4,40.96204495,246.56114,Summer_Hist,1944,4
5/31/1944,4,37.46998555,260.88434,Summer_Hist,1944,5
6/30/1944,4,33.61310905,319.45865,Summer_Hist,1944,6
7/31/1944,4,30.87947455,356.93213,Summer_Hist,1944,7
8/31/1944,4,41.54646595,846.0411,Summer_Hist,1944,8
9/30/1944,4,104.8405998,1384.055,Summer_Hist,1944,9
10/31/1944,4,164.5845655,1890.5643,Summer_Hist,1944,10
11/30/1944,4,182.44144,1768.9254,Summer_Hist,1944,11
12/31/1944,4,153.9894796,1709.4225,Summer_Hist,1944,12
1/31/1945,4,152.0531896,1105.7758,Summer_Hist,1945,1
2/28/1945,4,80.8328125,709.9476,Summer_Hist,1945,2
3/31/1945,3,57.1537471,332.38007,Summer_Hist,1945,3
4/30/1945,3,42.43317505,242.40532,Summer_Hist,1945,4
5/31/1945,3,31.5698386,237.3237,Summer_Hist,1945,5
6/30/1945,3,27.502908,247.3387,Summer_Hist,1945,6
7/31/1945,3,27.058599,329.0164,Summer_Hist,1945,7
8/31/1945,3,39.4693603,758.4871,Summer_Hist,1945,8
9/30/1945,3,86.3239417,1231.8715,Summer_Hist,1945,9
10/31/1945,3,134.6286858,1685.8152,Summer_Hist,1945,10
11/30/1945,3,148.6907824,1737.6575,Summer_Hist,1945,11
12/31/1945,3,146.998897,1750.5753,Summer_Hist,1945,12
1/31/1946,3,69.3410539,458.31528,Summer_Hist,1946,1
2/28/1946,2,22.965864,197.1614,Summer_Hist,1946,2
3/31/1946,2,26.389473,223.72383,Summer_Hist,1946,3
4/30/1946,2,29.8491075,240.56084,Summer_Hist,1946,4
5/31/1946,3,28.7705655,238.30779,Summer_Hist,1946,5
6/30/1946,3,26.5190505,243.23659,Summer_Hist,1946,6
7/31/1946,3,27.14493,296.39142,Summer_Hist,1946,7
8/31/1946,3,34.97426905,716.5343,Summer_Hist,1946,8
9/30/1946,3,82.13256925,1281.5516,Summer_Hist,1946,9
10/31/1946,3,149.1321648,1694.8335,Summer_Hist,1946,10
11/30/1946,3,146.5465878,1707.5127,Summer_Hist,1946,11
12/31/1946,3,149.2508815,1719.8136,Summer_Hist,1946,12
1/31/1947,3,210.6606295,1513.0242,Summer_Hist,1947,1
2/28/1947,4,160.2069484,1359.1631,Summer_Hist,1947,2
3/31/1947,4,143.6994406,716.15955,Summer_Hist,1947,3
4/30/1947,4,44.69499775,273.7885,Summer_Hist,1947,4
5/31/1947,5,29.860254,257.0052,Summer_Hist,1947,5
6/30/1947,5,31.28449945,332.60013,Summer_Hist,1947,6
7/31/1947,5,34.99538755,459.796,Summer_Hist,1947,7
8/31/1947,5,43.3927387,664.5182,Summer_Hist,1947,8
9/30/1947,5,77.3701594,1056.1653,Summer_Hist,1947,9
10/31/1947,5,132.2337595,1678.7114,Summer_Hist,1947,10
11/30/1947,5,199.7222554,2170.4783,Summer_Hist,1947,11
12/31/1947,5,215.6565085,2241.976,Summer_Hist,1947,12
1/31/1948,5,224.278528,1716.2401,Summer_Hist,1948,1
2/29/1948,4,151.6770865,1180.2861,Summer_Hist,1948,2
3/31/1948,5,78.96095245,597.22644,Summer_Hist,1948,3
4/30/1948,4,47.6621356,368.69348,Summer_Hist,1948,4
5/31/1948,3,31.9206964,240.26266,Summer_Hist,1948,5
6/30/1948,3,27.0389145,220.2929,Summer_Hist,1948,6
7/31/1948,3,21.768747,221.8515,Summer_Hist,1948,7
8/31/1948,3,22.9627755,483.9708,Summer_Hist,1948,8
9/30/1948,3,93.6783211,1292.7632,Summer_Hist,1948,9
10/31/1948,3,167.8268965,1655.861,Summer_Hist,1948,10
11/30/1948,3,157.1770308,1677.0852,Summer_Hist,1948,11
12/31/1948,3,160.724668,1750.6266,Summer_Hist,1948,12
1/31/1949,3,195.327601,1371.6086,Summer_Hist,1949,1
2/28/1949,4,142.2831018,1229.1803,Summer_Hist,1949,2
3/31/1949,5,138.0410478,741.2807,Summer_Hist,1949,3
4/30/1949,4,45.498028,270.17804,Summer_Hist,1949,4
5/31/1949,4,26.813361,242.9932,Summer_Hist,1949,5
6/30/1949,4,28.026135,273.0308,Summer_Hist,1949,6
7/31/1949,4,25.814175,354.38504,Summer_Hist,1949,7
8/31/1949,4,30.8577376,588.3187,Summer_Hist,1949,8
9/30/1949,4,59.597263,883.8002,Summer_Hist,1949,9
10/31/1949,4,126.358342,1806.5321,Summer_Hist,1949,10
11/30/1949,4,180.9262261,1809.1198,Summer_Hist,1949,11
12/31/1949,4,169.6318129,1798.2017,Summer_Hist,1949,12
1/31/1950,4,196.6348675,1729.8353,Summer_Hist,1950,1
2/28/1950,4,125.281783,717.5604,Summer_Hist,1950,2
3/31/1950,4,42.605506,273.52243,Summer_Hist,1950,3
4/30/1950,4,26.0601,242.84691,Summer_Hist,1950,4
5/31/1950,4,27.946632,246.8186,Summer_Hist,1950,5
6/30/1950,4,27.142776,267.04446,Summer_Hist,1950,6
7/31/1950,4,25.8013275,306.69583,Summer_Hist,1950,7
8/31/1950,4,43.369021,909.6664,Summer_Hist,1950,8
9/30/1950,4,125.468059,1630.2118,Summer_Hist,1950,9
10/31/1950,4,155.594212,1715.2415,Summer_Hist,1950,10
11/30/1950,4,160.139563,1734.4368,Summer_Hist,1950,11
12/31/1950,4,106.9978645,917.8908,Summer_Hist,1950,12
1/31/1951,4,37.7934805,228.3502,Summer_Hist,1951,1
2/28/1951,1,27.7936155,201.03249,Summer_Hist,1951,2
3/31/1951,1,26.5142625,209.9299,Summer_Hist,1951,3
4/30/1951,1,26.39961,214.02863,Summer_Hist,1951,4
5/31/1951,1,25.230306,221.21968,Summer_Hist,1951,5
6/30/1951,1,23.587935,218.77876,Summer_Hist,1951,6
7/31/1951,1,22.2367545,207.56816,Summer_Hist,1951,7
8/31/1951,1,20.42268,330.87875,Summer_Hist,1951,8
9/30/1951,1,45.1015645,724.0935,Summer_Hist,1951,9
10/31/1951,1,85.7687845,1216.8746,Summer_Hist,1951,10
11/30/1951,1,145.7848825,1713.0908,Summer_Hist,1951,11
12/31/1951,1,143.9054785,1738.7249,Summer_Hist,1951,12
1/31/1952,1,128.5946145,734.6422,Summer_Hist,1952,1
2/29/1952,1,47.16471655,230.82602,Summer_Hist,1952,2
3/31/1952,1,29.655162,219.50395,Summer_Hist,1952,3
4/30/1952,1,27.34479,207.76128,Summer_Hist,1952,4
5/31/1952,1,20.90607,198.30592,Summer_Hist,1952,5
6/30/1952,1,16.896126,176.42581,Summer_Hist,1952,6
7/31/1952,1,14.7863805,169.00237,Summer_Hist,1952,7
8/31/1952,1,15.856068,188.45967,Summer_Hist,1952,8
9/30/1952,1,20.390565,283.32315,Summer_Hist,1952,9
10/31/1952,1,23.2734945,322.56778,Summer_Hist,1952,10
11/30/1952,1,25.201497,503.9941,Summer_Hist,1952,11
12/31/1952,1,76.5371044,1237.1724,Summer_Hist,1952,12
1/31/1953,1,79.0905277,444.7314,Summer_Hist,1953,1
2/28/1953,1,21.519234,211.31715,Summer_Hist,1953,2
3/31/1953,2,22.55292,222.17876,Summer_Hist,1953,3
4/30/1953,2,27.622719,240.54292,Summer_Hist,1953,4
5/31/1953,2,29.5785045,238.7615,Summer_Hist,1953,5
6/30/1953,2,27.089145,217.20947,Summer_Hist,1953,6
7/31/1953,2,23.349939,205.76294,Summer_Hist,1953,7
8/31/1953,2,20.877303,348.02155,Summer_Hist,1953,8
9/30/1953,2,52.17836245,871.76276,Summer_Hist,1953,9
10/31/1953,2,119.350876,1693.5413,Summer_Hist,1953,10
11/30/1953,2,177.3203406,1711.339,Summer_Hist,1953,11
12/31/1953,2,170.711011,1749.5862,Summer_Hist,1953,12
1/31/1954,2,219.004945,1736.7253,Summer_Hist,1954,1
2/28/1954,2,135.649285,803.1225,Summer_Hist,1954,2
3/31/1954,2,30.8265757,241.87956,Summer_Hist,1954,3
4/30/1954,2,24.0235155,239.04301,Summer_Hist,1954,4
5/31/1954,2,27.889545,230.42177,Summer_Hist,1954,5
6/30/1954,2,26.70624,236.32545,Summer_Hist,1954,6
7/31/1954,2,23.786724,237.39664,Summer_Hist,1954,7
8/31/1954,2,21.914808,404.36438,Summer_Hist,1954,8
9/30/1954,2,54.3353365,854.8965,Summer_Hist,1954,9
10/31/1954,2,103.1581735,1348.6832,Summer_Hist,1954,10
11/30/1954,2,157.1051395,1641.2864,Summer_Hist,1954,11
12/31/1954,2,170.7460945,1742.3004,Summer_Hist,1954,12
1/31/1955,2,162.825631,1007.8966,Summer_Hist,1955,1
2/28/1955,3,52.879357,416.57098,Summer_Hist,1955,2
3/31/1955,4,36.2248063,314.99503,Summer_Hist,1955,3
4/30/1955,4,31.03369945,297.81036,Summer_Hist,1955,4
5/31/1955,4,44.4051898,296.2545,Summer_Hist,1955,5
6/30/1955,4,41.49322795,304.14,Summer_Hist,1955,6
7/31/1955,4,36.338128,401.81854,Summer_Hist,1955,7
8/31/1955,4,38.5754578,705.75586,Summer_Hist,1955,8
9/30/1955,4,72.77265625,1058.1364,Summer_Hist,1955,9
10/31/1955,4,140.913748,1790.2435,Summer_Hist,1955,10
11/30/1955,4,176.5684165,1670.3065,Summer_Hist,1955,11
12/31/1955,4,160.389927,1772.8962,Summer_Hist,1955,12
1/31/1956,4,95.8643395,542.5895,Summer_Hist,1956,1
2/29/1956,1,33.6954655,190.61145,Summer_Hist,1956,2
3/31/1956,1,27.025227,192.28802,Summer_Hist,1956,3
4/30/1956,1,23.79312,211.60754,Summer_Hist,1956,4
5/31/1956,1,22.1710425,216.43259,Summer_Hist,1956,5
6/30/1956,1,19.3102755,193.02211,Summer_Hist,1956,6
7/31/1956,1,19.2434625,180.53523,Summer_Hist,1956,7
8/31/1956,1,18.67332,245.71211,Summer_Hist,1956,8
9/30/1956,1,24.8055705,419.68274,Summer_Hist,1956,9
10/31/1956,1,30.106365,557.77277,Summer_Hist,1956,10
11/30/1956,1,45.98331745,713.0249,Summer_Hist,1956,11
12/31/1956,1,103.588267,1325.597,Summer_Hist,1956,12
1/31/1957,1,182.3733535,1477.3391,Summer_Hist,1957,1
2/28/1957,3,170.979652,1540.5157,Summer_Hist,1957,2
3/31/1957,3,109.991818,586.9673,Summer_Hist,1957,3
4/30/1957,3,34.5097105,238.50899,Summer_Hist,1957,4
5/31/1957,3,30.6561685,242.30197,Summer_Hist,1957,5
6/30/1957,3,29.6355705,244.77785,Summer_Hist,1957,6
7/31/1957,3,25.6102455,289.51315,Summer_Hist,1957,7
8/31/1957,3,38.501392,764.71436,Summer_Hist,1957,8
9/30/1957,3,85.11150895,1314.3334,Summer_Hist,1957,9
10/31/1957,3,149.749147,1667.4862,Summer_Hist,1957,10
11/30/1957,3,198.3160825,1533.9271,Summer_Hist,1957,11
12/31/1957,3,160.9059679,1171.2479,Summer_Hist,1957,12
1/31/1958,3,184.7391385,950.34,Summer_Hist,1958,1
2/28/1958,2,45.6637441,269.10727,Summer_Hist,1958,2
3/31/1958,1,33.0307942,236.81711,Summer_Hist,1958,3
4/30/1958,1,29.610516,210.99925,Summer_Hist,1958,4
5/31/1958,1,30.46070695,187.09425,Summer_Hist,1958,5
6/30/1958,1,22.2332925,169.49158,Summer_Hist,1958,6
7/31/1958,1,16.0797495,158.41333,Summer_Hist,1958,7
8/31/1958,1,16.654344,203.96738,Summer_Hist,1958,8
9/30/1958,1,21.907857,326.2899,Summer_Hist,1958,9
10/31/1958,1,25.1863125,341.37796,Summer_Hist,1958,10
11/30/1958,1,23.60508,426.10245,Summer_Hist,1958,11
12/31/1958,1,67.851376,1062.8966,Summer_Hist,1958,12
1/31/1959,1,210.24775,1755.8507,Summer_Hist,1959,1
2/28/1959,3,152.4945349,874.5575,Summer_Hist,1959,2
3/31/1959,3,41.8658113,254.39433,Summer_Hist,1959,3
4/30/1959,3,29.4359295,240.12312,Summer_Hist,1959,4
5/31/1959,3,29.244195,257.7977,Summer_Hist,1959,5
6/30/1959,3,28.6857,327.53058,Summer_Hist,1959,6
7/31/1959,3,29.6125575,405.33313,Summer_Hist,1959,7
8/31/1959,3,41.03412145,727.2329,Summer_Hist,1959,8
9/30/1959,3,81.4957111,1265.2566,Summer_Hist,1959,9
10/31/1959,3,157.936798,1636.7883,Summer_Hist,1959,10
11/30/1959,3,150.391879,1661.7153,Summer_Hist,1959,11
12/31/1959,3,167.990572,1639.0254,Summer_Hist,1959,12
1/31/1960,3,204.2835094,1719.375,Summer_Hist,1960,1
2/29/1960,5,181.2047025,1315.2944,Summer_Hist,1960,2
3/31/1960,4,98.6200045,493.63654,Summer_Hist,1960,3
4/30/1960,4,34.31039005,249.19087,Summer_Hist,1960,4
5/31/1960,4,31.413043,264.35956,Summer_Hist,1960,5
6/30/1960,4,31.4584492,340.46555,Summer_Hist,1960,6
7/31/1960,4,30.32523505,430.63788,Summer_Hist,1960,7
8/31/1960,4,77.9349325,1385.2325,Summer_Hist,1960,8
9/30/1960,4,140.772445,1521.7313,Summer_Hist,1960,9
10/31/1960,4,164.1573391,1814.1212,Summer_Hist,1960,10
11/30/1960,4,169.464079,1572.8175,Summer_Hist,1960,11
12/31/1960,4,153.2702365,1716.9022,Summer_Hist,1960,12
1/31/1961,4,190.0970245,1635.6802,Summer_Hist,1961,1
2/28/1961,4,154.8132379,1206.6595,Summer_Hist,1961,2
3/31/1961,4,86.2587622,476.67014,Summer_Hist,1961,3
4/30/1961,4,28.3518225,244.74234,Summer_Hist,1961,4
5/31/1961,4,28.1146095,264.2558,Summer_Hist,1961,5
6/30/1961,4,31.52679505,315.16336,Summer_Hist,1961,6
7/31/1961,4,30.208026,410.376,Summer_Hist,1961,7
8/31/1961,4,47.16896305,835.98956,Summer_Hist,1961,8
9/30/1961,4,92.70992245,1248.6681,Summer_Hist,1961,9
10/31/1961,4,153.7339116,1887.2496,Summer_Hist,1961,10
11/30/1961,4,200.3859976,1818.2228,Summer_Hist,1961,11
12/31/1961,4,178.252681,1800.3086,Summer_Hist,1961,12
1/31/1962,4,218.946805,1613.1997,Summer_Hist,1962,1
2/28/1962,4,141.6307795,1127.2368,Summer_Hist,1962,2
3/31/1962,3,109.011589,462.92874,Summer_Hist,1962,3
4/30/1962,3,52.09790125,244.08922,Summer_Hist,1962,4
5/31/1962,3,29.5589175,245.96895,Summer_Hist,1962,5
6/30/1962,3,26.690991,275.29547,Summer_Hist,1962,6
7/31/1962,3,27.1048605,349.5212,Summer_Hist,1962,7
8/31/1962,3,36.586933,739.4486,Summer_Hist,1962,8
9/30/1962,3,95.7433114,1314.9318,Summer_Hist,1962,9
10/31/1962,3,163.0892275,1768.2863,Summer_Hist,1962,10
11/30/1962,3,133.0816231,974.8944,Summer_Hist,1962,11
12/31/1962,3,25.5925875,477.9624,Summer_Hist,1962,12
1/31/1963,3,67.38142525,591.0503,Summer_Hist,1963,1
2/28/1963,2,29.1847545,319.48825,Summer_Hist,1963,2
3/31/1963,3,29.0033295,254.20633,Summer_Hist,1963,3
4/30/1963,2,26.959296,241.7802,Summer_Hist,1963,4
5/31/1963,1,27.2208945,222.09027,Summer_Hist,1963,5
6/30/1963,1,25.0129845,210.40652,Summer_Hist,1963,6
7/31/1963,1,21.157095,213.73584,Summer_Hist,1963,7
8/31/1963,1,20.8222305,303.37225,Summer_Hist,1963,8
9/30/1963,1,38.4255022,621.95197,Summer_Hist,1963,9
10/31/1963,1,91.9596058,1323.2416,Summer_Hist,1963,10
11/30/1963,1,155.04667,1696.2689,Summer_Hist,1963,11
12/31/1963,1,140.0241319,1349.9113,Summer_Hist,1963,12
1/31/1964,1,137.4097015,1106.6754,Summer_Hist,1964,1
2/29/1964,2,143.693011,890.63257,Summer_Hist,1964,2
3/31/1964,3,53.785372,350.0546,Summer_Hist,1964,3
4/30/1964,4,34.1596735,305.1504,Summer_Hist,1964,4
5/31/1964,4,35.7158647,316.71536,Summer_Hist,1964,5
6/30/1964,4,37.11309145,322.94418,Summer_Hist,1964,6
7/31/1964,4,32.32834045,372.42038,Summer_Hist,1964,7
8/31/1964,4,63.91021645,1266.3456,Summer_Hist,1964,8
9/30/1964,4,142.447068,1577.6484,Summer_Hist,1964,9
10/31/1964,4,158.0501995,1796.2222,Summer_Hist,1964,10
11/30/1964,4,174.2433723,1735.7502,Summer_Hist,1964,11
12/31/1964,4,166.817968,1701.377,Summer_Hist,1964,12
1/31/1965,4,80.760565,464.86063,Summer_Hist,1965,1
2/28/1965,1,25.0303065,212.45593,Summer_Hist,1965,2
3/31/1965,1,26.0702385,222.7964,Summer_Hist,1965,3
4/30/1965,1,30.5504563,230.86209,Summer_Hist,1965,4
5/31/1965,1,28.430196,210.72829,Summer_Hist,1965,5
6/30/1965,1,21.487974,204.66278,Summer_Hist,1965,6
7/31/1965,1,21.339864,207.62148,Summer_Hist,1965,7
8/31/1965,1,21.5455335,288.93607,Summer_Hist,1965,8
9/30/1965,1,35.8212349,548.06055,Summer_Hist,1965,9
10/31/1965,1,69.4955638,1202.1858,Summer_Hist,1965,10
11/30/1965,1,134.7734515,1787.7264,Summer_Hist,1965,11
12/31/1965,1,112.3470381,1090.8109,Summer_Hist,1965,12
1/31/1966,1,79.4716183,887.6008,Summer_Hist,1966,1
2/28/1966,2,97.1951071,601.0261,Summer_Hist,1966,2
3/31/1966,3,37.7310256,242.7196,Summer_Hist,1966,3
4/30/1966,3,29.2491255,232.58473,Summer_Hist,1966,4
5/31/1966,3,28.673973,249.19572,Summer_Hist,1966,5
6/30/1966,3,27.276462,278.4903,Summer_Hist,1966,6
7/31/1966,3,27.22794,365.93027,Summer_Hist,1966,7
8/31/1966,3,39.0206563,724.68665,Summer_Hist,1966,8
9/30/1966,3,80.2058695,1280.6835,Summer_Hist,1966,9
10/31/1966,3,162.4924261,1736.4938,Summer_Hist,1966,10
11/30/1966,3,158.3504641,1691.2909,Summer_Hist,1966,11
12/31/1966,3,154.2171291,1713.0552,Summer_Hist,1966,12
1/31/1967,3,115.755601,651.9933,Summer_Hist,1967,1
2/28/1967,1,36.4839853,237.72247,Summer_Hist,1967,2
3/31/1967,2,27.762336,236.25072,Summer_Hist,1967,3
4/30/1967,1,28.9846155,231.13353,Summer_Hist,1967,4
5/31/1967,1,27.93216,221.17609,Summer_Hist,1967,5
6/30/1967,1,20.7966315,194.38795,Summer_Hist,1967,6
7/31/1967,1,16.709493,158.421,Summer_Hist,1967,7
8/31/1967,1,14.6375865,193.31642,Summer_Hist,1967,8
9/30/1967,1,19.9547175,238.4732,Summer_Hist,1967,9
10/31/1967,1,22.2097845,310.78415,Summer_Hist,1967,10
11/30/1967,1,23.078973,470.7763,Summer_Hist,1967,11
12/31/1967,1,66.1228282,1218.8798,Summer_Hist,1967,12
1/31/1968,1,217.644982,1669.864,Summer_Hist,1968,1
2/29/1968,3,143.326444,802.3039,Summer_Hist,1968,2
3/31/1968,3,35.65026625,249.94147,Summer_Hist,1968,3
4/30/1968,3,27.233355,238.82875,Summer_Hist,1968,4
5/31/1968,3,28.7622,244.63736,Summer_Hist,1968,5
6/30/1968,3,29.148729,291.19296,Summer_Hist,1968,6
7/31/1968,3,28.0185705,453.24506,Summer_Hist,1968,7
8/31/1968,3,35.4955825,737.4926,Summer_Hist,1968,8
9/30/1968,3,69.9514441,1152.0084,Summer_Hist,1968,9
10/31/1968,3,131.447986,1558.6876,Summer_Hist,1968,10
11/30/1968,3,152.2503925,1700.9805,Summer_Hist,1968,11
12/31/1968,3,161.6007409,1718.1895,Summer_Hist,1968,12
1/31/1969,3,151.7605516,944.5686,Summer_Hist,1969,1
2/28/1969,1,34.54332625,243.08757,Summer_Hist,1969,2
3/31/1969,1,21.704586,192.39232,Summer_Hist,1969,3
4/30/1969,1,19.842087,185.88281,Summer_Hist,1969,4
5/31/1969,1,15.1081995,178.18365,Summer_Hist,1969,5
6/30/1969,1,12.07026,175.44023,Summer_Hist,1969,6
7/31/1969,1,12.323286,171.78157,Summer_Hist,1969,7
8/31/1969,1,18.6348495,218.35066,Summer_Hist,1969,8
9/30/1969,1,25.559313,371.90408,Summer_Hist,1969,9
10/31/1969,1,26.935254,426.7049,Summer_Hist,1969,10
11/30/1969,1,27.8968695,584.89557,Summer_Hist,1969,11
12/31/1969,1,73.28184295,1188.379,Summer_Hist,1969,12
1/31/1970,1,65.7650278,428.2129,Summer_Hist,1970,1
2/28/1970,1,21.8677155,208.57475,Summer_Hist,1970,2
3/31/1970,1,17.8687935,193.52792,Summer_Hist,1970,3
4/30/1970,1,24.8474925,202.80394,Summer_Hist,1970,4
5/31/1970,1,25.3535595,230.7661,Summer_Hist,1970,5
6/30/1970,1,27.2825595,269.61655,Summer_Hist,1970,6
7/31/1970,1,24.1512225,234.71939,Summer_Hist,1970,7
8/31/1970,1,20.768541,329.1374,Summer_Hist,1970,8
9/30/1970,1,50.79302305,748.97144,Summer_Hist,1970,9
10/31/1970,1,86.95413655,1215.7163,Summer_Hist,1970,10
11/30/1970,1,142.7821225,1708.881,Summer_Hist,1970,11
12/31/1970,1,102.9592264,1235.9161,Summer_Hist,1970,12
1/31/1971,1,54.6355726,367.21042,Summer_Hist,1971,1
2/28/1971,1,23.72727,208.08296,Summer_Hist,1971,2
3/31/1971,1,24.080619,228.53609,Summer_Hist,1971,3
4/30/1971,1,24.0047955,238.68575,Summer_Hist,1971,4
5/31/1971,1,25.5105375,232.13776,Summer_Hist,1971,5
6/30/1971,1,25.830771,220.6185,Summer_Hist,1971,6
7/31/1971,1,22.2325875,210.8167,Summer_Hist,1971,7
8/31/1971,1,20.453718,328.68097,Summer_Hist,1971,8
9/30/1971,1,40.5283348,725.55896,Summer_Hist,1971,9
10/31/1971,1,95.87216275,1423.4077,Summer_Hist,1971,10
11/30/1971,1,181.6137801,1751.1685,Summer_Hist,1971,11
12/31/1971,1,193.1131054,1743.3129,Summer_Hist,1971,12
1/31/1972,1,204.3621865,1217.4059,Summer_Hist,1972,1
2/29/1972,3,84.2270428,749.0755,Summer_Hist,1972,2
3/31/1972,3,71.0201428,540.76025,Summer_Hist,1972,3
4/30/1972,3,33.6739309,256.95255,Summer_Hist,1972,4
5/31/1972,3,27.393009,244.1978,Summer_Hist,1972,5
6/30/1972,3,29.3768745,313.36472,Summer_Hist,1972,6
7/31/1972,3,30.307699,484.83136,Summer_Hist,1972,7
8/31/1972,3,33.10484575,749.99725,Summer_Hist,1972,8
9/30/1972,3,69.9271963,1138.0695,Summer_Hist,1972,9
10/31/1972,3,147.2666374,1675.9933,Summer_Hist,1972,10
11/30/1972,3,159.2808723,1651.3699,Summer_Hist,1972,11
12/31/1972,3,116.992843,1244.6052,Summer_Hist,1972,12
1/31/1973,3,66.7644715,506.49472,Summer_Hist,1973,1
2/28/1973,2,33.5329357,247.66457,Summer_Hist,1973,2
3/31/1973,2,26.223033,240.80925,Summer_Hist,1973,3
4/30/1973,1,36.09141205,232.34697,Summer_Hist,1973,4
5/31/1973,2,29.89572,231.07964,Summer_Hist,1973,5
6/30/1973,2,26.082564,235.2948,Summer_Hist,1973,6
7/31/1973,2,23.197458,211.23097,Summer_Hist,1973,7
8/31/1973,2,21.921039,344.88318,Summer_Hist,1973,8
9/30/1973,2,39.59048245,694.7782,Summer_Hist,1973,9
10/31/1973,2,87.7013923,1382.4122,Summer_Hist,1973,10
11/30/1973,2,153.6215931,1734.2357,Summer_Hist,1973,11
12/31/1973,2,71.32393855,775.5831,Summer_Hist,1973,12
1/31/1974,2,27.695577,222.32874,Summer_Hist,1974,1
2/28/1974,1,20.5177095,200.75172,Summer_Hist,1974,2
3/31/1974,1,20.828691,204.79039,Summer_Hist,1974,3
4/30/1974,1,26.0209905,203.679,Summer_Hist,1974,4
5/31/1974,1,22.3657725,179.26271,Summer_Hist,1974,5
6/30/1974,1,18.82662,187.80977,Summer_Hist,1974,6
7/31/1974,1,20.277129,185.94792,Summer_Hist,1974,7
8/31/1974,1,18.7536735,242.43523,Summer_Hist,1974,8
9/30/1974,1,25.2128265,463.71774,Summer_Hist,1974,9
10/31/1974,1,45.90784945,674.51746,Summer_Hist,1974,10
11/30/1974,1,51.3269107,616.8422,Summer_Hist,1974,11
12/31/1974,1,77.9804983,1023.1086,Summer_Hist,1974,12
1/31/1975,1,219.8414058,1546.4834,Summer_Hist,1975,1
2/28/1975,3,196.8372175,1331.6499,Summer_Hist,1975,2
3/31/1975,3,75.1476325,427.36322,Summer_Hist,1975,3
4/30/1975,2,28.44867,228.94829,Summer_Hist,1975,4
5/31/1975,1,24.3201855,215.46272,Summer_Hist,1975,5
6/30/1975,1,22.8823905,206.4455,Summer_Hist,1975,6
7/31/1975,1,21.091551,190.77512,Summer_Hist,1975,7
8/31/1975,1,19.3707255,268.82608,Summer_Hist,1975,8
9/30/1975,1,31.5051721,603.50183,Summer_Hist,1975,9
10/31/1975,1,68.23394005,1093.3949,Summer_Hist,1975,10
11/30/1975,1,93.27862,848.9576,Summer_Hist,1975,11
12/31/1975,1,78.38063545,934.9107,Summer_Hist,1975,12
1/31/1976,1,216.3503296,1588.7408,Summer_Hist,1976,1
2/29/1976,4,187.6530184,1488.7397,Summer_Hist,1976,2
3/31/1976,4,142.308823,989.9702,Summer_Hist,1976,3
4/30/1976,5,93.6292498,594.5866,Summer_Hist,1976,4
5/31/1976,5,72.97249825,602.85095,Summer_Hist,1976,5
6/30/1976,5,88.6637974,898.89874,Summer_Hist,1976,6
7/31/1976,5,129.570691,1737.7806,Summer_Hist,1976,7
8/31/1976,5,144.8021626,1730.7458,Summer_Hist,1976,8
9/30/1976,5,120.8475165,1384.5563,Summer_Hist,1976,9
10/31/1976,5,157.360357,1917.7799,Summer_Hist,1976,10
11/30/1976,5,221.3308728,2176.1848,Summer_Hist,1976,11
12/31/1976,5,221.7113335,1798.1414,Summer_Hist,1976,12
1/31/1977,5,221.1329688,1910.293,Summer_Hist,1977,1
2/28/1977,5,200.147464,1144.1274,Summer_Hist,1977,2
3/31/1977,5,110.1919878,544.0735,Summer_Hist,1977,3
4/30/1977,5,94.181215,673.24066,Summer_Hist,1977,4
5/31/1977,5,92.14453375,898.5909,Summer_Hist,1977,5
6/30/1977,5,121.5301,1116.2527,Summer_Hist,1977,6
7/31/1977,5,154.7880895,1428.9156,Summer_Hist,1977,7
8/31/1977,5,171.394498,1680.4858,Summer_Hist,1977,8
9/30/1977,5,153.209218,1507.7083,Summer_Hist,1977,9
10/31/1977,5,192.3812995,1762.4857,Summer_Hist,1977,10
11/30/1977,5,222.0088251,2045.5181,Summer_Hist,1977,11
12/31/1977,5,223.1523904,1764.1565,Summer_Hist,1977,12
1/31/1978,5,211.4015725,1608.8822,Summer_Hist,1978,1
2/28/1978,3,87.9553045,474.93826,Summer_Hist,1978,2
3/31/1978,2,57.0970834,230.48486,Summer_Hist,1978,3
4/30/1978,2,37.2556456,223.12914,Summer_Hist,1978,4
5/31/1978,2,24.956433,207.49515,Summer_Hist,1978,5
6/30/1978,2,19.18989,207.72363,Summer_Hist,1978,6
7/31/1978,2,19.839297,193.05348,Summer_Hist,1978,7
8/31/1978,2,21.382656,279.4941,Summer_Hist,1978,8
9/30/1978,2,33.40805725,695.1951,Summer_Hist,1978,9
10/31/1978,2,63.4879177,1036.9476,Summer_Hist,1978,10
11/30/1978,2,85.08979195,1117.5674,Summer_Hist,1978,11
12/31/1978,2,151.284841,1723.9651,Summer_Hist,1978,12
1/31/1979,2,197.4968956,1558.3157,Summer_Hist,1979,1
2/28/1979,4,114.894616,697.00726,Summer_Hist,1979,2
3/31/1979,3,48.1437514,263.72992,Summer_Hist,1979,3
4/30/1979,4,44.29220725,238.02304,Summer_Hist,1979,4
5/31/1979,3,31.331989,234.76805,Summer_Hist,1979,5
6/30/1979,3,27.22449,244.86449,Summer_Hist,1979,6
7/31/1979,3,24.7878015,248.71068,Summer_Hist,1979,7
8/31/1979,3,32.0489236,744.5474,Summer_Hist,1979,8
9/30/1979,3,88.75192225,1282.1289,Summer_Hist,1979,9
10/31/1979,3,125.9533855,1764.7838,Summer_Hist,1979,10
11/30/1979,3,150.8671735,1705.3888,Summer_Hist,1979,11
12/31/1979,3,151.8052225,1706.853,Summer_Hist,1979,12
1/31/1980,3,219.7084675,1737.4362,Summer_Hist,1980,1
2/29/1980,2,69.740413,339.25568,Summer_Hist,1980,2
3/31/1980,1,24.202986,194.76512,Summer_Hist,1980,3
4/30/1980,1,22.43349,200.04466,Summer_Hist,1980,4
5/31/1980,1,19.9651635,211.63329,Summer_Hist,1980,5
6/30/1980,1,21.687114,239.2955,Summer_Hist,1980,6
7/31/1980,1,23.28006,220.21442,Summer_Hist,1980,7
8/31/1980,1,22.305063,236.58275,Summer_Hist,1980,8
9/30/1980,1,29.549661,485.18726,Summer_Hist,1980,9
10/31/1980,1,66.1068853,1288.3304,Summer_Hist,1980,10
11/30/1980,1,138.8898205,1798.9431,Summer_Hist,1980,11
12/31/1980,1,138.303946,1746.4247,Summer_Hist,1980,12
1/31/1981,1,220.3913161,1699.8323,Summer_Hist,1981,1
2/28/1981,3,132.2451025,794.57874,Summer_Hist,1981,2
3/31/1981,4,41.2775656,270.9875,Summer_Hist,1981,3
4/30/1981,4,28.8394275,234.09818,Summer_Hist,1981,4
5/31/1981,4,28.793211,242.642,Summer_Hist,1981,5
6/30/1981,4,28.9322805,298.57132,Summer_Hist,1981,6
7/31/1981,4,29.41011,442.32965,Summer_Hist,1981,7
8/31/1981,4,77.13916405,1406.5317,Summer_Hist,1981,8
9/30/1981,4,140.688484,1586.7395,Summer_Hist,1981,9
10/31/1981,4,154.4842795,1806.5009,Summer_Hist,1981,10
11/30/1981,4,167.7767365,1716.8982,Summer_Hist,1981,11
12/31/1981,4,168.6435355,1420.0629,Summer_Hist,1981,12
1/31/1982,4,45.862372,294.4436,Summer_Hist,1982,1
2/28/1982,1,29.130465,214.7837,Summer_Hist,1982,2
3/31/1982,1,26.7362955,211.01314,Summer_Hist,1982,3
4/30/1982,1,26.7133755,180.70468,Summer_Hist,1982,4
5/31/1982,1,18.9923445,174.43991,Summer_Hist,1982,5
6/30/1982,1,15.0467745,172.27498,Summer_Hist,1982,6
7/31/1982,1,14.278503,168.53523,Summer_Hist,1982,7
8/31/1982,1,18.163245,204.63454,Summer_Hist,1982,8
9/30/1982,1,20.7795435,275.00354,Summer_Hist,1982,9
10/31/1982,1,18.874407,226.44771,Summer_Hist,1982,10
11/30/1982,1,17.211822,222.15125,Summer_Hist,1982,11
12/31/1982,1,23.4945195,207.82382,Summer_Hist,1982,12
1/31/1983,1,25.7689995,199.21016,Summer_Hist,1983,1
2/28/1983,1,15.6569205,190.38928,Summer_Hist,1983,2
3/31/1983,1,11.31405,188.885,Summer_Hist,1983,3
4/30/1983,1,6.7898445,191.82751,Summer_Hist,1983,4
5/31/1983,1,3.603249,169.5632,Summer_Hist,1983,5
6/30/1983,1,6.842199,167.04178,Summer_Hist,1983,6
7/31/1983,1,9.3859755,163.89447,Summer_Hist,1983,7
8/31/1983,1,12.1914165,165.31918,Summer_Hist,1983,8
9/30/1983,1,15.610458,201.36179,Summer_Hist,1983,9
10/31/1983,1,17.1696915,241.4978,Summer_Hist,1983,10
11/30/1983,1,18.056388,233.3717,Summer_Hist,1983,11
12/31/1983,1,25.078665,219.37723,Summer_Hist,1983,12
1/31/1984,1,22.5359685,210.35771,Summer_Hist,1984,1
2/29/1984,1,20.4509745,183.62376,Summer_Hist,1984,2
3/31/1984,1,21.39399,201.41278,Summer_Hist,1984,3
4/30/1984,1,25.0126335,208.99507,Summer_Hist,1984,4
5/31/1984,1,24.122022,224.66176,Summer_Hist,1984,5
6/30/1984,1,22.6113945,233.01706,Summer_Hist,1984,6
7/31/1984,1,22.296798,206.21944,Summer_Hist,1984,7
8/31/1984,1,20.3771625,313.10037,Summer_Hist,1984,8
9/30/1984,1,38.51465305,595.8742,Summer_Hist,1984,9
10/31/1984,1,83.60809975,1371.1399,Summer_Hist,1984,10
11/30/1984,1,155.150011,1713.5493,Summer_Hist,1984,11
12/31/1984,1,133.8859045,993.3017,Summer_Hist,1984,12
1/31/1985,1,43.83786025,328.61725,Summer_Hist,1985,1
2/28/1985,3,26.43894,330.18243,Summer_Hist,1985,2
3/31/1985,3,31.844761,418.97437,Summer_Hist,1985,3
4/30/1985,3,35.6282956,288.6231,Summer_Hist,1985,4
5/31/1985,4,38.99802445,282.176,Summer_Hist,1985,5
6/30/1985,4,36.877918,325.42197,Summer_Hist,1985,6
7/31/1985,4,31.03631575,400.37717,Summer_Hist,1985,7
8/31/1985,4,72.23027845,1372.8606,Summer_Hist,1985,8
9/30/1985,4,136.2247114,1576.8793,Summer_Hist,1985,9
10/31/1985,4,138.2289141,1709.9242,Summer_Hist,1985,10
11/30/1985,4,160.9876546,1725.7659,Summer_Hist,1985,11
12/31/1985,4,163.2498421,1708.4792,Summer_Hist,1985,12
1/31/1986,4,223.4497195,1743.4604,Summer_Hist,1986,1
2/28/1986,3,131.2044051,726.5264,Summer_Hist,1986,2
3/31/1986,1,48.74887195,238.69888,Summer_Hist,1986,3
4/30/1986,1,15.08928,189.48418,Summer_Hist,1986,4
5/31/1986,1,17.6961405,174.60994,Summer_Hist,1986,5
6/30/1986,1,19.7454945,189.10568,Summer_Hist,1986,6
7/31/1986,1,22.1752605,215.5579,Summer_Hist,1986,7
8/31/1986,1,20.561676,252.7492,Summer_Hist,1986,8
9/30/1986,1,25.7903985,482.83453,Summer_Hist,1986,9
10/31/1986,1,47.62183375,961.6511,Summer_Hist,1986,10
11/30/1986,1,87.5645695,1247.6427,Summer_Hist,1986,11
12/31/1986,1,142.272685,1796.8229,Summer_Hist,1986,12
1/31/1987,1,181.404895,1517.4811,Summer_Hist,1987,1
2/28/1987,4,131.917951,1004.2526,Summer_Hist,1987,2
3/31/1987,4,88.38403,510.7623,Summer_Hist,1987,3
4/30/1987,4,42.2531035,253.85255,Summer_Hist,1987,4
5/31/1987,4,30.5562304,251.14561,Summer_Hist,1987,5
6/30/1987,4,30.2146275,310.26837,Summer_Hist,1987,6
7/31/1987,4,29.6421795,489.5104,Summer_Hist,1987,7
8/31/1987,4,47.94476155,915.01495,Summer_Hist,1987,8
9/30/1987,4,87.4301635,1180.3035,Summer_Hist,1987,9
10/31/1987,4,131.771005,1638.2115,Summer_Hist,1987,10
11/30/1987,4,181.257607,1789.8967,Summer_Hist,1987,11
12/31/1987,4,172.6236859,1802.5167,Summer_Hist,1987,12
1/31/1988,4,187.8395794,1364.7714,Summer_Hist,1988,1
2/29/1988,4,74.67070495,461.18173,Summer_Hist,1988,2
3/31/1988,5,32.5220692,274.96277,Summer_Hist,1988,3
4/30/1988,5,43.60539145,306.23502,Summer_Hist,1988,4
5/31/1988,5,50.52271195,382.18588,Summer_Hist,1988,5
6/30/1988,5,61.2918388,643.2871,Summer_Hist,1988,6
7/31/1988,5,105.503923,1103.8496,Summer_Hist,1988,7
8/31/1988,5,116.2541686,1476.7517,Summer_Hist,1988,8
9/30/1988,5,126.1338105,1470.2156,Summer_Hist,1988,9
10/31/1988,5,163.676584,1684.2144,Summer_Hist,1988,10
11/30/1988,5,204.9485911,2015.3853,Summer_Hist,1988,11
12/31/1988,5,223.5715855,1989.7068,Summer_Hist,1988,12
1/31/1989,5,202.5299785,1694.0138,Summer_Hist,1989,1
2/28/1989,4,181.2026505,1213.7303,Summer_Hist,1989,2
3/31/1989,5,97.6556215,612.3771,Summer_Hist,1989,3
4/30/1989,3,39.8226976,311.79865,Summer_Hist,1989,4
5/31/1989,4,25.37205,237.59822,Summer_Hist,1989,5
6/30/1989,4,27.3903945,250.7944,Summer_Hist,1989,6
7/31/1989,4,25.1917695,332.62888,Summer_Hist,1989,7
8/31/1989,4,49.079566,1026.9712,Summer_Hist,1989,8
9/30/1989,4,130.2082075,1585.867,Summer_Hist,1989,9
10/31/1989,4,165.4116355,1680.5841,Summer_Hist,1989,10
11/30/1989,4,160.8688096,1713.841,Summer_Hist,1989,11
12/31/1989,4,163.396144,1744.4885,Summer_Hist,1989,12
1/31/1990,4,190.301133,1528.7771,Summer_Hist,1990,1
2/28/1990,4,117.9518538,902.1715,Summer_Hist,1990,2
3/31/1990,5,56.49197995,402.7825,Summer_Hist,1990,3
4/30/1990,5,38.8104973,365.01746,Summer_Hist,1990,4
5/31/1990,5,51.49523455,342.59845,Summer_Hist,1990,5
6/30/1990,5,52.36402,389.7041,Summer_Hist,1990,6
7/31/1990,5,69.7300675,667.7268,Summer_Hist,1990,7
8/31/1990,5,92.26112155,1031.7725,Summer_Hist,1990,8
9/30/1990,5,116.1631396,1227.4983,Summer_Hist,1990,9
10/31/1990,5,170.4276355,1652.9392,Summer_Hist,1990,10
11/30/1990,5,212.3900665,1997.258,Summer_Hist,1990,11
12/31/1990,5,226.510762,1835.8926,Summer_Hist,1990,12
1/31/1991,5,224.714578,1946.8911,Summer_Hist,1991,1
2/28/1991,5,200.590924,1208.7427,Summer_Hist,1991,2
3/31/1991,5,99.5473489,673.0148,Summer_Hist,1991,3
4/30/1991,5,70.6384537,443.0632,Summer_Hist,1991,4
5/31/1991,5,51.6955639,253.67764,Summer_Hist,1991,5
6/30/1991,5,46.390306,375.37308,Summer_Hist,1991,6
7/31/1991,5,67.1102563,854.27826,Summer_Hist,1991,7
8/31/1991,5,156.7200475,1524.9175,Summer_Hist,1991,8
9/30/1991,5,182.8417795,1600.4271,Summer_Hist,1991,9
10/31/1991,5,196.3864131,1560.3726,Summer_Hist,1991,10
11/30/1991,5,209.1406675,2036.66,Summer_Hist,1991,11
12/31/1991,5,225.7044115,2138.2727,Summer_Hist,1991,12
1/31/1992,5,218.75443,1735.151,Summer_Hist,1992,1
2/29/1992,5,187.531369,1212.1289,Summer_Hist,1992,2
3/31/1992,5,97.884619,444.88354,Summer_Hist,1992,3
4/30/1992,5,40.872022,247.75989,Summer_Hist,1992,4
5/31/1992,5,36.0837256,257.6069,Summer_Hist,1992,5
6/30/1992,5,40.8295,369.36154,Summer_Hist,1992,6
7/31/1992,5,50.63650105,398.96576,Summer_Hist,1992,7
8/31/1992,5,40.9258015,575.0001,Summer_Hist,1992,8
9/30/1992,5,72.7060603,1039.5691,Summer_Hist,1992,9
10/31/1992,5,144.7354698,1710.5585,Summer_Hist,1992,10
11/30/1992,5,220.8795753,2330.7466,Summer_Hist,1992,11
12/31/1992,5,222.7060861,1568.5181,Summer_Hist,1992,12
1/31/1993,5,227.308078,1604.8309,Summer_Hist,1993,1
2/28/1993,3,110.6855935,539.42804,Summer_Hist,1993,2
3/31/1993,2,59.83160425,237.8957,Summer_Hist,1993,3
4/30/1993,2,37.9390699,238.13792,Summer_Hist,1993,4
5/31/1993,2,28.182135,234.0425,Summer_Hist,1993,5
6/30/1993,2,25.9932135,226.84404,Summer_Hist,1993,6
7/31/1993,2,23.59878,208.95668,Summer_Hist,1993,7
8/31/1993,2,21.2061675,320.0475,Summer_Hist,1993,8
9/30/1993,2,33.4495105,815.93726,Summer_Hist,1993,9
10/31/1993,2,109.718902,1727.7211,Summer_Hist,1993,10
11/30/1993,2,168.7262995,1860.4683,Summer_Hist,1993,11
12/31/1993,2,157.488436,1805.9146,Summer_Hist,1993,12
1/31/1994,2,212.538865,1500.1151,Summer_Hist,1994,1
2/28/1994,4,139.438987,1121.7548,Summer_Hist,1994,2
3/31/1994,4,95.59870525,535.7258,Summer_Hist,1994,3
4/30/1994,4,36.50149,277.91937,Summer_Hist,1994,4
5/31/1994,5,35.98999195,303.77768,Summer_Hist,1994,5
6/30/1994,5,44.15407345,417.58594,Summer_Hist,1994,6
7/31/1994,5,63.1360054,882.5826,Summer_Hist,1994,7
8/31/1994,5,120.7806355,2019.6727,Summer_Hist,1994,8
9/30/1994,5,157.1534613,1885.7607,Summer_Hist,1994,9
10/31/1994,5,184.6228585,1885.146,Summer_Hist,1994,10
11/30/1994,5,211.9015366,2113.2942,Summer_Hist,1994,11
12/31/1994,5,220.6043935,2165.3523,Summer_Hist,1994,12
1/31/1995,5,219.4932355,1657.2701,Summer_Hist,1995,1
2/28/1995,1,76.6539202,320.41785,Summer_Hist,1995,2
3/31/1995,2,29.1730725,237.76973,Summer_Hist,1995,3
4/30/1995,1,36.795154,223.68562,Summer_Hist,1995,4
5/31/1995,1,26.338731,180.26878,Summer_Hist,1995,5
6/30/1995,1,17.7310575,170.55023,Summer_Hist,1995,6
7/31/1995,1,15.6740985,164.19681,Summer_Hist,1995,7
8/31/1995,1,14.916255,168.02718,Summer_Hist,1995,8
9/30/1995,1,18.847542,234.9934,Summer_Hist,1995,9
10/31/1995,1,19.0503,304.86948,Summer_Hist,1995,10
11/30/1995,1,21.670956,467.54095,Summer_Hist,1995,11
12/31/1995,1,78.7326076,1080.9669,Summer_Hist,1995,12
1/31/1996,1,116.45653,632.092,Summer_Hist,1996,1
2/29/1996,2,28.799442,226.71935,Summer_Hist,1996,2
3/31/1996,1,32.92717105,222.05247,Summer_Hist,1996,3
4/30/1996,1,30.213894,218.70047,Summer_Hist,1996,4
5/31/1996,1,26.0813595,211.54192,Summer_Hist,1996,5
6/30/1996,1,22.5256755,192.99962,Summer_Hist,1996,6
7/31/1996,1,19.2290175,195.06691,Summer_Hist,1996,7
8/31/1996,1,20.176101,282.27423,Summer_Hist,1996,8
9/30/1996,1,32.1592699,585.3167,Summer_Hist,1996,9
10/31/1996,1,82.251001,1349.0051,Summer_Hist,1996,10
11/30/1996,1,150.4879525,1752.7615,Summer_Hist,1996,11
12/31/1996,1,110.4532045,1142.864,Summer_Hist,1996,12
1/31/1997,1,45.0368125,286.35037,Summer_Hist,1997,1
2/28/1997,1,9.779457,181.31403,Summer_Hist,1997,2
3/31/1997,1,17.325543,172.19878,Summer_Hist,1997,3
4/30/1997,1,23.121117,204.9991,Summer_Hist,1997,4
5/31/1997,1,26.403135,262.17972,Summer_Hist,1997,5
6/30/1997,1,25.8884145,270.81387,Summer_Hist,1997,6
7/31/1997,1,25.277445,212.1373,Summer_Hist,1997,7
8/31/1997,1,21.2108145,260.90195,Summer_Hist,1997,8
9/30/1997,1,29.9585355,540.7453,Summer_Hist,1997,9
10/31/1997,1,75.21918745,1234.2826,Summer_Hist,1997,10
11/30/1997,1,150.5192598,1692.7935,Summer_Hist,1997,11
12/31/1997,1,136.385668,1788.0781,Summer_Hist,1997,12
1/31/1998,1,173.725,1345.6534,Summer_Hist,1998,1
2/28/1998,1,63.83896645,344.97144,Summer_Hist,1998,2
3/31/1998,1,45.8418007,218.38527,Summer_Hist,1998,3
4/30/1998,1,23.7953475,187.88065,Summer_Hist,1998,4
5/31/1998,1,18.6988035,175.67531,Summer_Hist,1998,5
6/30/1998,1,17.2119435,165.62111,Summer_Hist,1998,6
7/31/1998,1,14.7648165,168.26645,Summer_Hist,1998,7
8/31/1998,1,14.6269365,169.10625,Summer_Hist,1998,8
9/30/1998,1,17.040498,224.94125,Summer_Hist,1998,9
10/31/1998,1,18.1601235,241.41505,Summer_Hist,1998,10
11/30/1998,1,15.5071725,236.85664,Summer_Hist,1998,11
12/31/1998,1,20.217522,236.3809,Summer_Hist,1998,12
1/31/1999,1,22.8302715,214.37988,Summer_Hist,1999,1
2/28/1999,2,24.68724,216.45178,Summer_Hist,1999,2
3/31/1999,1,28.28427,217.03159,Summer_Hist,1999,3
4/30/1999,1,27.579144,221.35423,Summer_Hist,1999,4
5/31/1999,1,27.767043,224.40215,Summer_Hist,1999,5
6/30/1999,1,24.486999,227.0392,Summer_Hist,1999,6
7/31/1999,1,21.8985975,201.66396,Summer_Hist,1999,7
8/31/1999,1,20.979756,294.7742,Summer_Hist,1999,8
9/30/1999,1,33.5080096,597.13245,Summer_Hist,1999,9
10/31/1999,1,80.7414187,1280.9773,Summer_Hist,1999,10
11/30/1999,1,162.2927095,1786.3348,Summer_Hist,1999,11
12/31/1999,1,168.4642591,1730.3435,Summer_Hist,1999,12
1/31/2000,1,195.8316235,1672.6825,Summer_Hist,2000,1
2/29/2000,2,113.361886,710.34705,Summer_Hist,2000,2
3/31/2000,2,46.5866026,240.62874,Summer_Hist,2000,3
4/30/2000,2,28.794786,220.29306,Summer_Hist,2000,4
5/31/2000,2,26.950275,216.06435,Summer_Hist,2000,5
6/30/2000,2,24.3753,236.41092,Summer_Hist,2000,6
7/31/2000,2,22.906671,203.1188,Summer_Hist,2000,7
8/31/2000,2,21.083451,327.45407,Summer_Hist,2000,8
9/30/2000,2,34.30367545,674.359,Summer_Hist,2000,9
10/31/2000,2,94.614358,1469.4531,Summer_Hist,2000,10
11/30/2000,2,161.8797559,1726.8776,Summer_Hist,2000,11
12/31/2000,2,145.3940449,1739.2023,Summer_Hist,2000,12
1/31/2001,2,197.4574773,1725.1464,Summer_Hist,2001,1
2/28/2001,4,156.2002075,1213.6136,Summer_Hist,2001,2
3/31/2001,4,74.921485,393.01413,Summer_Hist,2001,3
4/30/2001,4,32.267815,243.92389,Summer_Hist,2001,4
5/31/2001,4,33.12924175,246.21071,Summer_Hist,2001,5
6/30/2001,4,29.185335,301.41833,Summer_Hist,2001,6
7/31/2001,4,29.107026,406.43027,Summer_Hist,2001,7
8/31/2001,4,46.6784923,862.5152,Summer_Hist,2001,8
9/30/2001,4,94.61762695,1320.5941,Summer_Hist,2001,9
10/31/2001,4,150.483877,1811.5371,Summer_Hist,2001,10
11/30/2001,4,163.202857,1549.6388,Summer_Hist,2001,11
12/31/2001,4,158.6483575,1722.0206,Summer_Hist,2001,12
1/31/2002,4,114.4227985,680.82117,Summer_Hist,2002,1
2/28/2002,3,26.94465,228.85056,Summer_Hist,2002,2
3/31/2002,3,26.8089975,233.897,Summer_Hist,2002,3
4/30/2002,3,25.315452,244.63927,Summer_Hist,2002,4
5/31/2002,4,28.377177,255.81474,Summer_Hist,2002,5
6/30/2002,4,30.51816295,300.31363,Summer_Hist,2002,6
7/31/2002,4,29.9419005,390.43018,Summer_Hist,2002,7
8/31/2002,4,66.9184285,1245.7351,Summer_Hist,2002,8
9/30/2002,4,128.676418,1565.4523,Summer_Hist,2002,9
10/31/2002,4,144.0293538,1709.8445,Summer_Hist,2002,10
11/30/2002,4,153.1609105,1592.2418,Summer_Hist,2002,11
12/31/2002,4,149.8834219,1723.4553,Summer_Hist,2002,12
1/31/2003,4,104.4907765,660.1818,Summer_Hist,2003,1
2/28/2003,2,27.971439,215.01068,Summer_Hist,2003,2
3/31/2003,3,25.2996165,231.27184,Summer_Hist,2003,3
4/30/2003,3,25.473102,244.74547,Summer_Hist,2003,4
5/31/2003,2,27.9975675,236.05841,Summer_Hist,2003,5
6/30/2003,2,25.1907045,219.28857,Summer_Hist,2003,6
7/31/2003,2,21.314211,214.5745,Summer_Hist,2003,7
8/31/2003,2,20.665998,361.328,Summer_Hist,2003,8
9/30/2003,2,42.9179743,753.74585,Summer_Hist,2003,9
10/31/2003,2,106.7509405,1615.8895,Summer_Hist,2003,10
11/30/2003,2,169.7599375,1623.8306,Summer_Hist,2003,11
12/31/2003,2,159.8863975,1731.8821,Summer_Hist,2003,12
1/31/2004,2,137.6452255,773.61694,Summer_Hist,2004,1
2/29/2004,3,29.925147,265.99182,Summer_Hist,2004,2
3/31/2004,2,28.505466,241.7163,Summer_Hist,2004,3
4/30/2004,3,26.559576,236.40762,Summer_Hist,2004,4
5/31/2004,3,28.524966,242.9854,Summer_Hist,2004,5
6/30/2004,3,29.734755,276.0175,Summer_Hist,2004,6
7/31/2004,3,29.0055855,375.98065,Summer_Hist,2004,7
8/31/2004,3,39.1549369,755.77106,Summer_Hist,2004,8
9/30/2004,3,79.964503,1299.2311,Summer_Hist,2004,9
10/31/2004,3,163.715572,1674.4387,Summer_Hist,2004,10
11/30/2004,3,151.193755,1650.5519,Summer_Hist,2004,11
12/31/2004,3,151.9338715,1703.3292,Summer_Hist,2004,12
1/31/2005,3,154.8099205,910.4871,Summer_Hist,2005,1
2/28/2005,3,53.48305825,314.6314,Summer_Hist,2005,2
3/31/2005,3,43.0340092,242.02007,Summer_Hist,2005,3
4/30/2005,3,40.1829832,231.51102,Summer_Hist,2005,4
5/31/2005,3,27.30813,231.29933,Summer_Hist,2005,5
6/30/2005,3,21.418437,211.20393,Summer_Hist,2005,6
7/31/2005,3,17.6205,192.76718,Summer_Hist,2005,7
8/31/2005,3,20.343951,247.05685,Summer_Hist,2005,8
9/30/2005,3,50.8036678,749.5907,Summer_Hist,2005,9
10/31/2005,3,95.38398055,1295.7339,Summer_Hist,2005,10
11/30/2005,3,76.154566,1095.405,Summer_Hist,2005,11
12/31/2005,3,131.1707295,1591.878,Summer_Hist,2005,12
1/31/2006,3,65.7410764,406.16278,Summer_Hist,2006,1
2/28/2006,1,21.8152755,208.40045,Summer_Hist,2006,2
3/31/2006,1,24.8754705,204.754,Summer_Hist,2006,3
4/30/2006,1,29.192148,198.1467,Summer_Hist,2006,4
5/31/2006,1,17.57487,181.2703,Summer_Hist,2006,5
6/30/2006,1,14.242884,171.47418,Summer_Hist,2006,6
7/31/2006,1,15.663462,167.3904,Summer_Hist,2006,7
8/31/2006,1,22.710978,215.30595,Summer_Hist,2006,8
9/30/2006,1,23.3719305,383.5526,Summer_Hist,2006,9
10/31/2006,1,26.583087,520.02466,Summer_Hist,2006,10
11/30/2006,1,42.76441345,811.14417,Summer_Hist,2006,11
12/31/2006,1,107.9847169,1554.1686,Summer_Hist,2006,12
1/31/2007,1,162.3475264,1380.2314,Summer_Hist,2007,1
2/28/2007,3,114.399457,741.78644,Summer_Hist,2007,2
3/31/2007,3,72.22602625,431.07782,Summer_Hist,2007,3
4/30/2007,4,37.236106,239.84415,Summer_Hist,2007,4
5/31/2007,4,31.8997945,263.83475,Summer_Hist,2007,5
6/30/2007,4,33.0520951,326.4437,Summer_Hist,2007,6
7/31/2007,4,32.80271155,431.97855,Summer_Hist,2007,7
8/31/2007,4,68.849902,1429.3984,Summer_Hist,2007,8
9/30/2007,4,141.9359005,1587.9556,Summer_Hist,2007,9
10/31/2007,4,143.4254245,1720.2731,Summer_Hist,2007,10
11/30/2007,4,143.6391318,1686.3517,Summer_Hist,2007,11
12/31/2007,4,162.389011,1730.6584,Summer_Hist,2007,12
1/31/2008,4,198.9017176,1386.5221,Summer_Hist,2008,1
2/29/2008,3,112.144537,472.9245,Summer_Hist,2008,2
3/31/2008,4,38.5283245,246.52197,Summer_Hist,2008,3
4/30/2008,4,32.5284361,241.0516,Summer_Hist,2008,4
5/31/2008,5,31.41123895,266.8139,Summer_Hist,2008,5
6/30/2008,5,35.69572945,370.78036,Summer_Hist,2008,6
7/31/2008,5,44.5059316,507.8457,Summer_Hist,2008,7
8/31/2008,5,52.6572907,894.18475,Summer_Hist,2008,8
9/30/2008,5,104.4144051,1396.0559,Summer_Hist,2008,9
10/31/2008,5,178.922887,1986.9636,Summer_Hist,2008,10
11/30/2008,5,221.8770325,2096.4531,Summer_Hist,2008,11
12/31/2008,5,215.7875145,2183.8684,Summer_Hist,2008,12
1/31/2009,5,221.3012755,1724.9867,Summer_Hist,2009,1
2/28/2009,5,183.6036415,1427.7135,Summer_Hist,2009,2
3/31/2009,4,115.095199,566.1316,Summer_Hist,2009,3
4/30/2009,4,37.70133145,249.31114,Summer_Hist,2009,4
5/31/2009,4,28.949955,243.23344,Summer_Hist,2009,5
6/30/2009,4,28.3425195,261.27435,Summer_Hist,2009,6
7/31/2009,4,26.698335,289.6812,Summer_Hist,2009,7
8/31/2009,4,24.3887655,403.97525,Summer_Hist,2009,8
9/30/2009,4,46.16118025,801.80743,Summer_Hist,2009,9
10/31/2009,4,114.388969,1647.1722,Summer_Hist,2009,10
11/30/2009,4,170.3257338,1666.9966,Summer_Hist,2009,11
12/31/2009,4,123.4001646,1525.6282,Summer_Hist,2009,12
1/31/2010,4,203.388541,1778.5209,Summer_Hist,2010,1
2/28/2010,3,123.00583,590.80164,Summer_Hist,2010,2
3/31/2010,4,40.4466481,247.46216,Summer_Hist,2010,3
4/30/2010,4,28.004493,241.28706,Summer_Hist,2010,4
5/31/2010,3,28.193019,236.76775,Summer_Hist,2010,5
6/30/2010,3,28.1669625,225.52939,Summer_Hist,2010,6
7/31/2010,3,25.417026,217.7523,Summer_Hist,2010,7
8/31/2010,3,24.109287,409.24783,Summer_Hist,2010,8
9/30/2010,3,80.2068784,1342.8447,Summer_Hist,2010,9
10/31/2010,3,137.559033,1686.6344,Summer_Hist,2010,10
11/30/2010,3,89.4619855,908.14777,Summer_Hist,2010,11
12/31/2010,3,66.61540225,752.9073,Summer_Hist,2010,12
1/31/2011,3,53.25195745,346.3564,Summer_Hist,2011,1
2/28/2011,2,27.9183795,202.72939,Summer_Hist,2011,2
3/31/2011,2,30.6151228,217.73166,Summer_Hist,2011,3
4/30/2011,1,23.299716,223.46487,Summer_Hist,2011,4
5/31/2011,1,19.26159,197.08238,Summer_Hist,2011,5
6/30/2011,1,17.2764885,187.79784,Summer_Hist,2011,6
7/31/2011,1,17.5151205,178.38326,Summer_Hist,2011,7
8/31/2011,1,16.0964625,184.99266,Summer_Hist,2011,8
9/30/2011,1,18.3144855,234.61731,Summer_Hist,2011,9
10/31/2011,1,19.090347,266.2067,Summer_Hist,2011,10
11/30/2011,1,18.692184,293.59006,Summer_Hist,2011,11
12/31/2011,1,28.576767,656.49,Summer_Hist,2011,12
1/31/2012,1,149.9842264,1382.6266,Summer_Hist,2012,1
2/29/2012,4,165.620797,1274.6865,Summer_Hist,2012,2
3/31/2012,4,85.8264628,592.2144,Summer_Hist,2012,3
4/30/2012,3,43.2430624,307.04993,Summer_Hist,2012,4
5/31/2012,3,27.762204,231.63393,Summer_Hist,2012,5
6/30/2012,3,27.443265,235.50015,Summer_Hist,2012,6
7/31/2012,3,25.415715,335.35184,Summer_Hist,2012,7
8/31/2012,3,31.5473122,738.31775,Summer_Hist,2012,8
9/30/2012,3,69.374359,1171.2242,Summer_Hist,2012,9
10/31/2012,3,154.457461,1679.6719,Summer_Hist,2012,10
11/30/2012,3,154.2401485,1677.0765,Summer_Hist,2012,11
12/31/2012,3,167.127783,1750.5651,Summer_Hist,2012,12
1/31/2013,3,90.31050745,502.00723,Summer_Hist,2013,1
2/28/2013,2,22.8670365,229.4755,Summer_Hist,2013,2
3/31/2013,3,26.289807,250.60112,Summer_Hist,2013,3
4/30/2013,4,24.8746605,258.73114,Summer_Hist,2013,4
5/31/2013,4,29.913396,289.63654,Summer_Hist,2013,5
6/30/2013,4,34.2175513,327.33542,Summer_Hist,2013,6
7/31/2013,4,32.057542,374.51535,Summer_Hist,2013,7
8/31/2013,4,57.7027255,1151.9539,Summer_Hist,2013,8
9/30/2013,4,120.749656,1363.4974,Summer_Hist,2013,9
10/31/2013,4,166.713829,1772.9535,Summer_Hist,2013,10
11/30/2013,4,154.5486895,1330.8391,Summer_Hist,2013,11
12/31/2013,4,167.2151583,1794.8209,Summer_Hist,2013,12
1/31/2014,4,215.532069,1790.6438,Summer_Hist,2014,1
2/28/2014,5,172.621822,1387.4132,Summer_Hist,2014,2
3/31/2014,5,129.6951505,891.2907,Summer_Hist,2014,3
4/30/2014,5,51.2113375,337.51605,Summer_Hist,2014,4
5/31/2014,5,36.8092786,272.0334,Summer_Hist,2014,5
6/30/2014,5,45.733267,481.86316,Summer_Hist,2014,6
7/31/2014,5,90.7503394,1053.185,Summer_Hist,2014,7
8/31/2014,5,160.704718,1474.1178,Summer_Hist,2014,8
9/30/2014,5,175.5843543,1380.5204,Summer_Hist,2014,9
10/31/2014,5,165.7335886,1517.6139,Summer_Hist,2014,10
11/30/2014,5,209.6467135,1894.9113,Summer_Hist,2014,11
12/31/2014,5,225.1691701,1765.4255,Summer_Hist,2014,12
1/31/2015,5,96.9574,595.1562,Summer_Hist,2015,1
2/28/2015,5,28.023624,289.64154,Summer_Hist,2015,2
3/31/2015,5,31.8952915,380.43182,Summer_Hist,2015,3
4/30/2015,5,46.8505639,269.25998,Summer_Hist,2015,4
5/31/2015,5,46.76491855,318.45987,Summer_Hist,2015,5
6/30/2015,5,56.65348375,439.98965,Summer_Hist,2015,6
7/31/2015,5,59.7969112,436.23242,Summer_Hist,2015,7
8/31/2015,5,46.6845286,585.705,Summer_Hist,2015,8
9/30/2015,5,73.3630252,968.6663,Summer_Hist,2015,9
10/31/2015,5,136.3565695,1715.2812,Summer_Hist,2015,10
11/30/2015,5,211.9040845,2191.2795,Summer_Hist,2015,11
12/31/2015,5,221.4928525,1522.4905,Summer_Hist,2015,12
1/31/2016,5,214.279075,2277.4126,Summer_Hist,2016,1
2/29/2016,3,208.8000355,724.40735,Summer_Hist,2016,2
3/31/2016,4,54.1548802,245.28696,Summer_Hist,2016,3
4/30/2016,3,27.377595,245.86269,Summer_Hist,2016,4
5/31/2016,3,27.4226805,240.0847,Summer_Hist,2016,5
6/30/2016,3,28.145292,247.24571,Summer_Hist,2016,6
7/31/2016,3,25.352364,377.40186,Summer_Hist,2016,7
8/31/2016,3,38.3552725,761.5054,Summer_Hist,2016,8
9/30/2016,3,73.6595905,1147.3038,Summer_Hist,2016,9
10/31/2016,3,168.7448046,1778.7395,Summer_Hist,2016,10
11/30/2016,3,182.1306048,1700.1719,Summer_Hist,2016,11
12/31/2016,3,163.9778575,1811.4216,Summer_Hist,2016,12
1/31/2017,3,114.6679185,640.63995,Summer_Hist,2017,1
2/28/2017,1,38.607811,226.08072,Summer_Hist,2017,2
3/31/2017,1,20.8819155,201.05632,Summer_Hist,2017,3
4/30/2017,1,20.1396285,172.05424,Summer_Hist,2017,4
5/31/2017,1,16.2355365,174.20517,Summer_Hist,2017,5
6/30/2017,1,14.66421,176.31044,Summer_Hist,2017,6
7/31/2017,1,14.9872035,169.5059,Summer_Hist,2017,7
8/31/2017,1,20.2576395,213.56857,Summer_Hist,2017,8
9/30/2017,1,27.25911,377.23657,Summer_Hist,2017,9
10/31/2017,1,28.9764225,516.0192,Summer_Hist,2017,10
11/30/2017,1,37.0964788,804.9128,Summer_Hist,2017,11
12/31/2017,1,63.1943677,761.226,Summer_Hist,2017,12
1/31/2018,1,77.2528819,908.71875,Summer_Hist,2018,1
2/28/2018,3,135.858361,899.9325,Summer_Hist,2018,2
3/31/2018,3,45.26054605,303.3965,Summer_Hist,2018,3
4/30/2018,3,35.2688023,253.1502,Summer_Hist,2018,4
5/31/2018,3,29.3509275,230.74374,Summer_Hist,2018,5
6/30/2018,3,26.4265275,225.40147,Summer_Hist,2018,6
7/31/2018,3,24.8915175,323.70932,Summer_Hist,2018,7
8/31/2018,3,34.2372163,726.41925,Summer_Hist,2018,8
9/30/2018,3,61.8461239,1079.924,Summer_Hist,2018,9
10/31/2018,3,151.368118,1680.9596,Summer_Hist,2018,10
11/30/2018,3,156.0411889,1703.0685,Summer_Hist,2018,11
12/31/2018,3,170.908003,1732.9752,Summer_Hist,2018,12
1/31/2019,3,218.565418,1544.2162,Summer_Hist,2019,1
2/28/2019,3,103.1719476,518.3543,Summer_Hist,2019,2
3/31/2019,2,38.6756182,236.72055,Summer_Hist,2019,3
4/30/2019,1,28.4229075,221.35706,Summer_Hist,2019,4
5/31/2019,1,23.8382325,193.60565,Summer_Hist,2019,5
6/30/2019,1,20.1125745,191.8633,Summer_Hist,2019,6
7/31/2019,1,17.6995695,172.4133,Summer_Hist,2019,7
8/31/2019,1,18.804567,203.87245,Summer_Hist,2019,8
9/30/2019,1,25.6007265,399.29214,Summer_Hist,2019,9
10/31/2019,1,37.7583514,640.6269,Summer_Hist,2019,10
11/30/2019,1,52.61206405,956.373,Summer_Hist,2019,11
12/31/2019,1,120.375964,1775.3644,Summer_Hist,2019,12
1/31/2020,1,153.2566819,953.4065,Summer_Hist,2020,1
2/29/2020,3,44.4365341,498.0039,Summer_Hist,2020,2
3/31/2020,4,49.81411075,524.47516,Summer_Hist,2020,3
4/30/2020,4,45.5969401,401.76556,Summer_Hist,2020,4
5/31/2020,4,48.3613717,321.38367,Summer_Hist,2020,5
6/30/2020,4,40.7831362,319.80392,Summer_Hist,2020,6
7/31/2020,4,32.090203,395.70633,Summer_Hist,2020,7
8/31/2020,4,57.997216,1132.4794,Summer_Hist,2020,8
9/30/2020,4,125.1331555,1565.62,Summer_Hist,2020,9
10/31/2020,4,147.41209,1729.1334,Summer_Hist,2020,10
11/30/2020,4,172.5793114,1753.0721,Summer_Hist,2020,11
12/31/2020,4,176.213791,1792.2559,Summer_Hist,2020,12
1/31/2021,4,197.998185,1628.724,Summer_Hist,2021,1
2/28/2021,5,181.5341796,1139.8397,Summer_Hist,2021,2
3/31/2021,5,103.456483,716.26416,Summer_Hist,2021,3
4/30/2021,5,82.70313355,624.3224,Summer_Hist,2021,4
5/31/2021,5,77.50414645,724.1355,Summer_Hist,2021,5
6/30/2021,5,105.0127084,1124.9136,Summer_Hist,2021,6
7/31/2021,5,155.7249814,1448.3163,Summer_Hist,2021,7
8/31/2021,5,137.33449,1381.2435,Summer_Hist,2021,8
9/30/2021,5,157.2604645,1512.8604,Summer_Hist,2021,9
11/30/1920,NA,NA,NA,SummerFall_Even,1920,11
12/31/1920,NA,NA,NA,SummerFall_Even,1920,12
1/31/1921,NA,NA,NA,SummerFall_Even,1921,1
2/28/1921,NA,NA,NA,SummerFall_Even,1921,2
3/31/1921,5,NA,NA,SummerFall_Even,1921,3
4/30/1921,5,NA,NA,SummerFall_Even,1921,4
5/31/1921,2,NA,NA,SummerFall_Even,1921,5
6/30/1921,2,NA,NA,SummerFall_Even,1921,6
7/31/1921,2,NA,NA,SummerFall_Even,1921,7
8/31/1921,2,NA,NA,SummerFall_Even,1921,8
9/30/1921,2,NA,NA,SummerFall_Even,1921,9
10/31/1921,2,NA,NA,SummerFall_Even,1921,10
11/30/1921,2,34.9333744,249.55716,SummerFall_Even,1921,11
12/31/1921,2,56.7566965,849.4999,SummerFall_Even,1921,12
1/31/1922,2,227.5729171,1310.2081,SummerFall_Even,1922,1
2/28/1922,3,70.30207675,447.96115,SummerFall_Even,1922,2
3/31/1922,3,60.75841,271.38626,SummerFall_Even,1922,3
4/30/1922,2,38.90568445,239.2377,SummerFall_Even,1922,4
5/31/1922,2,28.673799,232.19824,SummerFall_Even,1922,5
6/30/1922,2,21.801348,214.05144,SummerFall_Even,1922,6
7/31/1922,2,18.766665,201.82477,SummerFall_Even,1922,7
8/31/1922,2,19.30437,249.71182,SummerFall_Even,1922,8
9/30/1922,2,20.131059,375.7446,SummerFall_Even,1922,9
10/31/1922,2,19.406637,311.79108,SummerFall_Even,1922,10
11/30/1922,2,21.821874,259.2612,SummerFall_Even,1922,11
12/31/1922,2,27.424938,518.6234,SummerFall_Even,1922,12
1/31/1923,2,47.573911,438.57193,SummerFall_Even,1923,1
2/28/1923,2,29.641215,229.38528,SummerFall_Even,1923,2
3/31/1923,3,31.6695373,235.5922,SummerFall_Even,1923,3
4/30/1923,4,30.9600469,246.06302,SummerFall_Even,1923,4
5/31/1923,3,32.74184695,242.82573,SummerFall_Even,1923,5
6/30/1923,3,28.131798,222.14227,SummerFall_Even,1923,6
7/31/1923,3,27.27708,262.83722,SummerFall_Even,1923,7
8/31/1923,3,28.9391145,703.7091,SummerFall_Even,1923,8
9/30/1923,3,77.4816799,1232.017,SummerFall_Even,1923,9
10/31/1923,3,141.6326149,1673.693,SummerFall_Even,1923,10
11/30/1923,3,126.7482363,1460.0267,SummerFall_Even,1923,11
12/31/1923,3,144.934072,1761.6707,SummerFall_Even,1923,12
1/31/1924,3,207.4438203,1702.8232,SummerFall_Even,1924,1
2/29/1924,5,170.3914519,1433.9989,SummerFall_Even,1924,2
3/31/1924,5,109.1926495,766.97046,SummerFall_Even,1924,3
4/30/1924,5,82.2393445,416.85092,SummerFall_Even,1924,4
5/31/1924,5,70.16014105,587.0896,SummerFall_Even,1924,5
6/30/1924,5,87.0369376,1045.9983,SummerFall_Even,1924,6
7/31/1924,5,157.9930998,1437.3074,SummerFall_Even,1924,7
8/31/1924,5,159.6924265,1470.4414,SummerFall_Even,1924,8
9/30/1924,5,165.5442745,1463.0858,SummerFall_Even,1924,9
10/31/1924,5,187.3605571,1509.9646,SummerFall_Even,1924,10
11/30/1924,5,203.1150693,2187.5583,SummerFall_Even,1924,11
12/31/1924,5,222.4314544,2322.8833,SummerFall_Even,1924,12
1/31/1925,5,208.5488935,1592.0157,SummerFall_Even,1925,1
2/28/1925,5,126.9094893,1040.8081,SummerFall_Even,1925,2
3/31/1925,4,68.1319015,445.0047,SummerFall_Even,1925,3
4/30/1925,4,27.9935445,245.84538,SummerFall_Even,1925,4
5/31/1925,4,29.207052,246.00224,SummerFall_Even,1925,5
6/30/1925,4,29.203707,235.57835,SummerFall_Even,1925,6
7/31/1925,4,26.1789255,259.0095,SummerFall_Even,1925,7
8/31/1925,4,30.044925,626.5957,SummerFall_Even,1925,8
9/30/1925,4,75.88559155,1076.5842,SummerFall_Even,1925,9
10/31/1925,4,139.0338681,1762.4696,SummerFall_Even,1925,10
11/30/1925,4,175.6002145,1696.4988,SummerFall_Even,1925,11
12/31/1925,4,168.0425845,1750.2328,SummerFall_Even,1925,12
1/31/1926,4,201.1847215,1598.4796,SummerFall_Even,1926,1
2/28/1926,5,142.0192915,1022.7468,SummerFall_Even,1926,2
3/31/1926,4,61.75224205,326.16794,SummerFall_Even,1926,3
4/30/1926,5,51.625015,244.30992,SummerFall_Even,1926,4
5/31/1926,4,40.5099295,246.26472,SummerFall_Even,1926,5
6/30/1926,4,27.666795,254.75467,SummerFall_Even,1926,6
7/31/1926,4,26.8924575,375.7061,SummerFall_Even,1926,7
8/31/1926,4,43.7127538,862.25415,SummerFall_Even,1926,8
9/30/1926,4,93.3068635,1223.7655,SummerFall_Even,1926,9
10/31/1926,4,136.5756205,1759.9789,SummerFall_Even,1926,10
11/30/1926,4,178.1178874,1765.7179,SummerFall_Even,1926,11
12/31/1926,4,139.6306923,1260.3978,SummerFall_Even,1926,12
1/31/1927,4,113.550556,890.63196,SummerFall_Even,1927,1
2/28/1927,3,78.4184065,610.9141,SummerFall_Even,1927,2
3/31/1927,1,26.682174,240.74391,SummerFall_Even,1927,3
4/30/1927,1,24.2957085,233.65527,SummerFall_Even,1927,4
5/31/1927,1,29.58999,221.88487,SummerFall_Even,1927,5
6/30/1927,1,24.9957225,214.14667,SummerFall_Even,1927,6
7/31/1927,1,21.79647,208.30322,SummerFall_Even,1927,7
8/31/1927,1,20.88774,312.26437,SummerFall_Even,1927,8
9/30/1927,1,25.1476665,397.36197,SummerFall_Even,1927,9
10/31/1927,1,24.3274815,400.15945,SummerFall_Even,1927,10
11/30/1927,1,24.3034695,291.78464,SummerFall_Even,1927,11
12/31/1927,1,30.3872197,560.1159,SummerFall_Even,1927,12
1/31/1928,1,157.462159,1254.3441,SummerFall_Even,1928,1
2/29/1928,3,161.8994665,833.5225,SummerFall_Even,1928,2
3/31/1928,3,46.3669987,283.6606,SummerFall_Even,1928,3
4/30/1928,2,24.670233,233.90192,SummerFall_Even,1928,4
5/31/1928,2,26.7244905,222.33127,SummerFall_Even,1928,5
6/30/1928,2,27.338535,236.61813,SummerFall_Even,1928,6
7/31/1928,2,24.4522935,282.28986,SummerFall_Even,1928,7
8/31/1928,2,24.442536,443.82095,SummerFall_Even,1928,8
9/30/1928,2,27.980553,500.832,SummerFall_Even,1928,9
10/31/1928,2,27.057129,352.90338,SummerFall_Even,1928,10
11/30/1928,2,23.1311535,261.17682,SummerFall_Even,1928,11
12/31/1928,2,28.362405,640.9772,SummerFall_Even,1928,12
1/31/1929,2,179.266768,1536.8345,SummerFall_Even,1929,1
2/28/1929,4,184.8890884,937.4742,SummerFall_Even,1929,2
3/31/1929,5,63.1700914,353.14862,SummerFall_Even,1929,3
4/30/1929,5,31.6355995,292.8716,SummerFall_Even,1929,4
5/31/1929,5,49.7354137,356.02264,SummerFall_Even,1929,5
6/30/1929,5,57.0116461,596.9563,SummerFall_Even,1929,6
7/31/1929,5,114.584613,1392.3804,SummerFall_Even,1929,7
8/31/1929,5,210.161737,1961.5095,SummerFall_Even,1929,8
9/30/1929,5,207.5686645,1817.6102,SummerFall_Even,1929,9
10/31/1929,5,210.413221,1716.512,SummerFall_Even,1929,10
11/30/1929,5,201.9538653,1899.7823,SummerFall_Even,1929,11
12/31/1929,5,224.804239,2249.2734,SummerFall_Even,1929,12
1/31/1930,5,202.922851,1435.722,SummerFall_Even,1930,1
2/28/1930,4,85.8865522,502.54135,SummerFall_Even,1930,2
3/31/1930,4,38.0975755,268.4289,SummerFall_Even,1930,3
4/30/1930,4,27.61023,242.2016,SummerFall_Even,1930,4
5/31/1930,4,29.793402,243.14311,SummerFall_Even,1930,5
6/30/1930,4,29.968365,288.34048,SummerFall_Even,1930,6
7/31/1930,4,28.829925,426.68936,SummerFall_Even,1930,7
8/31/1930,4,40.38346075,720.93896,SummerFall_Even,1930,8
9/30/1930,4,68.45744845,974.32587,SummerFall_Even,1930,9
10/31/1930,4,112.8952071,1486.3124,SummerFall_Even,1930,10
11/30/1930,4,169.2311371,1819.0653,SummerFall_Even,1930,11
12/31/1930,4,206.9468943,1949.5563,SummerFall_Even,1930,12
1/31/1931,4,199.829917,1618.0264,SummerFall_Even,1931,1
2/28/1931,5,178.2413209,1141.7704,SummerFall_Even,1931,2
3/31/1931,5,100.2173355,782.64343,SummerFall_Even,1931,3
4/30/1931,5,96.2569555,701.65607,SummerFall_Even,1931,4
5/31/1931,5,88.4370628,843.65063,SummerFall_Even,1931,5
6/30/1931,5,111.3198325,1310.1971,SummerFall_Even,1931,6
7/31/1931,5,155.1702033,1382.3491,SummerFall_Even,1931,7
8/31/1931,5,131.640703,1416.0312,SummerFall_Even,1931,8
9/30/1931,5,160.4865904,1689.8492,SummerFall_Even,1931,9
10/31/1931,5,195.2531305,1542.5085,SummerFall_Even,1931,10
11/30/1931,5,210.174847,1895.0172,SummerFall_Even,1931,11
12/31/1931,5,226.403488,1990.3671,SummerFall_Even,1931,12
1/31/1932,5,179.073994,1052.744,SummerFall_Even,1932,1
2/29/1932,4,55.7859922,387.54828,SummerFall_Even,1932,2
3/31/1932,5,41.2736326,278.21677,SummerFall_Even,1932,3
4/30/1932,5,32.668012,249.90036,SummerFall_Even,1932,4
5/31/1932,5,62.1575035,287.55194,SummerFall_Even,1932,5
6/30/1932,5,38.5475905,265.77936,SummerFall_Even,1932,6
7/31/1932,5,30.7050118,321.9769,SummerFall_Even,1932,7
8/31/1932,5,42.9888766,743.5482,SummerFall_Even,1932,8
9/30/1932,5,99.629389,1180.3372,SummerFall_Even,1932,9
10/31/1932,5,153.955804,1560.4058,SummerFall_Even,1932,10
11/30/1932,5,191.9858335,2049.897,SummerFall_Even,1932,11
12/31/1932,5,223.3252315,2265.4602,SummerFall_Even,1932,12
1/31/1933,5,230.8945323,1804.2909,SummerFall_Even,1933,1
2/28/1933,5,173.72044,1151.7462,SummerFall_Even,1933,2
3/31/1933,5,131.5138638,854.88446,SummerFall_Even,1933,3
4/30/1933,5,96.05724745,567.97644,SummerFall_Even,1933,4
5/31/1933,5,81.8816125,585.5592,SummerFall_Even,1933,5
6/30/1933,5,85.8858055,800.9228,SummerFall_Even,1933,6
7/31/1933,5,123.8329713,1339.0293,SummerFall_Even,1933,7
8/31/1933,5,177.278722,1698.4387,SummerFall_Even,1933,8
9/30/1933,5,171.9622921,1667.7734,SummerFall_Even,1933,9
10/31/1933,5,189.9616666,1566.6046,SummerFall_Even,1933,10
11/30/1933,5,192.891421,1944.5483,SummerFall_Even,1933,11
12/31/1933,5,225.1644049,2174.2231,SummerFall_Even,1933,12
1/31/1934,5,198.1754065,1447.9683,SummerFall_Even,1934,1
2/28/1934,5,100.5739645,697.0929,SummerFall_Even,1934,2
3/31/1934,5,53.6607757,367.50732,SummerFall_Even,1934,3
4/30/1934,5,30.8459215,315.04803,SummerFall_Even,1934,4
5/31/1934,5,49.913419,436.61908,SummerFall_Even,1934,5
6/30/1934,5,66.971068,927.38055,SummerFall_Even,1934,6
7/31/1934,5,152.0734645,1773.9755,SummerFall_Even,1934,7
8/31/1934,5,202.6946515,1950.0497,SummerFall_Even,1934,8
9/30/1934,5,179.9682385,1698.6443,SummerFall_Even,1934,9
10/31/1934,5,200.8338694,1726.4021,SummerFall_Even,1934,10
11/30/1934,5,221.6068098,2090.5112,SummerFall_Even,1934,11
12/31/1934,5,229.521844,1863.4519,SummerFall_Even,1934,12
1/31/1935,5,193.285975,1711.535,SummerFall_Even,1935,1
2/28/1935,4,134.1732301,665.1646,SummerFall_Even,1935,2
3/31/1935,4,40.2904795,252.16757,SummerFall_Even,1935,3
4/30/1935,4,29.024217,256.5967,SummerFall_Even,1935,4
5/31/1935,3,28.2118605,238.3935,SummerFall_Even,1935,5
6/30/1935,3,28.235805,226.702,SummerFall_Even,1935,6
7/31/1935,3,23.9973045,258.29044,SummerFall_Even,1935,7
8/31/1935,3,23.07924,500.7653,SummerFall_Even,1935,8
9/30/1935,3,62.47410145,1010.6838,SummerFall_Even,1935,9
10/31/1935,3,140.1833329,1744.2925,SummerFall_Even,1935,10
11/30/1935,3,177.4148836,1413.85,SummerFall_Even,1935,11
12/31/1935,3,141.617014,1762.799,SummerFall_Even,1935,12
1/31/1936,3,194.8718575,1614.7906,SummerFall_Even,1936,1
2/29/1936,3,90.511612,476.3072,SummerFall_Even,1936,2
3/31/1936,2,45.0148048,235.88657,SummerFall_Even,1936,3
4/30/1936,3,35.78168545,233.89223,SummerFall_Even,1936,4
5/31/1936,3,31.85626645,220.06572,SummerFall_Even,1936,5
6/30/1936,3,25.0785825,233.78584,SummerFall_Even,1936,6
7/31/1936,3,25.8356055,275.6346,SummerFall_Even,1936,7
8/31/1936,3,31.3442953,754.60706,SummerFall_Even,1936,8
9/30/1936,3,90.2418994,1307.8398,SummerFall_Even,1936,9
10/31/1936,3,128.527021,1753.4656,SummerFall_Even,1936,10
11/30/1936,3,125.658211,1282.3346,SummerFall_Even,1936,11
12/31/1936,3,115.4721685,1485.7904,SummerFall_Even,1936,12
1/31/1937,3,202.2959935,1733.6525,SummerFall_Even,1937,1
2/28/1937,4,163.347808,1189.4634,SummerFall_Even,1937,2
3/31/1937,4,100.7429125,420.47208,SummerFall_Even,1937,3
4/30/1937,3,58.0855888,243.06657,SummerFall_Even,1937,4
5/31/1937,3,30.9083935,227.06107,SummerFall_Even,1937,5
6/30/1937,3,25.24593,230.66988,SummerFall_Even,1937,6
7/31/1937,3,25.0041435,275.67712,SummerFall_Even,1937,7
8/31/1937,3,27.0116175,594.4012,SummerFall_Even,1937,8
9/30/1937,3,80.9474281,1221.8469,SummerFall_Even,1937,9
10/31/1937,3,146.1975055,1714.6501,SummerFall_Even,1937,10
11/30/1937,3,150.575647,1686.1104,SummerFall_Even,1937,11
12/31/1937,3,162.418423,1538.2421,SummerFall_Even,1937,12
1/31/1938,3,71.3567962,461.15292,SummerFall_Even,1938,1
2/28/1938,2,27.146685,224.32959,SummerFall_Even,1938,2
3/31/1938,1,26.2339605,211.87126,SummerFall_Even,1938,3
4/30/1938,1,16.4095455,195.26509,SummerFall_Even,1938,4
5/31/1938,1,15.440838,172.36716,SummerFall_Even,1938,5
6/30/1938,1,13.22448,168.6445,SummerFall_Even,1938,6
7/31/1938,1,13.3278075,169.72812,SummerFall_Even,1938,7
8/31/1938,1,16.762278,192.7346,SummerFall_Even,1938,8
9/30/1938,1,20.1914655,306.86417,SummerFall_Even,1938,9
10/31/1938,1,19.612638,363.08405,SummerFall_Even,1938,10
11/30/1938,1,23.7353115,330.81177,SummerFall_Even,1938,11
12/31/1938,1,39.7145515,831.2557,SummerFall_Even,1938,12
1/31/1939,1,218.165677,1809.2115,SummerFall_Even,1939,1
2/28/1939,4,209.8252489,1499.5935,SummerFall_Even,1939,2
3/31/1939,4,136.7131473,887.2051,SummerFall_Even,1939,3
4/30/1939,4,102.2768395,523.455,SummerFall_Even,1939,4
5/31/1939,4,61.337872,404.432,SummerFall_Even,1939,5
6/30/1939,4,41.317135,325.1595,SummerFall_Even,1939,6
7/31/1939,4,36.3542248,562.1904,SummerFall_Even,1939,7
8/31/1939,4,61.8430687,927.7257,SummerFall_Even,1939,8
9/30/1939,4,87.7078105,1227.4344,SummerFall_Even,1939,9
10/31/1939,4,151.1197405,1854.0282,SummerFall_Even,1939,10
11/30/1939,4,186.5741965,1851.9264,SummerFall_Even,1939,11
12/31/1939,4,190.722514,1916.8456,SummerFall_Even,1939,12
1/31/1940,4,222.608676,1917.1233,SummerFall_Even,1940,1
2/29/1940,3,125.2415125,555.98047,SummerFall_Even,1940,2
3/31/1940,2,52.39447795,241.5907,SummerFall_Even,1940,3
4/30/1940,1,33.6810103,231.21524,SummerFall_Even,1940,4
5/31/1940,1,32.19746845,220.76027,SummerFall_Even,1940,5
6/30/1940,1,26.6068275,222.82767,SummerFall_Even,1940,6
7/31/1940,1,23.331066,239.41275,SummerFall_Even,1940,7
8/31/1940,1,23.6007225,413.70523,SummerFall_Even,1940,8
9/30/1940,1,26.151984,418.00208,SummerFall_Even,1940,9
10/31/1940,1,23.890029,307.27295,SummerFall_Even,1940,10
11/30/1940,1,20.1297105,250.65388,SummerFall_Even,1940,11
12/31/1940,1,29.4608145,707.1832,SummerFall_Even,1940,12
1/31/1941,1,83.6926849,497.05914,SummerFall_Even,1941,1
2/28/1941,1,39.8004562,224.0573,SummerFall_Even,1941,2
3/31/1941,1,30.63911695,205.71608,SummerFall_Even,1941,3
4/30/1941,1,24.870555,206.78171,SummerFall_Even,1941,4
5/31/1941,1,24.018198,182.3838,SummerFall_Even,1941,5
6/30/1941,1,18.7135455,183.41531,SummerFall_Even,1941,6
7/31/1941,1,18.0742995,178.82695,SummerFall_Even,1941,7
8/31/1941,1,18.3255225,226.04129,SummerFall_Even,1941,8
9/30/1941,1,19.884426,314.73935,SummerFall_Even,1941,9
10/31/1941,1,20.1797145,335.102,SummerFall_Even,1941,10
11/30/1941,1,23.08008,311.47845,SummerFall_Even,1941,11
12/31/1941,1,38.4446029,752.43207,SummerFall_Even,1941,12
1/31/1942,1,64.4987842,466.9266,SummerFall_Even,1942,1
2/28/1942,1,28.5293295,212.74649,SummerFall_Even,1942,2
3/31/1942,1,26.051295,216.92836,SummerFall_Even,1942,3
4/30/1942,1,29.116713,215.18327,SummerFall_Even,1942,4
5/31/1942,1,28.897902,210.91786,SummerFall_Even,1942,5
6/30/1942,1,22.629327,189.46065,SummerFall_Even,1942,6
7/31/1942,1,18.9155295,174.83969,SummerFall_Even,1942,7
8/31/1942,1,18.775479,234.34186,SummerFall_Even,1942,8
9/30/1942,1,20.7472575,352.17807,SummerFall_Even,1942,9
10/31/1942,1,22.972935,374.11594,SummerFall_Even,1942,10
11/30/1942,1,23.6775555,265.05325,SummerFall_Even,1942,11
12/31/1942,1,26.8566105,516.49677,SummerFall_Even,1942,12
1/31/1943,1,54.36829105,430.45465,SummerFall_Even,1943,1
2/28/1943,1,30.8339002,214.42052,SummerFall_Even,1943,2
3/31/1943,1,26.1491865,221.2853,SummerFall_Even,1943,3
4/30/1943,1,24.221331,201.47012,SummerFall_Even,1943,4
5/31/1943,1,20.640285,206.84937,SummerFall_Even,1943,5
6/30/1943,1,20.1377475,207.56741,SummerFall_Even,1943,6
7/31/1943,1,22.7502645,240.67163,SummerFall_Even,1943,7
8/31/1943,1,22.1501055,344.05902,SummerFall_Even,1943,8
9/30/1943,1,24.18363,361.84436,SummerFall_Even,1943,9
10/31/1943,1,22.085991,340.62268,SummerFall_Even,1943,10
11/30/1943,1,21.6839655,272.08585,SummerFall_Even,1943,11
12/31/1943,1,33.834973,789.15344,SummerFall_Even,1943,12
1/31/1944,1,208.3634155,1755.7806,SummerFall_Even,1944,1
2/29/1944,4,165.3519565,1115.9379,SummerFall_Even,1944,2
3/31/1944,4,71.07411895,332.12296,SummerFall_Even,1944,3
4/30/1944,4,29.983923,235.56143,SummerFall_Even,1944,4
5/31/1944,4,34.8319885,260.72443,SummerFall_Even,1944,5
6/30/1944,4,31.5098176,316.03156,SummerFall_Even,1944,6
7/31/1944,4,29.861367,348.94852,SummerFall_Even,1944,7
8/31/1944,4,42.11713,860.14294,SummerFall_Even,1944,8
9/30/1944,4,106.412332,1397.3842,SummerFall_Even,1944,9
10/31/1944,4,165.6680956,1893.5736,SummerFall_Even,1944,10
11/30/1944,4,183.590389,1771.574,SummerFall_Even,1944,11
12/31/1944,4,155.047924,1711.5972,SummerFall_Even,1944,12
1/31/1945,4,153.3102933,1115.2388,SummerFall_Even,1945,1
2/28/1945,4,82.4605501,719.21967,SummerFall_Even,1945,2
3/31/1945,3,57.6875749,333.007,SummerFall_Even,1945,3
4/30/1945,3,42.466996,242.45047,SummerFall_Even,1945,4
5/31/1945,3,31.6050646,237.36232,SummerFall_Even,1945,5
6/30/1945,3,27.5067495,247.38141,SummerFall_Even,1945,6
7/31/1945,3,27.06915,329.30026,SummerFall_Even,1945,7
8/31/1945,3,39.4718569,758.535,SummerFall_Even,1945,8
9/30/1945,3,85.70275,1220.9226,SummerFall_Even,1945,9
10/31/1945,3,133.780312,1685.6852,SummerFall_Even,1945,10
11/30/1945,3,149.015785,1738.5586,SummerFall_Even,1945,11
12/31/1945,3,146.9446615,1749.6965,SummerFall_Even,1945,12
1/31/1946,3,69.3540385,458.46106,SummerFall_Even,1946,1
2/28/1946,2,22.96206,197.15395,SummerFall_Even,1946,2
3/31/1946,2,26.3784825,223.63258,SummerFall_Even,1946,3
4/30/1946,2,29.729175,239.68645,SummerFall_Even,1946,4
5/31/1946,3,28.5435195,237.43472,SummerFall_Even,1946,5
6/30/1946,3,26.389659,243.54495,SummerFall_Even,1946,6
7/31/1946,3,27.095961,296.3633,SummerFall_Even,1946,7
8/31/1946,3,34.99043995,716.4429,SummerFall_Even,1946,8
9/30/1946,3,82.1348122,1281.3898,SummerFall_Even,1946,9
10/31/1946,3,149.0332384,1694.8456,SummerFall_Even,1946,10
11/30/1946,3,146.9398165,1707.7906,SummerFall_Even,1946,11
12/31/1946,3,149.324326,1720.9083,SummerFall_Even,1946,12
1/31/1947,3,210.6778435,1513.9606,SummerFall_Even,1947,1
2/28/1947,4,160.3489525,1360.083,SummerFall_Even,1947,2
3/31/1947,4,143.8264566,716.1319,SummerFall_Even,1947,3
4/30/1947,4,44.7252391,273.8825,SummerFall_Even,1947,4
5/31/1947,5,29.865435,257.03262,SummerFall_Even,1947,5
6/30/1947,5,31.2802615,332.78412,SummerFall_Even,1947,6
7/31/1947,5,35.41271305,455.9629,SummerFall_Even,1947,7
8/31/1947,5,43.3477543,664.10693,SummerFall_Even,1947,8
9/30/1947,5,77.50722445,1049.593,SummerFall_Even,1947,9
10/31/1947,5,132.5039965,1679.0778,SummerFall_Even,1947,10
11/30/1947,5,199.7312785,2172.56,SummerFall_Even,1947,11
12/31/1947,5,215.5079665,2243.0786,SummerFall_Even,1947,12
1/31/1948,5,224.359297,1714.7532,SummerFall_Even,1948,1
2/29/1948,4,151.2660595,1179.0372,SummerFall_Even,1948,2
3/31/1948,5,78.8792572,599.4501,SummerFall_Even,1948,3
4/30/1948,4,47.7563395,369.41403,SummerFall_Even,1948,4
5/31/1948,3,31.88615725,240.22801,SummerFall_Even,1948,5
6/30/1948,3,27.026253,220.35078,SummerFall_Even,1948,6
7/31/1948,3,21.759633,221.94264,SummerFall_Even,1948,7
8/31/1948,3,22.9672275,484.10083,SummerFall_Even,1948,8
9/30/1948,3,93.6727294,1292.7418,SummerFall_Even,1948,9
10/31/1948,3,167.5324345,1658.1414,SummerFall_Even,1948,10
11/30/1948,3,156.2890335,1676.9912,SummerFall_Even,1948,11
12/31/1948,3,161.5833274,1749.4741,SummerFall_Even,1948,12
1/31/1949,3,195.2282215,1381.2255,SummerFall_Even,1949,1
2/28/1949,4,144.1307425,1240.6079,SummerFall_Even,1949,2
3/31/1949,5,138.8107045,723.8775,SummerFall_Even,1949,3
4/30/1949,4,45.119776,266.5179,SummerFall_Even,1949,4
5/31/1949,4,26.769996,243.12946,SummerFall_Even,1949,5
6/30/1949,4,28.228035,273.1557,SummerFall_Even,1949,6
7/31/1949,4,25.9496685,354.28925,SummerFall_Even,1949,7
8/31/1949,4,30.72852145,583.4798,SummerFall_Even,1949,8
9/30/1949,4,59.1572002,875.90454,SummerFall_Even,1949,9
10/31/1949,4,125.8040341,1800.7096,SummerFall_Even,1949,10
11/30/1949,4,180.7776955,1810.8918,SummerFall_Even,1949,11
12/31/1949,4,169.9785325,1799.6925,SummerFall_Even,1949,12
1/31/1950,4,196.788682,1730.3096,SummerFall_Even,1950,1
2/28/1950,4,125.5160074,719.0159,SummerFall_Even,1950,2
3/31/1950,4,42.69218875,273.7855,SummerFall_Even,1950,3
4/30/1950,4,26.063193,242.84474,SummerFall_Even,1950,4
5/31/1950,4,27.9360675,246.76228,SummerFall_Even,1950,5
6/30/1950,4,27.1315155,267.1032,SummerFall_Even,1950,6
7/31/1950,4,25.755801,302.99942,SummerFall_Even,1950,7
8/31/1950,4,41.91568345,885.6087,SummerFall_Even,1950,8
9/30/1950,4,125.0886813,1632.2001,SummerFall_Even,1950,9
10/31/1950,4,156.5353675,1714.3861,SummerFall_Even,1950,10
11/30/1950,4,160.8340225,1733.5325,SummerFall_Even,1950,11
12/31/1950,4,108.4627075,924.35944,SummerFall_Even,1950,12
1/31/1951,4,38.188519,229.15141,SummerFall_Even,1951,1
2/28/1951,1,27.819951,201.04823,SummerFall_Even,1951,2
3/31/1951,1,26.51646,210.03716,SummerFall_Even,1951,3
4/30/1951,1,26.4111195,214.03563,SummerFall_Even,1951,4
5/31/1951,1,25.2352365,221.21927,SummerFall_Even,1951,5
6/30/1951,1,23.589249,218.76988,SummerFall_Even,1951,6
7/31/1951,1,22.9990635,238.7339,SummerFall_Even,1951,7
8/31/1951,1,23.1434235,405.88846,SummerFall_Even,1951,8
9/30/1951,1,26.371248,431.38596,SummerFall_Even,1951,9
10/31/1951,1,23.0383005,325.2912,SummerFall_Even,1951,10
11/30/1951,1,20.466627,281.9977,SummerFall_Even,1951,11
12/31/1951,1,31.78664095,724.4981,SummerFall_Even,1951,12
1/31/1952,1,90.7964809,528.05975,SummerFall_Even,1952,1
2/29/1952,1,44.77258045,224.90985,SummerFall_Even,1952,2
3/31/1952,1,29.907006,225.15271,SummerFall_Even,1952,3
4/30/1952,1,27.6047655,208.67789,SummerFall_Even,1952,4
5/31/1952,1,21.055113,199.07051,SummerFall_Even,1952,5
6/30/1952,1,16.880352,176.50954,SummerFall_Even,1952,6
7/31/1952,1,14.7836295,169.18524,SummerFall_Even,1952,7
8/31/1952,1,15.806373,187.3319,SummerFall_Even,1952,8
9/30/1952,1,19.3516275,260.7213,SummerFall_Even,1952,9
10/31/1952,1,20.854857,309.72455,SummerFall_Even,1952,10
11/30/1952,1,22.240293,275.90216,SummerFall_Even,1952,11
12/31/1952,1,28.341984,696.8798,SummerFall_Even,1952,12
1/31/1953,1,52.8124618,409.03073,SummerFall_Even,1953,1
2/28/1953,1,22.630731,211.3034,SummerFall_Even,1953,2
3/31/1953,2,22.712556,225.15993,SummerFall_Even,1953,3
4/30/1953,2,27.61155,240.56796,SummerFall_Even,1953,4
5/31/1953,2,29.570565,238.79482,SummerFall_Even,1953,5
6/30/1953,2,27.0911775,217.23166,SummerFall_Even,1953,6
7/31/1953,2,23.35443,205.76727,SummerFall_Even,1953,7
8/31/1953,2,20.3243085,309.1449,SummerFall_Even,1953,8
9/30/1953,2,25.6646625,508.2538,SummerFall_Even,1953,9
10/31/1953,2,26.581245,517.2766,SummerFall_Even,1953,10
11/30/1953,2,25.763574,316.9056,SummerFall_Even,1953,11
12/31/1953,2,40.94029375,808.2906,SummerFall_Even,1953,12
1/31/1954,2,205.4868535,1698.2816,SummerFall_Even,1954,1
2/28/1954,2,154.4490393,850.52527,SummerFall_Even,1954,2
3/31/1954,2,29.49339,244.83278,SummerFall_Even,1954,3
4/30/1954,2,24.0147885,239.20251,SummerFall_Even,1954,4
5/31/1954,2,28.089171,231.27936,SummerFall_Even,1954,5
6/30/1954,2,26.723985,236.29694,SummerFall_Even,1954,6
7/31/1954,2,24.40356,283.20154,SummerFall_Even,1954,7
8/31/1954,2,24.037623,451.20065,SummerFall_Even,1954,8
9/30/1954,2,26.497365,522.53723,SummerFall_Even,1954,9
10/31/1954,2,27.942141,402.44058,SummerFall_Even,1954,10
11/30/1954,2,21.9589125,281.03836,SummerFall_Even,1954,11
12/31/1954,2,31.4134705,686.2167,SummerFall_Even,1954,12
1/31/1955,2,102.1612293,697.232,SummerFall_Even,1955,1
2/28/1955,3,34.08319375,325.99875,SummerFall_Even,1955,2
3/31/1955,4,29.8377045,282.4782,SummerFall_Even,1955,3
4/30/1955,4,29.018415,291.0065,SummerFall_Even,1955,4
5/31/1955,4,43.2719899,295.5918,SummerFall_Even,1955,5
6/30/1955,4,41.2322677,304.62967,SummerFall_Even,1955,6
7/31/1955,4,37.058152,400.97116,SummerFall_Even,1955,7
8/31/1955,4,38.56733245,694.0675,SummerFall_Even,1955,8
9/30/1955,4,71.64691195,1036.7555,SummerFall_Even,1955,9
10/31/1955,4,137.9277375,1769.3224,SummerFall_Even,1955,10
11/30/1955,4,178.415986,1705.5681,SummerFall_Even,1955,11
12/31/1955,4,163.805005,1796.0131,SummerFall_Even,1955,12
1/31/1956,4,97.163455,558.4759,SummerFall_Even,1956,1
2/29/1956,1,34.1749495,191.39784,SummerFall_Even,1956,2
3/31/1956,1,27.296457,192.56432,SummerFall_Even,1956,3
4/30/1956,1,23.8850745,212.94649,SummerFall_Even,1956,4
5/31/1956,1,22.2000435,216.89497,SummerFall_Even,1956,5
6/30/1956,1,19.3386015,193.36838,SummerFall_Even,1956,6
7/31/1956,1,19.271622,180.59572,SummerFall_Even,1956,7
8/31/1956,1,18.46338,234.8256,SummerFall_Even,1956,8
9/30/1956,1,20.6058135,313.5281,SummerFall_Even,1956,9
10/31/1956,1,21.089646,339.83997,SummerFall_Even,1956,10
11/30/1956,1,23.971173,319.96964,SummerFall_Even,1956,11
12/31/1956,1,38.4526855,759.54376,SummerFall_Even,1956,12
1/31/1957,1,211.284238,1778.0177,SummerFall_Even,1957,1
2/28/1957,3,166.8454278,1318.1794,SummerFall_Even,1957,2
3/31/1957,3,82.39352095,427.52493,SummerFall_Even,1957,3
4/30/1957,3,36.08167075,235.18404,SummerFall_Even,1957,4
5/31/1957,3,30.56778145,239.69702,SummerFall_Even,1957,5
6/30/1957,3,29.659005,245.47232,SummerFall_Even,1957,6
7/31/1957,3,25.7120595,290.07724,SummerFall_Even,1957,7
8/31/1957,3,37.847317,765.44507,SummerFall_Even,1957,8
9/30/1957,3,87.0024925,1300.2527,SummerFall_Even,1957,9
10/31/1957,3,147.350416,1658.464,SummerFall_Even,1957,10
11/30/1957,3,113.2282353,527.4207,SummerFall_Even,1957,11
12/31/1957,3,27.705744,674.515,SummerFall_Even,1957,12
1/31/1958,3,103.201009,854.282,SummerFall_Even,1958,1
2/28/1958,2,41.1894664,294.15933,SummerFall_Even,1958,2
3/31/1958,1,35.5767505,239.74025,SummerFall_Even,1958,3
4/30/1958,1,28.0575,207.4808,SummerFall_Even,1958,4
5/31/1958,1,28.3842,185.78535,SummerFall_Even,1958,5
6/30/1958,1,22.2395895,169.51863,SummerFall_Even,1958,6
7/31/1958,1,15.8090325,156.65239,SummerFall_Even,1958,7
8/31/1958,1,16.3613805,198.93425,SummerFall_Even,1958,8
9/30/1958,1,19.481136,277.90182,SummerFall_Even,1958,9
10/31/1958,1,21.2020155,316.40598,SummerFall_Even,1958,10
11/30/1958,1,22.9139835,329.30673,SummerFall_Even,1958,11
12/31/1958,1,37.06521145,826.4934,SummerFall_Even,1958,12
1/31/1959,1,190.1647548,1754.1421,SummerFall_Even,1959,1
2/28/1959,3,158.6486995,948.4945,SummerFall_Even,1959,2
3/31/1959,3,43.8786067,260.4844,SummerFall_Even,1959,3
4/30/1959,3,29.52669,240.10313,SummerFall_Even,1959,4
5/31/1959,3,29.24811,257.86734,SummerFall_Even,1959,5
6/30/1959,3,28.674531,327.76776,SummerFall_Even,1959,6
7/31/1959,3,29.620107,405.3333,SummerFall_Even,1959,7
8/31/1959,3,41.0294845,726.97833,SummerFall_Even,1959,8
9/30/1959,3,81.368869,1267.5337,SummerFall_Even,1959,9
10/31/1959,3,158.04715,1635.926,SummerFall_Even,1959,10
11/30/1959,3,146.3334505,1549.5134,SummerFall_Even,1959,11
12/31/1959,3,160.531951,1618.3483,SummerFall_Even,1959,12
1/31/1960,3,204.6050749,1754.3345,SummerFall_Even,1960,1
2/29/1960,5,184.692028,1288.2046,SummerFall_Even,1960,2
3/31/1960,4,96.262114,476.82117,SummerFall_Even,1960,3
4/30/1960,4,34.0824613,249.20876,SummerFall_Even,1960,4
5/31/1960,4,31.2938047,264.44247,SummerFall_Even,1960,5
6/30/1960,4,31.45132705,340.85626,SummerFall_Even,1960,6
7/31/1960,4,30.29452345,431.04413,SummerFall_Even,1960,7
8/31/1960,4,78.194482,1390.5238,SummerFall_Even,1960,8
9/30/1960,4,140.104576,1500.2839,SummerFall_Even,1960,9
10/31/1960,4,163.1198935,1813.5476,SummerFall_Even,1960,10
11/30/1960,4,170.771773,1586.2732,SummerFall_Even,1960,11
12/31/1960,4,153.807376,1717.9819,SummerFall_Even,1960,12
1/31/1961,4,189.7603369,1635.6115,SummerFall_Even,1961,1
2/28/1961,4,155.114215,1209.435,SummerFall_Even,1961,2
3/31/1961,4,86.4177352,477.12494,SummerFall_Even,1961,3
4/30/1961,4,28.338657,244.72481,SummerFall_Even,1961,4
5/31/1961,4,28.1107275,264.24222,SummerFall_Even,1961,5
6/30/1961,4,31.525675,315.1536,SummerFall_Even,1961,6
7/31/1961,4,29.9585355,414.24136,SummerFall_Even,1961,7
8/31/1961,4,47.4215728,837.1147,SummerFall_Even,1961,8
9/30/1961,4,92.361775,1243.4208,SummerFall_Even,1961,9
10/31/1961,4,153.3747745,1886.0559,SummerFall_Even,1961,10
11/30/1961,4,200.7578485,1819.5898,SummerFall_Even,1961,11
12/31/1961,4,178.524856,1801.2798,SummerFall_Even,1961,12
1/31/1962,4,218.9525905,1613.8419,SummerFall_Even,1962,1
2/28/1962,4,141.710437,1127.7673,SummerFall_Even,1962,2
3/31/1962,3,109.0086393,463.0286,SummerFall_Even,1962,3
4/30/1962,3,52.0043215,244.10272,SummerFall_Even,1962,4
5/31/1962,3,29.53143,246.01578,SummerFall_Even,1962,5
6/30/1962,3,26.688084,275.33426,SummerFall_Even,1962,6
7/31/1962,3,27.102411,349.585,SummerFall_Even,1962,7
8/31/1962,3,36.5891617,739.40845,SummerFall_Even,1962,8
9/30/1962,3,95.7947197,1314.932,SummerFall_Even,1962,9
10/31/1962,3,163.2671245,1768.8223,SummerFall_Even,1962,10
11/30/1962,3,133.4239566,975.05786,SummerFall_Even,1962,11
12/31/1962,3,25.6089975,478.82098,SummerFall_Even,1962,12
1/31/1963,3,67.74676675,591.7526,SummerFall_Even,1963,1
2/28/1963,2,29.2234905,319.7569,SummerFall_Even,1963,2
3/31/1963,3,28.994025,254.19717,SummerFall_Even,1963,3
4/30/1963,2,26.956704,241.76688,SummerFall_Even,1963,4
5/31/1963,1,27.227508,222.0956,SummerFall_Even,1963,5
6/30/1963,1,25.004391,210.39574,SummerFall_Even,1963,6
7/31/1963,1,21.233121,217.33241,SummerFall_Even,1963,7
8/31/1963,1,21.343053,311.15485,SummerFall_Even,1963,8
9/30/1963,1,23.8933665,406.34128,SummerFall_Even,1963,9
10/31/1963,1,25.7903325,443.8014,SummerFall_Even,1963,10
11/30/1963,1,25.97148,305.6151,SummerFall_Even,1963,11
12/31/1963,1,25.987038,378.1911,SummerFall_Even,1963,12
1/31/1964,1,80.805367,848.9376,SummerFall_Even,1964,1
2/29/1964,2,144.4239591,836.1535,SummerFall_Even,1964,2
3/31/1964,3,51.2951731,340.30627,SummerFall_Even,1964,3
4/30/1964,4,34.3559473,302.2342,SummerFall_Even,1964,4
5/31/1964,4,35.93347645,316.11594,SummerFall_Even,1964,5
6/30/1964,4,37.1849086,323.45706,SummerFall_Even,1964,6
7/31/1964,4,32.3201638,372.1672,SummerFall_Even,1964,7
8/31/1964,4,56.06598475,1105.4076,SummerFall_Even,1964,8
9/30/1964,4,130.8936781,1572.4681,SummerFall_Even,1964,9
10/31/1964,4,161.8880665,1807.7673,SummerFall_Even,1964,10
11/30/1964,4,173.7850638,1740.6831,SummerFall_Even,1964,11
12/31/1964,4,166.3325161,1703.0935,SummerFall_Even,1964,12
1/31/1965,4,80.79853555,468.19528,SummerFall_Even,1965,1
2/28/1965,1,25.1267715,212.42508,SummerFall_Even,1965,2
3/31/1965,1,26.110845,223.1494,SummerFall_Even,1965,3
4/30/1965,1,30.4335265,231.12086,SummerFall_Even,1965,4
5/31/1965,1,28.390581,211.1192,SummerFall_Even,1965,5
6/30/1965,1,21.5102145,205.02225,SummerFall_Even,1965,6
7/31/1965,1,21.453504,210.74043,SummerFall_Even,1965,7
8/31/1965,1,21.4406685,275.81973,SummerFall_Even,1965,8
9/30/1965,1,23.4451725,346.33078,SummerFall_Even,1965,9
10/31/1965,1,23.7042225,457.1513,SummerFall_Even,1965,10
11/30/1965,1,24.483975,318.63516,SummerFall_Even,1965,11
12/31/1965,1,23.5428225,309.6888,SummerFall_Even,1965,12
1/31/1966,1,38.9930341,552.341,SummerFall_Even,1966,1
2/28/1966,2,67.7729725,484.99472,SummerFall_Even,1966,2
3/31/1966,3,32.8211596,238.63647,SummerFall_Even,1966,3
4/30/1966,3,28.50399,233.69041,SummerFall_Even,1966,4
5/31/1966,3,28.3836405,248.1798,SummerFall_Even,1966,5
6/30/1966,3,27.9188145,276.65955,SummerFall_Even,1966,6
7/31/1966,3,27.3695025,365.8234,SummerFall_Even,1966,7
8/31/1966,3,37.012951,650.44507,SummerFall_Even,1966,8
9/30/1966,3,63.90691045,1026.2312,SummerFall_Even,1966,9
10/31/1966,3,132.265936,1781.2863,SummerFall_Even,1966,10
11/30/1966,3,174.110263,1691.4832,SummerFall_Even,1966,11
12/31/1966,3,156.117606,1715.1853,SummerFall_Even,1966,12
1/31/1967,3,110.28058,631.91907,SummerFall_Even,1967,1
2/28/1967,1,36.3720715,237.48222,SummerFall_Even,1967,2
3/31/1967,2,27.718005,237.0228,SummerFall_Even,1967,3
4/30/1967,1,29.172423,231.49681,SummerFall_Even,1967,4
5/31/1967,1,28.097964,221.9257,SummerFall_Even,1967,5
6/30/1967,1,20.922174,194.76479,SummerFall_Even,1967,6
7/31/1967,1,16.6603425,157.81374,SummerFall_Even,1967,7
8/31/1967,1,14.632917,193.7254,SummerFall_Even,1967,8
9/30/1967,1,19.7407215,233.06023,SummerFall_Even,1967,9
10/31/1967,1,21.312255,303.11176,SummerFall_Even,1967,10
11/30/1967,1,20.6883315,288.54892,SummerFall_Even,1967,11
12/31/1967,1,29.44887,836.8678,SummerFall_Even,1967,12
1/31/1968,1,206.3266773,1781.7775,SummerFall_Even,1968,1
2/29/1968,3,172.8000724,882.8655,SummerFall_Even,1968,2
3/31/1968,3,36.3263233,240.96751,SummerFall_Even,1968,3
4/30/1968,3,26.602011,240.19003,SummerFall_Even,1968,4
5/31/1968,3,28.3969305,246.29926,SummerFall_Even,1968,5
6/30/1968,3,29.1443895,291.21277,SummerFall_Even,1968,6
7/31/1968,3,28.017525,453.32773,SummerFall_Even,1968,7
8/31/1968,3,35.49149275,737.39667,SummerFall_Even,1968,8
9/30/1968,3,69.64686745,1145.657,SummerFall_Even,1968,9
10/31/1968,3,130.7053416,1553.7051,SummerFall_Even,1968,10
11/30/1968,3,152.0752315,1701.0166,SummerFall_Even,1968,11
12/31/1968,3,161.7241231,1718.0189,SummerFall_Even,1968,12
1/31/1969,3,151.7475385,945.0051,SummerFall_Even,1969,1
2/28/1969,1,34.5745594,243.12578,SummerFall_Even,1969,2
3/31/1969,1,21.718197,192.41203,SummerFall_Even,1969,3
4/30/1969,1,19.85031,185.88033,SummerFall_Even,1969,4
5/31/1969,1,15.1104285,178.1897,SummerFall_Even,1969,5
6/30/1969,1,12.0738,175.45148,SummerFall_Even,1969,6
7/31/1969,1,12.3254055,171.77878,SummerFall_Even,1969,7
8/31/1969,1,18.374508,210.86438,SummerFall_Even,1969,8
9/30/1969,1,22.1166915,301.22583,SummerFall_Even,1969,9
10/31/1969,1,20.2248525,314.52637,SummerFall_Even,1969,10
11/30/1969,1,21.7076505,359.92206,SummerFall_Even,1969,11
12/31/1969,1,34.5416989,797.7058,SummerFall_Even,1969,12
1/31/1970,1,52.43870425,404.37772,SummerFall_Even,1970,1
2/28/1970,1,21.7540725,216.51933,SummerFall_Even,1970,2
3/31/1970,1,19.004055,195.83183,SummerFall_Even,1970,3
4/30/1970,1,25.6965195,206.71404,SummerFall_Even,1970,4
5/31/1970,1,25.698129,233.37572,SummerFall_Even,1970,5
6/30/1970,1,27.286215,269.72668,SummerFall_Even,1970,6
7/31/1970,1,25.777371,302.8324,SummerFall_Even,1970,7
8/31/1970,1,24.5304435,420.40503,SummerFall_Even,1970,8
9/30/1970,1,28.578429,440.01556,SummerFall_Even,1970,9
10/31/1970,1,24.532383,334.25763,SummerFall_Even,1970,10
11/30/1970,1,20.9874,279.15247,SummerFall_Even,1970,11
12/31/1970,1,23.546961,366.44452,SummerFall_Even,1970,12
1/31/1971,1,29.561586,279.8776,SummerFall_Even,1971,1
2/28/1971,1,21.9751125,215.82298,SummerFall_Even,1971,2
3/31/1971,1,22.71111,232.06668,SummerFall_Even,1971,3
4/30/1971,1,23.595396,239.08551,SummerFall_Even,1971,4
5/31/1971,1,25.4431365,232.34306,SummerFall_Even,1971,5
6/30/1971,1,25.8302625,220.69148,SummerFall_Even,1971,6
7/31/1971,1,22.220004,210.86543,SummerFall_Even,1971,7
8/31/1971,1,20.051244,298.3214,SummerFall_Even,1971,8
9/30/1971,1,24.456855,456.442,SummerFall_Even,1971,9
10/31/1971,1,27.747363,466.8643,SummerFall_Even,1971,10
11/30/1971,1,28.606476,278.06863,SummerFall_Even,1971,11
12/31/1971,1,30.3725137,820.8621,SummerFall_Even,1971,12
1/31/1972,1,129.545212,900.0237,SummerFall_Even,1972,1
2/29/1972,3,62.92588345,622.9946,SummerFall_Even,1972,2
3/31/1972,3,64.9368349,476.69995,SummerFall_Even,1972,3
4/30/1972,3,32.981284,256.74557,SummerFall_Even,1972,4
5/31/1972,3,27.022125,245.16656,SummerFall_Even,1972,5
6/30/1972,3,29.37747,313.53085,SummerFall_Even,1972,6
7/31/1972,3,30.281935,485.15643,SummerFall_Even,1972,7
8/31/1972,3,33.080806,750.1579,SummerFall_Even,1972,8
9/30/1972,3,51.5578804,748.3466,SummerFall_Even,1972,9
10/31/1972,3,99.802213,1456.8058,SummerFall_Even,1972,10
11/30/1972,3,153.657067,1669.6522,SummerFall_Even,1972,11
12/31/1972,3,125.2712095,1321.5178,SummerFall_Even,1972,12
1/31/1973,3,66.6260755,514.98065,SummerFall_Even,1973,1
2/28/1973,2,33.339529,246.73088,SummerFall_Even,1973,2
3/31/1973,2,26.2520625,240.88332,SummerFall_Even,1973,3
4/30/1973,1,36.11983795,232.43497,SummerFall_Even,1973,4
5/31/1973,2,29.861205,231.18304,SummerFall_Even,1973,5
6/30/1973,2,26.081037,235.36456,SummerFall_Even,1973,6
7/31/1973,2,24.0885525,250.62843,SummerFall_Even,1973,7
8/31/1973,2,24.7355625,418.38077,SummerFall_Even,1973,8
9/30/1973,2,25.0408305,411.04742,SummerFall_Even,1973,9
10/31/1973,2,23.086635,324.06497,SummerFall_Even,1973,10
11/30/1973,2,23.031072,289.00958,SummerFall_Even,1973,11
12/31/1973,2,21.9233595,288.60602,SummerFall_Even,1973,12
1/31/1974,2,24.143001,205.97849,SummerFall_Even,1974,1
2/28/1974,1,22.2148725,209.61795,SummerFall_Even,1974,2
3/31/1974,1,21.2049345,208.4531,SummerFall_Even,1974,3
4/30/1974,1,26.022219,203.52602,SummerFall_Even,1974,4
5/31/1974,1,22.3543305,179.32558,SummerFall_Even,1974,5
6/30/1974,1,18.835407,187.83217,SummerFall_Even,1974,6
7/31/1974,1,20.278581,185.972,SummerFall_Even,1974,7
8/31/1974,1,18.742302,241.5042,SummerFall_Even,1974,8
9/30/1974,1,21.8890455,372.5661,SummerFall_Even,1974,9
10/31/1974,1,25.806435,419.4455,SummerFall_Even,1974,10
11/30/1974,1,28.496691,315.6397,SummerFall_Even,1974,11
12/31/1974,1,37.9567684,781.4599,SummerFall_Even,1974,12
1/31/1975,1,197.8775815,1519.2642,SummerFall_Even,1975,1
2/28/1975,3,195.0915925,1368.1864,SummerFall_Even,1975,2
3/31/1975,3,74.386483,413.62985,SummerFall_Even,1975,3
4/30/1975,2,28.563927,229.07848,SummerFall_Even,1975,4
5/31/1975,1,24.330228,215.60909,SummerFall_Even,1975,5
6/30/1975,1,22.8871395,206.6424,SummerFall_Even,1975,6
7/31/1975,1,21.116778,191.12376,SummerFall_Even,1975,7
8/31/1975,1,19.0190595,250.67708,SummerFall_Even,1975,8
9/30/1975,1,22.015023,377.88467,SummerFall_Even,1975,9
10/31/1975,1,26.2089615,527.67194,SummerFall_Even,1975,10
11/30/1975,1,44.9738161,516.5356,SummerFall_Even,1975,11
12/31/1975,1,61.9482565,829.40753,SummerFall_Even,1975,12
1/31/1976,1,216.978424,1583.4196,SummerFall_Even,1976,1
2/29/1976,4,196.1555118,1481.6075,SummerFall_Even,1976,2
3/31/1976,4,141.8550289,983.3715,SummerFall_Even,1976,3
4/30/1976,5,94.196035,595.8246,SummerFall_Even,1976,4
5/31/1976,5,73.361167,598.6495,SummerFall_Even,1976,5
6/30/1976,5,88.59050395,900.6932,SummerFall_Even,1976,6
7/31/1976,5,128.5695145,1686.4789,SummerFall_Even,1976,7
8/31/1976,5,139.83964,1636.1184,SummerFall_Even,1976,8
9/30/1976,5,118.975189,1338.4756,SummerFall_Even,1976,9
10/31/1976,5,156.6814129,1912.9236,SummerFall_Even,1976,10
11/30/1976,5,221.4021655,2190.3154,SummerFall_Even,1976,11
12/31/1976,5,222.3451593,1738.2015,SummerFall_Even,1976,12
1/31/1977,5,220.482727,2008.0919,SummerFall_Even,1977,1
2/28/1977,5,288.492334,2480.5718,SummerFall_Even,1977,2
3/31/1977,5,308.688061,1458.1361,SummerFall_Even,1977,3
4/30/1977,5,135.5153778,513.7543,SummerFall_Even,1977,4
5/31/1977,5,78.7863244,431.6301,SummerFall_Even,1977,5
6/30/1977,5,71.6461795,961.28577,SummerFall_Even,1977,6
7/31/1977,5,154.2536575,1665.7336,SummerFall_Even,1977,7
8/31/1977,5,187.0949485,1745.2812,SummerFall_Even,1977,8
9/30/1977,5,135.833053,1415.6913,SummerFall_Even,1977,9
10/31/1977,5,175.3443558,1568.1799,SummerFall_Even,1977,10
11/30/1977,5,195.1819945,1853.4475,SummerFall_Even,1977,11
12/31/1977,5,223.848349,2023.6313,SummerFall_Even,1977,12
1/31/1978,5,200.6188996,1410.7643,SummerFall_Even,1978,1
2/28/1978,3,70.3046332,410.63495,SummerFall_Even,1978,2
3/31/1978,2,55.0653184,227.78494,SummerFall_Even,1978,3
4/30/1978,2,38.72327875,225.14148,SummerFall_Even,1978,4
5/31/1978,2,25.209924,209.1245,SummerFall_Even,1978,5
6/30/1978,2,19.2503925,208.36269,SummerFall_Even,1978,6
7/31/1978,2,19.8798915,193.49648,SummerFall_Even,1978,7
8/31/1978,2,20.9475585,260.58502,SummerFall_Even,1978,8
9/30/1978,2,21.624768,382.46616,SummerFall_Even,1978,9
10/31/1978,2,23.8692975,463.065,SummerFall_Even,1978,10
11/30/1978,2,25.984809,293.20862,SummerFall_Even,1978,11
12/31/1978,2,33.5060545,634.98987,SummerFall_Even,1978,12
1/31/1979,2,191.9363148,1789.4945,SummerFall_Even,1979,1
2/28/1979,4,177.9611916,1006.2591,SummerFall_Even,1979,2
3/31/1979,3,57.95363095,268.34695,SummerFall_Even,1979,3
4/30/1979,4,39.4590718,233.48773,SummerFall_Even,1979,4
5/31/1979,3,29.184945,235.30974,SummerFall_Even,1979,5
6/30/1979,3,27.4587345,247.48422,SummerFall_Even,1979,6
7/31/1979,3,25.2684705,259.03122,SummerFall_Even,1979,7
8/31/1979,3,32.5304083,746.1538,SummerFall_Even,1979,8
9/30/1979,3,91.03773055,1274.3445,SummerFall_Even,1979,9
10/31/1979,3,141.5740816,1731.895,SummerFall_Even,1979,10
11/30/1979,3,155.8197895,1702.9872,SummerFall_Even,1979,11
12/31/1979,3,146.3264965,1723.6907,SummerFall_Even,1979,12
1/31/1980,3,220.9024836,1747.2823,SummerFall_Even,1980,1
2/29/1980,2,69.11610055,415.6805,SummerFall_Even,1980,2
3/31/1980,1,23.1522495,196.47408,SummerFall_Even,1980,3
4/30/1980,1,22.085802,197.28001,SummerFall_Even,1980,4
5/31/1980,1,19.9559835,210.49544,SummerFall_Even,1980,5
6/30/1980,1,21.724278,239.72234,SummerFall_Even,1980,6
7/31/1980,1,23.046192,231.42609,SummerFall_Even,1980,7
8/31/1980,1,22.5113685,240.7137,SummerFall_Even,1980,8
9/30/1980,1,21.7139925,268.2763,SummerFall_Even,1980,9
10/31/1980,1,20.362596,370.8785,SummerFall_Even,1980,10
11/30/1980,1,22.863948,268.1811,SummerFall_Even,1980,11
12/31/1980,1,33.0248548,739.3187,SummerFall_Even,1980,12
1/31/1981,1,212.5939555,1782.3115,SummerFall_Even,1981,1
2/28/1981,3,169.6602873,930.86163,SummerFall_Even,1981,2
3/31/1981,4,48.2511508,268.8861,SummerFall_Even,1981,3
4/30/1981,4,29.0412225,238.46399,SummerFall_Even,1981,4
5/31/1981,4,29.729895,246.72682,SummerFall_Even,1981,5
6/30/1981,4,29.31405,300.3643,SummerFall_Even,1981,6
7/31/1981,4,29.301906,441.5544,SummerFall_Even,1981,7
8/31/1981,4,73.6244899,1354.6926,SummerFall_Even,1981,8
9/30/1981,4,138.239479,1595.0228,SummerFall_Even,1981,9
10/31/1981,4,149.4892555,1808.6096,SummerFall_Even,1981,10
11/30/1981,4,173.828284,1731.3273,SummerFall_Even,1981,11
12/31/1981,4,151.0263745,1272.5336,SummerFall_Even,1981,12
1/31/1982,4,38.9323975,274.25684,SummerFall_Even,1982,1
2/28/1982,1,29.4901425,214.71043,SummerFall_Even,1982,2
3/31/1982,1,26.872206,210.80635,SummerFall_Even,1982,3
4/30/1982,1,26.383908,185.57045,SummerFall_Even,1982,4
5/31/1982,1,19.466982,177.946,SummerFall_Even,1982,5
6/30/1982,1,14.857095,172.64296,SummerFall_Even,1982,6
7/31/1982,1,14.754636,170.7103,SummerFall_Even,1982,7
8/31/1982,1,18.555495,205.5936,SummerFall_Even,1982,8
9/30/1982,1,20.788995,275.2281,SummerFall_Even,1982,9
10/31/1982,1,18.8829255,226.54088,SummerFall_Even,1982,10
11/30/1982,1,17.2159245,222.1555,SummerFall_Even,1982,11
12/31/1982,1,23.4983595,207.84456,SummerFall_Even,1982,12
1/31/1983,1,25.7748915,199.2617,SummerFall_Even,1983,1
2/28/1983,1,15.677595,190.39386,SummerFall_Even,1983,2
3/31/1983,1,11.333832,188.86223,SummerFall_Even,1983,3
4/30/1983,1,6.7890075,191.8232,SummerFall_Even,1983,4
5/31/1983,1,3.608829,169.57333,SummerFall_Even,1983,5
6/30/1983,1,6.8497425,167.04404,SummerFall_Even,1983,6
7/31/1983,1,9.391821,163.89352,SummerFall_Even,1983,7
8/31/1983,1,12.1950375,165.32806,SummerFall_Even,1983,8
9/30/1983,1,15.61401,201.40587,SummerFall_Even,1983,9
10/31/1983,1,17.173656,241.59552,SummerFall_Even,1983,10
11/30/1983,1,18.05457,233.40363,SummerFall_Even,1983,11
12/31/1983,1,25.086333,219.38657,SummerFall_Even,1983,12
1/31/1984,1,22.55223,210.36179,SummerFall_Even,1984,1
2/29/1984,1,20.4657375,183.63579,SummerFall_Even,1984,2
3/31/1984,1,21.410502,201.55074,SummerFall_Even,1984,3
4/30/1984,1,25.068801,208.99232,SummerFall_Even,1984,4
5/31/1984,1,24.122301,224.74493,SummerFall_Even,1984,5
6/30/1984,1,22.62498,233.12024,SummerFall_Even,1984,6
7/31/1984,1,23.1019545,237.43288,SummerFall_Even,1984,7
8/31/1984,1,23.034093,376.2446,SummerFall_Even,1984,8
9/30/1984,1,25.6219185,377.37344,SummerFall_Even,1984,9
10/31/1984,1,22.5412425,336.02792,SummerFall_Even,1984,10
11/30/1984,1,22.380663,339.90393,SummerFall_Even,1984,11
12/31/1984,1,26.5433895,349.08414,SummerFall_Even,1984,12
1/31/1985,1,24.571653,239.89592,SummerFall_Even,1985,1
2/28/1985,3,24.4295475,299.44272,SummerFall_Even,1985,2
3/31/1985,3,28.8793905,389.51804,SummerFall_Even,1985,3
4/30/1985,3,34.232206,287.96228,SummerFall_Even,1985,4
5/31/1985,4,38.62963345,282.41568,SummerFall_Even,1985,5
6/30/1985,4,36.7548493,325.61453,SummerFall_Even,1985,6
7/31/1985,4,31.0110847,400.83545,SummerFall_Even,1985,7
8/31/1985,4,72.8185441,1383.32,SummerFall_Even,1985,8
9/30/1985,4,137.4617254,1578.8362,SummerFall_Even,1985,9
10/31/1985,4,140.0482429,1712.9292,SummerFall_Even,1985,10
11/30/1985,4,159.9327955,1723.2058,SummerFall_Even,1985,11
12/31/1985,4,163.9939885,1708.3937,SummerFall_Even,1985,12
1/31/1986,4,223.348345,1738.289,SummerFall_Even,1986,1
2/28/1986,3,130.8555138,725.25146,SummerFall_Even,1986,2
3/31/1986,1,48.5057869,238.74146,SummerFall_Even,1986,3
4/30/1986,1,15.0886095,189.75452,SummerFall_Even,1986,4
5/31/1986,1,17.7694755,174.65005,SummerFall_Even,1986,5
6/30/1986,1,19.7438205,189.23402,SummerFall_Even,1986,6
7/31/1986,1,23.333256,243.76959,SummerFall_Even,1986,7
8/31/1986,1,22.595133,273.61414,SummerFall_Even,1986,8
9/30/1986,1,20.8552275,294.7228,SummerFall_Even,1986,9
10/31/1986,1,21.2998515,410.73712,SummerFall_Even,1986,10
11/30/1986,1,24.22812,306.28928,SummerFall_Even,1986,11
12/31/1986,1,34.5655135,746.2392,SummerFall_Even,1986,12
1/31/1987,1,202.4775243,1766.3103,SummerFall_Even,1987,1
2/28/1987,4,153.991221,1171.8328,SummerFall_Even,1987,2
3/31/1987,4,84.0302446,461.69626,SummerFall_Even,1987,3
4/30/1987,4,43.77146095,258.70648,SummerFall_Even,1987,4
5/31/1987,4,31.7088673,257.36862,SummerFall_Even,1987,5
6/30/1987,4,30.772249,312.33325,SummerFall_Even,1987,6
7/31/1987,4,30.78535045,467.62994,SummerFall_Even,1987,7
8/31/1987,4,47.66356345,920.8421,SummerFall_Even,1987,8
9/30/1987,4,89.70395905,1207.622,SummerFall_Even,1987,9
10/31/1987,4,133.6983289,1655.564,SummerFall_Even,1987,10
11/30/1987,4,181.796542,1790.3237,SummerFall_Even,1987,11
12/31/1987,4,172.245642,1801.7386,SummerFall_Even,1987,12
1/31/1988,4,188.3175985,1366.3624,SummerFall_Even,1988,1
2/29/1988,4,74.8168615,461.41922,SummerFall_Even,1988,2
3/31/1988,5,34.2008959,273.57355,SummerFall_Even,1988,3
4/30/1988,5,45.12737695,306.34286,SummerFall_Even,1988,4
5/31/1988,5,50.5171915,382.73233,SummerFall_Even,1988,5
6/30/1988,5,61.1851405,647.33026,SummerFall_Even,1988,6
7/31/1988,5,107.3590735,1102.8589,SummerFall_Even,1988,7
8/31/1988,5,118.554586,1460.0604,SummerFall_Even,1988,8
9/30/1988,5,127.838974,1445.8639,SummerFall_Even,1988,9
10/31/1988,5,165.0674695,1685.5366,SummerFall_Even,1988,10
11/30/1988,5,207.9884695,2023.6665,SummerFall_Even,1988,11
12/31/1988,5,223.7770705,1967.8846,SummerFall_Even,1988,12
1/31/1989,5,201.0397021,1690.0677,SummerFall_Even,1989,1
2/28/1989,4,181.3441045,1207.6533,SummerFall_Even,1989,2
3/31/1989,5,96.288106,605.68475,SummerFall_Even,1989,3
4/30/1989,3,39.54569755,312.15942,SummerFall_Even,1989,4
5/31/1989,4,25.371396,237.57172,SummerFall_Even,1989,5
6/30/1989,4,27.39483,250.77599,SummerFall_Even,1989,6
7/31/1989,4,25.180041,332.72604,SummerFall_Even,1989,7
8/31/1989,4,49.17861775,1028.9753,SummerFall_Even,1989,8
9/30/1989,4,129.5820255,1571.0519,SummerFall_Even,1989,9
10/31/1989,4,165.205495,1679.716,SummerFall_Even,1989,10
11/30/1989,4,161.6866855,1714.8771,SummerFall_Even,1989,11
12/31/1989,4,163.8736045,1746.2483,SummerFall_Even,1989,12
1/31/1990,4,190.397728,1537.9462,SummerFall_Even,1990,1
2/28/1990,4,118.4014441,902.4317,SummerFall_Even,1990,2
3/31/1990,5,56.4145882,404.4205,SummerFall_Even,1990,3
4/30/1990,5,39.0124198,367.756,SummerFall_Even,1990,4
5/31/1990,5,51.5015815,342.94833,SummerFall_Even,1990,5
6/30/1990,5,52.3800142,389.76556,SummerFall_Even,1990,6
7/31/1990,5,69.7084531,668.3106,SummerFall_Even,1990,7
8/31/1990,5,92.2592263,1032.2844,SummerFall_Even,1990,8
9/30/1990,5,116.1654025,1228.3251,SummerFall_Even,1990,9
10/31/1990,5,170.648596,1654.1206,SummerFall_Even,1990,10
11/30/1990,5,212.8727995,1998.9144,SummerFall_Even,1990,11
12/31/1990,5,226.6834578,1819.2992,SummerFall_Even,1990,12
1/31/1991,5,224.480422,1967.056,SummerFall_Even,1991,1
2/28/1991,5,272.024464,2330.3596,SummerFall_Even,1991,2
3/31/1991,5,259.303945,1029.7518,SummerFall_Even,1991,3
4/30/1991,5,75.3723835,299.7891,SummerFall_Even,1991,4
5/31/1991,5,40.7117836,247.0634,SummerFall_Even,1991,5
6/30/1991,5,42.169057,358.17163,SummerFall_Even,1991,6
7/31/1991,5,65.8387744,840.5395,SummerFall_Even,1991,7
8/31/1991,5,154.1796259,1513.8225,SummerFall_Even,1991,8
9/30/1991,5,180.3070323,1616.398,SummerFall_Even,1991,9
10/31/1991,5,191.9954238,1564.9062,SummerFall_Even,1991,10
11/30/1991,5,203.3981455,2063.7144,SummerFall_Even,1991,11
12/31/1991,5,227.0522164,2105.8828,SummerFall_Even,1991,12
1/31/1992,5,225.4927876,1507.1786,SummerFall_Even,1992,1
2/29/1992,5,148.942768,1366.8844,SummerFall_Even,1992,2
3/31/1992,5,127.8561025,631.4752,SummerFall_Even,1992,3
4/30/1992,5,41.288635,246.53401,SummerFall_Even,1992,4
5/31/1992,5,37.662466,256.88248,SummerFall_Even,1992,5
6/30/1992,5,42.3634384,365.03723,SummerFall_Even,1992,6
7/31/1992,5,51.39833455,397.84784,SummerFall_Even,1992,7
8/31/1992,5,41.03519875,572.58344,SummerFall_Even,1992,8
9/30/1992,5,72.634303,1038.2577,SummerFall_Even,1992,9
10/31/1992,5,145.3048,1733.3488,SummerFall_Even,1992,10
11/30/1992,5,221.328151,2345.9995,SummerFall_Even,1992,11
12/31/1992,5,223.0979155,1576.5151,SummerFall_Even,1992,12
1/31/1993,5,227.5813189,1606.1493,SummerFall_Even,1993,1
2/28/1993,3,111.32425,540.5743,SummerFall_Even,1993,2
3/31/1993,2,59.8605346,237.8419,SummerFall_Even,1993,3
4/30/1993,2,37.917484,237.92067,SummerFall_Even,1993,4
5/31/1993,2,28.171632,233.66776,SummerFall_Even,1993,5
6/30/1993,2,25.9623075,226.66635,SummerFall_Even,1993,6
7/31/1993,2,23.6009715,208.81015,SummerFall_Even,1993,7
8/31/1993,2,20.9603835,293.7399,SummerFall_Even,1993,8
9/30/1993,2,21.43623,465.3071,SummerFall_Even,1993,9
10/31/1993,2,24.6865395,494.35547,SummerFall_Even,1993,10
11/30/1993,2,26.736168,308.4972,SummerFall_Even,1993,11
12/31/1993,2,38.8036972,714.1131,SummerFall_Even,1993,12
1/31/1994,2,205.4863576,1496.5626,SummerFall_Even,1994,1
2/28/1994,4,193.7059111,1150.8995,SummerFall_Even,1994,2
3/31/1994,4,82.5605965,465.08478,SummerFall_Even,1994,3
4/30/1994,4,34.175434,260.1036,SummerFall_Even,1994,4
5/31/1994,5,36.7789603,292.2906,SummerFall_Even,1994,5
6/30/1994,5,45.19027075,447.31113,SummerFall_Even,1994,6
7/31/1994,5,69.1730065,868.8069,SummerFall_Even,1994,7
8/31/1994,5,95.36118625,1441.8284,SummerFall_Even,1994,8
9/30/1994,5,124.0736965,1591.3657,SummerFall_Even,1994,9
10/31/1994,5,176.51401,1832.318,SummerFall_Even,1994,10
11/30/1994,5,214.3050243,2195.9683,SummerFall_Even,1994,11
12/31/1994,5,219.77758,1854.8839,SummerFall_Even,1994,12
1/31/1995,5,219.5440225,1933.0763,SummerFall_Even,1995,1
2/28/1995,1,99.6703435,419.21786,SummerFall_Even,1995,2
3/31/1995,2,38.5744945,234.52283,SummerFall_Even,1995,3
4/30/1995,1,33.1464415,221.53987,SummerFall_Even,1995,4
5/31/1995,1,25.202808,180.34793,SummerFall_Even,1995,5
6/30/1995,1,17.5824045,170.4336,SummerFall_Even,1995,6
7/31/1995,1,15.6833355,164.81303,SummerFall_Even,1995,7
8/31/1995,1,14.9688105,169.42783,SummerFall_Even,1995,8
9/30/1995,1,18.733515,232.64702,SummerFall_Even,1995,9
10/31/1995,1,18.799827,304.27686,SummerFall_Even,1995,10
11/30/1995,1,19.30065,331.31854,SummerFall_Even,1995,11
12/31/1995,1,42.24801625,837.34607,SummerFall_Even,1995,12
1/31/1996,1,98.733007,598.41425,SummerFall_Even,1996,1
2/29/1996,2,28.7842755,228.97623,SummerFall_Even,1996,2
3/31/1996,1,33.1519591,223.30855,SummerFall_Even,1996,3
4/30/1996,1,30.169455,218.71661,SummerFall_Even,1996,4
5/31/1996,1,26.095026,211.52794,SummerFall_Even,1996,5
6/30/1996,1,22.530498,192.992,SummerFall_Even,1996,6
7/31/1996,1,19.587201,200.55309,SummerFall_Even,1996,7
8/31/1996,1,20.9382915,290.32645,SummerFall_Even,1996,8
9/30/1996,1,22.3123725,378.54605,SummerFall_Even,1996,9
10/31/1996,1,21.2066325,333.38214,SummerFall_Even,1996,10
11/30/1996,1,21.0610755,295.1312,SummerFall_Even,1996,11
12/31/1996,1,24.4311975,353.98798,SummerFall_Even,1996,12
1/31/1997,1,33.2391805,235.64117,SummerFall_Even,1997,1
2/28/1997,1,12.2467755,179.81255,SummerFall_Even,1997,2
3/31/1997,1,17.6615805,172.75708,SummerFall_Even,1997,3
4/30/1997,1,22.6958175,204.63206,SummerFall_Even,1997,4
5/31/1997,1,26.7831795,260.42453,SummerFall_Even,1997,5
6/30/1997,1,25.8993345,270.42932,SummerFall_Even,1997,6
7/31/1997,1,26.6550525,253.2615,SummerFall_Even,1997,7
8/31/1997,1,23.832633,316.44318,SummerFall_Even,1997,8
9/30/1997,1,23.513013,362.85672,SummerFall_Even,1997,9
10/31/1997,1,23.2789335,398.8646,SummerFall_Even,1997,10
11/30/1997,1,22.627443,288.5961,SummerFall_Even,1997,11
12/31/1997,1,26.3912025,526.0775,SummerFall_Even,1997,12
1/31/1998,1,113.6149261,860.5223,SummerFall_Even,1998,1
2/28/1998,1,60.6506686,301.4383,SummerFall_Even,1998,2
3/31/1998,1,54.3002416,221.69363,SummerFall_Even,1998,3
4/30/1998,1,24.069495,187.44157,SummerFall_Even,1998,4
5/31/1998,1,18.5432115,175.8331,SummerFall_Even,1998,5
6/30/1998,1,17.2230885,166.04889,SummerFall_Even,1998,6
7/31/1998,1,14.73,168.17616,SummerFall_Even,1998,7
8/31/1998,1,14.612835,169.11526,SummerFall_Even,1998,8
9/30/1998,1,17.042628,225.0214,SummerFall_Even,1998,9
10/31/1998,1,18.161589,241.48479,SummerFall_Even,1998,10
11/30/1998,1,15.509958,236.90862,SummerFall_Even,1998,11
12/31/1998,1,20.2279335,236.49748,SummerFall_Even,1998,12
1/31/1999,1,22.83399,214.42467,SummerFall_Even,1999,1
2/28/1999,2,24.6855945,216.46442,SummerFall_Even,1999,2
3/31/1999,1,28.286439,217.04617,SummerFall_Even,1999,3
4/30/1999,1,27.584427,221.36902,SummerFall_Even,1999,4
5/31/1999,1,27.7730895,224.42339,SummerFall_Even,1999,5
6/30/1999,1,24.4908345,227.06636,SummerFall_Even,1999,6
7/31/1999,1,22.217517,210.73834,SummerFall_Even,1999,7
8/31/1999,1,21.66756,299.89215,SummerFall_Even,1999,8
9/30/1999,1,22.9058325,368.13477,SummerFall_Even,1999,9
10/31/1999,1,21.5523975,359.94107,SummerFall_Even,1999,10
11/30/1999,1,22.1709255,321.52408,SummerFall_Even,1999,11
12/31/1999,1,36.22337275,766.5163,SummerFall_Even,1999,12
1/31/2000,1,214.0803445,1667.3372,SummerFall_Even,2000,1
2/29/2000,2,165.596629,866.47266,SummerFall_Even,2000,2
3/31/2000,2,50.76581695,236.56325,SummerFall_Even,2000,3
4/30/2000,2,27.798102,220.59044,SummerFall_Even,2000,4
5/31/2000,2,26.2329945,216.75787,SummerFall_Even,2000,5
6/30/2000,2,24.3801495,236.74425,SummerFall_Even,2000,6
7/31/2000,2,23.7815415,232.41089,SummerFall_Even,2000,7
8/31/2000,2,23.782866,408.1168,SummerFall_Even,2000,8
9/30/2000,2,24.51321,452.74207,SummerFall_Even,2000,9
10/31/2000,2,24.1010895,332.60114,SummerFall_Even,2000,10
11/30/2000,2,22.092639,296.9652,SummerFall_Even,2000,11
12/31/2000,2,42.156004,840.4428,SummerFall_Even,2000,12
1/31/2001,2,193.8124384,1620.743,SummerFall_Even,2001,1
2/28/2001,4,194.1151996,1284.1765,SummerFall_Even,2001,2
3/31/2001,4,75.82206505,356.81082,SummerFall_Even,2001,3
4/30/2001,4,30.1550355,238.62491,SummerFall_Even,2001,4
5/31/2001,4,32.4333715,248.40067,SummerFall_Even,2001,5
6/30/2001,4,29.2551825,302.1155,SummerFall_Even,2001,6
7/31/2001,4,29.17224,403.795,SummerFall_Even,2001,7
8/31/2001,4,45.8090029,841.76764,SummerFall_Even,2001,8
9/30/2001,4,91.51798975,1266.3157,SummerFall_Even,2001,9
10/31/2001,4,148.46773,1811.6373,SummerFall_Even,2001,10
11/30/2001,4,166.4084515,1574.3593,SummerFall_Even,2001,11
12/31/2001,4,159.9677365,1720.9108,SummerFall_Even,2001,12
1/31/2002,4,115.159552,685.50775,SummerFall_Even,2002,1
2/28/2002,3,27.11034,229.63174,SummerFall_Even,2002,2
3/31/2002,3,26.811825,233.87732,SummerFall_Even,2002,3
4/30/2002,3,25.287975,244.65837,SummerFall_Even,2002,4
5/31/2002,4,28.343955,255.87314,SummerFall_Even,2002,5
6/30/2002,4,30.485881,300.28305,SummerFall_Even,2002,6
7/31/2002,4,29.9422305,390.36783,SummerFall_Even,2002,7
8/31/2002,4,66.887848,1244.7057,SummerFall_Even,2002,8
9/30/2002,4,128.0985235,1553.8801,SummerFall_Even,2002,9
10/31/2002,4,143.985592,1709.5007,SummerFall_Even,2002,10
11/30/2002,4,153.901845,1622.62,SummerFall_Even,2002,11
12/31/2002,4,151.224079,1722.605,SummerFall_Even,2002,12
1/31/2003,4,104.970574,662.50104,SummerFall_Even,2003,1
2/28/2003,2,28.048833,215.19089,SummerFall_Even,2003,2
3/31/2003,3,25.3077285,231.09468,SummerFall_Even,2003,3
4/30/2003,3,25.462686,244.81004,SummerFall_Even,2003,4
5/31/2003,2,27.9875295,236.13805,SummerFall_Even,2003,5
6/30/2003,2,25.1901675,219.29935,SummerFall_Even,2003,6
7/31/2003,2,21.650862,225.56197,SummerFall_Even,2003,7
8/31/2003,2,22.485981,437.37054,SummerFall_Even,2003,8
9/30/2003,2,26.448948,527.4143,SummerFall_Even,2003,9
10/31/2003,2,26.1774495,494.4585,SummerFall_Even,2003,10
11/30/2003,2,25.4002995,314.2137,SummerFall_Even,2003,11
12/31/2003,2,33.6064657,768.59644,SummerFall_Even,2003,12
1/31/2004,2,97.88536,638.76324,SummerFall_Even,2004,1
2/29/2004,3,28.233,256.61932,SummerFall_Even,2004,2
3/31/2004,2,27.14838,241.65889,SummerFall_Even,2004,3
4/30/2004,3,26.25477,235.66634,SummerFall_Even,2004,4
5/31/2004,3,28.3723755,243.18153,SummerFall_Even,2004,5
6/30/2004,3,29.7271455,276.36627,SummerFall_Even,2004,6
7/31/2004,3,28.993335,377.8382,SummerFall_Even,2004,7
8/31/2004,3,39.0841885,755.93054,SummerFall_Even,2004,8
9/30/2004,3,80.41427005,1317.175,SummerFall_Even,2004,9
10/31/2004,3,165.235648,1662.8673,SummerFall_Even,2004,10
11/30/2004,3,150.114631,1647.164,SummerFall_Even,2004,11
12/31/2004,3,153.7768953,1700.9124,SummerFall_Even,2004,12
1/31/2005,3,153.983392,916.50934,SummerFall_Even,2005,1
2/28/2005,3,53.5766665,316.71265,SummerFall_Even,2005,2
3/31/2005,3,43.16915905,242.12817,SummerFall_Even,2005,3
4/30/2005,3,40.31512345,231.773,SummerFall_Even,2005,4
5/31/2005,3,27.314301,231.29608,SummerFall_Even,2005,5
6/30/2005,3,21.449538,211.56436,SummerFall_Even,2005,6
7/31/2005,3,17.668083,192.89874,SummerFall_Even,2005,7
8/31/2005,3,20.3928765,247.59622,SummerFall_Even,2005,8
9/30/2005,3,51.08956555,754.6905,SummerFall_Even,2005,9
10/31/2005,3,95.4186679,1298.1583,SummerFall_Even,2005,10
11/30/2005,3,75.47932975,1087.198,SummerFall_Even,2005,11
12/31/2005,3,130.2379729,1597.3727,SummerFall_Even,2005,12
1/31/2006,3,66.5509609,404.82007,SummerFall_Even,2006,1
2/28/2006,1,21.889524,208.16292,SummerFall_Even,2006,2
3/31/2006,1,24.8048655,204.95895,SummerFall_Even,2006,3
4/30/2006,1,29.2080555,198.23042,SummerFall_Even,2006,4
5/31/2006,1,17.575644,181.33226,SummerFall_Even,2006,5
6/30/2006,1,14.243919,171.47417,SummerFall_Even,2006,6
7/31/2006,1,15.663858,167.39838,SummerFall_Even,2006,7
8/31/2006,1,22.41078,208.48927,SummerFall_Even,2006,8
9/30/2006,1,20.115702,300.74725,SummerFall_Even,2006,9
10/31/2006,1,20.441031,373.67477,SummerFall_Even,2006,10
11/30/2006,1,24.013968,358.37323,SummerFall_Even,2006,11
12/31/2006,1,29.9394975,714.1642,SummerFall_Even,2006,12
1/31/2007,1,117.5161771,997.4714,SummerFall_Even,2007,1
2/28/2007,3,110.420002,781.33685,SummerFall_Even,2007,2
3/31/2007,3,81.3182986,453.2046,SummerFall_Even,2007,3
4/30/2007,4,39.35979775,244.26727,SummerFall_Even,2007,4
5/31/2007,4,33.105886,268.04742,SummerFall_Even,2007,5
6/30/2007,4,33.6970843,327.75052,SummerFall_Even,2007,6
7/31/2007,4,33.1131079,431.7342,SummerFall_Even,2007,7
8/31/2007,4,68.86710175,1431.0643,SummerFall_Even,2007,8
9/30/2007,4,142.1938654,1587.9723,SummerFall_Even,2007,9
10/31/2007,4,143.3327881,1718.798,SummerFall_Even,2007,10
11/30/2007,4,142.8979465,1685.3636,SummerFall_Even,2007,11
12/31/2007,4,162.1387525,1730.1,SummerFall_Even,2007,12
1/31/2008,4,198.8922955,1400.9591,SummerFall_Even,2008,1
2/29/2008,3,113.030488,475.10565,SummerFall_Even,2008,2
3/31/2008,4,38.4838645,246.59984,SummerFall_Even,2008,3
4/30/2008,4,32.5019995,241.05382,SummerFall_Even,2008,4
5/31/2008,5,32.18048245,266.74503,SummerFall_Even,2008,5
6/30/2008,5,35.948875,370.88095,SummerFall_Even,2008,6
7/31/2008,5,45.9801169,501.24738,SummerFall_Even,2008,7
8/31/2008,5,53.0298997,888.60333,SummerFall_Even,2008,8
9/30/2008,5,104.2468735,1389.2965,SummerFall_Even,2008,9
10/31/2008,5,178.6497715,1985.1304,SummerFall_Even,2008,10
11/30/2008,5,221.9551624,2099.0464,SummerFall_Even,2008,11
12/31/2008,5,215.6147988,2184.8267,SummerFall_Even,2008,12
1/31/2009,5,221.356822,1719.3792,SummerFall_Even,2009,1
2/28/2009,5,183.1719036,1434.8884,SummerFall_Even,2009,2
3/31/2009,4,116.1659155,571.26117,SummerFall_Even,2009,3
4/30/2009,4,37.800406,249.31,SummerFall_Even,2009,4
5/31/2009,4,28.96923,243.25423,SummerFall_Even,2009,5
6/30/2009,4,28.339563,261.3293,SummerFall_Even,2009,6
7/31/2009,4,26.69202,289.6982,SummerFall_Even,2009,7
8/31/2009,4,24.4192935,406.27594,SummerFall_Even,2009,8
9/30/2009,4,46.6372585,807.8165,SummerFall_Even,2009,9
10/31/2009,4,114.9720705,1652.8649,SummerFall_Even,2009,10
11/30/2009,4,171.6072078,1668.4103,SummerFall_Even,2009,11
12/31/2009,4,124.9438015,1541.516,SummerFall_Even,2009,12
1/31/2010,4,205.8933205,1779.9741,SummerFall_Even,2010,1
2/28/2010,3,123.1938445,589.8734,SummerFall_Even,2010,2
3/31/2010,4,40.404223,247.28267,SummerFall_Even,2010,3
4/30/2010,4,28.0011795,241.25175,SummerFall_Even,2010,4
5/31/2010,3,28.244037,236.75179,SummerFall_Even,2010,5
6/30/2010,3,28.18998,225.49802,SummerFall_Even,2010,6
7/31/2010,3,25.4228715,217.76613,SummerFall_Even,2010,7
8/31/2010,3,24.1269075,409.36743,SummerFall_Even,2010,8
9/30/2010,3,80.16540805,1342.7422,SummerFall_Even,2010,9
10/31/2010,3,137.5272526,1686.3301,SummerFall_Even,2010,10
11/30/2010,3,89.4657874,907.2799,SummerFall_Even,2010,11
12/31/2010,3,66.4525105,751.3488,SummerFall_Even,2010,12
1/31/2011,3,53.2792063,346.4761,SummerFall_Even,2011,1
2/28/2011,2,27.926265,202.7373,SummerFall_Even,2011,2
3/31/2011,2,30.6533755,217.73964,SummerFall_Even,2011,3
4/30/2011,1,23.273445,223.37201,SummerFall_Even,2011,4
5/31/2011,1,19.27116,197.2021,SummerFall_Even,2011,5
6/30/2011,1,17.206062,187.16534,SummerFall_Even,2011,6
7/31/2011,1,17.520321,178.72923,SummerFall_Even,2011,7
8/31/2011,1,16.1337105,184.44205,SummerFall_Even,2011,8
9/30/2011,1,18.2094195,234.78502,SummerFall_Even,2011,9
10/31/2011,1,18.9940905,265.53186,SummerFall_Even,2011,10
11/30/2011,1,18.7748355,295.10696,SummerFall_Even,2011,11
12/31/2011,1,28.666278,658.25757,SummerFall_Even,2011,12
1/31/2012,1,150.1256035,1381.4924,SummerFall_Even,2012,1
2/29/2012,4,165.5719366,1274.9844,SummerFall_Even,2012,2
3/31/2012,4,85.8848821,592.6293,SummerFall_Even,2012,3
4/30/2012,3,43.23833995,307.06097,SummerFall_Even,2012,4
5/31/2012,3,27.760662,231.65736,SummerFall_Even,2012,5
6/30/2012,3,27.444036,235.5395,SummerFall_Even,2012,6
7/31/2012,3,25.4145975,335.4511,SummerFall_Even,2012,7
8/31/2012,3,31.5423646,738.5939,SummerFall_Even,2012,8
9/30/2012,3,69.4215493,1172.0408,SummerFall_Even,2012,9
10/31/2012,3,154.8417151,1679.7589,SummerFall_Even,2012,10
11/30/2012,3,154.4118895,1677.1063,SummerFall_Even,2012,11
12/31/2012,3,167.372863,1750.2603,SummerFall_Even,2012,12
1/31/2013,3,90.4450816,502.15598,SummerFall_Even,2013,1
2/28/2013,2,22.8565755,229.51595,SummerFall_Even,2013,2
3/31/2013,3,26.4522405,250.50772,SummerFall_Even,2013,3
4/30/2013,4,25.029975,258.87283,SummerFall_Even,2013,4
5/31/2013,4,29.901096,289.8317,SummerFall_Even,2013,5
6/30/2013,4,34.1794525,327.7446,SummerFall_Even,2013,6
7/31/2013,4,32.05260295,374.56845,SummerFall_Even,2013,7
8/31/2013,4,55.7902387,1114.6826,SummerFall_Even,2013,8
9/30/2013,4,115.2354646,1313.1453,SummerFall_Even,2013,9
10/31/2013,4,164.085559,1774.5259,SummerFall_Even,2013,10
11/30/2013,4,176.0240095,1648.1617,SummerFall_Even,2013,11
12/31/2013,4,171.2320765,1547.7035,SummerFall_Even,2013,12
1/31/2014,4,202.562916,1886.185,SummerFall_Even,2014,1
2/28/2014,5,172.6552069,1258.6691,SummerFall_Even,2014,2
3/31/2014,5,119.7431928,855.9906,SummerFall_Even,2014,3
4/30/2014,5,58.8403942,371.29037,SummerFall_Even,2014,4
5/31/2014,5,38.48387305,274.46906,SummerFall_Even,2014,5
6/30/2014,5,46.3213816,486.09506,SummerFall_Even,2014,6
7/31/2014,5,89.85193105,1114.2542,SummerFall_Even,2014,7
8/31/2014,5,164.5525201,1649.432,SummerFall_Even,2014,8
9/30/2014,5,186.0137298,1536.8877,SummerFall_Even,2014,9
10/31/2014,5,187.3810116,1594.4198,SummerFall_Even,2014,10
11/30/2014,5,197.4712713,1873.3341,SummerFall_Even,2014,11
12/31/2014,5,225.2131285,2143.2532,SummerFall_Even,2014,12
1/31/2015,5,129.238324,738.1511,SummerFall_Even,2015,1
2/28/2015,5,29.25327,290.3803,SummerFall_Even,2015,2
3/31/2015,5,32.2180483,379.01108,SummerFall_Even,2015,3
4/30/2015,5,42.5181763,297.30066,SummerFall_Even,2015,4
5/31/2015,5,56.5452778,409.2253,SummerFall_Even,2015,5
6/30/2015,5,63.3456343,541.6174,SummerFall_Even,2015,6
7/31/2015,5,72.0072175,572.6395,SummerFall_Even,2015,7
8/31/2015,5,51.76507255,606.57996,SummerFall_Even,2015,8
9/30/2015,5,75.48311455,945.20544,SummerFall_Even,2015,9
10/31/2015,5,139.1153296,1780.0404,SummerFall_Even,2015,10
11/30/2015,5,212.257399,2214.391,SummerFall_Even,2015,11
12/31/2015,5,220.9047978,1513.1658,SummerFall_Even,2015,12
1/31/2016,5,211.1955945,2270.8984,SummerFall_Even,2016,1
2/29/2016,3,207.2072988,723.5627,SummerFall_Even,2016,2
3/31/2016,4,54.4306177,245.44731,SummerFall_Even,2016,3
4/30/2016,3,27.341478,245.73721,SummerFall_Even,2016,4
5/31/2016,3,27.36483,240.05412,SummerFall_Even,2016,5
6/30/2016,3,28.109916,247.266,SummerFall_Even,2016,6
7/31/2016,3,25.3301955,376.2507,SummerFall_Even,2016,7
8/31/2016,3,38.41612,760.42566,SummerFall_Even,2016,8
9/30/2016,3,74.4078865,1157.7563,SummerFall_Even,2016,9
10/31/2016,3,166.0116175,1739.5968,SummerFall_Even,2016,10
11/30/2016,3,179.206918,1699.1105,SummerFall_Even,2016,11
12/31/2016,3,164.464951,1811.0161,SummerFall_Even,2016,12
1/31/2017,3,113.8553635,639.3284,SummerFall_Even,2017,1
2/28/2017,1,38.34762595,225.89941,SummerFall_Even,2017,2
3/31/2017,1,20.188935,200.73514,SummerFall_Even,2017,3
4/30/2017,1,19.460379,171.04826,SummerFall_Even,2017,4
5/31/2017,1,15.75495,173.48463,SummerFall_Even,2017,5
6/30/2017,1,14.429823,175.6824,SummerFall_Even,2017,6
7/31/2017,1,15.021915,171.54185,SummerFall_Even,2017,7
8/31/2017,1,19.949655,210.76944,SummerFall_Even,2017,8
9/30/2017,1,22.3558365,293.34283,SummerFall_Even,2017,9
10/31/2017,1,21.4484145,367.74457,SummerFall_Even,2017,10
11/30/2017,1,22.618692,317.48502,SummerFall_Even,2017,11
12/31/2017,1,22.1934675,351.82947,SummerFall_Even,2017,12
1/31/2018,1,59.80456345,760.1608,SummerFall_Even,2018,1
2/28/2018,3,125.0650405,850.1619,SummerFall_Even,2018,2
3/31/2018,3,50.3444245,295.93085,SummerFall_Even,2018,3
4/30/2018,3,37.45909,248.48108,SummerFall_Even,2018,4
5/31/2018,3,29.4696345,231.29228,SummerFall_Even,2018,5
6/30/2018,3,26.634339,225.53105,SummerFall_Even,2018,6
7/31/2018,3,24.973029,325.14023,SummerFall_Even,2018,7
8/31/2018,3,34.0163527,727.5196,SummerFall_Even,2018,8
9/30/2018,3,62.03246545,1084.9229,SummerFall_Even,2018,9
10/31/2018,3,152.3009116,1678.553,SummerFall_Even,2018,10
11/30/2018,3,156.0565675,1702.5867,SummerFall_Even,2018,11
12/31/2018,3,171.8194444,1733.7798,SummerFall_Even,2018,12
1/31/2019,3,217.619902,1542.559,SummerFall_Even,2019,1
2/28/2019,3,101.7639535,511.94028,SummerFall_Even,2019,2
3/31/2019,2,38.8625098,237.04463,SummerFall_Even,2019,3
4/30/2019,1,28.51872,221.55241,SummerFall_Even,2019,4
5/31/2019,1,23.85186,193.76305,SummerFall_Even,2019,5
6/30/2019,1,20.113665,191.85419,SummerFall_Even,2019,6
7/31/2019,1,17.677215,172.52444,SummerFall_Even,2019,7
8/31/2019,1,18.452328,198.829,SummerFall_Even,2019,8
9/30/2019,1,21.0217695,298.67737,SummerFall_Even,2019,9
10/31/2019,1,22.685967,368.94122,SummerFall_Even,2019,10
11/30/2019,1,23.336772,298.97006,SummerFall_Even,2019,11
12/31/2019,1,30.990559,783.09863,SummerFall_Even,2019,12
1/31/2020,1,109.5579055,725.48773,SummerFall_Even,2020,1
2/29/2020,3,40.0240444,478.86423,SummerFall_Even,2020,2
3/31/2020,4,45.62734675,495.0475,SummerFall_Even,2020,3
4/30/2020,4,44.12322505,398.53964,SummerFall_Even,2020,4
5/31/2020,4,48.3647119,321.50607,SummerFall_Even,2020,5
6/30/2020,4,40.7717248,319.9019,SummerFall_Even,2020,6
7/31/2020,4,32.07092845,395.8787,SummerFall_Even,2020,7
8/31/2020,4,56.73608245,1108.1172,SummerFall_Even,2020,8
9/30/2020,4,111.8926996,1291.966,SummerFall_Even,2020,9
10/31/2020,4,140.8440655,1795.8033,SummerFall_Even,2020,10
11/30/2020,4,184.435471,1798.2161,SummerFall_Even,2020,11
12/31/2020,4,186.6828271,1838.9331,SummerFall_Even,2020,12
1/31/2021,4,194.2836745,1700.469,SummerFall_Even,2021,1
2/28/2021,5,182.0872563,1136.6572,SummerFall_Even,2021,2
3/31/2021,5,102.9126175,720.6001,SummerFall_Even,2021,3
4/30/2021,5,82.1643838,622.47253,SummerFall_Even,2021,4
5/31/2021,5,77.3472625,724.5137,SummerFall_Even,2021,5
6/30/2021,5,104.9574925,1124.6594,SummerFall_Even,2021,6
7/31/2021,5,154.6267653,1451.0161,SummerFall_Even,2021,7
8/31/2021,5,136.810318,1381.4397,SummerFall_Even,2021,8
9/30/2021,5,156.7424485,1513.6056,SummerFall_Even,2021,9
11/30/1920,NA,NA,NA,SummerFall_Hist,1920,11
12/31/1920,NA,NA,NA,SummerFall_Hist,1920,12
1/31/1921,NA,NA,NA,SummerFall_Hist,1921,1
2/28/1921,NA,NA,NA,SummerFall_Hist,1921,2
3/31/1921,5,NA,NA,SummerFall_Hist,1921,3
4/30/1921,5,NA,NA,SummerFall_Hist,1921,4
5/31/1921,2,NA,NA,SummerFall_Hist,1921,5
6/30/1921,2,NA,NA,SummerFall_Hist,1921,6
7/31/1921,2,NA,NA,SummerFall_Hist,1921,7
8/31/1921,2,NA,NA,SummerFall_Hist,1921,8
9/30/1921,2,NA,NA,SummerFall_Hist,1921,9
10/31/1921,2,NA,NA,SummerFall_Hist,1921,10
11/30/1921,2,34.9333744,249.55716,SummerFall_Hist,1921,11
12/31/1921,2,56.7566965,849.4999,SummerFall_Hist,1921,12
1/31/1922,2,227.5729171,1310.2081,SummerFall_Hist,1922,1
2/28/1922,3,70.30207675,447.96115,SummerFall_Hist,1922,2
3/31/1922,3,60.7583245,271.3862,SummerFall_Hist,1922,3
4/30/1922,2,38.9037778,239.23576,SummerFall_Hist,1922,4
5/31/1922,2,28.672035,232.19582,SummerFall_Hist,1922,5
6/30/1922,2,21.801084,214.04453,SummerFall_Hist,1922,6
7/31/1922,2,18.7650345,201.82697,SummerFall_Hist,1922,7
8/31/1922,2,19.4941065,259.55234,SummerFall_Hist,1922,8
9/30/1922,2,25.0406385,600.02844,SummerFall_Hist,1922,9
10/31/1922,2,27.153282,361.93063,SummerFall_Hist,1922,10
11/30/1922,2,21.392004,261.59317,SummerFall_Hist,1922,11
12/31/1922,2,29.5068645,559.75433,SummerFall_Hist,1922,12
1/31/1923,2,50.41241125,432.67798,SummerFall_Hist,1923,1
2/28/1923,2,29.163474,228.03117,SummerFall_Hist,1923,2
3/31/1923,3,31.3635955,235.35071,SummerFall_Hist,1923,3
4/30/1923,4,30.98253055,246.17662,SummerFall_Hist,1923,4
5/31/1923,3,32.77244455,242.69417,SummerFall_Hist,1923,5
6/30/1923,3,28.132704,222.11847,SummerFall_Hist,1923,6
7/31/1923,3,27.2720445,262.78082,SummerFall_Hist,1923,7
8/31/1923,3,28.93644,703.6465,SummerFall_Hist,1923,8
9/30/1923,3,77.26598905,1227.4297,SummerFall_Hist,1923,9
10/31/1923,3,141.301861,1673.9608,SummerFall_Hist,1923,10
11/30/1923,3,127.8203265,1481.9358,SummerFall_Hist,1923,11
12/31/1923,3,145.9822165,1761.4731,SummerFall_Hist,1923,12
1/31/1924,3,207.2580573,1705.3716,SummerFall_Hist,1924,1
2/29/1924,5,170.6351925,1426.4546,SummerFall_Hist,1924,2
3/31/1924,5,107.8815469,760.2955,SummerFall_Hist,1924,3
4/30/1924,5,87.6957664,346.61874,SummerFall_Hist,1924,4
5/31/1924,5,73.0079323,383.746,SummerFall_Hist,1924,5
6/30/1924,5,63.6288445,805.3375,SummerFall_Hist,1924,6
7/31/1924,5,132.065809,1388.8282,SummerFall_Hist,1924,7
8/31/1924,5,169.1425705,1530.2982,SummerFall_Hist,1924,8
9/30/1924,5,165.250525,1504.9321,SummerFall_Hist,1924,9
10/31/1924,5,186.7669705,1517.0256,SummerFall_Hist,1924,10
11/30/1924,5,203.335645,2190.1416,SummerFall_Hist,1924,11
12/31/1924,5,223.9459188,2322.8337,SummerFall_Hist,1924,12
1/31/1925,5,208.1830675,1591.2155,SummerFall_Hist,1925,1
2/28/1925,5,127.8639685,1052.5739,SummerFall_Hist,1925,2
3/31/1925,4,69.3370696,448.52597,SummerFall_Hist,1925,3
4/30/1925,4,28.44204,245.83195,SummerFall_Hist,1925,4
5/31/1925,4,29.341836,246.00383,SummerFall_Hist,1925,5
6/30/1925,4,29.185863,235.6401,SummerFall_Hist,1925,6
7/31/1925,4,26.184135,258.95297,SummerFall_Hist,1925,7
8/31/1925,4,29.954787,622.64557,SummerFall_Hist,1925,8
9/30/1925,4,75.60623455,1076.859,SummerFall_Hist,1925,9
10/31/1925,4,138.9588105,1762.6287,SummerFall_Hist,1925,10
11/30/1925,4,172.5210175,1643.8606,SummerFall_Hist,1925,11
12/31/1925,4,166.5005521,1749.5222,SummerFall_Hist,1925,12
1/31/1926,4,202.027324,1601.8257,SummerFall_Hist,1926,1
2/28/1926,5,141.1419903,1014.85706,SummerFall_Hist,1926,2
3/31/1926,4,61.523692,325.62265,SummerFall_Hist,1926,3
4/30/1926,5,51.5907922,244.30063,SummerFall_Hist,1926,4
5/31/1926,4,40.5085216,246.25775,SummerFall_Hist,1926,5
6/30/1926,4,28.1362605,254.67155,SummerFall_Hist,1926,6
7/31/1926,4,27.0063945,376.43246,SummerFall_Hist,1926,7
8/31/1926,4,36.6738409,685.10754,SummerFall_Hist,1926,8
9/30/1926,4,78.5191882,1059.161,SummerFall_Hist,1926,9
10/31/1926,4,129.5880076,1702.6893,SummerFall_Hist,1926,10
11/30/1926,4,178.6508688,1820.1279,SummerFall_Hist,1926,11
12/31/1926,4,146.4573856,1275.5042,SummerFall_Hist,1926,12
1/31/1927,4,112.2256195,885.20685,SummerFall_Hist,1927,1
2/28/1927,3,75.1440928,586.5634,SummerFall_Hist,1927,2
3/31/1927,1,26.3499435,239.98665,SummerFall_Hist,1927,3
4/30/1927,1,24.400953,233.64015,SummerFall_Hist,1927,4
5/31/1927,1,29.7104775,221.35138,SummerFall_Hist,1927,5
6/30/1927,1,25.021206,213.88051,SummerFall_Hist,1927,6
7/31/1927,1,21.60957,201.74059,SummerFall_Hist,1927,7
8/31/1927,1,20.6153625,318.45703,SummerFall_Hist,1927,8
9/30/1927,1,44.927914,661.8656,SummerFall_Hist,1927,9
10/31/1927,1,39.5624185,517.21234,SummerFall_Hist,1927,10
11/30/1927,1,23.46051,288.93353,SummerFall_Hist,1927,11
12/31/1927,1,34.5359419,551.8961,SummerFall_Hist,1927,12
1/31/1928,1,136.7335675,1119.4803,SummerFall_Hist,1928,1
2/29/1928,3,151.357573,767.90497,SummerFall_Hist,1928,2
3/31/1928,3,46.0549579,281.37277,SummerFall_Hist,1928,3
4/30/1928,2,24.6289875,233.10675,SummerFall_Hist,1928,4
5/31/1928,2,26.70426,222.37369,SummerFall_Hist,1928,5
6/30/1928,2,27.02949,236.42856,SummerFall_Hist,1928,6
7/31/1928,2,25.01202,240.09584,SummerFall_Hist,1928,7
8/31/1928,2,21.089868,333.30804,SummerFall_Hist,1928,8
9/30/1928,2,49.27651525,835.26154,SummerFall_Hist,1928,9
10/31/1928,2,51.9743965,466.31726,SummerFall_Hist,1928,10
11/30/1928,2,23.3925705,251.65858,SummerFall_Hist,1928,11
12/31/1928,2,31.13108395,688.1412,SummerFall_Hist,1928,12
1/31/1929,2,188.3246665,1561.0237,SummerFall_Hist,1929,1
2/28/1929,4,244.491526,1703.1302,SummerFall_Hist,1929,2
3/31/1929,5,147.3591655,682.8709,SummerFall_Hist,1929,3
4/30/1929,5,57.816355,344.70862,SummerFall_Hist,1929,4
5/31/1929,5,59.7198244,366.05118,SummerFall_Hist,1929,5
6/30/1929,5,60.442915,591.30096,SummerFall_Hist,1929,6
7/31/1929,5,117.517015,1391.9294,SummerFall_Hist,1929,7
8/31/1929,5,210.1117195,1963.4596,SummerFall_Hist,1929,8
9/30/1929,5,208.1660815,1821.2086,SummerFall_Hist,1929,9
10/31/1929,5,210.9668506,1718.6481,SummerFall_Hist,1929,10
11/30/1929,5,202.319962,1898.1587,SummerFall_Hist,1929,11
12/31/1929,5,224.8206835,2245.1987,SummerFall_Hist,1929,12
1/31/1930,5,202.3721455,1433.1772,SummerFall_Hist,1930,1
2/28/1930,4,86.0099971,503.35754,SummerFall_Hist,1930,2
3/31/1930,4,38.1357712,268.53726,SummerFall_Hist,1930,3
4/30/1930,4,27.614745,242.2095,SummerFall_Hist,1930,4
5/31/1930,4,29.7886545,243.13914,SummerFall_Hist,1930,5
6/30/1930,4,29.962995,288.3675,SummerFall_Hist,1930,6
7/31/1930,4,28.834044,426.5895,SummerFall_Hist,1930,7
8/31/1930,4,43.04931655,780.7867,SummerFall_Hist,1930,8
9/30/1930,4,72.472879,983.1388,SummerFall_Hist,1930,9
10/31/1930,4,113.3736394,1484.3969,SummerFall_Hist,1930,10
11/30/1930,4,167.9763648,1806.5652,SummerFall_Hist,1930,11
12/31/1930,4,207.694207,1941.463,SummerFall_Hist,1930,12
1/31/1931,4,201.1643725,1584.8121,SummerFall_Hist,1931,1
2/28/1931,5,176.7279025,1221.533,SummerFall_Hist,1931,2
3/31/1931,5,112.9132305,867.1268,SummerFall_Hist,1931,3
4/30/1931,5,103.3645278,721.0035,SummerFall_Hist,1931,4
5/31/1931,5,89.7810031,847.85706,SummerFall_Hist,1931,5
6/30/1931,5,111.694066,1300.2952,SummerFall_Hist,1931,6
7/31/1931,5,155.387815,1380.0293,SummerFall_Hist,1931,7
8/31/1931,5,131.640418,1414.891,SummerFall_Hist,1931,8
9/30/1931,5,160.9617168,1671.8448,SummerFall_Hist,1931,9
10/31/1931,5,197.15884,1545.0259,SummerFall_Hist,1931,10
11/30/1931,5,211.90645,1900.1467,SummerFall_Hist,1931,11
12/31/1931,5,226.4511115,1957.42,SummerFall_Hist,1931,12
1/31/1932,5,174.525337,1032.9908,SummerFall_Hist,1932,1
2/29/1932,4,55.35527455,387.28546,SummerFall_Hist,1932,2
3/31/1932,5,41.28648895,278.38184,SummerFall_Hist,1932,3
4/30/1932,5,32.6798053,249.93048,SummerFall_Hist,1932,4
5/31/1932,5,62.22234955,287.611,SummerFall_Hist,1932,5
6/30/1932,5,38.57108305,265.80637,SummerFall_Hist,1932,6
7/31/1932,5,31.9354651,368.24838,SummerFall_Hist,1932,7
8/31/1932,5,54.9376384,932.9906,SummerFall_Hist,1932,8
9/30/1932,5,121.872328,1327.9546,SummerFall_Hist,1932,9
10/31/1932,5,169.0322926,1632.4304,SummerFall_Hist,1932,10
11/30/1932,5,195.6437515,2072.353,SummerFall_Hist,1932,11
12/31/1932,5,225.5905996,2314.342,SummerFall_Hist,1932,12
1/31/1933,5,241.603735,1757.1722,SummerFall_Hist,1933,1
2/28/1933,5,162.6122515,1111.1033,SummerFall_Hist,1933,2
3/31/1933,5,131.001049,862.2128,SummerFall_Hist,1933,3
4/30/1933,5,96.6224965,566.8033,SummerFall_Hist,1933,4
5/31/1933,5,82.1268835,587.1663,SummerFall_Hist,1933,5
6/30/1933,5,85.95817555,799.74915,SummerFall_Hist,1933,6
7/31/1933,5,123.8916955,1339.6246,SummerFall_Hist,1933,7
8/31/1933,5,177.283396,1696.6394,SummerFall_Hist,1933,8
9/30/1933,5,171.6967234,1666.011,SummerFall_Hist,1933,9
10/31/1933,5,189.8275684,1566.0209,SummerFall_Hist,1933,10
11/30/1933,5,192.8461459,1944.1708,SummerFall_Hist,1933,11
12/31/1933,5,225.1661434,2173.5913,SummerFall_Hist,1933,12
1/31/1934,5,198.1305475,1448.0498,SummerFall_Hist,1934,1
2/28/1934,5,100.6116985,697.3239,SummerFall_Hist,1934,2
3/31/1934,5,53.684596,367.6083,SummerFall_Hist,1934,3
4/30/1934,5,30.85861825,315.13245,SummerFall_Hist,1934,4
5/31/1934,5,49.925788,436.8317,SummerFall_Hist,1934,5
6/30/1934,5,67.0142968,929.1639,SummerFall_Hist,1934,6
7/31/1934,5,151.188397,1788.0076,SummerFall_Hist,1934,7
8/31/1934,5,201.2781445,1952.9102,SummerFall_Hist,1934,8
9/30/1934,5,179.6745745,1696.6034,SummerFall_Hist,1934,9
10/31/1934,5,200.1042295,1723.3601,SummerFall_Hist,1934,10
11/30/1934,5,220.5934096,2086.6392,SummerFall_Hist,1934,11
12/31/1934,5,229.545556,1863.2362,SummerFall_Hist,1934,12
1/31/1935,5,193.2872119,1711.9603,SummerFall_Hist,1935,1
2/28/1935,4,134.5666356,667.01044,SummerFall_Hist,1935,2
3/31/1935,4,40.375495,252.39609,SummerFall_Hist,1935,3
4/30/1935,4,29.03451,256.64035,SummerFall_Hist,1935,4
5/31/1935,3,28.207815,238.415,SummerFall_Hist,1935,5
6/30/1935,3,27.56769,226.38628,SummerFall_Hist,1935,6
7/31/1935,3,23.670207,257.5763,SummerFall_Hist,1935,7
8/31/1935,3,23.142255,503.22394,SummerFall_Hist,1935,8
9/30/1935,3,66.8582935,1076.8492,SummerFall_Hist,1935,9
10/31/1935,3,148.0122573,1775.8167,SummerFall_Hist,1935,10
11/30/1935,3,176.5045195,1384.2644,SummerFall_Hist,1935,11
12/31/1935,3,138.0743956,1755.7161,SummerFall_Hist,1935,12
1/31/1936,3,195.1830091,1652.705,SummerFall_Hist,1936,1
2/29/1936,3,88.13892145,463.69547,SummerFall_Hist,1936,2
3/31/1936,2,45.43073095,236.60878,SummerFall_Hist,1936,3
4/30/1936,3,36.21692605,234.1326,SummerFall_Hist,1936,4
5/31/1936,3,31.7670016,219.79765,SummerFall_Hist,1936,5
6/30/1936,3,25.080114,233.93729,SummerFall_Hist,1936,6
7/31/1936,3,25.8639855,275.81702,SummerFall_Hist,1936,7
8/31/1936,3,30.6234277,737.2873,SummerFall_Hist,1936,8
9/30/1936,3,89.15342455,1303.2299,SummerFall_Hist,1936,9
10/31/1936,3,129.415138,1745.8605,SummerFall_Hist,1936,10
11/30/1936,3,124.0885023,1275.2406,SummerFall_Hist,1936,11
12/31/1936,3,115.7025055,1491.5443,SummerFall_Hist,1936,12
1/31/1937,3,201.943705,1734.129,SummerFall_Hist,1937,1
2/28/1937,4,163.180513,1188.7786,SummerFall_Hist,1937,2
3/31/1937,4,100.2757405,420.3539,SummerFall_Hist,1937,3
4/30/1937,3,57.91876975,242.95961,SummerFall_Hist,1937,4
5/31/1937,3,30.8156089,227.04373,SummerFall_Hist,1937,5
6/30/1937,3,25.250805,230.68,SummerFall_Hist,1937,6
7/31/1937,3,24.9988845,275.59467,SummerFall_Hist,1937,7
8/31/1937,3,26.9598,591.4167,SummerFall_Hist,1937,8
9/30/1937,3,80.0536225,1210.0282,SummerFall_Hist,1937,9
10/31/1937,3,145.429573,1714.9698,SummerFall_Hist,1937,10
11/30/1937,3,151.0747533,1686.3306,SummerFall_Hist,1937,11
12/31/1937,3,162.5687035,1537.8364,SummerFall_Hist,1937,12
1/31/1938,3,71.2171063,460.77966,SummerFall_Hist,1938,1
2/28/1938,2,27.141321,224.21701,SummerFall_Hist,1938,2
3/31/1938,1,26.217549,211.92188,SummerFall_Hist,1938,3
4/30/1938,1,16.29798,195.4437,SummerFall_Hist,1938,4
5/31/1938,1,15.4315155,172.40823,SummerFall_Hist,1938,5
6/30/1938,1,13.226502,168.63834,SummerFall_Hist,1938,6
7/31/1938,1,13.345182,169.77386,SummerFall_Hist,1938,7
8/31/1938,1,17.028561,198.64699,SummerFall_Hist,1938,8
9/30/1938,1,22.8897405,382.8128,SummerFall_Hist,1938,9
10/31/1938,1,24.146784,426.30353,SummerFall_Hist,1938,10
11/30/1938,1,22.953003,343.88962,SummerFall_Hist,1938,11
12/31/1938,1,50.240086,914.2816,SummerFall_Hist,1938,12
1/31/1939,1,218.5669428,1718.8119,SummerFall_Hist,1939,1
2/28/1939,4,179.7828318,1355.7366,SummerFall_Hist,1939,2
3/31/1939,4,111.4553215,719.76715,SummerFall_Hist,1939,3
4/30/1939,4,72.0513355,386.12155,SummerFall_Hist,1939,4
5/31/1939,4,46.5150562,322.44092,SummerFall_Hist,1939,5
6/30/1939,4,38.24296825,317.44257,SummerFall_Hist,1939,6
7/31/1939,4,39.6360625,477.72043,SummerFall_Hist,1939,7
8/31/1939,4,55.756888,830.7246,SummerFall_Hist,1939,8
9/30/1939,4,80.0898289,1052.4043,SummerFall_Hist,1939,9
10/31/1939,4,134.6261635,1759.3766,SummerFall_Hist,1939,10
11/30/1939,4,188.1159183,1909.59,SummerFall_Hist,1939,11
12/31/1939,4,208.4988105,1989.1785,SummerFall_Hist,1939,12
1/31/1940,4,222.573886,1916.9432,SummerFall_Hist,1940,1
2/29/1940,3,132.565414,578.9699,SummerFall_Hist,1940,2
3/31/1940,2,50.490544,238.52155,SummerFall_Hist,1940,3
4/30/1940,1,33.5817562,231.65744,SummerFall_Hist,1940,4
5/31/1940,1,32.37867145,220.49702,SummerFall_Hist,1940,5
6/30/1940,1,26.63142,222.62979,SummerFall_Hist,1940,6
7/31/1940,1,22.722525,212.16205,SummerFall_Hist,1940,7
8/31/1940,1,20.5290345,338.47733,SummerFall_Hist,1940,8
9/30/1940,1,41.897965,660.184,SummerFall_Hist,1940,9
10/31/1940,1,36.9208333,368.8202,SummerFall_Hist,1940,10
11/30/1940,1,20.0666085,245.11049,SummerFall_Hist,1940,11
12/31/1940,1,31.851259,743.63544,SummerFall_Hist,1940,12
1/31/1941,1,84.96728755,506.61673,SummerFall_Hist,1941,1
2/28/1941,1,39.182485,225.20929,SummerFall_Hist,1941,2
3/31/1941,1,30.96688405,205.48116,SummerFall_Hist,1941,3
4/30/1941,1,24.981327,207.13307,SummerFall_Hist,1941,4
5/31/1941,1,24.0842535,182.05884,SummerFall_Hist,1941,5
6/30/1941,1,18.700932,183.38124,SummerFall_Hist,1941,6
7/31/1941,1,18.07719,178.83061,SummerFall_Hist,1941,7
8/31/1941,1,18.554184,239.0867,SummerFall_Hist,1941,8
9/30/1941,1,24.3977805,425.73547,SummerFall_Hist,1941,9
10/31/1941,1,26.0668125,449.9419,SummerFall_Hist,1941,10
11/30/1941,1,23.837967,330.12177,SummerFall_Hist,1941,11
12/31/1941,1,43.25004775,728.2533,SummerFall_Hist,1941,12
1/31/1942,1,56.30963695,410.387,SummerFall_Hist,1942,1
2/28/1942,1,27.8503095,211.04584,SummerFall_Hist,1942,2
3/31/1942,1,26.185107,215.21773,SummerFall_Hist,1942,3
4/30/1942,1,29.169777,214.68599,SummerFall_Hist,1942,4
5/31/1942,1,28.866582,211.23267,SummerFall_Hist,1942,5
6/30/1942,1,22.6533735,189.60011,SummerFall_Hist,1942,6
7/31/1942,1,18.917031,174.85817,SummerFall_Hist,1942,7
8/31/1942,1,18.9578175,246.39867,SummerFall_Hist,1942,8
9/30/1942,1,26.7678,486.09796,SummerFall_Hist,1942,9
10/31/1942,1,29.7492045,466.72745,SummerFall_Hist,1942,10
11/30/1942,1,22.8902235,266.48373,SummerFall_Hist,1942,11
12/31/1942,1,29.4269625,571.0489,SummerFall_Hist,1942,12
1/31/1943,1,58.37218195,436.1028,SummerFall_Hist,1943,1
2/28/1943,1,29.94666,210.79471,SummerFall_Hist,1943,2
3/31/1943,1,25.8123435,220.20805,SummerFall_Hist,1943,3
4/30/1943,1,24.237885,200.90794,SummerFall_Hist,1943,4
5/31/1943,1,20.4880365,206.27269,SummerFall_Hist,1943,5
6/30/1943,1,20.1066165,206.90057,SummerFall_Hist,1943,6
7/31/1943,1,22.01625,213.51382,SummerFall_Hist,1943,7
8/31/1943,1,19.977198,295.59543,SummerFall_Hist,1943,8
9/30/1943,1,33.13822495,547.152,SummerFall_Hist,1943,9
10/31/1943,1,29.428431,409.78433,SummerFall_Hist,1943,10
11/30/1943,1,21.140391,259.5732,SummerFall_Hist,1943,11
12/31/1943,1,39.1671406,856.5448,SummerFall_Hist,1943,12
1/31/1944,1,205.8409546,1699.3525,SummerFall_Hist,1944,1
2/29/1944,4,160.237717,1127.2728,SummerFall_Hist,1944,2
3/31/1944,4,72.0382654,376.4836,SummerFall_Hist,1944,3
4/30/1944,4,36.09264895,244.4964,SummerFall_Hist,1944,4
5/31/1944,4,36.6878287,265.78598,SummerFall_Hist,1944,5
6/30/1944,4,33.76450675,321.09344,SummerFall_Hist,1944,6
7/31/1944,4,30.4755355,360.40594,SummerFall_Hist,1944,7
8/31/1944,4,42.135598,860.6228,SummerFall_Hist,1944,8
9/30/1944,4,105.870661,1387.6838,SummerFall_Hist,1944,9
10/31/1944,4,164.4419515,1889.9042,SummerFall_Hist,1944,10
11/30/1944,4,182.8476505,1755.6118,SummerFall_Hist,1944,11
12/31/1944,4,155.1365419,1710.0465,SummerFall_Hist,1944,12
1/31/1945,4,156.2109634,1138.0414,SummerFall_Hist,1945,1
2/28/1945,4,86.46653005,739.1601,SummerFall_Hist,1945,2
3/31/1945,3,59.1435145,334.549,SummerFall_Hist,1945,3
4/30/1945,3,42.658459,242.56694,SummerFall_Hist,1945,4
5/31/1945,3,31.72271545,237.34872,SummerFall_Hist,1945,5
6/30/1945,3,27.49932,247.4363,SummerFall_Hist,1945,6
7/31/1945,3,27.082443,329.80823,SummerFall_Hist,1945,7
8/31/1945,3,39.435223,758.7829,SummerFall_Hist,1945,8
9/30/1945,3,85.6047955,1218.9094,SummerFall_Hist,1945,9
10/31/1945,3,133.8262825,1685.5386,SummerFall_Hist,1945,10
11/30/1945,3,149.133547,1737.8547,SummerFall_Hist,1945,11
12/31/1945,3,147.0345334,1750.3206,SummerFall_Hist,1945,12
1/31/1946,3,69.4827445,459.16043,SummerFall_Hist,1946,1
2/28/1946,2,22.9723545,197.1632,SummerFall_Hist,1946,2
3/31/1946,2,26.3756955,223.5764,SummerFall_Hist,1946,3
4/30/1946,2,29.7101445,239.56305,SummerFall_Hist,1946,4
5/31/1946,3,28.5368955,237.47319,SummerFall_Hist,1946,5
6/30/1946,3,26.3907555,243.60164,SummerFall_Hist,1946,6
7/31/1946,3,27.09318,296.37616,SummerFall_Hist,1946,7
8/31/1946,3,34.9853869,716.4958,SummerFall_Hist,1946,8
9/30/1946,3,82.1758294,1281.5168,SummerFall_Hist,1946,9
10/31/1946,3,149.0479729,1694.8583,SummerFall_Hist,1946,10
11/30/1946,3,146.6909545,1707.1962,SummerFall_Hist,1946,11
12/31/1946,3,149.2307035,1719.9286,SummerFall_Hist,1946,12
1/31/1947,3,210.6258738,1513.5961,SummerFall_Hist,1947,1
2/28/1947,4,160.3622335,1360.3002,SummerFall_Hist,1947,2
3/31/1947,4,143.8406524,716.31805,SummerFall_Hist,1947,3
4/30/1947,4,44.720776,273.88403,SummerFall_Hist,1947,4
5/31/1947,5,29.860593,257.0346,SummerFall_Hist,1947,5
6/30/1947,5,31.28410045,332.6397,SummerFall_Hist,1947,6
7/31/1947,5,35.5803301,454.1303,SummerFall_Hist,1947,7
8/31/1947,5,43.30553725,665.3151,SummerFall_Hist,1947,8
9/30/1947,5,77.42348575,1062.3743,SummerFall_Hist,1947,9
10/31/1947,5,132.6548755,1684.0377,SummerFall_Hist,1947,10
11/30/1947,5,199.931548,2170.8547,SummerFall_Hist,1947,11
12/31/1947,5,215.3499768,2241.6414,SummerFall_Hist,1947,12
1/31/1948,5,224.2623685,1716.9205,SummerFall_Hist,1948,1
2/29/1948,4,151.7693125,1181.0485,SummerFall_Hist,1948,2
3/31/1948,5,78.93001,600.1882,SummerFall_Hist,1948,3
4/30/1948,4,47.7512608,369.21976,SummerFall_Hist,1948,4
5/31/1948,3,31.963435,240.19743,SummerFall_Hist,1948,5
6/30/1948,3,27.06543,220.20251,SummerFall_Hist,1948,6
7/31/1948,3,21.764688,221.75949,SummerFall_Hist,1948,7
8/31/1948,3,22.974921,484.9649,SummerFall_Hist,1948,8
9/30/1948,3,94.0515058,1296.0063,SummerFall_Hist,1948,9
10/31/1948,3,167.938474,1656.3651,SummerFall_Hist,1948,10
11/30/1948,3,156.8275296,1676.8999,SummerFall_Hist,1948,11
12/31/1948,3,161.029524,1750.679,SummerFall_Hist,1948,12
1/31/1949,3,195.3054166,1375.6554,SummerFall_Hist,1949,1
2/28/1949,4,143.2227895,1233.7708,SummerFall_Hist,1949,2
3/31/1949,5,138.3502015,733.6358,SummerFall_Hist,1949,3
4/30/1949,4,45.3316165,268.6465,SummerFall_Hist,1949,4
5/31/1949,4,26.793444,243.04889,SummerFall_Hist,1949,5
6/30/1949,4,28.0441125,273.0741,SummerFall_Hist,1949,6
7/31/1949,4,25.843767,354.42416,SummerFall_Hist,1949,7
8/31/1949,4,30.82253155,586.9294,SummerFall_Hist,1949,8
9/30/1949,4,59.44776625,880.4902,SummerFall_Hist,1949,9
10/31/1949,4,126.092209,1803.925,SummerFall_Hist,1949,10
11/30/1949,4,180.8400678,1809.4847,SummerFall_Hist,1949,11
12/31/1949,4,169.738021,1798.6005,SummerFall_Hist,1949,12
1/31/1950,4,196.712359,1730.1313,SummerFall_Hist,1950,1
2/28/1950,4,125.3682235,718.01794,SummerFall_Hist,1950,2
3/31/1950,4,42.62820055,273.59793,SummerFall_Hist,1950,3
4/30/1950,4,26.059467,242.84836,SummerFall_Hist,1950,4
5/31/1950,4,27.93756,246.77956,SummerFall_Hist,1950,5
6/30/1950,4,27.127134,266.88443,SummerFall_Hist,1950,6
7/31/1950,4,25.791414,306.57907,SummerFall_Hist,1950,7
8/31/1950,4,43.36603705,909.2107,SummerFall_Hist,1950,8
9/30/1950,4,125.498896,1630.7251,SummerFall_Hist,1950,9
10/31/1950,4,155.5174615,1715.05,SummerFall_Hist,1950,10
11/30/1950,4,160.2307915,1734.2445,SummerFall_Hist,1950,11
12/31/1950,4,107.303812,919.99725,SummerFall_Hist,1950,12
1/31/1951,4,37.9062835,228.6583,SummerFall_Hist,1951,1
2/28/1951,1,27.796632,201.02423,SummerFall_Hist,1951,2
3/31/1951,1,26.512215,209.9641,SummerFall_Hist,1951,3
4/30/1951,1,26.400828,214.03204,SummerFall_Hist,1951,4
5/31/1951,1,25.2312975,221.22775,SummerFall_Hist,1951,5
6/30/1951,1,23.5889535,218.78964,SummerFall_Hist,1951,6
7/31/1951,1,22.2371595,207.57375,SummerFall_Hist,1951,7
8/31/1951,1,20.422314,330.92685,SummerFall_Hist,1951,8
9/30/1951,1,41.337598,662.11383,SummerFall_Hist,1951,9
10/31/1951,1,34.315426,408.74814,SummerFall_Hist,1951,10
11/30/1951,1,20.411898,275.94077,SummerFall_Hist,1951,11
12/31/1951,1,37.19672755,785.8371,SummerFall_Hist,1951,12
1/31/1952,1,95.7175816,537.71533,SummerFall_Hist,1952,1
2/29/1952,1,44.4019978,224.78325,SummerFall_Hist,1952,2
3/31/1952,1,29.95788,224.90045,SummerFall_Hist,1952,3
4/30/1952,1,27.61347,208.73096,SummerFall_Hist,1952,4
5/31/1952,1,21.0256965,199.36964,SummerFall_Hist,1952,5
6/30/1952,1,16.880625,176.75192,SummerFall_Hist,1952,6
7/31/1952,1,14.797035,169.1891,SummerFall_Hist,1952,7
8/31/1952,1,15.858657,188.5219,SummerFall_Hist,1952,8
9/30/1952,1,20.3999565,283.51736,SummerFall_Hist,1952,9
10/31/1952,1,23.296254,322.92877,SummerFall_Hist,1952,10
11/30/1952,1,21.073521,274.80856,SummerFall_Hist,1952,11
12/31/1952,1,30.07713,731.8061,SummerFall_Hist,1952,12
1/31/1953,1,55.6360309,408.99664,SummerFall_Hist,1953,1
2/28/1953,1,22.3393575,211.01491,SummerFall_Hist,1953,2
3/31/1953,2,22.638906,224.45299,SummerFall_Hist,1953,3
4/30/1953,2,27.618663,240.55171,SummerFall_Hist,1953,4
5/31/1953,2,29.57706,238.77515,SummerFall_Hist,1953,5
6/30/1953,2,27.0908745,217.21837,SummerFall_Hist,1953,6
7/31/1953,2,23.351067,205.76729,SummerFall_Hist,1953,7
8/31/1953,2,20.8786875,348.16724,SummerFall_Hist,1953,8
9/30/1953,2,48.536698,804.08734,SummerFall_Hist,1953,9
10/31/1953,2,49.53691975,761.84705,SummerFall_Hist,1953,10
11/30/1953,2,27.146223,332.00772,SummerFall_Hist,1953,11
12/31/1953,2,54.772612,946.3991,SummerFall_Hist,1953,12
1/31/1954,2,211.36723,1598.2765,SummerFall_Hist,1954,1
2/28/1954,2,138.872749,745.9019,SummerFall_Hist,1954,2
3/31/1954,2,29.2293,241.50658,SummerFall_Hist,1954,3
4/30/1954,2,24.0881445,238.7569,SummerFall_Hist,1954,4
5/31/1954,2,28.08579,231.0231,SummerFall_Hist,1954,5
6/30/1954,2,26.7324645,236.41554,SummerFall_Hist,1954,6
7/31/1954,2,23.742423,237.43985,SummerFall_Hist,1954,7
8/31/1954,2,21.90324,406.21207,SummerFall_Hist,1954,8
9/30/1954,2,54.42763375,853.2074,SummerFall_Hist,1954,9
10/31/1954,2,48.26864125,509.4972,SummerFall_Hist,1954,10
11/30/1954,2,21.941457,270.40137,SummerFall_Hist,1954,11
12/31/1954,2,37.15797895,756.0091,SummerFall_Hist,1954,12
1/31/1955,2,107.1004645,718.58014,SummerFall_Hist,1955,1
2/28/1955,3,34.59423295,325.5434,SummerFall_Hist,1955,2
3/31/1955,4,31.3377973,280.28113,SummerFall_Hist,1955,3
4/30/1955,4,29.608635,291.54126,SummerFall_Hist,1955,4
5/31/1955,4,43.2668314,295.90186,SummerFall_Hist,1955,5
6/30/1955,4,40.9829725,305.284,SummerFall_Hist,1955,6
7/31/1955,4,37.0150714,399.0427,SummerFall_Hist,1955,7
8/31/1955,4,38.088997,686.0506,SummerFall_Hist,1955,8
9/30/1955,4,71.3046469,1035.1016,SummerFall_Hist,1955,9
10/31/1955,4,138.2040535,1771.5242,SummerFall_Hist,1955,10
11/30/1955,4,179.5988101,1727.413,SummerFall_Hist,1955,11
12/31/1955,4,164.4279723,1794.453,SummerFall_Hist,1955,12
1/31/1956,4,97.3405825,557.62244,SummerFall_Hist,1956,1
2/29/1956,1,34.093753,191.4405,SummerFall_Hist,1956,2
3/31/1956,1,27.2941995,192.49593,SummerFall_Hist,1956,3
4/30/1956,1,23.8826475,213.01988,SummerFall_Hist,1956,4
5/31/1956,1,22.195173,216.90828,SummerFall_Hist,1956,5
6/30/1956,1,19.338501,193.39948,SummerFall_Hist,1956,6
7/31/1956,1,19.2707445,180.60722,SummerFall_Hist,1956,7
8/31/1956,1,18.679722,245.77325,SummerFall_Hist,1956,8
9/30/1956,1,24.826815,420.16687,SummerFall_Hist,1956,9
10/31/1956,1,26.182926,409.61395,SummerFall_Hist,1956,10
11/30/1956,1,23.45946,327.9374,SummerFall_Hist,1956,11
12/31/1956,1,47.723878,833.3835,SummerFall_Hist,1956,12
1/31/1957,1,215.7540469,1774.5963,SummerFall_Hist,1957,1
2/28/1957,3,165.8770405,1306.443,SummerFall_Hist,1957,2
3/31/1957,3,83.3701447,430.13065,SummerFall_Hist,1957,3
4/30/1957,3,35.8244725,234.97702,SummerFall_Hist,1957,4
5/31/1957,3,30.48684145,239.71706,SummerFall_Hist,1957,5
6/30/1957,3,29.639607,245.37216,SummerFall_Hist,1957,6
7/31/1957,3,25.6835565,289.07712,SummerFall_Hist,1957,7
8/31/1957,3,37.8204529,765.49774,SummerFall_Hist,1957,8
9/30/1957,3,86.9524066,1303.174,SummerFall_Hist,1957,9
10/31/1957,3,146.0317638,1667.6289,SummerFall_Hist,1957,10
11/30/1957,3,112.900528,518.45984,SummerFall_Hist,1957,11
12/31/1957,3,27.572232,673.5892,SummerFall_Hist,1957,12
1/31/1958,3,102.543685,850.2214,SummerFall_Hist,1958,1
2/28/1958,2,41.3938,293.06918,SummerFall_Hist,1958,2
3/31/1958,1,35.665699,239.74973,SummerFall_Hist,1958,3
4/30/1958,1,28.0572045,207.32805,SummerFall_Hist,1958,4
5/31/1958,1,28.42917,185.78096,SummerFall_Hist,1958,5
6/30/1958,1,22.2561105,169.4318,SummerFall_Hist,1958,6
7/31/1958,1,15.799644,156.52718,SummerFall_Hist,1958,7
8/31/1958,1,16.5153825,203.41551,SummerFall_Hist,1958,8
9/30/1958,1,21.920631,326.5561,SummerFall_Hist,1958,9
10/31/1958,1,25.21548,342.0395,SummerFall_Hist,1958,10
11/30/1958,1,21.996288,352.36313,SummerFall_Hist,1958,11
12/31/1958,1,50.6252635,934.64056,SummerFall_Hist,1958,12
1/31/1959,1,199.5526405,1756.2809,SummerFall_Hist,1959,1
2/28/1959,3,153.895327,900.8892,SummerFall_Hist,1959,2
3/31/1959,3,42.15931855,255.01047,SummerFall_Hist,1959,3
4/30/1959,3,29.4578295,240.12129,SummerFall_Hist,1959,4
5/31/1959,3,29.233269,257.85568,SummerFall_Hist,1959,5
6/30/1959,3,28.6838145,327.5667,SummerFall_Hist,1959,6
7/31/1959,3,29.612325,405.36713,SummerFall_Hist,1959,7
8/31/1959,3,41.03340895,727.1691,SummerFall_Hist,1959,8
9/30/1959,3,81.53466775,1264.4639,SummerFall_Hist,1959,9
10/31/1959,3,157.9018855,1637.1652,SummerFall_Hist,1959,10
11/30/1959,3,149.6129455,1648.0986,SummerFall_Hist,1959,11
12/31/1959,3,167.226487,1638.1979,SummerFall_Hist,1959,12
1/31/1960,3,204.2514925,1723.0037,SummerFall_Hist,1960,1
2/29/1960,5,181.547053,1312.8643,SummerFall_Hist,1960,2
3/31/1960,4,98.46001975,492.30032,SummerFall_Hist,1960,3
4/30/1960,4,34.2883054,249.20505,SummerFall_Hist,1960,4
5/31/1960,4,31.4024296,264.41217,SummerFall_Hist,1960,5
6/30/1960,4,31.45671925,340.58878,SummerFall_Hist,1960,6
7/31/1960,4,30.3213904,430.584,SummerFall_Hist,1960,7
8/31/1960,4,77.9362549,1385.1729,SummerFall_Hist,1960,8
9/30/1960,4,142.0177525,1545.1317,SummerFall_Hist,1960,9
10/31/1960,4,165.641488,1815.3522,SummerFall_Hist,1960,10
11/30/1960,4,168.6597235,1568.6128,SummerFall_Hist,1960,11
12/31/1960,4,153.363916,1716.8843,SummerFall_Hist,1960,12
1/31/1961,4,190.5244105,1635.3372,SummerFall_Hist,1961,1
2/28/1961,4,154.2313249,1200.2001,SummerFall_Hist,1961,2
3/31/1961,4,85.4187133,474.54227,SummerFall_Hist,1961,3
4/30/1961,4,28.33185,244.80594,SummerFall_Hist,1961,4
5/31/1961,4,28.123215,264.44147,SummerFall_Hist,1961,5
6/30/1961,4,31.54002475,315.2665,SummerFall_Hist,1961,6
7/31/1961,4,30.444499,408.20206,SummerFall_Hist,1961,7
8/31/1961,4,47.0463361,835.7388,SummerFall_Hist,1961,8
9/30/1961,4,92.939926,1251.4297,SummerFall_Hist,1961,9
10/31/1961,4,153.9116575,1887.9955,SummerFall_Hist,1961,10
11/30/1961,4,200.269159,1817.9957,SummerFall_Hist,1961,11
12/31/1961,4,178.177954,1800.1989,SummerFall_Hist,1961,12
1/31/1962,4,218.938369,1612.9142,SummerFall_Hist,1962,1
2/28/1962,4,141.61747,1127.3899,SummerFall_Hist,1962,2
3/31/1962,3,109.002298,463.08234,SummerFall_Hist,1962,3
4/30/1962,3,52.009195,244.1033,SummerFall_Hist,1962,4
5/31/1962,3,29.5330905,246.01678,SummerFall_Hist,1962,5
6/30/1962,3,26.688363,275.33218,SummerFall_Hist,1962,6
7/31/1962,3,27.103365,349.5767,SummerFall_Hist,1962,7
8/31/1962,3,36.59145025,739.41614,SummerFall_Hist,1962,8
9/30/1962,3,95.77158625,1314.9425,SummerFall_Hist,1962,9
10/31/1962,3,163.2056044,1768.6879,SummerFall_Hist,1962,10
11/30/1962,3,133.2965245,974.96765,SummerFall_Hist,1962,11
12/31/1962,3,25.5945195,477.39682,SummerFall_Hist,1962,12
1/31/1963,3,67.18434205,590.99976,SummerFall_Hist,1963,1
2/28/1963,2,29.188545,319.814,SummerFall_Hist,1963,2
3/31/1963,3,29.01012,254.27573,SummerFall_Hist,1963,3
4/30/1963,2,26.957685,241.7969,SummerFall_Hist,1963,4
5/31/1963,1,27.214965,222.09756,SummerFall_Hist,1963,5
6/30/1963,1,25.009935,210.42676,SummerFall_Hist,1963,6
7/31/1963,1,21.1569825,213.75111,SummerFall_Hist,1963,7
8/31/1963,1,20.8278195,303.81482,SummerFall_Hist,1963,8
9/30/1963,1,38.3014075,618.6042,SummerFall_Hist,1963,9
10/31/1963,1,40.94310955,568.2909,SummerFall_Hist,1963,10
11/30/1963,1,24.6932505,300.31528,SummerFall_Hist,1963,11
12/31/1963,1,30.077265,421.8864,SummerFall_Hist,1963,12
1/31/1964,1,77.39510545,768.5451,SummerFall_Hist,1964,1
2/29/1964,2,136.8658075,764.34076,SummerFall_Hist,1964,2
3/31/1964,3,49.9278628,336.39,SummerFall_Hist,1964,3
4/30/1964,4,34.226677,301.88702,SummerFall_Hist,1964,4
5/31/1964,4,35.9297515,316.07074,SummerFall_Hist,1964,5
6/30/1964,4,37.192273,323.44733,SummerFall_Hist,1964,6
7/31/1964,4,32.3225464,372.06244,SummerFall_Hist,1964,7
8/31/1964,4,53.13812275,1043.8073,SummerFall_Hist,1964,8
9/30/1964,4,126.4624525,1570.866,SummerFall_Hist,1964,9
10/31/1964,4,163.4784235,1811.0288,SummerFall_Hist,1964,10
11/30/1964,4,173.3569054,1742.1566,SummerFall_Hist,1964,11
12/31/1964,4,166.2048475,1703.6917,SummerFall_Hist,1964,12
1/31/1965,4,80.5994944,468.22092,SummerFall_Hist,1965,1
2/28/1965,1,25.1354625,212.42778,SummerFall_Hist,1965,2
3/31/1965,1,26.1266235,223.24756,SummerFall_Hist,1965,3
4/30/1965,1,30.40665955,231.14311,SummerFall_Hist,1965,4
5/31/1965,1,28.3805925,211.17422,SummerFall_Hist,1965,5
6/30/1965,1,21.515847,205.10046,SummerFall_Hist,1965,6
7/31/1965,1,21.345714,207.6682,SummerFall_Hist,1965,7
8/31/1965,1,21.5467275,289.00278,SummerFall_Hist,1965,8
9/30/1965,1,34.5111355,532.79956,SummerFall_Hist,1965,9
10/31/1965,1,32.44538995,618.8853,SummerFall_Hist,1965,10
11/30/1965,1,23.8933065,314.39362,SummerFall_Hist,1965,11
12/31/1965,1,25.382289,328.39505,SummerFall_Hist,1965,12
1/31/1966,1,36.05322205,496.91016,SummerFall_Hist,1966,1
2/28/1966,2,60.76352575,442.765,SummerFall_Hist,1966,2
3/31/1966,3,32.0594116,235.72255,SummerFall_Hist,1966,3
4/30/1966,3,28.4576475,233.75243,SummerFall_Hist,1966,4
5/31/1966,3,28.367496,248.08437,SummerFall_Hist,1966,5
6/30/1966,3,27.9428655,276.32172,SummerFall_Hist,1966,6
7/31/1966,3,27.3699195,365.4733,SummerFall_Hist,1966,7
8/31/1966,3,36.43674655,634.5198,SummerFall_Hist,1966,8
9/30/1966,3,62.0294131,999.7419,SummerFall_Hist,1966,9
10/31/1966,3,131.037928,1782.3948,SummerFall_Hist,1966,10
11/30/1966,3,175.0852395,1697.7167,SummerFall_Hist,1966,11
12/31/1966,3,156.3907015,1715.2329,SummerFall_Hist,1966,12
1/31/1967,3,109.438767,628.08154,SummerFall_Hist,1967,1
2/28/1967,1,36.21052495,237.00174,SummerFall_Hist,1967,2
3/31/1967,2,27.7017195,237.04343,SummerFall_Hist,1967,3
4/30/1967,1,29.233164,231.62083,SummerFall_Hist,1967,4
5/31/1967,1,28.1523645,222.18515,SummerFall_Hist,1967,5
6/30/1967,1,20.8721025,194.81062,SummerFall_Hist,1967,6
7/31/1967,1,16.657722,158.74944,SummerFall_Hist,1967,7
8/31/1967,1,14.6401065,193.41162,SummerFall_Hist,1967,8
9/30/1967,1,19.870743,237.69292,SummerFall_Hist,1967,9
10/31/1967,1,22.1384415,310.04785,SummerFall_Hist,1967,10
11/30/1967,1,20.3780895,302.82214,SummerFall_Hist,1967,11
12/31/1967,1,33.5902606,887.6515,SummerFall_Hist,1967,12
1/31/1968,1,211.4707705,1781.1318,SummerFall_Hist,1968,1
2/29/1968,3,171.8909395,866.2346,SummerFall_Hist,1968,2
3/31/1968,3,36.35510545,240.5395,SummerFall_Hist,1968,3
4/30/1968,3,26.607774,240.17595,SummerFall_Hist,1968,4
5/31/1968,3,28.404465,246.28682,SummerFall_Hist,1968,5
6/30/1968,3,29.14722,291.19724,SummerFall_Hist,1968,6
7/31/1968,3,28.015929,453.29178,SummerFall_Hist,1968,7
8/31/1968,3,35.49149275,737.4302,SummerFall_Hist,1968,8
9/30/1968,3,69.6680458,1146.3099,SummerFall_Hist,1968,9
10/31/1968,3,130.8947554,1555.8676,SummerFall_Hist,1968,10
11/30/1968,3,152.3260116,1701.2463,SummerFall_Hist,1968,11
12/31/1968,3,161.8224025,1718.1641,SummerFall_Hist,1968,12
1/31/1969,3,151.815682,945.254,SummerFall_Hist,1969,1
2/28/1969,1,34.57941295,243.12654,SummerFall_Hist,1969,2
3/31/1969,1,21.716718,192.40991,SummerFall_Hist,1969,3
4/30/1969,1,19.8491295,185.87677,SummerFall_Hist,1969,4
5/31/1969,1,15.109884,178.1875,SummerFall_Hist,1969,5
6/30/1969,1,12.07323,175.44698,SummerFall_Hist,1969,6
7/31/1969,1,12.3249345,171.77695,SummerFall_Hist,1969,7
8/31/1969,1,18.6340275,218.35356,SummerFall_Hist,1969,8
9/30/1969,1,25.563054,372.02933,SummerFall_Hist,1969,9
10/31/1969,1,25.3315455,368.70734,SummerFall_Hist,1969,10
11/30/1969,1,21.5003475,347.3991,SummerFall_Hist,1969,11
12/31/1969,1,39.94878445,878.71515,SummerFall_Hist,1969,12
1/31/1970,1,55.28326075,419.8606,SummerFall_Hist,1970,1
2/28/1970,1,22.948764,208.79259,SummerFall_Hist,1970,2
3/31/1970,1,17.932482,194.69601,SummerFall_Hist,1970,3
4/30/1970,1,24.84993,203.24739,SummerFall_Hist,1970,4
5/31/1970,1,25.372701,230.82191,SummerFall_Hist,1970,5
6/30/1970,1,27.28467,269.67365,SummerFall_Hist,1970,6
7/31/1970,1,24.152799,234.76387,SummerFall_Hist,1970,7
8/31/1970,1,20.768481,329.23822,SummerFall_Hist,1970,8
9/30/1970,1,47.78289295,699.83545,SummerFall_Hist,1970,9
10/31/1970,1,37.93545895,423.57077,SummerFall_Hist,1970,10
11/30/1970,1,20.834004,270.34958,SummerFall_Hist,1970,11
12/31/1970,1,24.820665,392.18835,SummerFall_Hist,1970,12
1/31/1971,1,30.467185,282.48987,SummerFall_Hist,1971,1
2/28/1971,1,21.893418,216.09259,SummerFall_Hist,1971,2
3/31/1971,1,22.714566,232.02861,SummerFall_Hist,1971,3
4/30/1971,1,23.619165,239.0475,SummerFall_Hist,1971,4
5/31/1971,1,25.48362,232.33766,SummerFall_Hist,1971,5
6/30/1971,1,25.821744,220.63898,SummerFall_Hist,1971,6
7/31/1971,1,22.2109725,210.92836,SummerFall_Hist,1971,7
8/31/1971,1,20.445912,329.16376,SummerFall_Hist,1971,8
9/30/1971,1,40.68220345,728.0514,SummerFall_Hist,1971,9
10/31/1971,1,48.9016804,645.6262,SummerFall_Hist,1971,10
11/30/1971,1,29.211708,296.26312,SummerFall_Hist,1971,11
12/31/1971,1,45.3713455,957.42883,SummerFall_Hist,1971,12
1/31/1972,1,147.0925281,911.859,SummerFall_Hist,1972,1
2/29/1972,3,62.82476545,598.8104,SummerFall_Hist,1972,2
3/31/1972,3,61.173256,470.35568,SummerFall_Hist,1972,3
4/30/1972,3,32.5603561,256.86676,SummerFall_Hist,1972,4
5/31/1972,3,26.999007,245.17535,SummerFall_Hist,1972,5
6/30/1972,3,29.3828475,313.37466,SummerFall_Hist,1972,6
7/31/1972,3,30.3241378,484.81552,SummerFall_Hist,1972,7
8/31/1972,3,33.0774031,737.19415,SummerFall_Hist,1972,8
9/30/1972,3,51.5958994,759.65594,SummerFall_Hist,1972,9
10/31/1972,3,100.522807,1472.6313,SummerFall_Hist,1972,10
11/30/1972,3,153.7903615,1670.7031,SummerFall_Hist,1972,11
12/31/1972,3,124.0122505,1315.7397,SummerFall_Hist,1972,12
1/31/1973,3,65.74021,511.85828,SummerFall_Hist,1973,1
2/28/1973,2,33.1884448,245.84131,SummerFall_Hist,1973,2
3/31/1973,2,26.2497045,240.88374,SummerFall_Hist,1973,3
4/30/1973,1,36.1082071,232.37413,SummerFall_Hist,1973,4
5/31/1973,2,29.865225,231.17754,SummerFall_Hist,1973,5
6/30/1973,2,26.086953,235.38672,SummerFall_Hist,1973,6
7/31/1973,2,23.2156215,211.49286,SummerFall_Hist,1973,7
8/31/1973,2,21.875118,342.022,SummerFall_Hist,1973,8
9/30/1973,2,34.47124975,600.69543,SummerFall_Hist,1973,9
10/31/1973,2,30.5675278,383.3109,SummerFall_Hist,1973,10
11/30/1973,2,22.703298,288.91827,SummerFall_Hist,1973,11
12/31/1973,2,23.300493,310.13644,SummerFall_Hist,1973,12
1/31/1974,2,24.40293,204.99696,SummerFall_Hist,1974,1
2/28/1974,1,21.968067,209.75865,SummerFall_Hist,1974,2
3/31/1974,1,21.21267,208.05637,SummerFall_Hist,1974,3
4/30/1974,1,25.986795,203.55775,SummerFall_Hist,1974,4
5/31/1974,1,22.3258185,179.4186,SummerFall_Hist,1974,5
6/30/1974,1,18.838995,187.87682,SummerFall_Hist,1974,6
7/31/1974,1,20.278953,185.97916,SummerFall_Hist,1974,7
8/31/1974,1,18.7550535,242.5006,SummerFall_Hist,1974,8
9/30/1974,1,25.22349,463.9941,SummerFall_Hist,1974,9
10/31/1974,1,35.2875382,515.34784,SummerFall_Hist,1974,10
11/30/1974,1,27.419724,316.6366,SummerFall_Hist,1974,11
12/31/1974,1,45.0701746,849.5687,SummerFall_Hist,1974,12
1/31/1975,1,203.690812,1524.7286,SummerFall_Hist,1975,1
2/28/1975,3,195.8231448,1361.9764,SummerFall_Hist,1975,2
3/31/1975,3,74.443597,415.12088,SummerFall_Hist,1975,3
4/30/1975,2,28.45962,228.96317,SummerFall_Hist,1975,4
5/31/1975,1,24.3307845,215.49673,SummerFall_Hist,1975,5
6/30/1975,1,22.8910635,206.50046,SummerFall_Hist,1975,6
7/31/1975,1,21.1002735,190.8798,SummerFall_Hist,1975,7
8/31/1975,1,19.3783035,269.66296,SummerFall_Hist,1975,8
9/30/1975,1,31.7314165,605.6954,SummerFall_Hist,1975,9
10/31/1975,1,43.0422799,698.72845,SummerFall_Hist,1975,10
11/30/1975,1,39.18545755,464.0506,SummerFall_Hist,1975,11
12/31/1975,1,65.507764,867.1545,SummerFall_Hist,1975,12
1/31/1976,1,217.6628515,1580.3326,SummerFall_Hist,1976,1
2/29/1976,4,195.918141,1482.9185,SummerFall_Hist,1976,2
3/31/1976,4,142.1733226,974.3729,SummerFall_Hist,1976,3
4/30/1976,5,91.9835686,584.1492,SummerFall_Hist,1976,4
5/31/1976,5,72.516199,596.4094,SummerFall_Hist,1976,5
6/30/1976,5,88.17065905,899.479,SummerFall_Hist,1976,6
7/31/1976,5,128.175559,1672.0519,SummerFall_Hist,1976,7
8/31/1976,5,138.5635525,1611.393,SummerFall_Hist,1976,8
9/30/1976,5,118.4272936,1326.0975,SummerFall_Hist,1976,9
10/31/1976,5,156.34969,1912.139,SummerFall_Hist,1976,10
11/30/1976,5,221.4536935,2193.3987,SummerFall_Hist,1976,11
12/31/1976,5,222.4543285,1729.9312,SummerFall_Hist,1976,12
1/31/1977,5,219.7605541,2007.7443,SummerFall_Hist,1977,1
2/28/1977,5,288.163501,2477.061,SummerFall_Hist,1977,2
3/31/1977,5,307.3474495,1476.2765,SummerFall_Hist,1977,3
4/30/1977,5,134.8197925,487.43665,SummerFall_Hist,1977,4
5/31/1977,5,80.64983395,388.8268,SummerFall_Hist,1977,5
6/30/1977,5,65.5592464,901.84375,SummerFall_Hist,1977,6
7/31/1977,5,131.088316,1332.4067,SummerFall_Hist,1977,7
8/31/1977,5,152.6445675,1529.4614,SummerFall_Hist,1977,8
9/30/1977,5,152.672164,1567.8103,SummerFall_Hist,1977,9
10/31/1977,5,189.010918,1641.6317,SummerFall_Hist,1977,10
11/30/1977,5,206.5888203,1910.558,SummerFall_Hist,1977,11
12/31/1977,5,224.2492015,1943.0024,SummerFall_Hist,1977,12
1/31/1978,5,223.956079,1610.462,SummerFall_Hist,1978,1
2/28/1978,3,86.3370232,444.7553,SummerFall_Hist,1978,2
3/31/1978,2,56.3222026,231.3324,SummerFall_Hist,1978,3
4/30/1978,2,37.81688755,223.10379,SummerFall_Hist,1978,4
5/31/1978,2,25.107768,208.49872,SummerFall_Hist,1978,5
6/30/1978,2,19.23732,208.21463,SummerFall_Hist,1978,6
7/31/1978,2,19.864737,193.38623,SummerFall_Hist,1978,7
8/31/1978,2,21.399456,280.4489,SummerFall_Hist,1978,8
9/30/1978,2,33.6713659,697.8614,SummerFall_Hist,1978,9
10/31/1978,2,44.134189,735.7168,SummerFall_Hist,1978,10
11/30/1978,2,26.8017375,312.18884,SummerFall_Hist,1978,11
12/31/1978,2,31.75668745,550.0618,SummerFall_Hist,1978,12
1/31/1979,2,162.094378,1537.6703,SummerFall_Hist,1979,1
2/28/1979,4,177.4038085,1010.75287,SummerFall_Hist,1979,2
3/31/1979,3,55.4661595,261.24698,SummerFall_Hist,1979,3
4/30/1979,4,38.1362329,233.07124,SummerFall_Hist,1979,4
5/31/1979,3,28.9373925,235.64264,SummerFall_Hist,1979,5
6/30/1979,3,27.365904,248.11584,SummerFall_Hist,1979,6
7/31/1979,3,25.2696285,259.0317,SummerFall_Hist,1979,7
8/31/1979,3,28.433349,575.6867,SummerFall_Hist,1979,8
9/30/1979,3,64.1837167,903.21564,SummerFall_Hist,1979,9
10/31/1979,3,120.9604278,1746.3761,SummerFall_Hist,1979,10
11/30/1979,3,167.194966,1712.4154,SummerFall_Hist,1979,11
12/31/1979,3,141.9433761,1714.2521,SummerFall_Hist,1979,12
1/31/1980,3,221.8609158,1749.3849,SummerFall_Hist,1980,1
2/29/1980,2,64.70425495,390.2776,SummerFall_Hist,1980,2
3/31/1980,1,22.395408,197.46277,SummerFall_Hist,1980,3
4/30/1980,1,22.4662695,197.83563,SummerFall_Hist,1980,4
5/31/1980,1,20.297262,211.5222,SummerFall_Hist,1980,5
6/30/1980,1,21.787755,240.3698,SummerFall_Hist,1980,6
7/31/1980,1,23.5248615,221.242,SummerFall_Hist,1980,7
8/31/1980,1,22.379091,236.72472,SummerFall_Hist,1980,8
9/30/1980,1,29.13612,474.2956,SummerFall_Hist,1980,9
10/31/1980,1,26.914701,469.1836,SummerFall_Hist,1980,10
11/30/1980,1,21.456864,260.24622,SummerFall_Hist,1980,11
12/31/1980,1,38.5040425,800.0459,SummerFall_Hist,1980,12
1/31/1981,1,216.882835,1703.3529,SummerFall_Hist,1981,1
2/28/1981,3,171.4357375,949.988,SummerFall_Hist,1981,2
3/31/1981,4,48.2434045,268.88486,SummerFall_Hist,1981,3
4/30/1981,4,28.987995,238.89212,SummerFall_Hist,1981,4
5/31/1981,4,29.680371,246.30524,SummerFall_Hist,1981,5
6/30/1981,4,29.298045,299.37558,SummerFall_Hist,1981,6
7/31/1981,4,29.30703,439.20062,SummerFall_Hist,1981,7
8/31/1981,4,73.249105,1343.3882,SummerFall_Hist,1981,8
9/30/1981,4,136.936858,1592.768,SummerFall_Hist,1981,9
10/31/1981,4,148.1841265,1802.1516,SummerFall_Hist,1981,10
11/30/1981,4,173.4734676,1739.6111,SummerFall_Hist,1981,11
12/31/1981,4,163.1474815,1364.5051,SummerFall_Hist,1981,12
1/31/1982,4,42.12278725,284.49503,SummerFall_Hist,1982,1
2/28/1982,1,29.473539,214.72198,SummerFall_Hist,1982,2
3/31/1982,1,26.8130445,211.34511,SummerFall_Hist,1982,3
4/30/1982,1,26.529336,183.4914,SummerFall_Hist,1982,4
5/31/1982,1,19.335429,176.47731,SummerFall_Hist,1982,5
6/30/1982,1,14.960802,172.4942,SummerFall_Hist,1982,6
7/31/1982,1,14.5380225,169.69907,SummerFall_Hist,1982,7
8/31/1982,1,18.3719655,204.94688,SummerFall_Hist,1982,8
9/30/1982,1,20.7841005,275.0604,SummerFall_Hist,1982,9
10/31/1982,1,18.878853,226.48415,SummerFall_Hist,1982,10
11/30/1982,1,17.213949,222.1543,SummerFall_Hist,1982,11
12/31/1982,1,23.4966675,207.83572,SummerFall_Hist,1982,12
1/31/1983,1,25.7719365,199.2379,SummerFall_Hist,1983,1
2/28/1983,1,15.66717,190.39226,SummerFall_Hist,1983,2
3/31/1983,1,11.3196375,188.88536,SummerFall_Hist,1983,3
4/30/1983,1,6.794994,191.82947,SummerFall_Hist,1983,4
5/31/1983,1,3.6062199,169.56898,SummerFall_Hist,1983,5
6/30/1983,1,6.8454225,167.04236,SummerFall_Hist,1983,6
7/31/1983,1,9.388188,163.89468,SummerFall_Hist,1983,7
8/31/1983,1,12.193341,165.32523,SummerFall_Hist,1983,8
9/30/1983,1,15.6126735,201.39003,SummerFall_Hist,1983,9
10/31/1983,1,17.1721095,241.55621,SummerFall_Hist,1983,10
11/30/1983,1,18.0559845,233.39095,SummerFall_Hist,1983,11
12/31/1983,1,25.0833735,219.38307,SummerFall_Hist,1983,12
1/31/1984,1,22.544265,210.36021,SummerFall_Hist,1984,1
2/29/1984,1,20.458299,183.6303,SummerFall_Hist,1984,2
3/31/1984,1,21.4047225,201.51617,SummerFall_Hist,1984,3
4/30/1984,1,25.054308,208.99622,SummerFall_Hist,1984,4
5/31/1984,1,24.122001,224.72841,SummerFall_Hist,1984,5
6/30/1984,1,22.6208175,233.09709,SummerFall_Hist,1984,6
7/31/1984,1,22.306668,206.26225,SummerFall_Hist,1984,7
8/31/1984,1,20.3800485,313.34103,SummerFall_Hist,1984,8
9/30/1984,1,34.78337605,537.0416,SummerFall_Hist,1984,9
10/31/1984,1,28.646796,414.68085,SummerFall_Hist,1984,10
11/30/1984,1,22.382904,345.0109,SummerFall_Hist,1984,11
12/31/1984,1,32.63265775,391.4635,SummerFall_Hist,1984,12
1/31/1985,1,25.697847,243.28294,SummerFall_Hist,1985,1
2/28/1985,3,24.510951,298.16278,SummerFall_Hist,1985,2
3/31/1985,3,29.045499,389.79007,SummerFall_Hist,1985,3
4/30/1985,3,34.2791056,287.84195,SummerFall_Hist,1985,4
5/31/1985,4,39.1009009,282.1795,SummerFall_Hist,1985,5
6/30/1985,4,36.8960896,325.62805,SummerFall_Hist,1985,6
7/31/1985,4,31.0152514,400.9985,SummerFall_Hist,1985,7
8/31/1985,4,72.8567455,1382.9169,SummerFall_Hist,1985,8
9/30/1985,4,137.3124396,1578.6971,SummerFall_Hist,1985,9
10/31/1985,4,139.943494,1712.5258,SummerFall_Hist,1985,10
11/30/1985,4,159.7470753,1722.8553,SummerFall_Hist,1985,11
12/31/1985,4,163.890049,1708.2291,SummerFall_Hist,1985,12
1/31/1986,4,223.356382,1739.0686,SummerFall_Hist,1986,1
2/28/1986,3,130.8455245,725.4743,SummerFall_Hist,1986,2
3/31/1986,1,48.31238875,238.65555,SummerFall_Hist,1986,3
4/30/1986,1,15.132174,189.90007,SummerFall_Hist,1986,4
5/31/1986,1,17.7941055,174.66313,SummerFall_Hist,1986,5
6/30/1986,1,19.7456685,189.23079,SummerFall_Hist,1986,6
7/31/1986,1,22.1965125,216.34746,SummerFall_Hist,1986,7
8/31/1986,1,20.5716735,252.73882,SummerFall_Hist,1986,8
9/30/1986,1,23.8948635,412.05637,SummerFall_Hist,1986,9
10/31/1986,1,24.8751555,463.59647,SummerFall_Hist,1986,10
11/30/1986,1,22.335576,279.04828,SummerFall_Hist,1986,11
12/31/1986,1,39.289246,809.1922,SummerFall_Hist,1986,12
1/31/1987,1,209.3460385,1769.449,SummerFall_Hist,1987,1
2/28/1987,4,153.011143,1170.0227,SummerFall_Hist,1987,2
3/31/1987,4,85.927957,469.84637,SummerFall_Hist,1987,3
4/30/1987,4,44.0706625,258.89645,SummerFall_Hist,1987,4
5/31/1987,4,31.766158,257.30048,SummerFall_Hist,1987,5
6/30/1987,4,30.7770256,312.2164,SummerFall_Hist,1987,6
7/31/1987,4,32.8909732,448.49753,SummerFall_Hist,1987,7
8/31/1987,4,47.102863,905.9671,SummerFall_Hist,1987,8
9/30/1987,4,89.6477998,1203.1501,SummerFall_Hist,1987,9
10/31/1987,4,133.9362925,1662.677,SummerFall_Hist,1987,10
11/30/1987,4,181.8798475,1791.6577,SummerFall_Hist,1987,11
12/31/1987,4,171.6800965,1800.8597,SummerFall_Hist,1987,12
1/31/1988,4,188.5171669,1368.1882,SummerFall_Hist,1988,1
2/29/1988,4,74.810734,461.31317,SummerFall_Hist,1988,2
3/31/1988,5,34.5973366,273.23654,SummerFall_Hist,1988,3
4/30/1988,5,45.4897345,306.32263,SummerFall_Hist,1988,4
5/31/1988,5,50.52398305,382.64102,SummerFall_Hist,1988,5
6/30/1988,5,61.1417635,647.27014,SummerFall_Hist,1988,6
7/31/1988,5,107.325244,1102.9777,SummerFall_Hist,1988,7
8/31/1988,5,118.539595,1459.1185,SummerFall_Hist,1988,8
9/30/1988,5,127.885506,1443.7694,SummerFall_Hist,1988,9
10/31/1988,5,165.0858235,1685.2917,SummerFall_Hist,1988,10
11/30/1988,5,208.1869435,2026.2438,SummerFall_Hist,1988,11
12/31/1988,5,223.8003835,1959.1241,SummerFall_Hist,1988,12
1/31/1989,5,200.5333683,1690.7748,SummerFall_Hist,1989,1
2/28/1989,4,181.4696271,1202.7979,SummerFall_Hist,1989,2
3/31/1989,5,95.79108595,599.4826,SummerFall_Hist,1989,3
4/30/1989,3,39.5211277,311.78708,SummerFall_Hist,1989,4
5/31/1989,4,25.353408,237.45967,SummerFall_Hist,1989,5
6/30/1989,4,27.3539295,250.43687,SummerFall_Hist,1989,6
7/31/1989,4,25.1609205,332.55038,SummerFall_Hist,1989,7
8/31/1989,4,49.1110015,1027.9553,SummerFall_Hist,1989,8
9/30/1989,4,129.4817425,1570.0931,SummerFall_Hist,1989,9
10/31/1989,4,165.0265321,1679.8774,SummerFall_Hist,1989,10
11/30/1989,4,161.3154445,1714.7303,SummerFall_Hist,1989,11
12/31/1989,4,163.536649,1746.2445,SummerFall_Hist,1989,12
1/31/1990,4,190.7670595,1543.105,SummerFall_Hist,1990,1
2/28/1990,4,118.901773,904.49475,SummerFall_Hist,1990,2
3/31/1990,5,56.6267479,402.30722,SummerFall_Hist,1990,3
4/30/1990,5,38.8132105,365.31366,SummerFall_Hist,1990,4
5/31/1990,5,51.4225567,342.77295,SummerFall_Hist,1990,5
6/30/1990,5,52.334836,389.82684,SummerFall_Hist,1990,6
7/31/1990,5,69.72695245,668.1361,SummerFall_Hist,1990,7
8/31/1990,5,92.262424,1032.0839,SummerFall_Hist,1990,8
9/30/1990,5,116.1628945,1228.0728,SummerFall_Hist,1990,9
10/31/1990,5,170.571361,1653.6974,SummerFall_Hist,1990,10
11/30/1990,5,212.586936,1997.7316,SummerFall_Hist,1990,11
12/31/1990,5,226.5048825,1835.122,SummerFall_Hist,1990,12
1/31/1991,5,224.7895758,1948.0455,SummerFall_Hist,1991,1
2/28/1991,5,200.2712965,1201.2543,SummerFall_Hist,1991,2
3/31/1991,5,98.370886,665.84784,SummerFall_Hist,1991,3
4/30/1991,5,70.0429405,442.45352,SummerFall_Hist,1991,4
5/31/1991,5,51.67318,253.72609,SummerFall_Hist,1991,5
6/30/1991,5,46.39596325,375.5438,SummerFall_Hist,1991,6
7/31/1991,5,67.126108,854.8387,SummerFall_Hist,1991,7
8/31/1991,5,156.7979665,1525.844,SummerFall_Hist,1991,8
9/30/1991,5,182.9254698,1601.0806,SummerFall_Hist,1991,9
10/31/1991,5,196.4636395,1560.2456,SummerFall_Hist,1991,10
11/30/1991,5,202.1460835,2064.612,SummerFall_Hist,1991,11
12/31/1991,5,227.7625105,2149.7954,SummerFall_Hist,1991,12
1/31/1992,5,264.185881,2079.3357,SummerFall_Hist,1992,1
2/29/1992,5,173.828683,897.995,SummerFall_Hist,1992,2
3/31/1992,5,87.4743613,302.62567,SummerFall_Hist,1992,3
4/30/1992,5,31.4311063,245.89995,SummerFall_Hist,1992,4
5/31/1992,5,33.297007,252.3607,SummerFall_Hist,1992,5
6/30/1992,5,37.8698605,359.3885,SummerFall_Hist,1992,6
7/31/1992,5,49.39322845,391.60867,SummerFall_Hist,1992,7
8/31/1992,5,42.81972055,553.9605,SummerFall_Hist,1992,8
9/30/1992,5,72.7812205,1034.4254,SummerFall_Hist,1992,9
10/31/1992,5,143.8236265,1711.5884,SummerFall_Hist,1992,10
11/30/1992,5,223.1214964,2340.093,SummerFall_Hist,1992,11
12/31/1992,5,222.752866,1534.5248,SummerFall_Hist,1992,12
1/31/1993,5,227.8745155,1602.3623,SummerFall_Hist,1993,1
2/28/1993,3,112.8039985,546.08777,SummerFall_Hist,1993,2
3/31/1993,2,59.970727,237.84766,SummerFall_Hist,1993,3
4/30/1993,2,37.9801897,238.20316,SummerFall_Hist,1993,4
5/31/1993,2,28.165191,233.84596,SummerFall_Hist,1993,5
6/30/1993,2,25.918716,226.53424,SummerFall_Hist,1993,6
7/31/1993,2,23.5471665,209.24286,SummerFall_Hist,1993,7
8/31/1993,2,21.220674,320.08688,SummerFall_Hist,1993,8
9/30/1993,2,29.1802695,684.5296,SummerFall_Hist,1993,9
10/31/1993,2,38.96271295,656.9071,SummerFall_Hist,1993,10
11/30/1993,2,26.6746305,327.03094,SummerFall_Hist,1993,11
12/31/1993,2,48.66584575,793.638,SummerFall_Hist,1993,12
1/31/1994,2,207.9123175,1461.8492,SummerFall_Hist,1994,1
2/28/1994,4,187.7081944,1106.092,SummerFall_Hist,1994,2
3/31/1994,4,81.884491,471.2043,SummerFall_Hist,1994,3
4/30/1994,4,34.0203712,260.00702,SummerFall_Hist,1994,4
5/31/1994,5,40.712764,291.59384,SummerFall_Hist,1994,5
6/30/1994,5,46.631188,439.9891,SummerFall_Hist,1994,6
7/31/1994,5,67.882384,848.8767,SummerFall_Hist,1994,7
8/31/1994,5,95.19452395,1451.1342,SummerFall_Hist,1994,8
9/30/1994,5,123.8879221,1590.6493,SummerFall_Hist,1994,9
10/31/1994,5,176.0515833,1842.2683,SummerFall_Hist,1994,10
11/30/1994,5,213.1224766,2187.8152,SummerFall_Hist,1994,11
12/31/1994,5,220.4373265,1966.8098,SummerFall_Hist,1994,12
1/31/1995,5,219.437974,1871.1277,SummerFall_Hist,1995,1
2/28/1995,1,93.97793305,395.39804,SummerFall_Hist,1995,2
3/31/1995,2,38.3369755,234.64853,SummerFall_Hist,1995,3
4/30/1995,1,33.6240958,222.68819,SummerFall_Hist,1995,4
5/31/1995,1,25.1959785,180.33887,SummerFall_Hist,1995,5
6/30/1995,1,17.575719,170.38715,SummerFall_Hist,1995,6
7/31/1995,1,15.652926,164.73183,SummerFall_Hist,1995,7
8/31/1995,1,14.9386185,168.82309,SummerFall_Hist,1995,8
9/30/1995,1,18.84375,235.07149,SummerFall_Hist,1995,9
10/31/1995,1,19.0539255,305.1922,SummerFall_Hist,1995,10
11/30/1995,1,18.9309405,339.0904,SummerFall_Hist,1995,11
12/31/1995,1,47.1669082,870.2938,SummerFall_Hist,1995,12
1/31/1996,1,101.192728,601.3227,SummerFall_Hist,1996,1
2/29/1996,2,28.742835,228.31973,SummerFall_Hist,1996,2
3/31/1996,1,33.04533775,222.98898,SummerFall_Hist,1996,3
4/30/1996,1,30.210882,218.7162,SummerFall_Hist,1996,4
5/31/1996,1,26.088579,211.53456,SummerFall_Hist,1996,5
6/30/1996,1,22.5405555,192.99951,SummerFall_Hist,1996,6
7/31/1996,1,19.2480705,195.10922,SummerFall_Hist,1996,7
8/31/1996,1,20.1557595,281.59106,SummerFall_Hist,1996,8
9/30/1996,1,29.059245,523.03595,SummerFall_Hist,1996,9
10/31/1996,1,27.771705,409.1958,SummerFall_Hist,1996,10
11/30/1996,1,20.769141,293.978,SummerFall_Hist,1996,11
12/31/1996,1,26.446023,388.03107,SummerFall_Hist,1996,12
1/31/1997,1,34.57863775,238.52452,SummerFall_Hist,1997,1
2/28/1997,1,12.027915,180.06471,SummerFall_Hist,1997,2
3/31/1997,1,17.8302675,172.3686,SummerFall_Hist,1997,3
4/30/1997,1,22.2360255,204.32317,SummerFall_Hist,1997,4
5/31/1997,1,26.655795,260.48425,SummerFall_Hist,1997,5
6/30/1997,1,25.990551,270.5931,SummerFall_Hist,1997,6
7/31/1997,1,25.1287575,211.50076,SummerFall_Hist,1997,7
8/31/1997,1,21.2104185,260.96967,SummerFall_Hist,1997,8
9/30/1997,1,29.967069,541.00745,SummerFall_Hist,1997,9
10/31/1997,1,30.9108901,507.80386,SummerFall_Hist,1997,10
11/30/1997,1,21.7007085,274.68335,SummerFall_Hist,1997,11
12/31/1997,1,28.546944,579.3811,SummerFall_Hist,1997,12
1/31/1998,1,118.8590914,876.98065,SummerFall_Hist,1998,1
2/28/1998,1,60.382723,300.6924,SummerFall_Hist,1998,2
3/31/1998,1,53.69179795,221.3959,SummerFall_Hist,1998,3
4/30/1998,1,24.085782,187.51132,SummerFall_Hist,1998,4
5/31/1998,1,18.549708,175.85992,SummerFall_Hist,1998,5
6/30/1998,1,17.212065,166.1385,SummerFall_Hist,1998,6
7/31/1998,1,14.7280305,168.26212,SummerFall_Hist,1998,7
8/31/1998,1,14.612046,169.12367,SummerFall_Hist,1998,8
9/30/1998,1,17.0418915,224.9961,SummerFall_Hist,1998,9
10/31/1998,1,18.1608885,241.46039,SummerFall_Hist,1998,10
11/30/1998,1,15.5088,236.88838,SummerFall_Hist,1998,11
12/31/1998,1,20.22393,236.45192,SummerFall_Hist,1998,12
1/31/1999,1,22.8324045,214.40645,SummerFall_Hist,1999,1
2/28/1999,2,24.686007,216.45918,SummerFall_Hist,1999,2
3/31/1999,1,28.285605,217.04082,SummerFall_Hist,1999,3
4/30/1999,1,27.582729,221.36357,SummerFall_Hist,1999,4
5/31/1999,1,27.7711125,224.41553,SummerFall_Hist,1999,5
6/30/1999,1,24.489432,227.05507,SummerFall_Hist,1999,6
7/31/1999,1,21.8988045,201.67146,SummerFall_Hist,1999,7
8/31/1999,1,20.983569,295.12604,SummerFall_Hist,1999,8
9/30/1999,1,31.106554,553.5015,SummerFall_Hist,1999,9
10/31/1999,1,28.845291,446.6558,SummerFall_Hist,1999,10
11/30/1999,1,21.860289,326.8657,SummerFall_Hist,1999,11
12/31/1999,1,45.2595799,829.23346,SummerFall_Hist,1999,12
1/31/2000,1,215.952937,1636.3918,SummerFall_Hist,2000,1
2/29/2000,2,160.7694985,841.1834,SummerFall_Hist,2000,2
3/31/2000,2,50.215804,235.52946,SummerFall_Hist,2000,3
4/30/2000,2,27.890748,220.64305,SummerFall_Hist,2000,4
5/31/2000,2,26.272767,216.74672,SummerFall_Hist,2000,5
6/30/2000,2,24.375108,236.68175,SummerFall_Hist,2000,6
7/31/2000,2,22.9307325,203.61945,SummerFall_Hist,2000,7
8/31/2000,2,21.090513,326.85132,SummerFall_Hist,2000,8
9/30/2000,2,32.118247,627.08014,SummerFall_Hist,2000,9
10/31/2000,2,31.87957375,412.3012,SummerFall_Hist,2000,10
11/30/2000,2,22.0319625,308.59006,SummerFall_Hist,2000,11
12/31/2000,2,51.58355605,932.47736,SummerFall_Hist,2000,12
1/31/2001,2,193.7785405,1590.5564,SummerFall_Hist,2001,1
2/28/2001,4,184.746463,1221.0798,SummerFall_Hist,2001,2
3/31/2001,4,74.19099295,356.53973,SummerFall_Hist,2001,3
4/30/2001,4,30.0954945,238.83408,SummerFall_Hist,2001,4
5/31/2001,4,32.4609937,248.33128,SummerFall_Hist,2001,5
6/30/2001,4,29.2711995,302.04083,SummerFall_Hist,2001,6
7/31/2001,4,29.2050795,403.21207,SummerFall_Hist,2001,7
8/31/2001,4,45.85308955,843.0292,SummerFall_Hist,2001,8
9/30/2001,4,91.34146645,1262.0515,SummerFall_Hist,2001,9
10/31/2001,4,148.5208825,1823.7753,SummerFall_Hist,2001,10
11/30/2001,4,171.2650225,1620.4178,SummerFall_Hist,2001,11
12/31/2001,4,161.8319899,1723.3804,SummerFall_Hist,2001,12
1/31/2002,4,115.2529465,685.2766,SummerFall_Hist,2002,1
2/28/2002,3,27.102945,229.94608,SummerFall_Hist,2002,2
3/31/2002,3,26.8188405,233.86353,SummerFall_Hist,2002,3
4/30/2002,3,25.292178,244.6595,SummerFall_Hist,2002,4
5/31/2002,4,28.343403,255.87709,SummerFall_Hist,2002,5
6/30/2002,4,30.4795255,300.30942,SummerFall_Hist,2002,6
7/31/2002,4,29.9384355,390.46588,SummerFall_Hist,2002,7
8/31/2002,4,56.1070105,1057.4037,SummerFall_Hist,2002,8
9/30/2002,4,108.9460105,1434.2458,SummerFall_Hist,2002,9
10/31/2002,4,141.500278,1716.1812,SummerFall_Hist,2002,10
11/30/2002,4,157.6648225,1645.7659,SummerFall_Hist,2002,11
12/31/2002,4,151.7498898,1723.4182,SummerFall_Hist,2002,12
1/31/2003,4,102.7568365,651.0918,SummerFall_Hist,2003,1
2/28/2003,2,27.9472455,214.94914,SummerFall_Hist,2003,2
3/31/2003,3,25.297095,231.25888,SummerFall_Hist,2003,3
4/30/2003,3,25.463439,244.7538,SummerFall_Hist,2003,4
5/31/2003,2,27.992871,236.06755,SummerFall_Hist,2003,5
6/30/2003,2,25.1889405,219.29851,SummerFall_Hist,2003,6
7/31/2003,2,21.3123555,214.57472,SummerFall_Hist,2003,7
8/31/2003,2,20.6721435,361.93146,SummerFall_Hist,2003,8
9/30/2003,2,41.52465205,727.5542,SummerFall_Hist,2003,9
10/31/2003,2,41.0987167,616.3865,SummerFall_Hist,2003,10
11/30/2003,2,24.3012705,298.41132,SummerFall_Hist,2003,11
12/31/2003,2,39.7956397,833.45294,SummerFall_Hist,2003,12
1/31/2004,2,106.0093135,674.18506,SummerFall_Hist,2004,1
2/29/2004,3,28.748103,260.7096,SummerFall_Hist,2004,2
3/31/2004,2,27.1794345,241.98207,SummerFall_Hist,2004,3
4/30/2004,3,26.243196,235.88669,SummerFall_Hist,2004,4
5/31/2004,3,28.363755,243.30194,SummerFall_Hist,2004,5
6/30/2004,3,29.732655,276.6274,SummerFall_Hist,2004,6
7/31/2004,3,29.001888,378.33063,SummerFall_Hist,2004,7
8/31/2004,3,39.0736321,755.87775,SummerFall_Hist,2004,8
9/30/2004,3,80.3762881,1316.8427,SummerFall_Hist,2004,9
10/31/2004,3,165.152029,1662.4585,SummerFall_Hist,2004,10
11/30/2004,3,149.7269883,1648.1401,SummerFall_Hist,2004,11
12/31/2004,3,153.7937701,1700.1062,SummerFall_Hist,2004,12
1/31/2005,3,154.6058605,920.45746,SummerFall_Hist,2005,1
2/28/2005,3,53.8574941,318.1292,SummerFall_Hist,2005,2
3/31/2005,3,43.2153091,242.13681,SummerFall_Hist,2005,3
4/30/2005,3,40.319407,231.78822,SummerFall_Hist,2005,4
5/31/2005,3,27.316296,231.34659,SummerFall_Hist,2005,5
6/30/2005,3,21.4573425,211.66553,SummerFall_Hist,2005,6
7/31/2005,3,17.6749725,192.92969,SummerFall_Hist,2005,7
8/31/2005,3,20.400657,247.67569,SummerFall_Hist,2005,8
9/30/2005,3,51.1241902,755.27747,SummerFall_Hist,2005,9
10/31/2005,3,95.43685375,1298.5809,SummerFall_Hist,2005,10
11/30/2005,3,76.24190995,1096.4329,SummerFall_Hist,2005,11
12/31/2005,3,130.7283895,1585.3433,SummerFall_Hist,2005,12
1/31/2006,3,65.4661483,403.99533,SummerFall_Hist,2006,1
2/28/2006,1,21.857256,208.34775,SummerFall_Hist,2006,2
3/31/2006,1,24.8494245,204.7439,SummerFall_Hist,2006,3
4/30/2006,1,29.2271895,198.08934,SummerFall_Hist,2006,4
5/31/2006,1,17.5829565,181.32222,SummerFall_Hist,2006,5
6/30/2006,1,14.24331,171.47205,SummerFall_Hist,2006,6
7/31/2006,1,15.6638145,167.39615,SummerFall_Hist,2006,7
8/31/2006,1,22.709553,215.33022,SummerFall_Hist,2006,8
9/30/2006,1,23.376606,383.78796,SummerFall_Hist,2006,9
10/31/2006,1,24.3388755,435.09085,SummerFall_Hist,2006,10
11/30/2006,1,23.337357,366.86694,SummerFall_Hist,2006,11
12/31/2006,1,30.5735755,648.6796,SummerFall_Hist,2006,12
1/31/2007,1,82.1629303,736.0527,SummerFall_Hist,2007,1
2/28/2007,3,73.095148,570.97687,SummerFall_Hist,2007,2
3/31/2007,3,54.290563,369.4136,SummerFall_Hist,2007,3
4/30/2007,4,36.2969455,241.46068,SummerFall_Hist,2007,4
5/31/2007,4,32.19783325,262.4785,SummerFall_Hist,2007,5
6/30/2007,4,32.97274825,326.796,SummerFall_Hist,2007,6
7/31/2007,4,32.7412798,431.46548,SummerFall_Hist,2007,7
8/31/2007,4,68.94592705,1430.5405,SummerFall_Hist,2007,8
9/30/2007,4,143.2419415,1595.0131,SummerFall_Hist,2007,9
10/31/2007,4,145.7482429,1730.1497,SummerFall_Hist,2007,10
11/30/2007,4,147.6171276,1645.0303,SummerFall_Hist,2007,11
12/31/2007,4,162.346375,1767.8632,SummerFall_Hist,2007,12
1/31/2008,4,205.8713755,1609.564,SummerFall_Hist,2008,1
2/29/2008,3,129.8369095,523.23114,SummerFall_Hist,2008,2
3/31/2008,4,39.7856989,248.88788,SummerFall_Hist,2008,3
4/30/2008,4,32.8767004,241.14021,SummerFall_Hist,2008,4
5/31/2008,5,31.4171641,266.93674,SummerFall_Hist,2008,5
6/30/2008,5,35.7272932,370.8587,SummerFall_Hist,2008,6
7/31/2008,5,47.041075,497.9648,SummerFall_Hist,2008,7
8/31/2008,5,52.98930145,911.4379,SummerFall_Hist,2008,8
9/30/2008,5,106.5443554,1460.6731,SummerFall_Hist,2008,9
10/31/2008,5,185.9056008,2057.5706,SummerFall_Hist,2008,10
11/30/2008,5,221.7612085,2033.2556,SummerFall_Hist,2008,11
12/31/2008,5,204.9904263,2154.9844,SummerFall_Hist,2008,12
1/31/2009,5,218.2182025,1798.5271,SummerFall_Hist,2009,1
2/28/2009,5,187.323433,1347.4352,SummerFall_Hist,2009,2
3/31/2009,4,103.9423795,510.05304,SummerFall_Hist,2009,3
4/30/2009,4,36.626548,249.02875,SummerFall_Hist,2009,4
5/31/2009,4,28.7909775,243.28757,SummerFall_Hist,2009,5
6/30/2009,4,28.35996,261.1576,SummerFall_Hist,2009,6
7/31/2009,4,27.53055,282.94876,SummerFall_Hist,2009,7
8/31/2009,4,24.360804,376.28903,SummerFall_Hist,2009,8
9/30/2009,4,41.3666395,729.4709,SummerFall_Hist,2009,9
10/31/2009,4,108.6513775,1615.3063,SummerFall_Hist,2009,10
11/30/2009,4,168.6496915,1671.838,SummerFall_Hist,2009,11
12/31/2009,4,121.6617415,1474.5643,SummerFall_Hist,2009,12
1/31/2010,4,197.6293066,1778.4905,SummerFall_Hist,2010,1
2/28/2010,3,121.574617,588.2828,SummerFall_Hist,2010,2
3/31/2010,4,40.39391455,247.56581,SummerFall_Hist,2010,3
4/30/2010,4,28.000062,241.4305,SummerFall_Hist,2010,4
5/31/2010,3,28.191675,236.76572,SummerFall_Hist,2010,5
6/30/2010,3,28.1665095,225.52254,SummerFall_Hist,2010,6
7/31/2010,3,25.41552,217.76904,SummerFall_Hist,2010,7
8/31/2010,3,24.111381,409.69653,SummerFall_Hist,2010,8
9/30/2010,3,80.2301173,1342.8439,SummerFall_Hist,2010,9
10/31/2010,3,137.5611904,1686.8665,SummerFall_Hist,2010,10
11/30/2010,3,91.9063165,897.3654,SummerFall_Hist,2010,11
12/31/2010,3,64.5480379,728.8604,SummerFall_Hist,2010,12
1/31/2011,3,52.35235495,345.36597,SummerFall_Hist,2011,1
2/28/2011,2,27.878874,202.44496,SummerFall_Hist,2011,2
3/31/2011,2,30.46942225,217.18922,SummerFall_Hist,2011,3
4/30/2011,1,23.320272,223.38295,SummerFall_Hist,2011,4
5/31/2011,1,19.2653595,197.06296,SummerFall_Hist,2011,5
6/30/2011,1,17.2806885,187.80573,SummerFall_Hist,2011,6
7/31/2011,1,17.518458,178.38315,SummerFall_Hist,2011,7
8/31/2011,1,16.096665,184.97614,SummerFall_Hist,2011,8
9/30/2011,1,18.31122,234.62872,SummerFall_Hist,2011,9
10/31/2011,1,19.0911045,266.2451,SummerFall_Hist,2011,10
11/30/2011,1,18.694494,293.62927,SummerFall_Hist,2011,11
12/31/2011,1,28.588866,656.4583,SummerFall_Hist,2011,12
1/31/2012,1,149.78842,1380.4254,SummerFall_Hist,2012,1
2/29/2012,4,165.4485715,1274.3464,SummerFall_Hist,2012,2
3/31/2012,4,85.81687825,592.3494,SummerFall_Hist,2012,3
4/30/2012,3,43.2343471,307.05435,SummerFall_Hist,2012,4
5/31/2012,3,27.760323,231.64899,SummerFall_Hist,2012,5
6/30/2012,3,27.443619,235.5194,SummerFall_Hist,2012,6
7/31/2012,3,25.41477,335.38657,SummerFall_Hist,2012,7
8/31/2012,3,31.54378105,738.4922,SummerFall_Hist,2012,8
9/30/2012,3,69.4082341,1171.7279,SummerFall_Hist,2012,9
10/31/2012,3,154.648126,1679.6925,SummerFall_Hist,2012,10
11/30/2012,3,154.298716,1677.1061,SummerFall_Hist,2012,11
12/31/2012,3,167.2444705,1750.4827,SummerFall_Hist,2012,12
1/31/2013,3,90.3674134,502.04547,SummerFall_Hist,2013,1
2/28/2013,2,22.861683,229.48871,SummerFall_Hist,2013,2
3/31/2013,3,26.286006,250.61156,SummerFall_Hist,2013,3
4/30/2013,4,24.8696775,258.73752,SummerFall_Hist,2013,4
5/31/2013,4,29.907363,289.67978,SummerFall_Hist,2013,5
6/30/2013,4,34.2277372,327.38205,SummerFall_Hist,2013,6
7/31/2013,4,32.037535,374.53516,SummerFall_Hist,2013,7
8/31/2013,4,55.72857325,1113.2477,SummerFall_Hist,2013,8
9/30/2013,4,115.0009495,1311.7123,SummerFall_Hist,2013,9
10/31/2013,4,163.9364926,1774.4122,SummerFall_Hist,2013,10
11/30/2013,4,176.007166,1649.0155,SummerFall_Hist,2013,11
12/31/2013,4,171.329481,1548.4309,SummerFall_Hist,2013,12
1/31/2014,4,202.6166755,1886.0485,SummerFall_Hist,2014,1
2/28/2014,5,172.6562215,1258.2288,SummerFall_Hist,2014,2
3/31/2014,5,119.67931,855.3696,SummerFall_Hist,2014,3
4/30/2014,5,58.7716921,370.99054,SummerFall_Hist,2014,4
5/31/2014,5,38.4717577,274.4147,SummerFall_Hist,2014,5
6/30/2014,5,46.30508245,485.96133,SummerFall_Hist,2014,6
7/31/2014,5,91.44083455,1054.6804,SummerFall_Hist,2014,7
8/31/2014,5,160.8000306,1475.5831,SummerFall_Hist,2014,8
9/30/2014,5,175.2095365,1383.1079,SummerFall_Hist,2014,9
10/31/2014,5,172.9164978,1668.7162,SummerFall_Hist,2014,10
11/30/2014,5,228.5256949,1951.4445,SummerFall_Hist,2014,11
12/31/2014,5,225.681241,1914.209,SummerFall_Hist,2014,12
1/31/2015,5,113.9115655,671.0405,SummerFall_Hist,2015,1
2/28/2015,5,28.620927,290.42276,SummerFall_Hist,2015,2
3/31/2015,5,31.95583405,379.9705,SummerFall_Hist,2015,3
4/30/2015,5,46.8112225,269.62888,SummerFall_Hist,2015,4
5/31/2015,5,46.7696125,318.62814,SummerFall_Hist,2015,5
6/30/2015,5,56.6539825,440.27966,SummerFall_Hist,2015,6
7/31/2015,5,59.7932746,436.32248,SummerFall_Hist,2015,7
8/31/2015,5,46.6828756,585.7835,SummerFall_Hist,2015,8
9/30/2015,5,73.36394005,968.716,SummerFall_Hist,2015,9
10/31/2015,5,135.9176553,1702.7155,SummerFall_Hist,2015,10
11/30/2015,5,211.7529661,2185.3586,SummerFall_Hist,2015,11
12/31/2015,5,221.5737925,1526.7963,SummerFall_Hist,2015,12
1/31/2016,5,215.0769439,2277.623,SummerFall_Hist,2016,1
2/29/2016,3,209.260795,724.97095,SummerFall_Hist,2016,2
3/31/2016,4,54.2278687,245.27263,SummerFall_Hist,2016,3
4/30/2016,3,27.37164,245.80467,SummerFall_Hist,2016,4
5/31/2016,3,27.406833,240.0622,SummerFall_Hist,2016,5
6/30/2016,3,28.136355,247.24713,SummerFall_Hist,2016,6
7/31/2016,3,25.3456725,377.12482,SummerFall_Hist,2016,7
8/31/2016,3,39.2609512,749.3499,SummerFall_Hist,2016,8
9/30/2016,3,86.998816,1319.191,SummerFall_Hist,2016,9
10/31/2016,3,170.7205158,1831.5201,SummerFall_Hist,2016,10
11/30/2016,3,181.358668,1709.0212,SummerFall_Hist,2016,11
12/31/2016,3,164.7101365,1831.771,SummerFall_Hist,2016,12
1/31/2017,3,117.7129668,657.0087,SummerFall_Hist,2017,1
2/28/2017,1,39.4429465,227.4948,SummerFall_Hist,2017,2
3/31/2017,1,20.534241,201.80466,SummerFall_Hist,2017,3
4/30/2017,1,20.116722,171.54391,SummerFall_Hist,2017,4
5/31/2017,1,16.096617,173.29434,SummerFall_Hist,2017,5
6/30/2017,1,14.661447,176.03827,SummerFall_Hist,2017,6
7/31/2017,1,14.9124705,168.34175,SummerFall_Hist,2017,7
8/31/2017,1,20.183919,213.4711,SummerFall_Hist,2017,8
9/30/2017,1,27.25956,377.3144,SummerFall_Hist,2017,9
10/31/2017,1,27.1380795,450.78207,SummerFall_Hist,2017,10
11/30/2017,1,22.3263765,324.81128,SummerFall_Hist,2017,11
12/31/2017,1,24.1632495,381.17703,SummerFall_Hist,2017,12
1/31/2018,1,61.9680925,758.0141,SummerFall_Hist,2018,1
2/28/2018,3,125.9357839,844.16724,SummerFall_Hist,2018,2
3/31/2018,3,50.441068,296.52402,SummerFall_Hist,2018,3
4/30/2018,3,36.6370075,247.61523,SummerFall_Hist,2018,4
5/31/2018,3,29.228715,231.10547,SummerFall_Hist,2018,5
6/30/2018,3,26.486133,225.87581,SummerFall_Hist,2018,6
7/31/2018,3,24.9769725,324.00095,SummerFall_Hist,2018,7
8/31/2018,3,34.2061228,727.4298,SummerFall_Hist,2018,8
9/30/2018,3,62.03514445,1083.4365,SummerFall_Hist,2018,9
10/31/2018,3,152.1173403,1681.5739,SummerFall_Hist,2018,10
11/30/2018,3,156.256039,1703.042,SummerFall_Hist,2018,11
12/31/2018,3,170.782147,1733.24,SummerFall_Hist,2018,12
1/31/2019,3,218.7386838,1538.4233,SummerFall_Hist,2019,1
2/28/2019,3,103.4199831,519.48474,SummerFall_Hist,2019,2
3/31/2019,2,38.741362,236.89551,SummerFall_Hist,2019,3
4/30/2019,1,28.465773,221.38055,SummerFall_Hist,2019,4
5/31/2019,1,23.831367,193.72017,SummerFall_Hist,2019,5
6/30/2019,1,20.111187,191.86612,SummerFall_Hist,2019,6
7/31/2019,1,17.676537,172.52959,SummerFall_Hist,2019,7
8/31/2019,1,18.7944075,204.06732,SummerFall_Hist,2019,8
9/30/2019,1,25.6038075,399.09497,SummerFall_Hist,2019,9
10/31/2019,1,28.945743,472.07452,SummerFall_Hist,2019,10
11/30/2019,1,22.8026805,303.8807,SummerFall_Hist,2019,11
12/31/2019,1,36.6346591,855.1024,SummerFall_Hist,2019,12
1/31/2020,1,105.0589098,667.36127,SummerFall_Hist,2020,1
2/29/2020,3,32.0901232,390.56085,SummerFall_Hist,2020,2
3/31/2020,4,35.1140929,379.39563,SummerFall_Hist,2020,3
4/30/2020,4,30.793567,308.92932,SummerFall_Hist,2020,4
5/31/2020,4,38.24182825,282.7389,SummerFall_Hist,2020,5
6/30/2020,4,37.29081745,314.2735,SummerFall_Hist,2020,6
7/31/2020,4,31.1448694,390.50748,SummerFall_Hist,2020,7
8/31/2020,4,43.4711821,816.2672,SummerFall_Hist,2020,8
9/30/2020,4,83.08820845,1149.5184,SummerFall_Hist,2020,9
10/31/2020,4,137.8445716,1795.1115,SummerFall_Hist,2020,10
11/30/2020,4,180.021961,1804.2979,SummerFall_Hist,2020,11
12/31/2020,4,179.1857311,1830.2008,SummerFall_Hist,2020,12
1/31/2021,4,188.857873,1641.0183,SummerFall_Hist,2021,1
2/28/2021,5,176.8013755,1203.6255,SummerFall_Hist,2021,2
3/31/2021,5,112.4175585,784.643,SummerFall_Hist,2021,3
4/30/2021,5,87.8130325,636.1812,SummerFall_Hist,2021,4
5/31/2021,5,78.6806578,725.3108,SummerFall_Hist,2021,5
6/30/2021,5,105.0113575,1113.7933,SummerFall_Hist,2021,6
7/31/2021,5,155.7329671,1453.5652,SummerFall_Hist,2021,7
8/31/2021,5,138.5169408,1391.5679,SummerFall_Hist,2021,8
9/30/2021,5,157.9466875,1516.6458,SummerFall_Hist,2021,9
11/30/1920,NA,NA,NA,MaxWater_noSMSCG,1920,11
12/31/1920,NA,NA,NA,MaxWater_noSMSCG,1920,12
1/31/1921,NA,NA,NA,MaxWater_noSMSCG,1921,1
2/28/1921,NA,NA,NA,MaxWater_noSMSCG,1921,2
3/31/1921,5,NA,NA,MaxWater_noSMSCG,1921,3
4/30/1921,5,NA,NA,MaxWater_noSMSCG,1921,4
5/31/1921,2,NA,NA,MaxWater_noSMSCG,1921,5
6/30/1921,2,NA,NA,MaxWater_noSMSCG,1921,6
7/31/1921,2,NA,NA,MaxWater_noSMSCG,1921,7
8/31/1921,2,NA,NA,MaxWater_noSMSCG,1921,8
9/30/1921,2,NA,NA,MaxWater_noSMSCG,1921,9
10/31/1921,2,NA,NA,MaxWater_noSMSCG,1921,10
11/30/1921,2,27.017595,483.0651,MaxWater_noSMSCG,1921,11
12/31/1921,2,147.7265305,1590.4188,MaxWater_noSMSCG,1921,12
1/31/1922,2,221.256579,1225.3677,MaxWater_noSMSCG,1922,1
2/28/1922,3,52.5710725,401.629,MaxWater_noSMSCG,1922,2
3/31/1922,3,57.572338,296.28912,MaxWater_noSMSCG,1922,3
4/30/1922,2,40.2372985,239.23526,MaxWater_noSMSCG,1922,4
5/31/1922,2,29.24721,230.55708,MaxWater_noSMSCG,1922,5
6/30/1922,2,21.756819,213.96375,MaxWater_noSMSCG,1922,6
7/31/1922,2,18.731685,201.57027,MaxWater_noSMSCG,1922,7
8/31/1922,2,19.465764,259.1052,MaxWater_noSMSCG,1922,8
9/30/1922,2,40.23543745,955.4169,MaxWater_noSMSCG,1922,9
10/31/1922,2,133.820269,1684.9954,MaxWater_noSMSCG,1922,10
11/30/1922,2,139.8731275,1762.0104,MaxWater_noSMSCG,1922,11
12/31/1922,2,132.922747,1703.76,MaxWater_noSMSCG,1922,12
1/31/1923,2,97.5497155,668.1317,MaxWater_noSMSCG,1923,1
2/28/1923,2,30.6317782,230.10551,MaxWater_noSMSCG,1923,2
3/31/1923,3,31.88808955,233.06543,MaxWater_noSMSCG,1923,3
4/30/1923,4,31.38752125,245.09628,MaxWater_noSMSCG,1923,4
5/31/1923,3,32.2852855,241.8485,MaxWater_noSMSCG,1923,5
6/30/1923,3,27.999774,222.53697,MaxWater_noSMSCG,1923,6
7/31/1923,3,27.190005,261.56927,MaxWater_noSMSCG,1923,7
8/31/1923,3,29.129379,714.048,MaxWater_noSMSCG,1923,8
9/30/1923,3,78.7969093,1235.7113,MaxWater_noSMSCG,1923,9
10/31/1923,3,137.0228995,1703.5898,MaxWater_noSMSCG,1923,10
11/30/1923,3,121.262827,1437.8074,MaxWater_noSMSCG,1923,11
12/31/1923,3,147.7257325,1761.3073,MaxWater_noSMSCG,1923,12
1/31/1924,3,194.4658636,1690.7449,MaxWater_noSMSCG,1924,1
2/29/1924,5,165.654427,1527.2242,MaxWater_noSMSCG,1924,2
3/31/1924,5,127.7993989,887.4882,MaxWater_noSMSCG,1924,3
4/30/1924,5,86.0283226,421.6092,MaxWater_noSMSCG,1924,4
5/31/1924,5,71.1634522,585.7723,MaxWater_noSMSCG,1924,5
6/30/1924,5,87.11487655,1038.7181,MaxWater_noSMSCG,1924,6
7/31/1924,5,155.4499165,1441.5728,MaxWater_noSMSCG,1924,7
8/31/1924,5,156.411991,1458.8665,MaxWater_noSMSCG,1924,8
9/30/1924,5,164.4147625,1455.061,MaxWater_noSMSCG,1924,9
10/31/1924,5,186.021781,1503.6027,MaxWater_noSMSCG,1924,10
11/30/1924,5,201.875362,2183.2454,MaxWater_noSMSCG,1924,11
12/31/1924,5,221.9122471,2322.6602,MaxWater_noSMSCG,1924,12
1/31/1925,5,205.8656185,1568.9193,MaxWater_noSMSCG,1925,1
2/28/1925,5,120.988677,1002.6626,MaxWater_noSMSCG,1925,2
3/31/1925,4,66.06471955,438.50226,MaxWater_noSMSCG,1925,3
4/30/1925,4,28.002804,245.77649,MaxWater_noSMSCG,1925,4
5/31/1925,4,29.2230195,245.96933,MaxWater_noSMSCG,1925,5
6/30/1925,4,29.2039395,235.56737,MaxWater_noSMSCG,1925,6
7/31/1925,4,26.181294,258.92337,MaxWater_noSMSCG,1925,7
8/31/1925,4,30.075723,627.2585,MaxWater_noSMSCG,1925,8
9/30/1925,4,75.9242062,1076.6572,MaxWater_noSMSCG,1925,9
10/31/1925,4,138.856105,1762.318,MaxWater_noSMSCG,1925,10
11/30/1925,4,174.3134395,1677.5352,MaxWater_noSMSCG,1925,11
12/31/1925,4,167.3064865,1749.9728,MaxWater_noSMSCG,1925,12
1/31/1926,4,201.574972,1600.3555,MaxWater_noSMSCG,1926,1
2/28/1926,5,141.7666276,1020.31573,MaxWater_noSMSCG,1926,2
3/31/1926,4,61.687282,325.98492,MaxWater_noSMSCG,1926,3
4/30/1926,5,51.628492,244.30681,MaxWater_noSMSCG,1926,4
5/31/1926,4,40.5153673,246.26517,MaxWater_noSMSCG,1926,5
6/30/1926,4,27.668244,254.75365,MaxWater_noSMSCG,1926,6
7/31/1926,4,26.897565,375.63757,MaxWater_noSMSCG,1926,7
8/31/1926,4,48.0933805,954.1134,MaxWater_noSMSCG,1926,8
9/30/1926,4,101.0466769,1273.0521,MaxWater_noSMSCG,1926,9
10/31/1926,4,138.359407,1770.6589,MaxWater_noSMSCG,1926,10
11/30/1926,4,178.75582,1762.1313,MaxWater_noSMSCG,1926,11
12/31/1926,4,138.3978535,1263.7852,MaxWater_noSMSCG,1926,12
1/31/1927,4,114.3915625,896.71277,MaxWater_noSMSCG,1927,1
2/28/1927,3,79.61331745,617.86804,MaxWater_noSMSCG,1927,2
3/31/1927,1,26.724546,240.84439,MaxWater_noSMSCG,1927,3
4/30/1927,1,24.2768715,233.74258,MaxWater_noSMSCG,1927,4
5/31/1927,1,29.5264245,221.95909,MaxWater_noSMSCG,1927,5
6/30/1927,1,24.9886665,214.21703,MaxWater_noSMSCG,1927,6
7/31/1927,1,21.8007615,208.40036,MaxWater_noSMSCG,1927,7
8/31/1927,1,21.759645,357.55264,MaxWater_noSMSCG,1927,8
9/30/1927,1,71.052952,984.188,MaxWater_noSMSCG,1927,9
10/31/1927,1,144.890524,1844.0599,MaxWater_noSMSCG,1927,10
11/30/1927,1,124.9773888,1480.2755,MaxWater_noSMSCG,1927,11
12/31/1927,1,148.5153735,1421.3223,MaxWater_noSMSCG,1927,12
1/31/1928,1,204.454498,1483.6858,MaxWater_noSMSCG,1928,1
2/29/1928,3,168.57961,816.35156,MaxWater_noSMSCG,1928,2
3/31/1928,3,47.1024184,281.54004,MaxWater_noSMSCG,1928,3
4/30/1928,2,24.42144,232.86613,MaxWater_noSMSCG,1928,4
5/31/1928,2,26.658435,221.38951,MaxWater_noSMSCG,1928,5
6/30/1928,2,27.3296445,236.22083,MaxWater_noSMSCG,1928,6
7/31/1928,2,24.7471545,296.20233,MaxWater_noSMSCG,1928,7
8/31/1928,2,25.4419665,435.58096,MaxWater_noSMSCG,1928,8
9/30/1928,2,61.122241,1172.1676,MaxWater_noSMSCG,1928,9
10/31/1928,2,170.0192305,1707.6921,MaxWater_noSMSCG,1928,10
11/30/1928,2,159.5938165,1725.2698,MaxWater_noSMSCG,1928,11
12/31/1928,2,156.4880661,1763.3127,MaxWater_noSMSCG,1928,12
1/31/1929,2,211.882795,1454.3386,MaxWater_noSMSCG,1929,1
2/28/1929,4,173.3928895,1229.221,MaxWater_noSMSCG,1929,2
3/31/1929,5,87.37072105,570.78,MaxWater_noSMSCG,1929,3
4/30/1929,5,54.7532947,311.19058,MaxWater_noSMSCG,1929,4
5/31/1929,5,48.298039,320.8343,MaxWater_noSMSCG,1929,5
6/30/1929,5,50.2163512,547.4727,MaxWater_noSMSCG,1929,6
7/31/1929,5,97.1492905,1113.582,MaxWater_noSMSCG,1929,7
8/31/1929,5,135.462382,1449.71,MaxWater_noSMSCG,1929,8
9/30/1929,5,128.532835,1464.433,MaxWater_noSMSCG,1929,9
10/31/1929,5,169.9196145,1832.744,MaxWater_noSMSCG,1929,10
11/30/1929,5,203.8618405,2058.9272,MaxWater_noSMSCG,1929,11
12/31/1929,5,219.484087,2131.5022,MaxWater_noSMSCG,1929,12
1/31/1930,5,188.1102468,1363.8649,MaxWater_noSMSCG,1930,1
2/28/1930,4,82.2126799,496.11694,MaxWater_noSMSCG,1930,2
3/31/1930,4,37.44924325,267.54938,MaxWater_noSMSCG,1930,3
4/30/1930,4,27.534132,242.01917,MaxWater_noSMSCG,1930,4
5/31/1930,4,30.024294,243.26115,MaxWater_noSMSCG,1930,5
6/30/1930,4,30.081528,288.2266,MaxWater_noSMSCG,1930,6
7/31/1930,4,28.8111105,426.9488,MaxWater_noSMSCG,1930,7
8/31/1930,4,40.099387,715.5549,MaxWater_noSMSCG,1930,8
9/30/1930,4,67.729624,939.40265,MaxWater_noSMSCG,1930,9
10/31/1930,4,112.9200648,1486.4247,MaxWater_noSMSCG,1930,10
11/30/1930,4,167.979742,1824.1262,MaxWater_noSMSCG,1930,11
12/31/1930,4,196.2800425,1915.2125,MaxWater_noSMSCG,1930,12
1/31/1931,4,222.6361015,1947.8945,MaxWater_noSMSCG,1931,1
2/28/1931,5,171.650428,1002.0742,MaxWater_noSMSCG,1931,2
3/31/1931,5,87.6454753,604.6942,MaxWater_noSMSCG,1931,3
4/30/1931,5,77.7219577,572.69666,MaxWater_noSMSCG,1931,4
5/31/1931,5,79.6710784,840.4124,MaxWater_noSMSCG,1931,5
6/30/1931,5,106.390501,1279.4478,MaxWater_noSMSCG,1931,6
7/31/1931,5,155.962204,1499.8627,MaxWater_noSMSCG,1931,7
8/31/1931,5,154.2135295,1610.316,MaxWater_noSMSCG,1931,8
9/30/1931,5,175.7522335,1734.0693,MaxWater_noSMSCG,1931,9
10/31/1931,5,208.14559,1571.4518,MaxWater_noSMSCG,1931,10
11/30/1931,5,214.6864455,1890.7262,MaxWater_noSMSCG,1931,11
12/31/1931,5,226.6840135,1919.689,MaxWater_noSMSCG,1931,12
1/31/1932,5,168.932554,1006.7297,MaxWater_noSMSCG,1932,1
2/29/1932,4,53.866369,378.34573,MaxWater_noSMSCG,1932,2
3/31/1932,5,40.3644655,273.2616,MaxWater_noSMSCG,1932,3
4/30/1932,5,32.398801,249.56667,MaxWater_noSMSCG,1932,4
5/31/1932,5,61.5975298,287.05756,MaxWater_noSMSCG,1932,5
6/30/1932,5,38.3273767,265.42233,MaxWater_noSMSCG,1932,6
7/31/1932,5,30.665773,314.0917,MaxWater_noSMSCG,1932,7
8/31/1932,5,41.4427915,719.3784,MaxWater_noSMSCG,1932,8
9/30/1932,5,96.17930725,1148.7124,MaxWater_noSMSCG,1932,9
10/31/1932,5,149.052265,1523.3759,MaxWater_noSMSCG,1932,10
11/30/1932,5,189.259894,2028.8032,MaxWater_noSMSCG,1932,11
12/31/1932,5,222.9242935,2281.651,MaxWater_noSMSCG,1932,12
1/31/1933,5,232.6353721,1797.7745,MaxWater_noSMSCG,1933,1
2/28/1933,5,173.252812,1166.3657,MaxWater_noSMSCG,1933,2
3/31/1933,5,135.0376465,860.6649,MaxWater_noSMSCG,1933,3
4/30/1933,5,95.7359869,561.1448,MaxWater_noSMSCG,1933,4
5/31/1933,5,88.07086345,532.03754,MaxWater_noSMSCG,1933,5
6/30/1933,5,81.80336005,738.2523,MaxWater_noSMSCG,1933,6
7/31/1933,5,116.1108678,1366.7441,MaxWater_noSMSCG,1933,7
8/31/1933,5,176.9186388,1616.8259,MaxWater_noSMSCG,1933,8
9/30/1933,5,156.0424885,1601.4817,MaxWater_noSMSCG,1933,9
10/31/1933,5,181.666411,1535.2483,MaxWater_noSMSCG,1933,10
11/30/1933,5,190.3046755,1936.494,MaxWater_noSMSCG,1933,11
12/31/1933,5,225.0959365,2179.7952,MaxWater_noSMSCG,1933,12
1/31/1934,5,198.4589815,1447.4928,MaxWater_noSMSCG,1934,1
2/28/1934,5,100.114231,694.08563,MaxWater_noSMSCG,1934,2
3/31/1934,5,53.4714445,366.87482,MaxWater_noSMSCG,1934,3
4/30/1934,5,30.7510279,314.65292,MaxWater_noSMSCG,1934,4
5/31/1934,5,49.83657445,435.5351,MaxWater_noSMSCG,1934,5
6/30/1934,5,66.7625278,924.87854,MaxWater_noSMSCG,1934,6
7/31/1934,5,150.540706,1781.8763,MaxWater_noSMSCG,1934,7
8/31/1934,5,200.8469481,1950.6691,MaxWater_noSMSCG,1934,8
9/30/1934,5,179.602498,1696.2089,MaxWater_noSMSCG,1934,9
10/31/1934,5,200.0779525,1723.9147,MaxWater_noSMSCG,1934,10
11/30/1934,5,220.5642199,2087.0728,MaxWater_noSMSCG,1934,11
12/31/1934,5,229.5020365,1863.543,MaxWater_noSMSCG,1934,12
1/31/1935,5,193.1928285,1710.9028,MaxWater_noSMSCG,1935,1
2/28/1935,4,134.3559123,666.5822,MaxWater_noSMSCG,1935,2
3/31/1935,4,40.3447834,252.36404,MaxWater_noSMSCG,1935,3
4/30/1935,4,29.016315,256.60062,MaxWater_noSMSCG,1935,4
5/31/1935,3,28.2018495,238.41202,MaxWater_noSMSCG,1935,5
6/30/1935,3,27.79014,226.49612,MaxWater_noSMSCG,1935,6
7/31/1935,3,23.7748905,257.77,MaxWater_noSMSCG,1935,7
8/31/1935,3,23.0697255,500.6474,MaxWater_noSMSCG,1935,8
9/30/1935,3,62.83407355,1015.90344,MaxWater_noSMSCG,1935,9
10/31/1935,3,138.237883,1707.4261,MaxWater_noSMSCG,1935,10
11/30/1935,3,178.816488,1481.8774,MaxWater_noSMSCG,1935,11
12/31/1935,3,146.5880125,1759.9886,MaxWater_noSMSCG,1935,12
1/31/1936,3,188.9460235,1584.0544,MaxWater_noSMSCG,1936,1
2/29/1936,3,90.80978755,480.1466,MaxWater_noSMSCG,1936,2
3/31/1936,2,45.2722339,235.75563,MaxWater_noSMSCG,1936,3
4/30/1936,3,35.85486775,234.06654,MaxWater_noSMSCG,1936,4
5/31/1936,3,31.92905545,220.30368,MaxWater_noSMSCG,1936,5
6/30/1936,3,25.106703,233.78926,MaxWater_noSMSCG,1936,6
7/31/1936,3,25.8312165,275.97894,MaxWater_noSMSCG,1936,7
8/31/1936,3,30.49897675,733.6987,MaxWater_noSMSCG,1936,8
9/30/1936,3,88.924447,1302.7233,MaxWater_noSMSCG,1936,9
10/31/1936,3,129.103405,1753.5591,MaxWater_noSMSCG,1936,10
11/30/1936,3,122.4981025,1255.4744,MaxWater_noSMSCG,1936,11
12/31/1936,3,114.845026,1485.678,MaxWater_noSMSCG,1936,12
1/31/1937,3,200.940961,1734.0219,MaxWater_noSMSCG,1937,1
2/28/1937,4,162.999823,1188.3374,MaxWater_noSMSCG,1937,2
3/31/1937,4,100.521097,420.39615,MaxWater_noSMSCG,1937,3
4/30/1937,3,58.02319375,243.0113,MaxWater_noSMSCG,1937,4
5/31/1937,3,30.86704,227.03444,MaxWater_noSMSCG,1937,5
6/30/1937,3,25.2412635,230.67908,MaxWater_noSMSCG,1937,6
7/31/1937,3,25.0032945,275.64337,MaxWater_noSMSCG,1937,7
8/31/1937,3,26.94552,590.55615,MaxWater_noSMSCG,1937,8
9/30/1937,3,79.82298055,1207.1432,MaxWater_noSMSCG,1937,9
10/31/1937,3,145.2414445,1715.0219,MaxWater_noSMSCG,1937,10
11/30/1937,3,151.1946214,1686.6296,MaxWater_noSMSCG,1937,11
12/31/1937,3,162.532879,1537.0701,MaxWater_noSMSCG,1937,12
1/31/1938,3,70.80509605,458.04926,MaxWater_noSMSCG,1938,1
2/28/1938,2,27.0904905,223.7543,MaxWater_noSMSCG,1938,2
3/31/1938,1,26.216325,211.89938,MaxWater_noSMSCG,1938,3
4/30/1938,1,16.282869,195.44717,MaxWater_noSMSCG,1938,4
5/31/1938,1,15.4270245,172.42706,MaxWater_noSMSCG,1938,5
6/30/1938,1,13.2217365,168.6645,MaxWater_noSMSCG,1938,6
7/31/1938,1,13.3521675,169.80832,MaxWater_noSMSCG,1938,7
8/31/1938,1,17.0349795,198.66612,MaxWater_noSMSCG,1938,8
9/30/1938,1,26.42451,461.83017,MaxWater_noSMSCG,1938,9
10/31/1938,1,55.62560275,847.49817,MaxWater_noSMSCG,1938,10
11/30/1938,1,45.5041897,689.508,MaxWater_noSMSCG,1938,11
12/31/1938,1,83.9534713,1160.8029,MaxWater_noSMSCG,1938,12
1/31/1939,1,220.297876,1613.5885,MaxWater_noSMSCG,1939,1
2/28/1939,4,167.0554585,1220.8157,MaxWater_noSMSCG,1939,2
3/31/1939,4,133.651606,771.91956,MaxWater_noSMSCG,1939,3
4/30/1939,4,94.11892825,495.93127,MaxWater_noSMSCG,1939,4
5/31/1939,4,57.5460325,400.73788,MaxWater_noSMSCG,1939,5
6/30/1939,4,39.9345145,322.46872,MaxWater_noSMSCG,1939,6
7/31/1939,4,35.97128455,576.1801,MaxWater_noSMSCG,1939,7
8/31/1939,4,83.64965845,1367.0568,MaxWater_noSMSCG,1939,8
9/30/1939,4,126.4517935,1592.8851,MaxWater_noSMSCG,1939,9
10/31/1939,4,168.0788365,1862.2786,MaxWater_noSMSCG,1939,10
11/30/1939,4,184.7882839,1780.7144,MaxWater_noSMSCG,1939,11
12/31/1939,4,181.359067,1690.0415,MaxWater_noSMSCG,1939,12
1/31/1940,4,222.5315464,1954.3374,MaxWater_noSMSCG,1940,1
2/29/1940,3,141.7888405,620.0039,MaxWater_noSMSCG,1940,2
3/31/1940,2,53.1458377,243.67828,MaxWater_noSMSCG,1940,3
4/30/1940,1,34.4033143,229.68782,MaxWater_noSMSCG,1940,4
5/31/1940,1,32.3479342,220.64038,MaxWater_noSMSCG,1940,5
6/30/1940,1,26.62113,222.76285,MaxWater_noSMSCG,1940,6
7/31/1940,1,23.6411745,256.6515,MaxWater_noSMSCG,1940,7
8/31/1940,1,26.090985,455.70575,MaxWater_noSMSCG,1940,8
9/30/1940,1,49.6104583,955.991,MaxWater_noSMSCG,1940,9
10/31/1940,1,148.0076118,1698.0372,MaxWater_noSMSCG,1940,10
11/30/1940,1,148.2670758,1713.2847,MaxWater_noSMSCG,1940,11
12/31/1940,1,156.7932925,1754.1029,MaxWater_noSMSCG,1940,12
1/31/1941,1,117.360778,635.6578,MaxWater_noSMSCG,1941,1
2/28/1941,1,42.0581635,217.68349,MaxWater_noSMSCG,1941,2
3/31/1941,1,28.136073,201.46718,MaxWater_noSMSCG,1941,3
4/30/1941,1,26.012355,210.94595,MaxWater_noSMSCG,1941,4
5/31/1941,1,24.965178,182.21986,MaxWater_noSMSCG,1941,5
6/30/1941,1,18.9454965,183.1995,MaxWater_noSMSCG,1941,6
7/31/1941,1,18.5365425,179.62866,MaxWater_noSMSCG,1941,7
8/31/1941,1,18.7430715,239.94388,MaxWater_noSMSCG,1941,8
9/30/1941,1,29.626506,555.6093,MaxWater_noSMSCG,1941,9
10/31/1941,1,76.680676,1248.6278,MaxWater_noSMSCG,1941,10
11/30/1941,1,88.9075636,1214.254,MaxWater_noSMSCG,1941,11
12/31/1941,1,135.062604,1581.0734,MaxWater_noSMSCG,1941,12
1/31/1942,1,85.1099956,496.45526,MaxWater_noSMSCG,1942,1
2/28/1942,1,26.485584,211.60068,MaxWater_noSMSCG,1942,2
3/31/1942,1,25.9450155,214.3068,MaxWater_noSMSCG,1942,3
4/30/1942,1,29.439651,213.01518,MaxWater_noSMSCG,1942,4
5/31/1942,1,28.8819255,210.13339,MaxWater_noSMSCG,1942,5
6/30/1942,1,22.5964605,189.21732,MaxWater_noSMSCG,1942,6
7/31/1942,1,18.912129,174.79022,MaxWater_noSMSCG,1942,7
8/31/1942,1,18.956184,246.35205,MaxWater_noSMSCG,1942,8
9/30/1942,1,36.9366109,632.1961,MaxWater_noSMSCG,1942,9
10/31/1942,1,90.6058387,1220.9723,MaxWater_noSMSCG,1942,10
11/30/1942,1,81.081988,1198.2375,MaxWater_noSMSCG,1942,11
12/31/1942,1,130.700203,1657.2933,MaxWater_noSMSCG,1942,12
1/31/1943,1,123.1419888,749.7843,MaxWater_noSMSCG,1943,1
2/28/1943,1,28.712685,216.50838,MaxWater_noSMSCG,1943,2
3/31/1943,1,24.261582,214.9156,MaxWater_noSMSCG,1943,3
4/30/1943,1,24.1983855,202.73404,MaxWater_noSMSCG,1943,4
5/31/1943,1,21.662961,205.0821,MaxWater_noSMSCG,1943,5
6/30/1943,1,20.0335995,207.22458,MaxWater_noSMSCG,1943,6
7/31/1943,1,23.0496525,260.62198,MaxWater_noSMSCG,1943,7
8/31/1943,1,24.9064185,434.21536,MaxWater_noSMSCG,1943,8
9/30/1943,1,51.874789,889.594,MaxWater_noSMSCG,1943,9
10/31/1943,1,125.2403839,1779.1312,MaxWater_noSMSCG,1943,10
11/30/1943,1,128.7015921,1629.0198,MaxWater_noSMSCG,1943,11
12/31/1943,1,142.7435335,1744.6443,MaxWater_noSMSCG,1943,12
1/31/1944,1,178.847989,1482.2892,MaxWater_noSMSCG,1944,1
2/29/1944,4,147.1168015,1436.2755,MaxWater_noSMSCG,1944,2
3/31/1944,4,110.016955,605.1129,MaxWater_noSMSCG,1944,3
4/30/1944,4,42.68150695,250.96733,MaxWater_noSMSCG,1944,4
5/31/1944,4,38.14141705,260.7753,MaxWater_noSMSCG,1944,5
6/30/1944,4,33.5965762,318.58264,MaxWater_noSMSCG,1944,6
7/31/1944,4,30.54714175,359.34485,MaxWater_noSMSCG,1944,7
8/31/1944,4,58.15072555,1250.6652,MaxWater_noSMSCG,1944,8
9/30/1944,4,147.794047,1667.7119,MaxWater_noSMSCG,1944,9
10/31/1944,4,167.7270895,1839.1935,MaxWater_noSMSCG,1944,10
11/30/1944,4,169.785958,1719.0233,MaxWater_noSMSCG,1944,11
12/31/1944,4,155.887782,1717.3534,MaxWater_noSMSCG,1944,12
1/31/1945,4,148.040743,1001.06256,MaxWater_noSMSCG,1945,1
2/28/1945,4,71.4291862,660.0489,MaxWater_noSMSCG,1945,2
3/31/1945,3,53.7359473,331.5545,MaxWater_noSMSCG,1945,3
4/30/1945,3,42.06416845,242.02745,MaxWater_noSMSCG,1945,4
5/31/1945,3,31.44884755,237.35905,MaxWater_noSMSCG,1945,5
6/30/1945,3,27.513189,247.07419,MaxWater_noSMSCG,1945,6
7/31/1945,3,27.0238905,328.17477,MaxWater_noSMSCG,1945,7
8/31/1945,3,39.49773205,758.2417,MaxWater_noSMSCG,1945,8
9/30/1945,3,84.61697695,1201.8602,MaxWater_noSMSCG,1945,9
10/31/1945,3,132.2813146,1686.7637,MaxWater_noSMSCG,1945,10
11/30/1945,3,149.6369995,1738.2826,MaxWater_noSMSCG,1945,11
12/31/1945,3,146.7529278,1750.4254,MaxWater_noSMSCG,1945,12
1/31/1946,3,70.0118413,462.3786,MaxWater_noSMSCG,1946,1
2/28/1946,2,22.995339,197.194,MaxWater_noSMSCG,1946,2
3/31/1946,2,26.3888325,223.73262,MaxWater_noSMSCG,1946,3
4/30/1946,2,29.844036,240.56244,MaxWater_noSMSCG,1946,4
5/31/1946,3,28.7702175,238.31061,MaxWater_noSMSCG,1946,5
6/30/1946,3,26.5179705,243.2023,MaxWater_noSMSCG,1946,6
7/31/1946,3,27.141015,296.28802,MaxWater_noSMSCG,1946,7
8/31/1946,3,34.97284405,716.44696,MaxWater_noSMSCG,1946,8
9/30/1946,3,82.09441345,1281.4109,MaxWater_noSMSCG,1946,9
10/31/1946,3,149.107612,1694.7894,MaxWater_noSMSCG,1946,10
11/30/1946,3,146.7732426,1707.3577,MaxWater_noSMSCG,1946,11
12/31/1946,3,149.2695348,1720.0095,MaxWater_noSMSCG,1946,12
1/31/1947,3,210.714751,1514.1578,MaxWater_noSMSCG,1947,1
2/28/1947,4,160.3799605,1359.7145,MaxWater_noSMSCG,1947,2
3/31/1947,4,143.7568596,715.9961,MaxWater_noSMSCG,1947,3
4/30/1947,4,44.695354,273.74393,MaxWater_noSMSCG,1947,4
5/31/1947,5,29.862165,256.99573,MaxWater_noSMSCG,1947,5
6/30/1947,5,31.2779815,332.74713,MaxWater_noSMSCG,1947,6
7/31/1947,5,34.496629,465.7539,MaxWater_noSMSCG,1947,7
8/31/1947,5,43.53733345,662.9392,MaxWater_noSMSCG,1947,8
9/30/1947,5,77.5209757,1039.7798,MaxWater_noSMSCG,1947,9
10/31/1947,5,131.9137045,1670.6124,MaxWater_noSMSCG,1947,10
11/30/1947,5,199.4304895,2171.9565,MaxWater_noSMSCG,1947,11
12/31/1947,5,216.0259141,2243.8398,MaxWater_noSMSCG,1947,12
1/31/1948,5,224.378335,1713.372,MaxWater_noSMSCG,1948,1
2/29/1948,4,151.0542475,1177.8624,MaxWater_noSMSCG,1948,2
3/31/1948,5,79.369024,586.4034,MaxWater_noSMSCG,1948,3
4/30/1948,4,47.3396866,366.01584,MaxWater_noSMSCG,1948,4
5/31/1948,3,31.5801442,240.27544,MaxWater_noSMSCG,1948,5
6/30/1948,3,26.894394,220.78972,MaxWater_noSMSCG,1948,6
7/31/1948,3,21.754284,222.35533,MaxWater_noSMSCG,1948,7
8/31/1948,3,22.95048,483.077,MaxWater_noSMSCG,1948,8
9/30/1948,3,93.4029142,1290.1891,MaxWater_noSMSCG,1948,9
10/31/1948,3,167.5392603,1656.6604,MaxWater_noSMSCG,1948,10
11/30/1948,3,156.7598905,1676.6475,MaxWater_noSMSCG,1948,11
12/31/1948,3,160.969389,1749.8247,MaxWater_noSMSCG,1948,12
1/31/1949,3,195.2696719,1375.3903,MaxWater_noSMSCG,1949,1
2/28/1949,4,142.835047,1232.9792,MaxWater_noSMSCG,1949,2
3/31/1949,5,138.266839,735.92346,MaxWater_noSMSCG,1949,3
4/30/1949,4,45.34775605,268.9397,MaxWater_noSMSCG,1949,4
5/31/1949,4,26.7987855,243.03687,MaxWater_noSMSCG,1949,5
6/30/1949,4,28.0653945,273.06302,MaxWater_noSMSCG,1949,6
7/31/1949,4,25.844424,354.39883,MaxWater_noSMSCG,1949,7
8/31/1949,4,30.80677105,586.629,MaxWater_noSMSCG,1949,8
9/30/1949,4,59.4433573,881.2654,MaxWater_noSMSCG,1949,9
10/31/1949,4,126.2190625,1805.112,MaxWater_noSMSCG,1949,10
11/30/1949,4,180.9094225,1809.7781,MaxWater_noSMSCG,1949,11
12/31/1949,4,169.7352081,1798.6322,MaxWater_noSMSCG,1949,12
1/31/1950,4,196.6551595,1729.8142,MaxWater_noSMSCG,1950,1
2/28/1950,4,125.296774,717.6879,MaxWater_noSMSCG,1950,2
3/31/1950,4,42.6107956,273.53876,MaxWater_noSMSCG,1950,3
4/30/1950,4,26.06028,242.84593,MaxWater_noSMSCG,1950,4
5/31/1950,4,27.946575,246.8163,MaxWater_noSMSCG,1950,5
6/30/1950,4,27.239634,270.3337,MaxWater_noSMSCG,1950,6
7/31/1950,4,26.0433135,311.731,MaxWater_noSMSCG,1950,7
8/31/1950,4,42.0733426,886.51105,MaxWater_noSMSCG,1950,8
9/30/1950,4,124.3789999,1634.3956,MaxWater_noSMSCG,1950,9
10/31/1950,4,156.158227,1712.256,MaxWater_noSMSCG,1950,10
11/30/1950,4,159.4018975,1730.8115,MaxWater_noSMSCG,1950,11
12/31/1950,4,106.9564455,912.5141,MaxWater_noSMSCG,1950,12
1/31/1951,4,37.5788356,226.42848,MaxWater_noSMSCG,1951,1
2/28/1951,1,27.78153,200.61075,MaxWater_noSMSCG,1951,2
3/31/1951,1,26.510349,209.65909,MaxWater_noSMSCG,1951,3
4/30/1951,1,26.387133,214.07123,MaxWater_noSMSCG,1951,4
5/31/1951,1,25.2268725,221.23497,MaxWater_noSMSCG,1951,5
6/30/1951,1,23.5989255,218.9155,MaxWater_noSMSCG,1951,6
7/31/1951,1,23.5039095,271.0919,MaxWater_noSMSCG,1951,7
8/31/1951,1,25.036545,440.46198,MaxWater_noSMSCG,1951,8
9/30/1951,1,43.7239315,861.5606,MaxWater_noSMSCG,1951,9
10/31/1951,1,139.2027391,1689.1647,MaxWater_noSMSCG,1951,10
11/30/1951,1,148.6413634,1732.6464,MaxWater_noSMSCG,1951,11
12/31/1951,1,141.4381053,1739.472,MaxWater_noSMSCG,1951,12
1/31/1952,1,115.5238561,619.3258,MaxWater_noSMSCG,1952,1
2/29/1952,1,37.4185345,219.37315,MaxWater_noSMSCG,1952,2
3/31/1952,1,29.960106,220.09097,MaxWater_noSMSCG,1952,3
4/30/1952,1,28.3473,210.03941,MaxWater_noSMSCG,1952,4
5/31/1952,1,21.45228,197.9949,MaxWater_noSMSCG,1952,5
6/30/1952,1,16.8586575,176.19113,MaxWater_noSMSCG,1952,6
7/31/1952,1,14.8464705,169.54807,MaxWater_noSMSCG,1952,7
8/31/1952,1,15.83715,187.41096,MaxWater_noSMSCG,1952,8
9/30/1952,1,20.127177,278.61624,MaxWater_noSMSCG,1952,9
10/31/1952,1,23.0204595,319.94583,MaxWater_noSMSCG,1952,10
11/30/1952,1,25.1421255,506.52753,MaxWater_noSMSCG,1952,11
12/31/1952,1,76.737163,1241.3265,MaxWater_noSMSCG,1952,12
1/31/1953,1,78.29974105,444.80273,MaxWater_noSMSCG,1953,1
2/28/1953,1,21.5172315,211.53842,MaxWater_noSMSCG,1953,2
3/31/1953,2,22.604706,222.13359,MaxWater_noSMSCG,1953,3
4/30/1953,2,27.6062805,240.54807,MaxWater_noSMSCG,1953,4
5/31/1953,2,29.55855,238.77248,MaxWater_noSMSCG,1953,5
6/30/1953,2,27.085875,217.23517,MaxWater_noSMSCG,1953,6
7/31/1953,2,23.3530995,205.76566,MaxWater_noSMSCG,1953,7
8/31/1953,2,20.879352,348.0568,MaxWater_noSMSCG,1953,8
9/30/1953,2,77.1335353,1129.8129,MaxWater_noSMSCG,1953,9
10/31/1953,2,147.604408,1708.7281,MaxWater_noSMSCG,1953,10
11/30/1953,2,133.993435,1721.876,MaxWater_noSMSCG,1953,11
12/31/1953,2,185.1631615,1743.8379,MaxWater_noSMSCG,1953,12
1/31/1954,2,214.640284,1724.5044,MaxWater_noSMSCG,1954,1
2/28/1954,2,125.526655,661.39124,MaxWater_noSMSCG,1954,2
3/31/1954,2,26.2781475,235.86789,MaxWater_noSMSCG,1954,3
4/30/1954,2,23.127345,240.0906,MaxWater_noSMSCG,1954,4
5/31/1954,2,26.6448075,231.61098,MaxWater_noSMSCG,1954,5
6/30/1954,2,26.557599,239.12354,MaxWater_noSMSCG,1954,6
7/31/1954,2,24.805365,307.6279,MaxWater_noSMSCG,1954,7
8/31/1954,2,24.894582,448.91296,MaxWater_noSMSCG,1954,8
9/30/1954,2,47.7238495,978.50165,MaxWater_noSMSCG,1954,9
10/31/1954,2,155.146762,1652.82,MaxWater_noSMSCG,1954,10
11/30/1954,2,150.407782,1723.6884,MaxWater_noSMSCG,1954,11
12/31/1954,2,176.9701525,1735.8557,MaxWater_noSMSCG,1954,12
1/31/1955,2,147.82707,916.152,MaxWater_noSMSCG,1955,1
2/28/1955,3,46.8376648,391.96652,MaxWater_noSMSCG,1955,2
3/31/1955,4,34.60232125,313.02765,MaxWater_noSMSCG,1955,3
4/30/1955,4,30.45736675,297.32407,MaxWater_noSMSCG,1955,4
5/31/1955,4,41.9087779,297.68802,MaxWater_noSMSCG,1955,5
6/30/1955,4,40.6981264,304.1875,MaxWater_noSMSCG,1955,6
7/31/1955,4,36.45753445,404.53513,MaxWater_noSMSCG,1955,7
8/31/1955,4,39.001225,713.97546,MaxWater_noSMSCG,1955,8
9/30/1955,4,73.41139255,1065.0344,MaxWater_noSMSCG,1955,9
10/31/1955,4,141.1552285,1788.7585,MaxWater_noSMSCG,1955,10
11/30/1955,4,176.9717115,1693.6198,MaxWater_noSMSCG,1955,11
12/31/1955,4,161.1090874,1775.6895,MaxWater_noSMSCG,1955,12
1/31/1956,4,95.0038219,533.75287,MaxWater_noSMSCG,1956,1
2/29/1956,1,33.05208655,190.55923,MaxWater_noSMSCG,1956,2
3/31/1956,1,26.9807325,192.07843,MaxWater_noSMSCG,1956,3
4/30/1956,1,23.807067,211.11047,MaxWater_noSMSCG,1956,4
5/31/1956,1,22.1810355,216.30008,MaxWater_noSMSCG,1956,5
6/30/1956,1,19.295043,192.75702,MaxWater_noSMSCG,1956,6
7/31/1956,1,19.217127,180.44151,MaxWater_noSMSCG,1956,7
8/31/1956,1,18.657669,245.61253,MaxWater_noSMSCG,1956,8
9/30/1956,1,29.936115,543.58514,MaxWater_noSMSCG,1956,9
10/31/1956,1,61.69458655,879.9837,MaxWater_noSMSCG,1956,10
11/30/1956,1,44.369941,630.19244,MaxWater_noSMSCG,1956,11
12/31/1956,1,78.48487705,1093.9607,MaxWater_noSMSCG,1956,12
1/31/1957,1,218.7534525,1735.5315,MaxWater_noSMSCG,1957,1
2/28/1957,3,163.0726548,1328.7961,MaxWater_noSMSCG,1957,2
3/31/1957,3,85.730224,440.7515,MaxWater_noSMSCG,1957,3
4/30/1957,3,32.86757755,234.06764,MaxWater_noSMSCG,1957,4
5/31/1957,3,30.0037305,240.67848,MaxWater_noSMSCG,1957,5
6/30/1957,3,29.712015,245.18462,MaxWater_noSMSCG,1957,6
7/31/1957,3,25.5990735,289.4141,MaxWater_noSMSCG,1957,7
8/31/1957,3,38.4758104,764.92944,MaxWater_noSMSCG,1957,8
9/30/1957,3,85.14509905,1314.6149,MaxWater_noSMSCG,1957,9
10/31/1957,3,150.765457,1661.856,MaxWater_noSMSCG,1957,10
11/30/1957,3,110.6048929,516.4651,MaxWater_noSMSCG,1957,11
12/31/1957,3,28.0652475,662.16095,MaxWater_noSMSCG,1957,12
1/31/1958,3,95.87632945,844.13086,MaxWater_noSMSCG,1958,1
2/28/1958,2,40.21447,292.47437,MaxWater_noSMSCG,1958,2
3/31/1958,1,37.0689079,239.77855,MaxWater_noSMSCG,1958,3
4/30/1958,1,28.218054,207.70145,MaxWater_noSMSCG,1958,4
5/31/1958,1,28.481181,185.76317,MaxWater_noSMSCG,1958,5
6/30/1958,1,22.274601,169.30931,MaxWater_noSMSCG,1958,6
7/31/1958,1,15.7846095,156.35515,MaxWater_noSMSCG,1958,7
8/31/1958,1,16.5103935,203.30437,MaxWater_noSMSCG,1958,8
9/30/1958,1,22.0716135,329.24902,MaxWater_noSMSCG,1958,9
10/31/1958,1,25.6438245,346.0179,MaxWater_noSMSCG,1958,10
11/30/1958,1,23.5182315,423.6472,MaxWater_noSMSCG,1958,11
12/31/1958,1,67.59828175,1061.152,MaxWater_noSMSCG,1958,12
1/31/1959,1,210.0220585,1756.1327,MaxWater_noSMSCG,1959,1
2/28/1959,3,152.545681,875.3911,MaxWater_noSMSCG,1959,2
3/31/1959,3,41.8593931,254.36555,MaxWater_noSMSCG,1959,3
4/30/1959,3,29.4340995,240.12485,MaxWater_noSMSCG,1959,4
5/31/1959,3,29.24436,257.80322,MaxWater_noSMSCG,1959,5
6/30/1959,3,28.68972,327.51035,MaxWater_noSMSCG,1959,6
7/31/1959,3,29.615844,405.23782,MaxWater_noSMSCG,1959,7
8/31/1959,3,41.0362162,727.1258,MaxWater_noSMSCG,1959,8
9/30/1959,3,81.4831426,1265.1862,MaxWater_noSMSCG,1959,9
10/31/1959,3,157.855858,1636.7911,MaxWater_noSMSCG,1959,10
11/30/1959,3,149.9168125,1652.9548,MaxWater_noSMSCG,1959,11
12/31/1959,3,167.5088935,1638.4199,MaxWater_noSMSCG,1959,12
1/31/1960,3,204.305671,1721.0298,MaxWater_noSMSCG,1960,1
2/29/1960,5,181.3243113,1314.3257,MaxWater_noSMSCG,1960,2
3/31/1960,4,98.552317,493.05896,MaxWater_noSMSCG,1960,3
4/30/1960,4,34.3058842,249.18901,MaxWater_noSMSCG,1960,4
5/31/1960,4,31.4085343,264.35394,MaxWater_noSMSCG,1960,5
6/30/1960,4,31.4570926,340.4545,MaxWater_noSMSCG,1960,6
7/31/1960,4,30.32561695,430.66467,MaxWater_noSMSCG,1960,7
8/31/1960,4,82.33762105,1463.6722,MaxWater_noSMSCG,1960,8
9/30/1960,4,152.211775,1622.1432,MaxWater_noSMSCG,1960,9
10/31/1960,4,169.1841691,1823.7123,MaxWater_noSMSCG,1960,10
11/30/1960,4,167.3416356,1553.5144,MaxWater_noSMSCG,1960,11
12/31/1960,4,151.9215795,1716.1711,MaxWater_noSMSCG,1960,12
1/31/1961,4,189.6781458,1636.6123,MaxWater_noSMSCG,1961,1
2/28/1961,4,154.4781235,1203.9369,MaxWater_noSMSCG,1961,2
3/31/1961,4,85.7068369,475.35965,MaxWater_noSMSCG,1961,3
4/30/1961,4,28.318863,244.70831,MaxWater_noSMSCG,1961,4
5/31/1961,4,28.105371,264.00858,MaxWater_noSMSCG,1961,5
6/30/1961,4,31.5214,314.8573,MaxWater_noSMSCG,1961,6
7/31/1961,4,29.95998,395.091,MaxWater_noSMSCG,1961,7
8/31/1961,4,42.49610305,756.39734,MaxWater_noSMSCG,1961,8
9/30/1961,4,81.09949555,1108.0741,MaxWater_noSMSCG,1961,9
10/31/1961,4,136.903285,1763.2739,MaxWater_noSMSCG,1961,10
11/30/1961,4,193.0507645,1801.5831,MaxWater_noSMSCG,1961,11
12/31/1961,4,175.023631,1795.7179,MaxWater_noSMSCG,1961,12
1/31/1962,4,218.5856245,1616.3087,MaxWater_noSMSCG,1962,1
2/28/1962,4,140.2479025,1127.1736,MaxWater_noSMSCG,1962,2
3/31/1962,3,109.3193035,468.69818,MaxWater_noSMSCG,1962,3
4/30/1962,3,52.07983795,244.09946,MaxWater_noSMSCG,1962,4
5/31/1962,3,29.5648275,245.97865,MaxWater_noSMSCG,1962,5
6/30/1962,3,26.6937375,275.3886,MaxWater_noSMSCG,1962,6
7/31/1962,3,27.11562,349.76178,MaxWater_noSMSCG,1962,7
8/31/1962,3,36.602266,739.4133,MaxWater_noSMSCG,1962,8
9/30/1962,3,95.727169,1314.9329,MaxWater_noSMSCG,1962,9
10/31/1962,3,163.131892,1768.4979,MaxWater_noSMSCG,1962,10
11/30/1962,3,133.3109085,975.7556,MaxWater_noSMSCG,1962,11
12/31/1962,3,25.6377345,479.51373,MaxWater_noSMSCG,1962,12
1/31/1963,3,68.06089375,592.81866,MaxWater_noSMSCG,1963,1
2/28/1963,2,29.291547,320.28412,MaxWater_noSMSCG,1963,2
3/31/1963,3,29.027445,254.373,MaxWater_noSMSCG,1963,3
4/30/1963,2,26.9615025,241.79561,MaxWater_noSMSCG,1963,4
5/31/1963,1,27.167793,222.06543,MaxWater_noSMSCG,1963,5
6/30/1963,1,24.997035,210.466,MaxWater_noSMSCG,1963,6
7/31/1963,1,21.2316675,217.3081,MaxWater_noSMSCG,1963,7
8/31/1963,1,21.933597,342.08713,MaxWater_noSMSCG,1963,8
9/30/1963,1,67.8796765,974.04095,MaxWater_noSMSCG,1963,9
10/31/1963,1,152.985208,1770.3079,MaxWater_noSMSCG,1963,10
11/30/1963,1,133.9837735,1461.3732,MaxWater_noSMSCG,1963,11
12/31/1963,1,127.2031675,758.506,MaxWater_noSMSCG,1963,12
1/31/1964,1,90.09752125,617.4374,MaxWater_noSMSCG,1964,1
2/29/1964,2,132.1131903,666.68,MaxWater_noSMSCG,1964,2
3/31/1964,3,49.0026046,332.92474,MaxWater_noSMSCG,1964,3
4/30/1964,4,34.153774,302.6964,MaxWater_noSMSCG,1964,4
5/31/1964,4,36.0719038,317.21677,MaxWater_noSMSCG,1964,5
6/30/1964,4,37.27498,322.9732,MaxWater_noSMSCG,1964,6
7/31/1964,4,32.354626,372.24744,MaxWater_noSMSCG,1964,7
8/31/1964,4,61.8112285,1222.4928,MaxWater_noSMSCG,1964,8
9/30/1964,4,139.1177635,1576.2571,MaxWater_noSMSCG,1964,9
10/31/1964,4,158.8349328,1800.4694,MaxWater_noSMSCG,1964,10
11/30/1964,4,174.2696065,1737.8126,MaxWater_noSMSCG,1964,11
12/31/1964,4,166.6041325,1702.0134,MaxWater_noSMSCG,1964,12
1/31/1965,4,81.4652845,469.8722,MaxWater_noSMSCG,1965,1
2/28/1965,1,25.130109,212.4159,MaxWater_noSMSCG,1965,2
3/31/1965,1,26.0362995,222.8159,MaxWater_noSMSCG,1965,3
4/30/1965,1,30.538891,231.04677,MaxWater_noSMSCG,1965,4
5/31/1965,1,28.430736,210.86948,MaxWater_noSMSCG,1965,5
6/30/1965,1,21.4884345,204.67902,MaxWater_noSMSCG,1965,6
7/31/1965,1,21.445518,210.67458,MaxWater_noSMSCG,1965,7
8/31/1965,1,21.99645,300.9879,MaxWater_noSMSCG,1965,8
9/30/1965,1,57.5195902,794.11914,MaxWater_noSMSCG,1965,9
10/31/1965,1,124.5623005,1780.9844,MaxWater_noSMSCG,1965,10
11/30/1965,1,135.9253645,1802.9839,MaxWater_noSMSCG,1965,11
12/31/1965,1,111.430156,1082.9116,MaxWater_noSMSCG,1965,12
1/31/1966,1,79.2762622,882.322,MaxWater_noSMSCG,1966,1
2/28/1966,2,96.73189375,600.5403,MaxWater_noSMSCG,1966,2
3/31/1966,3,37.74344305,242.79527,MaxWater_noSMSCG,1966,3
4/30/1966,3,29.24925,232.57428,MaxWater_noSMSCG,1966,4
5/31/1966,3,28.6379745,248.80545,MaxWater_noSMSCG,1966,5
6/30/1966,3,27.221805,277.03876,MaxWater_noSMSCG,1966,6
7/31/1966,3,27.163971,365.31744,MaxWater_noSMSCG,1966,7
8/31/1966,3,38.9977024,724.6096,MaxWater_noSMSCG,1966,8
9/30/1966,3,80.47574455,1298.4965,MaxWater_noSMSCG,1966,9
10/31/1966,3,164.5300165,1723.2963,MaxWater_noSMSCG,1966,10
11/30/1966,3,161.8374505,1692.8524,MaxWater_noSMSCG,1966,11
12/31/1966,3,152.911356,1716.47,MaxWater_noSMSCG,1966,12
1/31/1967,3,117.5938795,657.3617,MaxWater_noSMSCG,1967,1
2/28/1967,1,36.8030599,238.0921,MaxWater_noSMSCG,1967,2
3/31/1967,2,27.767835,236.3687,MaxWater_noSMSCG,1967,3
4/30/1967,1,28.879065,230.83914,MaxWater_noSMSCG,1967,4
5/31/1967,1,27.847188,220.73993,MaxWater_noSMSCG,1967,5
6/30/1967,1,20.780766,194.1657,MaxWater_noSMSCG,1967,6
7/31/1967,1,16.727421,158.2238,MaxWater_noSMSCG,1967,7
8/31/1967,1,14.6285685,193.02191,MaxWater_noSMSCG,1967,8
9/30/1967,1,19.952886,238.44855,MaxWater_noSMSCG,1967,9
10/31/1967,1,22.2094065,310.78308,MaxWater_noSMSCG,1967,10
11/30/1967,1,23.0801415,470.82135,MaxWater_noSMSCG,1967,11
12/31/1967,1,66.139039,1219.5217,MaxWater_noSMSCG,1967,12
1/31/1968,1,217.05127,1668.9098,MaxWater_noSMSCG,1968,1
2/29/1968,3,143.6655085,804.4084,MaxWater_noSMSCG,1968,2
3/31/1968,3,35.5512202,249.87633,MaxWater_noSMSCG,1968,3
4/30/1968,3,27.172128,238.93192,MaxWater_noSMSCG,1968,4
5/31/1968,3,28.750185,244.63492,MaxWater_noSMSCG,1968,5
6/30/1968,3,29.146485,291.14362,MaxWater_noSMSCG,1968,6
7/31/1968,3,28.316166,420.18268,MaxWater_noSMSCG,1968,7
8/31/1968,3,41.732665,748.7672,MaxWater_noSMSCG,1968,8
9/30/1968,3,80.8387804,1272.0404,MaxWater_noSMSCG,1968,9
10/31/1968,3,149.2410918,1690.227,MaxWater_noSMSCG,1968,10
11/30/1968,3,151.9637794,1699.1635,MaxWater_noSMSCG,1968,11
12/31/1968,3,161.718064,1718.5586,MaxWater_noSMSCG,1968,12
1/31/1969,3,155.1853368,963.78766,MaxWater_noSMSCG,1969,1
2/28/1969,1,34.6837885,243.45387,MaxWater_noSMSCG,1969,2
3/31/1969,1,21.642645,192.38452,MaxWater_noSMSCG,1969,3
4/30/1969,1,19.809015,185.98384,MaxWater_noSMSCG,1969,4
5/31/1969,1,15.131805,178.22148,MaxWater_noSMSCG,1969,5
6/30/1969,1,12.070125,175.40495,MaxWater_noSMSCG,1969,6
7/31/1969,1,12.3292605,171.95944,MaxWater_noSMSCG,1969,7
8/31/1969,1,18.647298,218.40428,MaxWater_noSMSCG,1969,8
9/30/1969,1,28.220292,417.70874,MaxWater_noSMSCG,1969,9
10/31/1969,1,35.1735895,459.86407,MaxWater_noSMSCG,1969,10
11/30/1969,1,24.90453,500.81793,MaxWater_noSMSCG,1969,11
12/31/1969,1,66.8436445,1126.8221,MaxWater_noSMSCG,1969,12
1/31/1970,1,63.6724438,425.44177,MaxWater_noSMSCG,1970,1
2/28/1970,1,21.8186415,208.53207,MaxWater_noSMSCG,1970,2
3/31/1970,1,17.867931,193.52005,MaxWater_noSMSCG,1970,3
4/30/1970,1,24.8546295,202.82513,MaxWater_noSMSCG,1970,4
5/31/1970,1,25.357476,230.78384,MaxWater_noSMSCG,1970,5
6/30/1970,1,27.28245,269.62482,MaxWater_noSMSCG,1970,6
7/31/1970,1,25.84176,306.04263,MaxWater_noSMSCG,1970,7
8/31/1970,1,25.46937,460.00348,MaxWater_noSMSCG,1970,8
9/30/1970,1,70.0459273,1087.1487,MaxWater_noSMSCG,1970,9
10/31/1970,1,149.2210021,1687.402,MaxWater_noSMSCG,1970,10
11/30/1970,1,148.3254865,1721.1381,MaxWater_noSMSCG,1970,11
12/31/1970,1,101.171011,1154.1559,MaxWater_noSMSCG,1970,12
1/31/1971,1,54.7821196,362.16998,MaxWater_noSMSCG,1971,1
2/28/1971,1,24.1425885,211.29973,MaxWater_noSMSCG,1971,2
3/31/1971,1,24.111891,230.07022,MaxWater_noSMSCG,1971,3
4/30/1971,1,24.0069285,237.20714,MaxWater_noSMSCG,1971,4
5/31/1971,1,25.4065755,231.49991,MaxWater_noSMSCG,1971,5
6/30/1971,1,25.899843,220.90677,MaxWater_noSMSCG,1971,6
7/31/1971,1,22.290291,210.3063,MaxWater_noSMSCG,1971,7
8/31/1971,1,20.4221325,327.87097,MaxWater_noSMSCG,1971,8
9/30/1971,1,60.8791588,1033.678,MaxWater_noSMSCG,1971,9
10/31/1971,1,147.359992,1790.645,MaxWater_noSMSCG,1971,10
11/30/1971,1,168.578128,1799.0874,MaxWater_noSMSCG,1971,11
12/31/1971,1,219.059551,1750.3932,MaxWater_noSMSCG,1971,12
1/31/1972,1,176.9423821,1084.4357,MaxWater_noSMSCG,1972,1
2/29/1972,3,78.0329896,731.316,MaxWater_noSMSCG,1972,2
3/31/1972,3,69.0698821,540.3013,MaxWater_noSMSCG,1972,3
4/30/1972,3,33.0861811,255.4473,MaxWater_noSMSCG,1972,4
5/31/1972,3,27.3522075,244.21806,MaxWater_noSMSCG,1972,5
6/30/1972,3,29.362734,313.34247,MaxWater_noSMSCG,1972,6
7/31/1972,3,30.4470526,450.3556,MaxWater_noSMSCG,1972,7
8/31/1972,3,38.6222035,752.43787,MaxWater_noSMSCG,1972,8
9/30/1972,3,79.25897125,1217.2255,MaxWater_noSMSCG,1972,9
10/31/1972,3,153.936025,1669.8617,MaxWater_noSMSCG,1972,10
11/30/1972,3,145.201687,1646.7417,MaxWater_noSMSCG,1972,11
12/31/1972,3,115.7272435,1274.986,MaxWater_noSMSCG,1972,12
1/31/1973,3,66.0376873,501.42737,MaxWater_noSMSCG,1973,1
2/28/1973,2,32.64593875,243.84773,MaxWater_noSMSCG,1973,2
3/31/1973,2,26.179215,240.5729,MaxWater_noSMSCG,1973,3
4/30/1973,1,36.1716481,232.11864,MaxWater_noSMSCG,1973,4
5/31/1973,2,29.9102595,230.98471,MaxWater_noSMSCG,1973,5
6/30/1973,2,26.0833665,235.29994,MaxWater_noSMSCG,1973,6
7/31/1973,2,24.06843,250.35768,MaxWater_noSMSCG,1973,7
8/31/1973,2,25.402764,449.34253,MaxWater_noSMSCG,1973,8
9/30/1973,2,57.704635,1009.29346,MaxWater_noSMSCG,1973,9
10/31/1973,2,132.2629435,1669.9905,MaxWater_noSMSCG,1973,10
11/30/1973,2,133.130227,1696.5297,MaxWater_noSMSCG,1973,11
12/31/1973,2,76.093063,801.31366,MaxWater_noSMSCG,1973,12
1/31/1974,2,28.422915,214.84534,MaxWater_noSMSCG,1974,1
2/28/1974,1,19.8645105,201.929,MaxWater_noSMSCG,1974,2
3/31/1974,1,20.858709,202.03578,MaxWater_noSMSCG,1974,3
4/30/1974,1,26.069355,203.3737,MaxWater_noSMSCG,1974,4
5/31/1974,1,22.3778415,179.21458,MaxWater_noSMSCG,1974,5
6/30/1974,1,18.825936,187.79482,MaxWater_noSMSCG,1974,6
7/31/1974,1,20.2756305,185.9318,MaxWater_noSMSCG,1974,7
8/31/1974,1,18.7530345,242.47021,MaxWater_noSMSCG,1974,8
9/30/1974,1,29.513763,585.57086,MaxWater_noSMSCG,1974,9
10/31/1974,1,62.97637405,775.5268,MaxWater_noSMSCG,1974,10
11/30/1974,1,37.3504993,481.25485,MaxWater_noSMSCG,1974,11
12/31/1974,1,70.3426465,965.7506,MaxWater_noSMSCG,1974,12
1/31/1975,1,214.4743998,1507.7577,MaxWater_noSMSCG,1975,1
2/28/1975,3,194.653405,1325.9695,MaxWater_noSMSCG,1975,2
3/31/1975,3,74.963152,427.0266,MaxWater_noSMSCG,1975,3
4/30/1975,2,28.44789,228.94275,MaxWater_noSMSCG,1975,4
5/31/1975,1,24.319821,215.46013,MaxWater_noSMSCG,1975,5
6/30/1975,1,22.8824265,206.4389,MaxWater_noSMSCG,1975,6
7/31/1975,1,21.090864,190.77809,MaxWater_noSMSCG,1975,7
8/31/1975,1,19.3701075,268.8816,MaxWater_noSMSCG,1975,8
9/30/1975,1,50.3349169,870.0401,MaxWater_noSMSCG,1975,9
10/31/1975,1,137.4787855,1791.2527,MaxWater_noSMSCG,1975,10
11/30/1975,1,112.258537,1058.6124,MaxWater_noSMSCG,1975,11
12/31/1975,1,85.9724455,1047.6536,MaxWater_noSMSCG,1975,12
1/31/1976,1,217.4167825,1600.0928,MaxWater_noSMSCG,1976,1
2/29/1976,4,188.527615,1468.8032,MaxWater_noSMSCG,1976,2
3/31/1976,4,141.2476626,978.4923,MaxWater_noSMSCG,1976,3
4/30/1976,5,86.71526095,552.43646,MaxWater_noSMSCG,1976,4
5/31/1976,5,69.69063205,582.8732,MaxWater_noSMSCG,1976,5
6/30/1976,5,86.11575775,888.47455,MaxWater_noSMSCG,1976,6
7/31/1976,5,127.4679724,1675.9066,MaxWater_noSMSCG,1976,7
8/31/1976,5,143.0108236,1863.1598,MaxWater_noSMSCG,1976,8
9/30/1976,5,127.0542151,1424.7301,MaxWater_noSMSCG,1976,9
10/31/1976,5,160.2014508,1924.1033,MaxWater_noSMSCG,1976,10
11/30/1976,5,220.6916035,2137.5513,MaxWater_noSMSCG,1976,11
12/31/1976,5,221.0195359,1865.9427,MaxWater_noSMSCG,1976,12
1/31/1977,5,222.17614,1805.399,MaxWater_noSMSCG,1977,1
2/28/1977,5,213.985126,1524.0808,MaxWater_noSMSCG,1977,2
3/31/1977,5,170.3322175,872.2536,MaxWater_noSMSCG,1977,3
4/30/1977,5,112.060405,726.6081,MaxWater_noSMSCG,1977,4
5/31/1977,5,95.7383182,921.47144,MaxWater_noSMSCG,1977,5
6/30/1977,5,121.565896,1083.1554,MaxWater_noSMSCG,1977,6
7/31/1977,5,150.663199,1389.9004,MaxWater_noSMSCG,1977,7
8/31/1977,5,171.7383505,1697.8282,MaxWater_noSMSCG,1977,8
9/30/1977,5,160.1283625,1555.9586,MaxWater_noSMSCG,1977,9
10/31/1977,5,196.253566,1763.1426,MaxWater_noSMSCG,1977,10
11/30/1977,5,221.6430475,2039.0099,MaxWater_noSMSCG,1977,11
12/31/1977,5,223.4716645,1784.0532,MaxWater_noSMSCG,1977,12
1/31/1978,5,214.6612201,1626.4319,MaxWater_noSMSCG,1978,1
2/28/1978,3,88.4073715,475.76968,MaxWater_noSMSCG,1978,2
3/31/1978,2,56.871409,230.24559,MaxWater_noSMSCG,1978,3
4/30/1978,2,37.114297,222.96455,MaxWater_noSMSCG,1978,4
5/31/1978,2,24.926937,207.366,MaxWater_noSMSCG,1978,5
6/30/1978,2,19.21176,207.47263,MaxWater_noSMSCG,1978,6
7/31/1978,2,19.830201,192.77122,MaxWater_noSMSCG,1978,7
8/31/1978,2,21.3813075,279.96875,MaxWater_noSMSCG,1978,8
9/30/1978,2,54.4537882,973.1091,MaxWater_noSMSCG,1978,9
10/31/1978,2,116.0944375,1574.6367,MaxWater_noSMSCG,1978,10
11/30/1978,2,91.28320105,1181.3906,MaxWater_noSMSCG,1978,11
12/31/1978,2,152.0761435,1756.3297,MaxWater_noSMSCG,1978,12
1/31/1979,2,198.2969305,1557.5892,MaxWater_noSMSCG,1979,1
2/28/1979,4,115.0676395,698.0523,MaxWater_noSMSCG,1979,2
3/31/1979,3,48.1668535,263.73337,MaxWater_noSMSCG,1979,3
4/30/1979,4,43.6641271,237.61461,MaxWater_noSMSCG,1979,4
5/31/1979,3,31.0823689,234.95685,MaxWater_noSMSCG,1979,5
6/30/1979,3,27.153324,245.47478,MaxWater_noSMSCG,1979,6
7/31/1979,3,24.76845,247.78508,MaxWater_noSMSCG,1979,7
8/31/1979,3,32.0215522,744.4587,MaxWater_noSMSCG,1979,8
9/30/1979,3,88.94783125,1281.7087,MaxWater_noSMSCG,1979,9
10/31/1979,3,125.7892141,1762.3665,MaxWater_noSMSCG,1979,10
11/30/1979,3,151.9730305,1712.1145,MaxWater_noSMSCG,1979,11
12/31/1979,3,151.8271105,1707.8398,MaxWater_noSMSCG,1979,12
1/31/1980,3,218.0101639,1723.7194,MaxWater_noSMSCG,1980,1
2/29/1980,2,68.8597174,336.98508,MaxWater_noSMSCG,1980,2
3/31/1980,1,24.0207225,194.92003,MaxWater_noSMSCG,1980,3
4/30/1980,1,22.478394,200.38255,MaxWater_noSMSCG,1980,4
5/31/1980,1,20.035986,211.89445,MaxWater_noSMSCG,1980,5
6/30/1980,1,21.711726,239.465,MaxWater_noSMSCG,1980,6
7/31/1980,1,23.0419215,231.3937,MaxWater_noSMSCG,1980,7
8/31/1980,1,23.382903,260.94,MaxWater_noSMSCG,1980,8
9/30/1980,1,49.8308089,758.1056,MaxWater_noSMSCG,1980,9
10/31/1980,1,113.9494135,1851.3787,MaxWater_noSMSCG,1980,10
11/30/1980,1,134.507176,1804.7812,MaxWater_noSMSCG,1980,11
12/31/1980,1,140.664658,1785.538,MaxWater_noSMSCG,1980,12
1/31/1981,1,215.611336,1787.8042,MaxWater_noSMSCG,1981,1
2/28/1981,3,145.9463635,894.39233,MaxWater_noSMSCG,1981,2
3/31/1981,4,45.6034438,263.98648,MaxWater_noSMSCG,1981,3
4/30/1981,4,28.759158,237.75462,MaxWater_noSMSCG,1981,4
5/31/1981,4,29.5344825,246.35504,MaxWater_noSMSCG,1981,5
6/30/1981,4,29.192325,297.87387,MaxWater_noSMSCG,1981,6
7/31/1981,4,29.134437,436.6724,MaxWater_noSMSCG,1981,7
8/31/1981,4,71.7452626,1316.0072,MaxWater_noSMSCG,1981,8
9/30/1981,4,134.9754595,1590.9409,MaxWater_noSMSCG,1981,9
10/31/1981,4,148.7736006,1804.5449,MaxWater_noSMSCG,1981,10
11/30/1981,4,173.1892855,1739.9875,MaxWater_noSMSCG,1981,11
12/31/1981,4,165.8283055,1361.0714,MaxWater_noSMSCG,1981,12
1/31/1982,4,41.06811055,280.63962,MaxWater_noSMSCG,1982,1
2/28/1982,1,29.51538,215.06212,MaxWater_noSMSCG,1982,2
3/31/1982,1,26.8911945,210.87599,MaxWater_noSMSCG,1982,3
4/30/1982,1,26.515815,183.19232,MaxWater_noSMSCG,1982,4
5/31/1982,1,19.2676665,176.16112,MaxWater_noSMSCG,1982,5
6/30/1982,1,14.9780505,172.46275,MaxWater_noSMSCG,1982,6
7/31/1982,1,14.4856185,169.46394,MaxWater_noSMSCG,1982,7
8/31/1982,1,18.326595,204.76286,MaxWater_noSMSCG,1982,8
9/30/1982,1,20.7728055,274.83267,MaxWater_noSMSCG,1982,9
10/31/1982,1,18.8735595,226.45776,MaxWater_noSMSCG,1982,10
11/30/1982,1,17.211885,222.15585,MaxWater_noSMSCG,1982,11
12/31/1982,1,23.494998,207.82632,MaxWater_noSMSCG,1982,12
1/31/1983,1,25.7700675,199.21863,MaxWater_noSMSCG,1983,1
2/28/1983,1,15.660597,190.38966,MaxWater_noSMSCG,1983,2
3/31/1983,1,11.2996785,188.93102,MaxWater_noSMSCG,1983,3
4/30/1983,1,6.8152695,191.84792,MaxWater_noSMSCG,1983,4
5/31/1983,1,3.6044985,169.56741,MaxWater_noSMSCG,1983,5
6/30/1983,1,6.8419275,167.03783,MaxWater_noSMSCG,1983,6
7/31/1983,1,9.3852945,163.89426,MaxWater_noSMSCG,1983,7
8/31/1983,1,12.192171,165.32085,MaxWater_noSMSCG,1983,8
9/30/1983,1,15.611277,201.3713,MaxWater_noSMSCG,1983,9
10/31/1983,1,17.170596,241.5194,MaxWater_noSMSCG,1983,10
11/30/1983,1,18.0563055,233.37912,MaxWater_noSMSCG,1983,11
12/31/1983,1,25.080546,219.37936,MaxWater_noSMSCG,1983,12
1/31/1984,1,22.5388575,210.35852,MaxWater_noSMSCG,1984,1
2/29/1984,1,20.453544,183.626,MaxWater_noSMSCG,1984,2
3/31/1984,1,21.395187,201.41666,MaxWater_noSMSCG,1984,3
4/30/1984,1,25.0137885,209.01529,MaxWater_noSMSCG,1984,4
5/31/1984,1,24.1216875,224.64871,MaxWater_noSMSCG,1984,5
6/30/1984,1,22.607859,233.00027,MaxWater_noSMSCG,1984,6
7/31/1984,1,23.227725,244.9601,MaxWater_noSMSCG,1984,7
8/31/1984,1,24.8790075,446.15982,MaxWater_noSMSCG,1984,8
9/30/1984,1,60.59110645,936.31287,MaxWater_noSMSCG,1984,9
10/31/1984,1,128.522632,1797.1472,MaxWater_noSMSCG,1984,10
11/30/1984,1,136.8959178,1637.9596,MaxWater_noSMSCG,1984,11
12/31/1984,1,167.021287,791.45013,MaxWater_noSMSCG,1984,12
1/31/1985,1,43.82840395,283.73843,MaxWater_noSMSCG,1985,1
2/28/1985,3,25.625319,303.95468,MaxWater_noSMSCG,1985,2
3/31/1985,3,30.127515,399.11603,MaxWater_noSMSCG,1985,3
4/30/1985,3,35.4137305,288.32492,MaxWater_noSMSCG,1985,4
5/31/1985,4,38.035474,282.4953,MaxWater_noSMSCG,1985,5
6/30/1985,4,36.58332775,325.36713,MaxWater_noSMSCG,1985,6
7/31/1985,4,31.1022163,402.2041,MaxWater_noSMSCG,1985,7
8/31/1985,4,72.36234175,1372.9893,MaxWater_noSMSCG,1985,8
9/30/1985,4,135.189295,1572.165,MaxWater_noSMSCG,1985,9
10/31/1985,4,136.2994413,1693.8392,MaxWater_noSMSCG,1985,10
11/30/1985,4,155.89084,1707.4543,MaxWater_noSMSCG,1985,11
12/31/1985,4,161.9390245,1700.201,MaxWater_noSMSCG,1985,12
1/31/1986,4,219.0319915,1746.3505,MaxWater_noSMSCG,1986,1
2/28/1986,3,130.2792694,727.4641,MaxWater_noSMSCG,1986,2
3/31/1986,1,48.42797905,238.45442,MaxWater_noSMSCG,1986,3
4/30/1986,1,14.618829,189.90508,MaxWater_noSMSCG,1986,4
5/31/1986,1,17.9729205,174.67778,MaxWater_noSMSCG,1986,5
6/30/1986,1,19.760733,189.57948,MaxWater_noSMSCG,1986,6
7/31/1986,1,23.7234675,246.70872,MaxWater_noSMSCG,1986,7
8/31/1986,1,23.653299,294.36304,MaxWater_noSMSCG,1986,8
9/30/1986,1,39.6961234,829.2835,MaxWater_noSMSCG,1986,9
10/31/1986,1,80.25937825,1206.3893,MaxWater_noSMSCG,1986,10
11/30/1986,1,58.9487455,919.80066,MaxWater_noSMSCG,1986,11
12/31/1986,1,124.244725,1631.2031,MaxWater_noSMSCG,1986,12
1/31/1987,1,179.711083,1411.997,MaxWater_noSMSCG,1987,1
2/28/1987,4,149.438725,1265.717,MaxWater_noSMSCG,1987,2
3/31/1987,4,107.622157,610.64453,MaxWater_noSMSCG,1987,3
4/30/1987,4,46.79194225,267.19293,MaxWater_noSMSCG,1987,4
5/31/1987,4,32.82967255,254.61417,MaxWater_noSMSCG,1987,5
6/30/1987,4,30.73563505,310.72528,MaxWater_noSMSCG,1987,6
7/31/1987,4,29.721639,440.60052,MaxWater_noSMSCG,1987,7
8/31/1987,4,54.30705025,1025.9532,MaxWater_noSMSCG,1987,8
9/30/1987,4,108.921891,1450.6316,MaxWater_noSMSCG,1987,9
10/31/1987,4,148.8477918,1858.6029,MaxWater_noSMSCG,1987,10
11/30/1987,4,176.0232828,1761.7861,MaxWater_noSMSCG,1987,11
12/31/1987,4,171.876205,1793.6272,MaxWater_noSMSCG,1987,12
1/31/1988,4,185.5551961,1354.2373,MaxWater_noSMSCG,1988,1
2/29/1988,4,74.1487759,459.55734,MaxWater_noSMSCG,1988,2
3/31/1988,5,31.791238,275.58868,MaxWater_noSMSCG,1988,3
4/30/1988,5,35.7613507,309.23645,MaxWater_noSMSCG,1988,4
5/31/1988,5,46.8751195,380.47208,MaxWater_noSMSCG,1988,5
6/30/1988,5,61.05884275,636.93854,MaxWater_noSMSCG,1988,6
7/31/1988,5,103.5794434,1087.41,MaxWater_noSMSCG,1988,7
8/31/1988,5,114.5898826,1459.3541,MaxWater_noSMSCG,1988,8
9/30/1988,5,126.610396,1449.4454,MaxWater_noSMSCG,1988,9
10/31/1988,5,163.9686805,1681.9596,MaxWater_noSMSCG,1988,10
11/30/1988,5,204.744286,2073.2666,MaxWater_noSMSCG,1988,11
12/31/1988,5,226.6047465,2242.9822,MaxWater_noSMSCG,1988,12
1/31/1989,5,220.1930103,1705.3307,MaxWater_noSMSCG,1989,1
2/28/1989,4,173.8184971,1374.5688,MaxWater_noSMSCG,1989,2
3/31/1989,5,132.6009136,783.60956,MaxWater_noSMSCG,1989,3
4/30/1989,3,48.78942175,334.38864,MaxWater_noSMSCG,1989,4
5/31/1989,4,29.5574205,239.55785,MaxWater_noSMSCG,1989,5
6/30/1989,4,28.20306,256.77734,MaxWater_noSMSCG,1989,6
7/31/1989,4,25.3781595,335.41815,MaxWater_noSMSCG,1989,7
8/31/1989,4,50.02739905,1033.3705,MaxWater_noSMSCG,1989,8
9/30/1989,4,129.291354,1596.4442,MaxWater_noSMSCG,1989,9
10/31/1989,4,164.4588235,1686.3634,MaxWater_noSMSCG,1989,10
11/30/1989,4,165.2756478,1710.7927,MaxWater_noSMSCG,1989,11
12/31/1989,4,160.329658,1740.7946,MaxWater_noSMSCG,1989,12
1/31/1990,4,196.2117166,1775.496,MaxWater_noSMSCG,1990,1
2/28/1990,4,153.261145,1061.3312,MaxWater_noSMSCG,1990,2
3/31/1990,5,63.8194924,419.8493,MaxWater_noSMSCG,1990,3
4/30/1990,5,40.264915,368.41995,MaxWater_noSMSCG,1990,4
5/31/1990,5,51.516886,343.03976,MaxWater_noSMSCG,1990,5
6/30/1990,5,52.33692505,390.4133,MaxWater_noSMSCG,1990,6
7/31/1990,5,69.9071095,669.87683,MaxWater_noSMSCG,1990,7
8/31/1990,5,92.22610645,1035.8209,MaxWater_noSMSCG,1990,8
9/30/1990,5,115.7364205,1229.3214,MaxWater_noSMSCG,1990,9
10/31/1990,5,170.0233744,1652.7573,MaxWater_noSMSCG,1990,10
11/30/1990,5,212.1054085,1994.9034,MaxWater_noSMSCG,1990,11
12/31/1990,5,226.395565,1842.6492,MaxWater_noSMSCG,1990,12
1/31/1991,5,226.5432891,1899.678,MaxWater_noSMSCG,1991,1
2/28/1991,5,210.1505935,1371.2151,MaxWater_noSMSCG,1991,2
3/31/1991,5,126.261841,832.28796,MaxWater_noSMSCG,1991,3
4/30/1991,5,84.6102367,464.73242,MaxWater_noSMSCG,1991,4
5/31/1991,5,52.0181554,253.34563,MaxWater_noSMSCG,1991,5
6/30/1991,5,46.387912,375.54028,MaxWater_noSMSCG,1991,6
7/31/1991,5,67.16977,854.79395,MaxWater_noSMSCG,1991,7
8/31/1991,5,156.783403,1525.5149,MaxWater_noSMSCG,1991,8
9/30/1991,5,182.891398,1600.4347,MaxWater_noSMSCG,1991,9
10/31/1991,5,196.2179268,1564.3865,MaxWater_noSMSCG,1991,10
11/30/1991,5,210.1853065,2052.5034,MaxWater_noSMSCG,1991,11
12/31/1991,5,225.5228665,2090.5496,MaxWater_noSMSCG,1991,12
1/31/1992,5,214.3745785,1752.706,MaxWater_noSMSCG,1992,1
2/29/1992,5,188.6283625,1167.208,MaxWater_noSMSCG,1992,2
3/31/1992,5,94.6146259,423.7089,MaxWater_noSMSCG,1992,3
4/30/1992,5,40.745596,247.78,MaxWater_noSMSCG,1992,4
5/31/1992,5,35.9022604,257.6558,MaxWater_noSMSCG,1992,5
6/30/1992,5,40.83882805,369.71594,MaxWater_noSMSCG,1992,6
7/31/1992,5,50.6261014,399.0297,MaxWater_noSMSCG,1992,7
8/31/1992,5,40.93950145,574.78955,MaxWater_noSMSCG,1992,8
9/30/1992,5,72.5800162,1036.8057,MaxWater_noSMSCG,1992,9
10/31/1992,5,144.0926665,1704.5157,MaxWater_noSMSCG,1992,10
11/30/1992,5,220.3986891,2329.4812,MaxWater_noSMSCG,1992,11
12/31/1992,5,222.6856345,1569.8507,MaxWater_noSMSCG,1992,12
1/31/1993,5,227.2788085,1604.1362,MaxWater_noSMSCG,1993,1
2/28/1993,3,110.6068765,538.94006,MaxWater_noSMSCG,1993,2
3/31/1993,2,59.8421293,237.8933,MaxWater_noSMSCG,1993,3
4/30/1993,2,37.9414183,238.11154,MaxWater_noSMSCG,1993,4
5/31/1993,2,28.183026,233.8741,MaxWater_noSMSCG,1993,5
6/30/1993,2,25.9782285,226.75203,MaxWater_noSMSCG,1993,6
7/31/1993,2,23.59884,208.89548,MaxWater_noSMSCG,1993,7
8/31/1993,2,21.2034,319.9357,MaxWater_noSMSCG,1993,8
9/30/1993,2,52.24887145,1097.2563,MaxWater_noSMSCG,1993,9
10/31/1993,2,142.2478786,1852.9052,MaxWater_noSMSCG,1993,10
11/30/1993,2,110.3472558,1335.8096,MaxWater_noSMSCG,1993,11
12/31/1993,2,177.041545,1832.8654,MaxWater_noSMSCG,1993,12
1/31/1994,2,180.0162325,1357.2188,MaxWater_noSMSCG,1994,1
2/28/1994,4,100.622292,932.63116,MaxWater_noSMSCG,1994,2
3/31/1994,4,83.91709675,565.66437,MaxWater_noSMSCG,1994,3
4/30/1994,4,38.9038975,279.1519,MaxWater_noSMSCG,1994,4
5/31/1994,5,37.2693769,301.81024,MaxWater_noSMSCG,1994,5
6/30/1994,5,44.5764805,424.0839,MaxWater_noSMSCG,1994,6
7/31/1994,5,65.1658495,918.4212,MaxWater_noSMSCG,1994,7
8/31/1994,5,108.7605154,1759.4282,MaxWater_noSMSCG,1994,8
9/30/1994,5,140.7163684,1811.6361,MaxWater_noSMSCG,1994,9
10/31/1994,5,183.0951445,1876.8396,MaxWater_noSMSCG,1994,10
11/30/1994,5,211.2110073,2123.5488,MaxWater_noSMSCG,1994,11
12/31/1994,5,217.5106615,2161.8325,MaxWater_noSMSCG,1994,12
1/31/1995,5,219.5191135,1670.2842,MaxWater_noSMSCG,1995,1
2/28/1995,1,77.5968427,323.32565,MaxWater_noSMSCG,1995,2
3/31/1995,2,29.227872,237.6886,MaxWater_noSMSCG,1995,3
4/30/1995,1,36.639601,223.3682,MaxWater_noSMSCG,1995,4
5/31/1995,1,26.2682055,180.16905,MaxWater_noSMSCG,1995,5
6/30/1995,1,17.722305,170.52779,MaxWater_noSMSCG,1995,6
7/31/1995,1,15.666675,164.2214,MaxWater_noSMSCG,1995,7
8/31/1995,1,14.92209,168.16609,MaxWater_noSMSCG,1995,8
9/30/1995,1,18.8643945,235.16782,MaxWater_noSMSCG,1995,9
10/31/1995,1,19.0621695,305.13513,MaxWater_noSMSCG,1995,10
11/30/1995,1,21.688995,467.76065,MaxWater_noSMSCG,1995,11
12/31/1995,1,78.7903885,1081.3027,MaxWater_noSMSCG,1995,12
1/31/1996,1,116.4823795,632.14764,MaxWater_noSMSCG,1996,1
2/29/1996,2,28.7997525,226.7203,MaxWater_noSMSCG,1996,2
3/31/1996,1,32.8009075,222.0078,MaxWater_noSMSCG,1996,3
4/30/1996,1,30.3683128,218.74202,MaxWater_noSMSCG,1996,4
5/31/1996,1,26.0747565,211.59244,MaxWater_noSMSCG,1996,5
6/30/1996,1,22.5504135,193.05257,MaxWater_noSMSCG,1996,6
7/31/1996,1,19.5869985,200.58388,MaxWater_noSMSCG,1996,7
8/31/1996,1,21.592506,316.65643,MaxWater_noSMSCG,1996,8
9/30/1996,1,56.25775555,880.7725,MaxWater_noSMSCG,1996,9
10/31/1996,1,132.2981866,1786.0408,MaxWater_noSMSCG,1996,10
11/30/1996,1,134.9795065,1541.0146,MaxWater_noSMSCG,1996,11
12/31/1996,1,112.569244,764.7419,MaxWater_noSMSCG,1996,12
1/31/1997,1,40.2703243,234.74588,MaxWater_noSMSCG,1997,1
2/28/1997,1,10.2791475,183.88193,MaxWater_noSMSCG,1997,2
3/31/1997,1,17.567115,172.3644,MaxWater_noSMSCG,1997,3
4/30/1997,1,23.143686,204.36505,MaxWater_noSMSCG,1997,4
5/31/1997,1,26.4367725,262.29654,MaxWater_noSMSCG,1997,5
6/30/1997,1,25.860603,270.8336,MaxWater_noSMSCG,1997,6
7/31/1997,1,27.497442,265.22763,MaxWater_noSMSCG,1997,7
8/31/1997,1,25.655892,371.776,MaxWater_noSMSCG,1997,8
9/30/1997,1,47.3236126,838.3146,MaxWater_noSMSCG,1997,9
10/31/1997,1,124.5316231,1783.7456,MaxWater_noSMSCG,1997,10
11/30/1997,1,141.0458284,1722.8427,MaxWater_noSMSCG,1997,11
12/31/1997,1,143.63698,1633.096,MaxWater_noSMSCG,1997,12
1/31/1998,1,204.452902,1305.2349,MaxWater_noSMSCG,1998,1
2/28/1998,1,61.67444275,321.69565,MaxWater_noSMSCG,1998,2
3/31/1998,1,42.0767341,215.75877,MaxWater_noSMSCG,1998,3
4/30/1998,1,23.6154165,189.73538,MaxWater_noSMSCG,1998,4
5/31/1998,1,19.5654825,176.24481,MaxWater_noSMSCG,1998,5
6/30/1998,1,17.184423,165.51576,MaxWater_noSMSCG,1998,6
7/31/1998,1,14.954121,169.66273,MaxWater_noSMSCG,1998,7
8/31/1998,1,14.712975,169.31508,MaxWater_noSMSCG,1998,8
9/30/1998,1,17.0386185,224.90028,MaxWater_noSMSCG,1998,9
10/31/1998,1,18.157926,241.38664,MaxWater_noSMSCG,1998,10
11/30/1998,1,15.50511,236.83662,MaxWater_noSMSCG,1998,11
12/31/1998,1,20.213757,236.34515,MaxWater_noSMSCG,1998,12
1/31/1999,1,22.828434,214.36488,MaxWater_noSMSCG,1999,1
2/28/1999,2,24.6866565,216.44814,MaxWater_noSMSCG,1999,2
3/31/1999,1,28.28406,217.02797,MaxWater_noSMSCG,1999,3
4/30/1999,1,27.579162,221.35242,MaxWater_noSMSCG,1999,4
5/31/1999,1,27.767157,224.39969,MaxWater_noSMSCG,1999,5
6/30/1999,1,24.4868355,227.03667,MaxWater_noSMSCG,1999,6
7/31/1999,1,22.2155985,210.69609,MaxWater_noSMSCG,1999,7
8/31/1999,1,22.433277,341.00165,MaxWater_noSMSCG,1999,8
9/30/1999,1,55.8886492,915.09973,MaxWater_noSMSCG,1999,9
10/31/1999,1,126.3955915,1687.38,MaxWater_noSMSCG,1999,10
11/30/1999,1,144.7574404,1652.96,MaxWater_noSMSCG,1999,11
12/31/1999,1,186.4085973,1792.7164,MaxWater_noSMSCG,1999,12
1/31/2000,1,181.215199,1441.0698,MaxWater_noSMSCG,2000,1
2/29/2000,2,100.246186,519.6249,MaxWater_noSMSCG,2000,2
3/31/2000,2,36.5508235,231.17789,MaxWater_noSMSCG,2000,3
4/30/2000,2,29.589105,221.75623,MaxWater_noSMSCG,2000,4
5/31/2000,2,27.6793305,219.2075,MaxWater_noSMSCG,2000,5
6/30/2000,2,24.616434,238.03093,MaxWater_noSMSCG,2000,6
7/31/2000,2,24.250989,257.12427,MaxWater_noSMSCG,2000,7
8/31/2000,2,25.7419035,440.9561,MaxWater_noSMSCG,2000,8
9/30/2000,2,34.8191578,780.7322,MaxWater_noSMSCG,2000,9
10/31/2000,2,133.7289978,1705.6935,MaxWater_noSMSCG,2000,10
11/30/2000,2,151.028341,1774.4761,MaxWater_noSMSCG,2000,11
12/31/2000,2,160.8122941,1738.0482,MaxWater_noSMSCG,2000,12
1/31/2001,2,205.7000734,1772.5071,MaxWater_noSMSCG,2001,1
2/28/2001,4,159.70357,1279.0681,MaxWater_noSMSCG,2001,2
3/31/2001,4,76.7753017,396.13937,MaxWater_noSMSCG,2001,3
4/30/2001,4,32.22225775,241.7683,MaxWater_noSMSCG,2001,4
5/31/2001,4,32.93911255,245.36728,MaxWater_noSMSCG,2001,5
6/30/2001,4,28.722276,300.9306,MaxWater_noSMSCG,2001,6
7/31/2001,4,29.224965,418.48828,MaxWater_noSMSCG,2001,7
8/31/2001,4,55.64822605,1073.419,MaxWater_noSMSCG,2001,8
9/30/2001,4,118.3609656,1549.0968,MaxWater_noSMSCG,2001,9
10/31/2001,4,158.0137651,1806.2137,MaxWater_noSMSCG,2001,10
11/30/2001,4,159.260452,1598.3766,MaxWater_noSMSCG,2001,11
12/31/2001,4,159.218272,1717.8107,MaxWater_noSMSCG,2001,12
1/31/2002,4,110.9751535,648.0164,MaxWater_noSMSCG,2002,1
2/28/2002,3,26.40219,226.27647,MaxWater_noSMSCG,2002,2
3/31/2002,3,26.7445545,233.44249,MaxWater_noSMSCG,2002,3
4/30/2002,3,25.3305975,244.60805,MaxWater_noSMSCG,2002,4
5/31/2002,4,28.410663,255.64793,MaxWater_noSMSCG,2002,5
6/30/2002,4,30.489871,300.2656,MaxWater_noSMSCG,2002,6
7/31/2002,4,29.930562,390.37677,MaxWater_noSMSCG,2002,7
8/31/2002,4,61.62932725,1157.3143,MaxWater_noSMSCG,2002,8
9/30/2002,4,114.996267,1410.8188,MaxWater_noSMSCG,2002,9
10/31/2002,4,139.901847,1712.9878,MaxWater_noSMSCG,2002,10
11/30/2002,4,157.7568946,1633.8795,MaxWater_noSMSCG,2002,11
12/31/2002,4,152.29471,1722.5221,MaxWater_noSMSCG,2002,12
1/31/2003,4,103.5443599,654.4787,MaxWater_noSMSCG,2003,1
2/28/2003,2,27.965616,214.96092,MaxWater_noSMSCG,2003,2
3/31/2003,3,25.3006365,231.2899,MaxWater_noSMSCG,2003,3
4/30/2003,3,25.484865,244.7418,MaxWater_noSMSCG,2003,4
5/31/2003,2,27.99285,236.01932,MaxWater_noSMSCG,2003,5
6/30/2003,2,25.179909,219.29932,MaxWater_noSMSCG,2003,6
7/31/2003,2,21.7775685,230.64348,MaxWater_noSMSCG,2003,7
8/31/2003,2,22.863639,448.22552,MaxWater_noSMSCG,2003,8
9/30/2003,2,48.33832375,901.6656,MaxWater_noSMSCG,2003,9
10/31/2003,2,142.5876528,1786.813,MaxWater_noSMSCG,2003,10
11/30/2003,2,139.413736,1655.8663,MaxWater_noSMSCG,2003,11
12/31/2003,2,180.1335528,1734.8098,MaxWater_noSMSCG,2003,12
1/31/2004,2,128.8811791,671.06744,MaxWater_noSMSCG,2004,1
2/29/2004,3,29.00076,253.42267,MaxWater_noSMSCG,2004,2
3/31/2004,2,28.353885,236.89041,MaxWater_noSMSCG,2004,3
4/30/2004,3,26.5751775,236.12677,MaxWater_noSMSCG,2004,4
5/31/2004,3,28.5720795,243.0071,MaxWater_noSMSCG,2004,5
6/30/2004,3,29.782695,276.57767,MaxWater_noSMSCG,2004,6
7/31/2004,3,29.0508675,376.05618,MaxWater_noSMSCG,2004,7
8/31/2004,3,39.15069325,755.9677,MaxWater_noSMSCG,2004,8
9/30/2004,3,80.23632745,1302.175,MaxWater_noSMSCG,2004,9
10/31/2004,3,163.4274085,1668.4349,MaxWater_noSMSCG,2004,10
11/30/2004,3,148.8497925,1656.4406,MaxWater_noSMSCG,2004,11
12/31/2004,3,151.7413141,1698.6998,MaxWater_noSMSCG,2004,12
1/31/2005,3,155.122879,906.036,MaxWater_noSMSCG,2005,1
2/28/2005,3,52.7422663,310.8252,MaxWater_noSMSCG,2005,2
3/31/2005,3,42.70125175,241.60811,MaxWater_noSMSCG,2005,3
4/30/2005,3,40.0841965,231.23882,MaxWater_noSMSCG,2005,4
5/31/2005,3,27.301758,231.24745,MaxWater_noSMSCG,2005,5
6/30/2005,3,21.4612605,211.69928,MaxWater_noSMSCG,2005,6
7/31/2005,3,17.686845,192.92108,MaxWater_noSMSCG,2005,7
8/31/2005,3,20.40546,247.63399,MaxWater_noSMSCG,2005,8
9/30/2005,3,50.575075,751.301,MaxWater_noSMSCG,2005,9
10/31/2005,3,95.52856105,1304.8054,MaxWater_noSMSCG,2005,10
11/30/2005,3,76.09701025,1085.982,MaxWater_noSMSCG,2005,11
12/31/2005,3,128.1676531,1584.3986,MaxWater_noSMSCG,2005,12
1/31/2006,3,65.1579265,400.62576,MaxWater_noSMSCG,2006,1
2/28/2006,1,21.7618035,209.32954,MaxWater_noSMSCG,2006,2
3/31/2006,1,24.980241,205.30937,MaxWater_noSMSCG,2006,3
4/30/2006,1,29.234391,198.60538,MaxWater_noSMSCG,2006,4
5/31/2006,1,17.6304315,181.35603,MaxWater_noSMSCG,2006,5
6/30/2006,1,14.2528545,171.52725,MaxWater_noSMSCG,2006,6
7/31/2006,1,15.6875175,167.46779,MaxWater_noSMSCG,2006,7
8/31/2006,1,22.7267805,215.35721,MaxWater_noSMSCG,2006,8
9/30/2006,1,23.475444,386.63217,MaxWater_noSMSCG,2006,9
10/31/2006,1,26.9066205,527.04144,MaxWater_noSMSCG,2006,10
11/30/2006,1,42.99523495,814.30554,MaxWater_noSMSCG,2006,11
12/31/2006,1,108.163942,1555.7241,MaxWater_noSMSCG,2006,12
1/31/2007,1,162.4630996,1380.4524,MaxWater_noSMSCG,2007,1
2/28/2007,3,114.4188655,741.69196,MaxWater_noSMSCG,2007,2
3/31/2007,3,72.1997179,430.88467,MaxWater_noSMSCG,2007,3
4/30/2007,4,37.20031,239.84213,MaxWater_noSMSCG,2007,4
5/31/2007,4,31.873261,263.8842,MaxWater_noSMSCG,2007,5
6/30/2007,4,33.03260395,326.4895,MaxWater_noSMSCG,2007,6
7/31/2007,4,32.802817,431.85272,MaxWater_noSMSCG,2007,7
8/31/2007,4,68.9625055,1429.7303,MaxWater_noSMSCG,2007,8
9/30/2007,4,141.7444831,1587.573,MaxWater_noSMSCG,2007,9
10/31/2007,4,142.9397475,1720.2524,MaxWater_noSMSCG,2007,10
11/30/2007,4,148.3948413,1694.3491,MaxWater_noSMSCG,2007,11
12/31/2007,4,165.940396,1724.7058,MaxWater_noSMSCG,2007,12
1/31/2008,4,201.1443655,1519.4674,MaxWater_noSMSCG,2008,1
2/29/2008,3,129.669871,540.0717,MaxWater_noSMSCG,2008,2
3/31/2008,4,40.1407405,247.6925,MaxWater_noSMSCG,2008,3
4/30/2008,4,32.87146495,240.98997,MaxWater_noSMSCG,2008,4
5/31/2008,5,30.83023795,267.03848,MaxWater_noSMSCG,2008,5
6/30/2008,5,35.46621895,370.81653,MaxWater_noSMSCG,2008,6
7/31/2008,5,42.722755,518.1225,MaxWater_noSMSCG,2008,7
8/31/2008,5,52.42782295,900.61487,MaxWater_noSMSCG,2008,8
9/30/2008,5,104.5402069,1398.0469,MaxWater_noSMSCG,2008,9
10/31/2008,5,178.5856465,1981.6337,MaxWater_noSMSCG,2008,10
11/30/2008,5,221.7595384,2099.315,MaxWater_noSMSCG,2008,11
12/31/2008,5,216.4679605,2185.1863,MaxWater_noSMSCG,2008,12
1/31/2009,5,221.2748959,1725.1908,MaxWater_noSMSCG,2009,1
2/28/2009,5,183.6840828,1426.056,MaxWater_noSMSCG,2009,2
3/31/2009,4,114.6422599,564.43536,MaxWater_noSMSCG,2009,3
4/30/2009,4,37.6131211,249.27795,MaxWater_noSMSCG,2009,4
5/31/2009,4,28.951977,243.36098,MaxWater_noSMSCG,2009,5
6/30/2009,4,28.62069,264.4262,MaxWater_noSMSCG,2009,6
7/31/2009,4,27.0634875,298.2453,MaxWater_noSMSCG,2009,7
8/31/2009,4,24.6331515,409.83978,MaxWater_noSMSCG,2009,8
9/30/2009,4,46.9862353,812.59827,MaxWater_noSMSCG,2009,9
10/31/2009,4,114.5352595,1648.1018,MaxWater_noSMSCG,2009,10
11/30/2009,4,170.5310335,1668.2102,MaxWater_noSMSCG,2009,11
12/31/2009,4,124.0371025,1523.8495,MaxWater_noSMSCG,2009,12
1/31/2010,4,203.524657,1778.0298,MaxWater_noSMSCG,2010,1
2/28/2010,3,122.4350719,587.8047,MaxWater_noSMSCG,2010,2
3/31/2010,4,40.2423601,247.05884,MaxWater_noSMSCG,2010,3
4/30/2010,4,27.984627,241.33702,MaxWater_noSMSCG,2010,4
5/31/2010,3,28.201044,236.73044,MaxWater_noSMSCG,2010,5
6/30/2010,3,28.164747,225.45451,MaxWater_noSMSCG,2010,6
7/31/2010,3,25.4165655,217.7386,MaxWater_noSMSCG,2010,7
8/31/2010,3,24.1121985,409.2479,MaxWater_noSMSCG,2010,8
9/30/2010,3,80.21894245,1342.8046,MaxWater_noSMSCG,2010,9
10/31/2010,3,137.516035,1686.9048,MaxWater_noSMSCG,2010,10
11/30/2010,3,90.183007,898.2409,MaxWater_noSMSCG,2010,11
12/31/2010,3,65.14204345,736.6588,MaxWater_noSMSCG,2010,12
1/31/2011,3,52.66034305,345.6131,MaxWater_noSMSCG,2011,1
2/28/2011,2,27.90207,202.58011,MaxWater_noSMSCG,2011,2
3/31/2011,2,30.6080434,217.43735,MaxWater_noSMSCG,2011,3
4/30/2011,1,23.440332,223.58066,MaxWater_noSMSCG,2011,4
5/31/2011,1,19.308909,197.09183,MaxWater_noSMSCG,2011,5
6/30/2011,1,17.2946775,187.9186,MaxWater_noSMSCG,2011,6
7/31/2011,1,17.5473705,178.52571,MaxWater_noSMSCG,2011,7
8/31/2011,1,16.106943,185.0619,MaxWater_noSMSCG,2011,8
9/30/2011,1,18.312669,234.63133,MaxWater_noSMSCG,2011,9
10/31/2011,1,19.091685,266.22763,MaxWater_noSMSCG,2011,10
11/30/2011,1,18.694155,293.59427,MaxWater_noSMSCG,2011,11
12/31/2011,1,28.5830745,656.5045,MaxWater_noSMSCG,2011,12
1/31/2012,1,149.933676,1382.0331,MaxWater_noSMSCG,2012,1
2/29/2012,4,165.5781468,1274.6791,MaxWater_noSMSCG,2012,2
3/31/2012,4,85.8340723,592.2958,MaxWater_noSMSCG,2012,3
4/30/2012,3,43.242481,307.04712,MaxWater_noSMSCG,2012,4
5/31/2012,3,27.762705,231.63808,MaxWater_noSMSCG,2012,5
6/30/2012,3,27.444054,235.50912,MaxWater_noSMSCG,2012,6
7/31/2012,3,25.416603,335.3844,MaxWater_noSMSCG,2012,7
8/31/2012,3,31.5490336,738.361,MaxWater_noSMSCG,2012,8
9/30/2012,3,69.3666241,1171.1135,MaxWater_noSMSCG,2012,9
10/31/2012,3,154.4632465,1679.6714,MaxWater_noSMSCG,2012,10
11/30/2012,3,154.246105,1677.1327,MaxWater_noSMSCG,2012,11
12/31/2012,3,167.1412806,1750.5228,MaxWater_noSMSCG,2012,12
1/31/2013,3,90.325963,502.01508,MaxWater_noSMSCG,2013,1
2/28/2013,2,22.8656385,229.48128,MaxWater_noSMSCG,2013,2
3/31/2013,3,26.93691,250.14293,MaxWater_noSMSCG,2013,3
4/30/2013,4,25.4740605,259.04205,MaxWater_noSMSCG,2013,4
5/31/2013,4,29.901759,289.97748,MaxWater_noSMSCG,2013,5
6/30/2013,4,34.05951025,328.5777,MaxWater_noSMSCG,2013,6
7/31/2013,4,32.140249,374.89124,MaxWater_noSMSCG,2013,7
8/31/2013,4,57.764941,1153.5033,MaxWater_noSMSCG,2013,8
9/30/2013,4,121.0629708,1366.6415,MaxWater_noSMSCG,2013,9
10/31/2013,4,166.9927443,1773.0974,MaxWater_noSMSCG,2013,10
11/30/2013,4,154.459798,1330.5192,MaxWater_noSMSCG,2013,11
12/31/2013,4,167.1909076,1795.3528,MaxWater_noSMSCG,2013,12
1/31/2014,4,215.584717,1791.0719,MaxWater_noSMSCG,2014,1
2/28/2014,5,172.6221355,1387.3864,MaxWater_noSMSCG,2014,2
3/31/2014,5,129.6898039,891.2445,MaxWater_noSMSCG,2014,3
4/30/2014,5,51.2050105,337.50955,MaxWater_noSMSCG,2014,4
5/31/2014,5,36.80740045,272.03705,MaxWater_noSMSCG,2014,5
6/30/2014,5,45.73301905,481.8766,MaxWater_noSMSCG,2014,6
7/31/2014,5,90.7475065,1053.2343,MaxWater_noSMSCG,2014,7
8/31/2014,5,160.7010871,1474.1022,MaxWater_noSMSCG,2014,8
9/30/2014,5,175.5756475,1380.4468,MaxWater_noSMSCG,2014,9
10/31/2014,5,165.7303368,1517.5593,MaxWater_noSMSCG,2014,10
11/30/2014,5,209.6463601,1894.6143,MaxWater_noSMSCG,2014,11
12/31/2014,5,225.16522,1765.3254,MaxWater_noSMSCG,2014,12
1/31/2015,5,96.941953,595.0377,MaxWater_noSMSCG,2015,1
2/28/2015,5,28.0193895,289.59946,MaxWater_noSMSCG,2015,2
3/31/2015,5,31.88886475,380.38248,MaxWater_noSMSCG,2015,3
4/30/2015,5,46.8424927,269.2669,MaxWater_noSMSCG,2015,4
5/31/2015,5,46.7600137,318.4655,MaxWater_noSMSCG,2015,5
6/30/2015,5,56.6502376,439.9996,MaxWater_noSMSCG,2015,6
7/31/2015,5,59.794597,436.23743,MaxWater_noSMSCG,2015,7
8/31/2015,5,46.68321475,585.7136,MaxWater_noSMSCG,2015,8
9/30/2015,5,73.3622614,968.6663,MaxWater_noSMSCG,2015,9
10/31/2015,5,136.365282,1715.4811,MaxWater_noSMSCG,2015,10
11/30/2015,5,211.8944914,2191.3062,MaxWater_noSMSCG,2015,11
12/31/2015,5,221.4880531,1522.4624,MaxWater_noSMSCG,2015,12
1/31/2016,5,214.2511165,2277.3748,MaxWater_noSMSCG,2016,1
2/29/2016,3,208.794478,724.3953,MaxWater_noSMSCG,2016,2
3/31/2016,4,54.15914095,245.2873,MaxWater_noSMSCG,2016,3
4/30/2016,3,27.373302,245.84935,MaxWater_noSMSCG,2016,4
5/31/2016,3,27.4178055,240.07484,MaxWater_noSMSCG,2016,5
6/30/2016,3,28.1387745,247.18527,MaxWater_noSMSCG,2016,6
7/31/2016,3,25.34811,377.68246,MaxWater_noSMSCG,2016,7
8/31/2016,3,38.4484219,761.55884,MaxWater_noSMSCG,2016,8
9/30/2016,3,73.238845,1142.4349,MaxWater_noSMSCG,2016,9
10/31/2016,3,167.9884545,1774.3263,MaxWater_noSMSCG,2016,10
11/30/2016,3,181.897375,1700.4506,MaxWater_noSMSCG,2016,11
12/31/2016,3,164.1039529,1811.5089,MaxWater_noSMSCG,2016,12
1/31/2017,3,114.7694355,641.0435,MaxWater_noSMSCG,2017,1
2/28/2017,1,38.61717895,226.13307,MaxWater_noSMSCG,2017,2
3/31/2017,1,20.890911,201.084,MaxWater_noSMSCG,2017,3
4/30/2017,1,20.1570645,172.00455,MaxWater_noSMSCG,2017,4
5/31/2017,1,16.216647,174.13579,MaxWater_noSMSCG,2017,5
6/30/2017,1,14.6639745,176.258,MaxWater_noSMSCG,2017,6
7/31/2017,1,14.9710215,169.25497,MaxWater_noSMSCG,2017,7
8/31/2017,1,20.237571,213.53911,MaxWater_noSMSCG,2017,8
9/30/2017,1,28.679055,399.94165,MaxWater_noSMSCG,2017,9
10/31/2017,1,33.8232253,568.4122,MaxWater_noSMSCG,2017,10
11/30/2017,1,38.2086058,821.7963,MaxWater_noSMSCG,2017,11
12/31/2017,1,61.1179831,730.2455,MaxWater_noSMSCG,2017,12
1/31/2018,1,69.9536215,857.48706,MaxWater_noSMSCG,2018,1
2/28/2018,3,130.4060545,886.2004,MaxWater_noSMSCG,2018,2
3/31/2018,3,44.854213,303.5417,MaxWater_noSMSCG,2018,3
4/30/2018,3,35.1861067,253.03493,MaxWater_noSMSCG,2018,4
5/31/2018,3,29.344821,230.72466,MaxWater_noSMSCG,2018,5
6/30/2018,3,26.425671,225.40607,MaxWater_noSMSCG,2018,6
7/31/2018,3,24.886608,323.58752,MaxWater_noSMSCG,2018,7
8/31/2018,3,34.2464845,726.27405,MaxWater_noSMSCG,2018,8
9/30/2018,3,61.95704305,1081.9414,MaxWater_noSMSCG,2018,9
10/31/2018,3,151.2655465,1680.2802,MaxWater_noSMSCG,2018,10
11/30/2018,3,155.689687,1702.6833,MaxWater_noSMSCG,2018,11
12/31/2018,3,170.0143855,1732.934,MaxWater_noSMSCG,2018,12
1/31/2019,3,219.9398305,1539.9789,MaxWater_noSMSCG,2019,1
2/28/2019,3,105.13975,527.36707,MaxWater_noSMSCG,2019,2
3/31/2019,2,38.575492,236.52809,MaxWater_noSMSCG,2019,3
4/30/2019,1,28.3709655,221.19931,MaxWater_noSMSCG,2019,4
5/31/2019,1,23.814285,193.55336,MaxWater_noSMSCG,2019,5
6/30/2019,1,20.1067725,191.89989,MaxWater_noSMSCG,2019,6
7/31/2019,1,17.6982885,172.43813,MaxWater_noSMSCG,2019,7
8/31/2019,1,18.8179005,204.03119,MaxWater_noSMSCG,2019,8
9/30/2019,1,28.8279105,464.13162,MaxWater_noSMSCG,2019,9
10/31/2019,1,57.4608631,807.929,MaxWater_noSMSCG,2019,10
11/30/2019,1,56.85466525,1008.19165,MaxWater_noSMSCG,2019,11
12/31/2019,1,121.1775265,1776.2804,MaxWater_noSMSCG,2019,12
1/31/2020,1,159.4550643,949.44946,MaxWater_noSMSCG,2020,1
2/29/2020,3,44.5964305,501.02377,MaxWater_noSMSCG,2020,2
3/31/2020,4,49.8254167,533.3764,MaxWater_noSMSCG,2020,3
4/30/2020,4,45.669541,401.87805,MaxWater_noSMSCG,2020,4
5/31/2020,4,48.3810823,321.43655,MaxWater_noSMSCG,2020,5
6/30/2020,4,40.78135495,319.81583,MaxWater_noSMSCG,2020,6
7/31/2020,4,32.1617665,397.8203,MaxWater_noSMSCG,2020,7
8/31/2020,4,58.3961305,1137.6881,MaxWater_noSMSCG,2020,8
9/30/2020,4,125.1278545,1565.8599,MaxWater_noSMSCG,2020,9
10/31/2020,4,149.0039974,1757.1147,MaxWater_noSMSCG,2020,10
11/30/2020,4,173.9253379,1754.264,MaxWater_noSMSCG,2020,11
12/31/2020,4,175.2623755,1790.2853,MaxWater_noSMSCG,2020,12
1/31/2021,4,198.183757,1635.4462,MaxWater_noSMSCG,2021,1
2/28/2021,5,181.7711485,1136.6769,MaxWater_noSMSCG,2021,2
3/31/2021,5,102.746206,710.68176,MaxWater_noSMSCG,2021,3
4/30/2021,5,82.00012405,621.1112,MaxWater_noSMSCG,2021,4
5/31/2021,5,77.2693207,722.7634,MaxWater_noSMSCG,2021,5
6/30/2021,5,104.8133766,1124.3536,MaxWater_noSMSCG,2021,6
7/31/2021,5,155.4481039,1449.8324,MaxWater_noSMSCG,2021,7
8/31/2021,5,137.2964539,1381.9635,MaxWater_noSMSCG,2021,8
9/30/2021,5,157.2561781,1512.6525,MaxWater_noSMSCG,2021,9
